id;Categoria-1;Categoria-2;Categoria-3;Categoria-4;Categoria-5;Categoria-6;Categoria-7;Categoria-8;Categoria-9;Categoria-10;Categoria-11;Categoria-12;Categoria-13;Categoria-14;Categoria-15;Categoria-16;Categoria-17;Categoria-18;Categoria-19;Categoria-20;Categoria-21;Categoria-22;Categoria-23;Categoria-24;Categoria-25;Categoria-26;Categoria-27;Categoria-28;Categoria-29;Categoria-30;Categoria-31;Categoria-32;Categoria-33;Categoria-34;Categoria-35;Categoria-36;Nota Língua;ncb;purl;capa;tipo de material;língua;língua da obra original;título;subtítulo;título original;edição;publicação;data da publicação;data da publicação2;dimensões;autor;autor - organização;co-autores;autores secundários;co-autores - organizações;autores secundários - organizações;cota;coleção;id persistente;acesso
6092;Obra - Impressos - Obras (avulsas) - Épica | 23;Obra - Impressos - Paratextos - Obras (avulsas) - Épica | 103;Iconografia - Impressos - Portadas | 392;;;;;;;;;;;;;;;;;;;;;;;;;;;;;;;;;;;453095;https://purl.pt/44009;https://bndigital.bnportugal.gov.pt//i/?IIIF=/88/00/15/96/88001596-d055-4919-978a-2399ff1eeca4/iiif/cam-1776-v_0000_000001.tif/full/!300,500/0/default.jpg;Livro impresso;Português;;Rimas;;;1.ª ed.;Coimbra : Livraria Almedina;1994;1994;LXXIX, 3, 429, 3 p.;Luís de Camões, 1524-1580;;;"Álvaro J. da Costa Pimpão, 1902-1984, Adaptador ; Aníbal Pinto de Castro, 1938-2010, Autor da apresentação";;;CAM. 1776 V.;CAM500;http://id.bnportugal.gov.pt/bib/catbnp/453095;Livre
6093;Obra - Impressos - Obras (avulsas) - Épica | 23;Obra - Impressos - Paratextos - Obras (avulsas) - Épica | 103;Iconografia - Impressos - Portadas | 392;;;;;;;;;;;;;;;;;;;;;;;;;;;;;;;;;;;396405;https://purl.pt/6115;https://bndigital.bnportugal.gov.pt//i/?IIIF=/11/21/33/35/11213335-0c6f-4347-8501-397d47049e54/iiif/e-2172-v_0000_1-2_p24-C-R0150_000001.tif/full/!300,500/0/default.jpg;Iconografia;Português;;Luís de Camões;;;1.ª ed.;Macau : Com. Org. Comem. Dia de Portugal de Camões e das Comunid. Portuguesas;1992;1992;1 imagem;Fernando Jorge Fialho, 1965-;;;;;;PURL 6115/0;;http://id.bnportugal.gov.pt/bib/catbnp/396405;Interno
6094;Obra - Manuscritos - Cancioneiros e miscelâneas - Lírica | 140;Recepção criativa - Tematização | 409;;;;;;;;;;;;;;;;;;;;;;;;;;;;;;;;;;;;220128;https://purl.pt/43961;https://bndigital.bnportugal.gov.pt//i/?IIIF=/cd/57/7b/1a/cd577b1a-46b3-40c3-8f45-060aafb50cb2/iiif/cam-1719-v_0000_000001.tif/full/!300,500/0/default.jpg;Livro impresso;Português;;Os Lusíadas;;;2ª ed;Lisboa : Instituto de Cultura e Língua Portuguesa;1989;1989;LIX, 559, 1 br. p., 5 extratextos;Luís de Camões, 1524-1580;;;"Álvaro J. da Costa Pimpão, 1902-1984, Comentador de texto escrito ; Aníbal Pinto de Castro, 1938-2010, Autor da apresentação";;;P.P. 19179 V.;CAM500;http://id.bnportugal.gov.pt/bib/catbnp/220128;Livre
6095;Tradução - Impressos - Obras individuais - Épica | 151;Tradução - Impressos - Obras individuais - Épica - Paratextos gerais | 152;Tradução - Impressos - Obras individuais - Épica - Paratextos argumentos | 154;;;;;;;;;;;;;;;;;;;;;;;;;;;;;;;;;;;470616;https://purl.pt/39139;https://bndigital.bnportugal.gov.pt//i/?IIIF=/b2/91/d9/5c/b291d95c-4378-4f26-8936-fcf4d3b8b631/iiif/mp-215-a_0000_000001.tif/full/!300,500/0/default.jpg;Partitura;Português;;Canções profanas;para e canto e piano;;1.ª ed.;Lisboa : Valentim de Carvlho;1983;1983;Partitura 28 p.;Ivo Cruz, 1901-1985;;"Francisco de Sá de Miranda, 1481-1558, Autor de letras para trechos musicais ; Augusto Gil, 1873-1929, Autor de letras para trechos musicais ; António Nobre, 1867-1900, Autor de letras para trechos musicais ; Luís de Camões, 1524-1580, Autor de letras para trechos musicais";;;"Valentim de Carvalho. Conservatório Nacional. Escola de Música, Editor comercial ; Portugal. Conservatório Nacional. Escola de Música, Antigo possuidor";C.N. 2699 A.;CAM500;http://id.bnportugal.gov.pt/bib/catbnp/470616;Interno
6096;Tradução - Impressos - Obras individuais - Épica | 151;Tradução - Impressos - Obras individuais - Épica - Paratextos gerais | 152;Tradução - Impressos - Obras individuais - Épica - Paratextos argumentos | 154;Tradução - Impressos - Obras individuais - Épica - Paratextos notas | 155;;;;;;;;;;;;;;;;;;;;;;;;;;;;;;;;;;36470;https://purl.pt/43754;https://bndigital.bnportugal.gov.pt//i/?IIIF=/d8/5c/43/f8/d85c43f8-9c55-4206-b414-1f428483360c/iiif/cam-1427-v_0000_000001.tif/full/!300,500/0/default.jpg;Livro impresso;Português;;"Normas para uma edição crítica de ""Os Lusíadas""";;;Edição póstuma com prefácio e revisão do prof. Sílvio Elia;Rio de Janeiro : Real Gabinete Português de Leitura;1981;1981;6, 82, 3 p.;Hamilton Aluízio Elia;;;;;;CAM. 1427 V.;CAM500;http://id.bnportugal.gov.pt/bib/catbnp/36470;Interno
6097;Tradução - Impressos - Obras individuais - Épica | 151;Tradução - Impressos - Obras individuais - Épica - Paratextos gerais | 152;Tradução - Impressos - Obras individuais - Épica - Paratextos argumentos | 154;Tradução - Impressos - Obras individuais - Épica - Paratextos notas | 155;;;;;;;;;;;;;;;;;;;;;;;;;;;;;;;;;;251973;https://purl.pt/39844;https://bndigital.bnportugal.gov.pt//i/?IIIF=/e2/87/4b/ea/e2874bea-f246-4633-bd9b-517c7955a0df/iiif/cam-206-a_0000_000005.tif/full/!300,500/0/default.jpg;Livro impresso;Português;;Variações camonianas;;;1.ª ed.;Lisboa : Imprensa Nacional-Casa da Moeda;1981;1981;10 p., 21 estampas em bolsa de resguardo;José Augusto França, 1922-2021;;;José de Guimarães, Ilustrador;;;CAM. 206 A.;;http://id.bnportugal.gov.pt/bib/catbnp/251973;Interno
6098;Tradução - Impressos - Obras individuais - Épica | 151;Tradução - Impressos - Obras individuais - Épica - Paratextos gerais | 152;Tradução - Impressos - Obras individuais - Épica - Paratextos argumentos | 154;Iconografia - Impressos - Portadas | 392;;;;;;;;;;;;;;;;;;;;;;;;;;;;;;;;;;36519;https://purl.pt/27194;https://bndigital.bnportugal.gov.pt//i/?IIIF=/86/a9/16/8c/86a9168c-2912-43f3-a571-6705c3ff0615/iiif/cam-1409-v_0000_capa-capa_t24-C-R0150_000001.tif/full/!300,500/0/default.jpg;Livro impresso;Português;;O bilinguismo castelhano-português na época de Camões;;;1.ª ed.;Paris : Fund. Calouste Gulbenkian - Centro Cult. Port.;1981;1981;p. 807-827;Pilar Vásquez Cuesta, 1926-2019;;;;;;CAM. 1409 V.;;http://id.bnportugal.gov.pt/bib/catbnp/36519;Interno
6099;Obra - Impressos - Obras (avulsas) - Épica | 23;Obra - Impressos - Paratextos - Obras (avulsas) - Épica | 103;Comentários - Impressos - Épica | 334;Iconografia - Impressos - Portadas | 392;;;;;;;;;;;;;;;;;;;;;;;;;;;;;;;;;;1917811;https://purl.pt/27836;https://bndigital.bnportugal.gov.pt//i/?IIIF=/8d/ff/2a/19/8dff2a19-54a5-4ad3-b5a6-94470c24be7f/iiif/pi-9193-p_0000_1-2_t24-C-R0150_000001.tif/full/!300,500/0/default.jpg;Iconografia;Inglês;;Gruta de Camões;Macau, circa 1835;;1.ª ed.;Macau : Tourist Information Bureau;1980;1980;1 postal;;;;;;;P.I. 9193 P.;;http://id.bnportugal.gov.pt/bib/catbnp/1917811;Livre
6100;Obra - Impressos - Obras (avulsas) - Teatro - Título das peças | 42;Obra - Impressos - Paratextos - Obras (avulsas) - Teatro | 111;;;;;;;;;;;;;;;;;;;;;;;;;;;;;;;;;;;;6786;https://purl.pt/40509;https://bndigital.bnportugal.gov.pt//i/?IIIF=/37/22/36/1b/3722361b-76ca-4305-bddd-d183a30ee250/iiif/l-70789-v_0000_000001.tif/full/!300,500/0/default.jpg;Livro impresso;Português;;O cancioneiro do Pe. Pedro Ribeiro;;;1.ª ed.;Lisboa : Imp. Nac.-Casa da Moeda;1980;1980;"2 t. em 1 v. 4, IX, 171 p. ; 4, 129, 4 p.";Carolina Michaëlis de Vasconcelos, 1851-1925;;;;;;L. 70789 V.;EODOPEN;http://id.bnportugal.gov.pt/bib/catbnp/6786;Livre
6101;Tradução - Impressos - Obras individuais - Épica | 151;Tradução - Impressos - Obras individuais - Épica - Paratextos gerais | 152;;;;;;;;;;;;;;;;;;;;;;;;;;;;;;;;;;;;9413;https://purl.pt/40198;https://bndigital.bnportugal.gov.pt//i/?IIIF=/ba/42/5c/2b/ba425c2b-606d-477e-8124-8e22e680f4c2/iiif/cam-1138-v_0000_000001.tif/full/!300,500/0/default.jpg;Periódico;Português;;Camões;;;1.ª ed.;Lisboa : Caminho;1980;1980;;;;;Óscar Lopes, 1917-2013, Director;;;CAM. 1138 V.;;http://id.bnportugal.gov.pt/bib/catbnp/9413;Interno
6102;Obra - Impressos - Obras (avulsas) - Épica | 23;Obra - Impressos - Paratextos - Obras (avulsas) - Épica | 103;Obra - Impressos - Paratextos - Obras (avulsas) - Épica - Argumentos | 105;Obra - Impressos - Paratextos - Obras (avulsas) - Épica - Notas | 106;Iconografia - Impressos - Portadas | 392;;;;;;;;;;;;;;;;;;;;;;;;;;;;;;;;;1001679;https://purl.pt/8384;https://bndigital.bnportugal.gov.pt//i/?IIIF=/87/f5/5f/0a/87f55f0a-c5e2-495e-a7e9-6212d2fe64f8/iiif/ct-1398-a_0000_000001.tif/full/!300,500/0/default.jpg;Iconografia;Português;;Comemorações Camonianas;visita guiada ao Mosteiro dos Jerónimos;;1.ª ed.;Lisboa : Sec. Est. Comunicação Social;1977;1977;1 cartaz;;;;;;;CT. 1398 A.;;http://id.bnportugal.gov.pt/bib/catbnp/1001679;Interno
6103;Obra - Impressos - Obras (avulsas) - Lírica - Soneto | 35;Obra - Impressos - Obras (avulsas) - Lírica - Canção | 25;Obra - Impressos - Obras (avulsas) - Lírica - Sextina | 34;Obra - Impressos - Obras (avulsas) - Lírica - Ode | 32;Obra - Impressos - Obras (avulsas) - Lírica - Elegia | 28;Obra - Impressos - Obras (avulsas) - Lírica - Oitavas | 33;Obra - Impressos - Obras (avulsas) - Lírica - Écloga | 27;Obra - Impressos - Obras (avulsas) - Lírica - Mote | 31;Obra - Impressos - Obras (avulsas) - Lírica - Redondilhas | 36;Obra - Impressos - Obras (avulsas) - Lírica - Endechas | 29;Obra - Impressos - Obras (avulsas) - Lírica - Cantiga | 26;Obra - Impressos - Obras (avulsas) - Lírica - Esparsas | 30;Obra - Impressos - Paratextos - Obras (avulsas) - Lírica | 107;Iconografia - Impressos - Portadas | 392;;;;;;;;;;;;;;;;;;;;;;;;294237;https://purl.pt/42717;https://bndigital.bnportugal.gov.pt//i/?IIIF=/5c/0b/ef/e3/5c0befe3-2fb5-44cf-9e87-c0a282e74332/iiif/cam-1041-v_0000_000001.tif/full/!300,500/0/default.jpg;Livro impresso;Português;;Respigos camonianos;;;2ª ed;Lisboa : Academia Port. de Ex-Libris;1974;1974;31, 1 p.;José Leite de Vasconcelos, 1858-1941;;;;;;CAM. 1041 V.;;http://id.bnportugal.gov.pt/bib/catbnp/294237;Livre
6104;Obra - Impressos - Obras (avulsas) - Épica | 23;Obra - Impressos - Paratextos - Obras (avulsas) - Épica | 103;Iconografia - Impressos - Portadas | 392;;;;;;;;;;;;;;;;;;;;;;;;;;;;;;;;;;;347365;https://purl.pt/39791;https://bndigital.bnportugal.gov.pt//i/?IIIF=/17/5c/95/11/175c9511-0791-435d-baeb-26376205571d/iiif/cam-1050-v_0000_000001.tif/full/!300,500/0/default.jpg;Livro impresso;Português;;A família flaviense de Camões;;;1.ª ed.;Lisboa : Real Assoc. dos Arquitectos Civis e Arqueol. Portugueses;1974;1974;72, 5 p.;José Guilherme Calvão Borges, 1931-2001;;;;;;CAM. 1050 V.;;http://id.bnportugal.gov.pt/bib/catbnp/347365;Interno
6105;Obra - Impressos - Obras (conjunto) - Lírica - Soneto | 58;Obra - Impressos - Obras (conjunto) - Lírica - Canção | 48;Obra - Impressos - Obras (conjunto) - Lírica - Ode | 55;Obra - Impressos - Obras (conjunto) - Lírica - Sextina | 57;Obra - Impressos - Obras (conjunto) - Lírica - Elegia | 51;Obra - Impressos - Obras (conjunto) - Lírica - Oitavas | 56;Obra - Impressos - Obras (conjunto) - Lírica - Écloga | 50;Obra - Impressos - Obras (conjunto) - Lírica - Mote | 54;Obra - Impressos - Obras (conjunto) - Lírica - Cantiga | 49;Obra - Impressos - Obras (conjunto) - Lírica - Endechas | 52;Obra - Impressos - Obras (conjunto) - Lírica - Redondilhas | 59;Obra - Impressos - Obras (conjunto) - Lírica - Esparsas | 53;Obra - Impressos - Paratextos - Obras - Lírica | 125;Obra - Impressos - Obras (conjunto) - Cartas | 63;;;;;;;;;;;;;;;;;;;;;;;;139244;https://purl.pt/39789;https://bndigital.bnportugal.gov.pt//i/?IIIF=/63/8b/7d/2d/638b7d2d-0c75-48c9-85c7-4c3902059044/iiif/cam-987-v_0000_000001.tif/full/!300,500/0/default.jpg;Livro impresso;Português;;"O biógrafo de Camões Pedro de Mariz e os seus ""Diálogos de vária história""";;;1.ª ed.;Guimaräes : Cadernos Gil Vicente;1973;1973;42, 3 p.;A. Saraiva de Carvalho;;;;;;CAM. 987 V.;;http://id.bnportugal.gov.pt/bib/catbnp/139244;Interno
6106;Recepção criativa - Paródia | 407;;;;;;;;;;;;;;;;;;;;;;;;;;;;;;;;;;;;;353083;https://purl.pt/440;https://bndigital.bnportugal.gov.pt//i/?IIIF=/09/92/0f/6e/09920f6e-381c-4d94-80db-e2a9f6dc3e46/iiif/l-70785-v_0000_capa-capa_t08-G-R0150_000007.tif/full/!300,500/0/default.jpg;Livro impresso;Português;;Primeira parte dos autos e comédias portuguesas por António Prestes, Luis de Camões e outros autores portugueses;;;1.ª ed.;Lisboa : Lysia;1973;1973;16, 13, 1 p. ,2, 176, 1 f.;;;;"Hernâni Cidade, 1887-1975, Autor da introdução, etc. ; J. V. de Pina Martins, 1920-2010, Anotador";;;PURL 440/0;;http://id.bnportugal.gov.pt/bib/catbnp/353083;Interno
6107;Recepção criativa - Paródia | 407;;;;;;;;;;;;;;;;;;;;;;;;;;;;;;;;;;;;;468395;https://purl.pt/17305;https://bndigital.bnportugal.gov.pt//i/?IIIF=/24/d3/ac/2e/24d3ac2e-f6d4-423f-861b-26f5d865b2a0/iiif/cam-803-v_0000_capa-capa_t24-C-R0150_000003.tif/full/!300,500/0/default.jpg;Livro impresso;Inglês;Português;Camoëns and the man of Java;;;1.ª ed.;Macau : Imprensa Nacional;1972;1972;20 p.;Casimiro de Abreu, 1839-1860;;;Edgar C. Knowlton Junior, Tradutor;;;CAM. 803 V.;PCulture;http://id.bnportugal.gov.pt/bib/catbnp/468395;Interno
6108;Vida - Biografia | 13;;;;;;;;;;;;;;;;;;;;;;;;;;;;;;;;;;;;;993818;https://purl.pt/7452;https://bndigital.bnportugal.gov.pt//i/?IIIF=/9e/ec/fb/41/9eecfb41-a554-46c6-80bc-4046aefebfad/iiif/ct-389-a_0000_000001.tif/full/!300,500/0/default.jpg;Iconografia;Francês;;Camões et les Lusiades;quatrième centenaire des Lusiades 1572 - hommage à Camões;;1.ª ed.;Bruxelles : M.E.N.;1972;1972;1 cartaz;;Bélgica. Ministère de lªEducation Nationale;;Fernand Baudin, Técnico gráfico;;;CT. 389 A.;;http://id.bnportugal.gov.pt/bib/catbnp/993818;Interno
6109;Recepção criativa - Paródia | 407;;;;;;;;;;;;;;;;;;;;;;;;;;;;;;;;;;;;;145213;https://purl.pt/27191;https://bndigital.bnportugal.gov.pt//i/?IIIF=/94/2b/90/bb/942b90bb-15b8-4746-af6d-f624a9060bf5/iiif/cam-900-v_0000_capa-capa_t24-C-R0150_000001.tif/full/!300,500/0/default.jpg;Livro impresso;Português;;Os Lusíadas e a botânica;;;1.ª ed.;Lisboa : Junta de Investigações do Ultramar;1972;1972;21 p.;Carlos das Neves Tavares, 1914-1972;;;;;;CAM. 900 V.;;http://id.bnportugal.gov.pt/bib/catbnp/145213;Interno
6110;Recepção criativa - Paródia | 407;Recepção criativa - Tematização | 409;;;;;;;;;;;;;;;;;;;;;;;;;;;;;;;;;;;;289933;https://purl.pt/20913;https://bndigital.bnportugal.gov.pt//i/?IIIF=/66/b3/f4/35/66b3f435-5fe0-4a0c-b006-48c1c6534aeb/iiif/cam-252-a_0000_capa-capa_t24-C-R0150_000001.tif/full/!300,500/0/default.jpg;Livro impresso;Português;;3 retratos de Camões;;;1.ª ed.;Lisboa : Edições Panorama;1972;1972;1 f. desdobr.;;;;;;;S.N.I. 2696;;http://id.bnportugal.gov.pt/bib/catbnp/289933;Interno
6111;Vida - Biografia | 13;Vida - Ficção - Narrativa | 15;;;;;;;;;;;;;;;;;;;;;;;;;;;;;;;;;;;;306985;https://purl.pt/699;https://bndigital.bnportugal.gov.pt//i/?IIIF=/dc/72/87/43/dc728743-afba-4952-99d3-4700fdd71fbd/iiif/cam-186-a_0000_anterrosto-1_t24-C-R0150_000003.tif/full/!300,500/0/default.jpg;Livro impresso;Português;;Cancioneiro de Luís Franco Correa, 1557-1589;;;1.ª ed.;"Lisboa : Comissão Executiva do IV Centenário da Publicação de ""Os Lusíadas""";1972;1972;297 f.;Luís Franco Correia;;;Maria de Lurdes Belchior, 1923-1998, Autor da apresentação;;;PURL 699/0;LIVRARIA;http://id.bnportugal.gov.pt/bib/catbnp/306985;Interno
6112;Recepção criativa - Paródia | 407;;;;;;;;;;;;;;;;;;;;;;;;;;;;;;;;;;;;;468416;https://purl.pt/30175;https://bndigital.bnportugal.gov.pt//i/?IIIF=/e3/23/cc/7d/e323cc7d-18cc-41d9-9515-cac3185c347a/iiif/cam-809-v_0000_000005.tif/full/!300,500/0/default.jpg;Livro impresso;Português;;Dispersos originais portugueses;;;1.ª ed.;"Lisboa : Revista ""Ocidente""";1969;1969;3 v.;Carolina Michaëlis de Vasconcelos, 1851-1925;;;José Pedro Machado, 1914-2005, Editor literário;;;J.S. 928-3;EODOPEN;http://id.bnportugal.gov.pt/bib/catbnp/468416;Livre
6113;Obra - Impressos - Obras (conjunto) - Lírica - Soneto | 58;Obra - Impressos - Obras (conjunto) - Lírica - Canção | 48;Obra - Impressos - Obras (conjunto) - Lírica - Ode | 55;Obra - Impressos - Obras (conjunto) - Lírica - Sextina | 57;Obra - Impressos - Obras (conjunto) - Lírica - Elegia | 51;Obra - Impressos - Obras (conjunto) - Lírica - Oitavas | 56;Obra - Impressos - Obras (conjunto) - Lírica - Écloga | 50;Obra - Impressos - Obras (conjunto) - Lírica - Mote | 54;Obra - Impressos - Obras (conjunto) - Lírica - Cantiga | 49;Obra - Impressos - Obras (conjunto) - Lírica - Endechas | 52;Obra - Impressos - Paratextos - Obras - Lírica | 125;Obra - Impressos - Obras (conjunto) - Lírica - Redondilhas | 59;Obra - Impressos - Obras (conjunto) - Lírica - Esparsas | 53;Obra - Impressos - Obras (conjunto) - Cartas | 63;;;;;;;;;;;;;;;;;;;;;;;;613457;https://purl.pt/43563;https://bndigital.bnportugal.gov.pt//i/?IIIF=/d6/fc/1e/ec/d6fc1eec-5431-4985-ae4f-544438336cce/iiif/e-3525-p_0000_000001.tif/full/!300,500/0/default.jpg;Iconografia;Português;;Camões;;;1.ª ed.;S.l. : s.n.;1968;1968;1 imagem;;;;;;;E. 3525 P.;CAM500;http://id.bnportugal.gov.pt/bib/catbnp/613457;Livre
6114;Obra - Impressos - Obras (conjunto) - Lírica - Soneto | 58;Obra - Impressos - Obras (conjunto) - Lírica - Cantiga | 49;Obra - Impressos - Obras (conjunto) - Lírica - Canção | 48;Obra - Impressos - Obras (conjunto) - Lírica - Ode | 55;Obra - Impressos - Obras (conjunto) - Lírica - Sextina | 57;Obra - Impressos - Obras (avulsas) - Lírica - Elegia | 28;Obra - Impressos - Obras (conjunto) - Lírica - Oitavas | 56;Obra - Impressos - Obras (conjunto) - Lírica - Écloga | 50;Obra - Impressos - Obras (conjunto) - Lírica - Mote | 54;Obra - Impressos - Obras (conjunto) - Lírica - Endechas | 52;Obra - Impressos - Obras (conjunto) - Lírica - Redondilhas | 59;Obra - Impressos - Obras (conjunto) - Lírica - Esparsas | 53;Obra - Impressos - Obras (conjunto) - Lírica | 47;Obra - Impressos - Obras (conjunto) - Cartas | 63;;;;;;;;;;;;;;;;;;;;;;;;823010;https://purl.pt/17333;https://bndigital.bnportugal.gov.pt//i/?IIIF=/30/84/6f/2e/30846f2e-8231-41be-8f03-f25cfaa07751/iiif/l-86515-p_0000_capa-capa_t24-C-R0150_000003.tif/full/!300,500/0/default.jpg;Livro impresso;Português;;Mais exactamente problemas;;;1.ª ed.;S.l. : s.n.;1968;1968;1 v.;António Aragão, 1921-2008;;;;;;J.S. 10922;;http://id.bnportugal.gov.pt/bib/catbnp/823010;Interno
6115;Obra - Impressos - Obras (conjunto) - Lírica - Soneto | 58;Obra - Impressos - Obras (conjunto) - Lírica - Canção | 48;Obra - Impressos - Obras (conjunto) - Lírica - Ode | 55;Obra - Impressos - Obras (conjunto) - Lírica - Sextina | 57;Obra - Impressos - Obras (conjunto) - Lírica - Elegia | 51;Obra - Impressos - Obras (conjunto) - Lírica - Oitavas | 56;Obra - Impressos - Obras (conjunto) - Lírica - Écloga | 50;Obra - Impressos - Obras (conjunto) - Lírica - Mote | 54;Obra - Impressos - Obras (conjunto) - Lírica - Cantiga | 49;Obra - Impressos - Obras (conjunto) - Lírica - Endechas | 52;Obra - Impressos - Obras (conjunto) - Lírica - Redondilhas | 59;Obra - Impressos - Obras (conjunto) - Lírica - Esparsas | 53;Obra - Impressos - Paratextos - Obras - Lírica | 125;Obra - Impressos - Obras (conjunto) - Cartas | 63;;;;;;;;;;;;;;;;;;;;;;;;800889;https://purl.pt/43960;https://bndigital.bnportugal.gov.pt//i/?IIIF=/60/db/47/5e/60db475e-9b55-4468-b150-e21cb97c41e9/iiif/cam-1075-p_0000_000001.tif/full/!300,500/0/default.jpg;Livro impresso;Português;;Os Lusíadas;;;1.ª ed.;São Paulo : Editôra Cultrix;1966;1966;342, 2 p.;Luís de Camões, 1524-1580;;;Vítor Ramos, 1920-1974, Editor literário;;;CAM. 1075 P.;CAM500;http://id.bnportugal.gov.pt/bib/catbnp/800889;Livre
6116;Obra - Impressos - Obras (avulsas) - Épica | 23;Obra - Impressos - Paratextos - Obras (avulsas) - Épica | 103;Iconografia - Impressos - Portadas | 392;;;;;;;;;;;;;;;;;;;;;;;;;;;;;;;;;;;2284;https://purl.pt/43957;https://bndigital.bnportugal.gov.pt//i/?IIIF=/f4/aa/32/ae/f4aa32ae-6c1c-4685-b497-6fb573476d75/iiif/cam-151-a_0000_000001.tif/full/!300,500/0/default.jpg;Livro impresso;Português;;Os Lusíadas;edição artística comemorativa do 3º Centenário da Restauração da Independência de Portugal;;Nova edição;Barcelos : Companhia Editora do Minho;1960;1960;LVII, 318, 2 p.;Luís de Camões, 1524-1580;;;"Hernâni Cidade, 1887-1975, Autor da introdução, etc. ; Joaquim Lopes, 1886-1956, Ilustrador ; Eleutério Cerdeira, 1876-?, Comentador de texto escrito";;;L. 6177 A.;CAM500;http://id.bnportugal.gov.pt/bib/catbnp/2284;Livre
6117;Obra - Impressos - Obras (avulsas) - Épica | 23;Obra - Impressos - Paratextos - Obras (avulsas) - Épica | 103;;;;;;;;;;;;;;;;;;;;;;;;;;;;;;;;;;;;1888900;https://purl.pt/42921;https://bndigital.bnportugal.gov.pt//i/?IIIF=/08/cf/57/16/08cf5716-9c50-4274-b8e1-245c41b95fe2/iiif/l-116593-p_0000_000001.tif/full/!300,500/0/default.jpg;Livro impresso;Português;;Os Lusíadas;;;1.ª ed.;Rio de Janeiro : Edições de Ouro;1958;1958;788, 12 p.;Luís de Camões, 1524-1580;;;Francisco da Silveira Bueno, 1898-, Editor literário;;;L. 116593 P.;CAM500;http://id.bnportugal.gov.pt/bib/catbnp/1888900;Livre
6118;Obra - Impressos - Obras (avulsas) - Épica | 23;Obra - Impressos - Paratextos - Obras (avulsas) - Épica | 103;Comentários - Impressos - Épica | 334;Obra - Impressos - Paratextos - Obras (avulsas) - Épica - Vida | 104;Obra - Impressos - Paratextos - Obras (avulsas) - Épica - Argumentos | 105;;;;;;;;;;;;;;;;;;;;;;;;;;;;;;;;;517373;https://purl.pt/22335;https://bndigital.bnportugal.gov.pt//i/?IIIF=/04/66/c6/42/0466c642-78f6-4fc5-95b5-363da6da589f/iiif/ct-144-g-cx_0000_000001.tif/full/!300,500/0/default.jpg;Iconografia;Português;;Camões;um filme de Leitão de Barros;;1.ª ed.;S.l. : s.n.;1946;1946;1 cartaz;;;;Abílio Pacheco de Carvalho, 1894-1987, Antigo possuidor;;Neogravura, Impressor;CT. 144 G. Cx.;CAM500;http://id.bnportugal.gov.pt/bib/catbnp/517373;Interno
6119;Obra - Impressos - Obras (conjunto) - Lírica | 47;Obra - Impressos - Obras (conjunto) - Cartas | 63;Obra - Impressos - Obras (conjunto) - Lírica - Soneto | 58;Obra - Impressos - Obras (conjunto) - Lírica - Canção | 48;Obra - Impressos - Obras (conjunto) - Lírica - Ode | 55;Obra - Impressos - Obras (conjunto) - Lírica - Sextina | 57;Obra - Impressos - Obras (conjunto) - Lírica - Elegia | 51;Obra - Impressos - Obras (conjunto) - Lírica - Oitavas | 56;Obra - Impressos - Obras (conjunto) - Lírica - Écloga | 50;Obra - Impressos - Obras (conjunto) - Lírica - Mote | 54;Obra - Impressos - Obras (conjunto) - Lírica - Cantiga | 49;Obra - Impressos - Obras (conjunto) - Lírica - Redondilhas | 59;Obra - Impressos - Obras (conjunto) - Lírica - Esparsas | 53;;;;;;;;;;;;;;;;;;;;;;;; Português;517897;https://purl.pt/43554;https://bndigital.bnportugal.gov.pt//i/?IIIF=/f2/02/1d/46/f2021d46-90b3-49c0-a774-3bee1cdaed11/iiif/ct-105-g-pl_0000_000001.tif/full/!300,500/0/default.jpg;Iconografia;Português;;Camões;um filme de Leitão de Barros, com António Vilar;;1.ª ed.;S.l. : s.n.;1946;1946;1 cartaz;;;;Abílio Pacheco de Carvalho, 1894-1987, Antigo possuidor;;Neogravura, Impressor;CT. 105 G. Pl.;CAM500;http://id.bnportugal.gov.pt/bib/catbnp/517897;Interno
6120;Obra - Impressos - Obras (conjunto) - Lírica - Soneto | 58;Obra - Impressos - Obras (conjunto) - Lírica - Canção | 48;Obra - Impressos - Obras (conjunto) - Lírica - Ode | 55;Obra - Impressos - Obras (conjunto) - Lírica - Sextina | 57;Obra - Impressos - Obras (conjunto) - Lírica - Elegia | 51;Obra - Impressos - Obras (conjunto) - Lírica - Oitavas | 56;Obra - Impressos - Obras (conjunto) - Lírica - Écloga | 50;Obra - Impressos - Obras (conjunto) - Lírica - Mote | 54;Obra - Impressos - Obras (conjunto) - Lírica - Cantiga | 49;Obra - Impressos - Obras (conjunto) - Lírica - Endechas | 52;Obra - Impressos - Obras (conjunto) - Lírica - Redondilhas | 59;Obra - Impressos - Obras (conjunto) - Lírica - Esparsas | 53;Obra - Impressos - Paratextos - Obras - Lírica | 125;Obra - Impressos - Obras (conjunto) - Cartas | 63;;;;;;;;;;;;;;;;;;;;;;;;458243;https://purl.pt/44000;https://bndigital.bnportugal.gov.pt//i/?IIIF=/ca/ef/b2/6f/caefb26f-9502-4b44-a1a6-7185f1ebc5d1/iiif/cam-122-a_0000_000007.tif/full/!300,500/0/default.jpg;Livro impresso;Português;;Os Lusíadas;;;Edição artística comemorativa do 3º centenário da restauração da independência de Portugal;Barcelos : Companhia Editora do Minho;1940;1940;LVII, 7, 318, 2 p.;Luís de Camões, 1524-1580;;;"Hernâni Cidade, 1887-1975, Autor da introdução, etc. ; Eleutério Cerdeira, 1876-?, Comentador (em meio audiovisual) ; Joaquim Lopes, 1886-1956, Ilustrador";;;CAM. 122 A.;CAM500;http://id.bnportugal.gov.pt/bib/catbnp/458243;Livre
6121;Obra - Manuscritos - Cancioneiros e miscelâneas - Cartas | 142;;;;;;;;;;;;;;;;;;;;;;;;;;;;;;;;;;;;;2064124;https://purl.pt/43617;https://bndigital.bnportugal.gov.pt//i/?IIIF=/86/6d/2d/30/866d2d30-fd3c-4585-8c53-dad44ac716d5/iiif/vm-1073-7_0001.tif/full/!300,500/0/default.jpg;Partitura;Português;;Invocação dos Lusiadas de Luiz de Camões;para côro e orchestra;;1.ª ed.;;1938;1938;55 partes;José Viana da Mota, 1868-1948;;;Luís de Camões, 1524-1580, Autor de letras para trechos musicais;;;V.M. 1073//7;CAM500;http://id.bnportugal.gov.pt/bib/catbnp/2064124;Livre
6122;Obra - Impressos - Obras (conjunto) - Lírica | 47;Obra - Impressos - Paratextos - Obras (avulsas) - Lírica | 107;Obra - Impressos - Obras (conjunto) - Lírica - Soneto | 58;Obra - Impressos - Obras (conjunto) - Lírica - Elegia | 51;Obra - Impressos - Obras (conjunto) - Lírica - Ode | 55;Obra - Impressos - Obras (conjunto) - Lírica - Canção | 48;Obra - Impressos - Obras (conjunto) - Lírica - Sextina | 57;Obra - Impressos - Obras (conjunto) - Lírica - Cantiga | 49;Obra - Impressos - Obras (conjunto) - Lírica - Redondilhas | 59;Obra - Impressos - Obras (conjunto) - Lírica - Mote | 54;Obra - Impressos - Obras (conjunto) - Lírica - Vilancete | 60;Obra - Impressos - Obras (conjunto) - Lírica - Esparsas | 53;;;;;;;;;;;;;;;;;;;;;;;;;;2064263;https://purl.pt/43595;https://bndigital.bnportugal.gov.pt//i/?IIIF=/7a/2f/e6/7d/7a2fe67d-fe07-4f97-99a8-9297369f8681/iiif/2064263_0001.tif/full/!300,500/0/default.jpg;Partitura;Português;;Invocação dos Lusiadas;para Côro e Orquestra;;1.ª ed.;;1938;1938;56 partes vocais;José Viana da Mota, 1868-1948;;;Luís de Camões, 1524-1580, Autor de letras para trechos musicais;;;V.M. 1073//9;CAM500;http://id.bnportugal.gov.pt/bib/catbnp/2064263;Livre
6123;Obra - Impressos - Obras (conjunto) - Lírica - Soneto | 58;Obra - Impressos - Obras (conjunto) - Lírica - Elegia | 51;Obra - Impressos - Obras (conjunto) - Lírica - Ode | 55;Obra - Impressos - Obras (conjunto) - Lírica - Canção | 48;Obra - Impressos - Obras (conjunto) - Lírica - Sextina | 57;Obra - Impressos - Obras (conjunto) - Lírica - Cantiga | 49;Obra - Impressos - Obras (conjunto) - Lírica - Mote | 54;Obra - Impressos - Obras (conjunto) - Lírica - Vilancete | 60;Obra - Impressos - Obras (conjunto) - Lírica - Redondilhas | 59;Obra - Impressos - Obras (conjunto) - Lírica - Esparsas | 53;Obra - Impressos - Paratextos - Obras - Lírica | 125;Obra - Impressos - Paratextos - Obras - Lírica - Vida | 126;;;;;;;;;;;;;;;;;;;;;;;;;;452977;https://purl.pt/41656;https://bndigital.bnportugal.gov.pt//i/?IIIF=/a2/83/8e/3b/a2838e3b-9b86-47ad-ac35-cd447fb4a6ac/iiif/sni-701_0000_000005.tif/full/!300,500/0/default.jpg;Livro impresso;Português;;Os Lusíadas de Luís de Camões;canto décimo primeiro fragmento final inédito;;1.ª ed.;Lisboa : S.P.N.;1937;1937;22 p.;Luís de Camões, 1524-1580;;;;;;S.N.I. 701;EODOPEN;http://id.bnportugal.gov.pt/bib/catbnp/452977;Livre
6124;Obra - Impressos - Obras (avulsas) - Lírica - Criação e Composição do Homem | 39;;;;;;;;;;;;;;;;;;;;;;;;;;;;;;;;;;;;;640093;https://purl.pt/5416;https://bndigital.bnportugal.gov.pt//i/?IIIF=/75/54/42/62/75544262-ae09-40c2-80b9-ad7e5817da6c/iiif/e-1557-v_0000_000001.tif/full/!300,500/0/default.jpg;Iconografia;Português;;Mosteiro dos Jerónimos;;;1.ª ed.;S.l. : s.n.;1937;1937;1 gravura;Pedro Jorge Pinto, 1900-1983;;;;;;PURL 5416/0;;http://id.bnportugal.gov.pt/bib/catbnp/640093;Interno
6125;Obra - Impressos - Obras (conjunto) - Lírica - Soneto | 58;Obra - Impressos - Obras (conjunto) - Lírica - Canção | 48;Obra - Impressos - Obras (conjunto) - Lírica - Ode | 55;Obra - Impressos - Obras (conjunto) - Lírica - Sextina | 57;Obra - Impressos - Obras (conjunto) - Lírica - Elegia | 51;Obra - Impressos - Obras (conjunto) - Lírica - Oitavas | 56;Obra - Impressos - Obras (conjunto) - Lírica - Écloga | 50;Obra - Impressos - Obras (conjunto) - Lírica - Mote | 54;Obra - Impressos - Obras (conjunto) - Lírica - Cantiga | 49;Obra - Impressos - Obras (conjunto) - Cartas | 63;Obra - Impressos - Obras (conjunto) - Lírica | 47;Obra - Impressos - Obras (conjunto) - Lírica - Redondilhas | 59;Obra - Impressos - Obras (conjunto) - Lírica - Esparsas | 53;Obra - Impressos - Paratextos - Obras - Lírica | 125;;;;;;;;;;;;;;;;;;;;;;;;1693675;https://purl.pt/43581;https://bndigital.bnportugal.gov.pt//i/?IIIF=/50/fa/db/f0/50fadbf0-5ba1-4f20-8b78-70288fcad7fe/iiif/vm-2926_0000_000001.tif/full/!300,500/0/default.jpg;Partitura;Português;;Redondilha de Camões;;;1.ª ed.;Lisboa : s.n.;1936;1936;Partitura 3 p.;Hermínio do Nascimento, 1890-1972;;;;;Fundação Calouste Gulbenkian, Antigo possuidor;V.M. 2926;CAM500;http://id.bnportugal.gov.pt/bib/catbnp/1693675;Livre
6126;Obra - Impressos - Obras (conjunto) - Lírica - Soneto | 58;Obra - Impressos - Obras (conjunto) - Lírica - Canção | 48;Obra - Impressos - Obras (conjunto) - Lírica - Ode | 55;Obra - Impressos - Obras (conjunto) - Lírica - Sextina | 57;Obra - Impressos - Obras (conjunto) - Lírica - Elegia | 51;Obra - Impressos - Obras (conjunto) - Lírica - Oitavas | 56;Obra - Impressos - Obras (conjunto) - Lírica - Écloga | 50;Obra - Impressos - Obras (conjunto) - Lírica - Mote | 54;Obra - Impressos - Obras (conjunto) - Lírica - Cantiga | 49;Obra - Impressos - Obras (conjunto) - Lírica - Endechas | 52;Obra - Impressos - Obras (conjunto) - Lírica - Redondilhas | 59;Obra - Impressos - Obras (conjunto) - Lírica - Esparsas | 53;Obra - Impressos - Paratextos - Obras - Lírica | 125;Obra - Impressos - Obras (conjunto) - Cartas | 63;;;;;;;;;;;;;;;;;;;;;;;;1703453;https://purl.pt/43596;https://bndigital.bnportugal.gov.pt//i/?IIIF=/52/59/d8/1c/5259d81c-411e-4c84-a622-b90bc695754a/iiif/1703453_0001.tif/full/!300,500/0/default.jpg;Partitura;Português;;Verdes são as hortas;;;1.ª ed.;Lisboa,;1936;1936;Partitura 6 p.;José Viana da Mota, 1868-1948;;;"Luís de Camões, 1524-1580, Autor de letras para trechos musicais ; Leonor Viana da Mota, 191--19--, Personalidade a quem é dedicada a obra";;Portugal. Instituto Português do Património Cultural. Departamento de Musicologia, Antigo possuidor;V.M. 1200;CAM500;http://id.bnportugal.gov.pt/bib/catbnp/1703453;Livre
6127;Tradução - Impressos - Obras individuais - Épica | 151;Tradução - Impressos - Obras individuais - Épica - Paratextos gerais | 152;Tradução - Impressos - Obras individuais - Épica - Paratextos argumentos | 154;Tradução - Impressos - Obras individuais - Épica - Paratextos notas | 155;;;;;;;;;;;;;;;;;;;;;;;;;;;;;;;;;;845518;https://purl.pt/24019;https://bndigital.bnportugal.gov.pt//i/?IIIF=/3b/7d/62/48/3b7d6248-734b-461c-9372-c36f6ce1197d/iiif/845518_0000_capa-capa_t24-C-R0150_000001.tif/full/!300,500/0/default.jpg;Livro impresso;Português;;Subsídios para o estudo da flora camoneana VII;;;1.ª ed.;Coimbra : Coimbra Editora;1936;1936;15 p.;Augusta Faria Gersão Ventura, ca 18--;;;;;;CAM. 355//5 V.;;http://id.bnportugal.gov.pt/bib/catbnp/845518;Interno
6128;Vida - Biografia | 13;;;;;;;;;;;;;;;;;;;;;;;;;;;;;;;;;;;;;452326;https://purl.pt/39041;https://bndigital.bnportugal.gov.pt//i/?IIIF=/d2/c2/b5/31/d2c2b531-215e-4c76-ac52-7bae671edd95/iiif/cam-344-v_0000_000005.tif/full/!300,500/0/default.jpg;Livro impresso;Francês;;Vie de Camoens;"le poéte des ""Lusiades"" et le Portugal de son temps";;1.ª ed.;Tours : s.n.;1935;1935;"X, 192 p.; 3 p.";Virgínia de Castro e Almeida, 1874-1945;;;Pierre de Lamet, Autor da introdução, etc.;;;CAM. 344 V.;EODOPEN;http://id.bnportugal.gov.pt/bib/catbnp/452326;Livre
6129;Tradução - Manuscritos - Obras individuais - Épica | 261;Tradução - Manuscritos - Obras individuais - Épica - Paratextos gerais | 262;Tradução - Manuscritos - Obras individuais - Épica - Paratextos argumentos | 264;Iconografia - Impressos - Portadas | 392;;;;;;;;;;;;;;;;;;;;;;;;;;;;;;;;;;281733;https://purl.pt/30262;https://bndigital.bnportugal.gov.pt//i/?IIIF=/7b/1e/39/11/7b1e3911-753c-4f81-9832-510e8658d736/iiif/hg-15981-v_0000_capa-capa_t24-C-R0150_000005.tif/full/!300,500/0/default.jpg;Livro impresso;Português;;Lisboa antiga;bairros orientais;;2ª ed. rev. e ampl;Lisboa : S. Industriais da Câmara Municipal de Lisboa;1934;1934;12 v.;Júlio de Castilho, 1840-1919;;;Augusto Vieira da Silva, 1869-1951, Anotador;;;B.R. 14772;;http://id.bnportugal.gov.pt/bib/catbnp/281733;Livre
6130;Recepção criativa - Tematização | 409;;;;;;;;;;;;;;;;;;;;;;;;;;;;;;;;;;;;;770257;https://purl.pt/26364;https://bndigital.bnportugal.gov.pt//i/?IIIF=/87/77/52/1f/8777521f-0ea4-4feb-abf7-2704f2126765/iiif/770257_0000_1-10_t24-C-R0150_000001.tif/full/!300,500/0/default.jpg;Livro impresso;Português;;O dia de Camões;Os Lusíadas, a Bíblia da nossa nacionalidade.;;1.ª ed.;Praia : Minerva de Cabo Verde;1934;1934;23 p.;Pedro Monteiro Cardoso, 1883-1942;;António Corsino Lopes da Silva, Autor;;;;CAM. 621//4-5 P.;;http://id.bnportugal.gov.pt/bib/catbnp/770257;Livre
6131;Obra - Impressos - Obras (avulsas) - Épica | 23;Obra - Impressos - Paratextos - Obras (avulsas) - Épica | 103;;;;;;;;;;;;;;;;;;;;;;;;;;;;;;;;;;;;866522;https://purl.pt/43958;https://bndigital.bnportugal.gov.pt//i/?IIIF=/f9/30/2e/07/f9302e07-4792-44ec-8ef0-3c0856716624/iiif/cam-321-v_0000_000013.tif/full/!300,500/0/default.jpg;Livro impresso;Português;;Lírica de Camões;;;1.ª ed.;Coimbra : Imprensa da Universidade;1932;1932;XL, 1, 385, XLI-LXXIV p.;Luís de Camões, 1524-1580;;;"José Maria Rodrigues, 1857-1942, Editor literário ; Afonso Lopes Vieira, 1878-1946, Editor literário";;;CAM. 321 V.;CAM500;http://id.bnportugal.gov.pt/bib/catbnp/866522;Livre
6132;Obra - Impressos - Obras (conjunto) - Lírica - Soneto | 58;Obra - Impressos - Obras (conjunto) - Lírica - Canção | 48;Obra - Impressos - Obras (conjunto) - Lírica - Ode | 55;Obra - Impressos - Obras (conjunto) - Lírica - Sextina | 57;Obra - Impressos - Obras (conjunto) - Lírica - Elegia | 51;Obra - Impressos - Obras (conjunto) - Lírica - Oitavas | 56;Obra - Impressos - Obras (conjunto) - Lírica - Écloga | 50;Obra - Impressos - Obras (conjunto) - Lírica - Mote | 54;Obra - Impressos - Obras (conjunto) - Lírica - Cantiga | 49;Obra - Impressos - Obras (conjunto) - Lírica - Endechas | 52;Obra - Impressos - Obras (conjunto) - Lírica - Redondilhas | 59;Obra - Impressos - Paratextos - Obras - Lírica | 125;Obra - Impressos - Obras (conjunto) - Cartas | 63;;;;;;;;;;;;;;;;;;;;;;;;;1366577;https://purl.pt/14465;https://bndigital.bnportugal.gov.pt//i/?IIIF=/6c/d7/47/e6/6cd747e6-f55c-444e-8d02-8c4c86a67972/iiif/cam-1529-p_0000_capa-capa_t24-C-R0150_000001.tif/full/!300,500/0/default.jpg;Livro impresso;Francês;Português;Les lusiades de Luiz de Camoens;;;1.ª ed.;Paris : imprimerie F. Paillart : en la rue de Beaune, à lenseigne du Pot Cassé;1931;1931;258, 4 p.;Luís de Camões, 1524-1580;;;"Jean Baptiste Joseph Millié, 1772-1826, Tradutor ; Bernard Roy, Ilustrador";;;CAM. 1529 P.;;http://id.bnportugal.gov.pt/bib/catbnp/1366577;Livre
6133;Obra - Impressos - Obras (avulsas) - Épica | 23;Obra - Impressos - Paratextos - Obras (avulsas) - Épica | 103;;;;;;;;;;;;;;;;;;;;;;;;;;;;;;;;;;;;1376687;https://purl.pt/31492;https://bndigital.bnportugal.gov.pt//i/?IIIF=/11/82/e8/05/1182e805-ff50-4225-b6c0-2be2c44f7f1d/iiif/pi-27899-p_0000_000001.tif/full/!300,500/0/default.jpg;Iconografia;Inglês;;Old Goa;statue of poet Camoes;;1.ª ed.;S.l. : s.n.;1930;1930;1 postal;;;;;;;P.I. 27899 P.;;http://id.bnportugal.gov.pt/bib/catbnp/1376687;Livre
6134;Obra - Impressos - Obras (conjunto) - Lírica - Soneto | 58;Obra - Impressos - Obras (conjunto) - Lírica - Canção | 48;Obra - Impressos - Obras (conjunto) - Lírica - Ode | 55;Obra - Impressos - Obras (conjunto) - Lírica - Sextina | 57;Obra - Impressos - Obras (conjunto) - Lírica - Elegia | 51;Obra - Impressos - Obras (conjunto) - Lírica - Oitavas | 56;Obra - Impressos - Obras (conjunto) - Lírica - Écloga | 50;Obra - Impressos - Obras (conjunto) - Lírica - Mote | 54;Obra - Impressos - Obras (conjunto) - Lírica - Cantiga | 49;Obra - Impressos - Obras (conjunto) - Lírica - Endechas | 52;Obra - Impressos - Obras (conjunto) - Lírica - Vilancete | 60;Obra - Impressos - Obras (avulsas) - Lírica - Criação e Composição do Homem | 39;Obra - Impressos - Obras (conjunto) - Lírica - Redondilhas | 59;Obra - Impressos - Obras (conjunto) - Lírica - Esparsas | 53;Obra - Impressos - Paratextos - Obras - Lírica | 125;Obra - Impressos - Obras (conjunto) - Cartas | 63;;;;;;;;;;;;;;;;;;;;;;960015;https://purl.pt/31242;https://bndigital.bnportugal.gov.pt//i/?IIIF=/64/b8/f0/d4/64b8f0d4-f606-426a-9913-a1fb4c75f45c/iiif/tr-7208-p_0000_000001.tif/full/!300,500/0/default.jpg;Livro impresso;Português;;Memórias;;;1.ª ed.;Lisboa : Seara Nova;1930;1930;v.;Raúl Brandão, 1867-1930;;;;;;TR. 6852 P.;IGM;http://id.bnportugal.gov.pt/bib/catbnp/960015;Livre
6135;Obra - Impressos - Obras (avulsas) - Épica | 23;Obra - Impressos - Paratextos - Obras (avulsas) - Épica | 103;;;;;;;;;;;;;;;;;;;;;;;;;;;;;;;;;;;;455286;https://purl.pt/26474;https://bndigital.bnportugal.gov.pt//i/?IIIF=/79/8d/09/f0/798d09f0-0055-4761-b90f-f01e416b0937/iiif/cam-431-v_0000_capa-capa_t24-C-R0150_000001.tif/full/!300,500/0/default.jpg;Livro impresso;Português;;Simão Vaz de Camões no Porto;;;1.ª ed.;Porto : Emp. Indust. Gráfica do Porto;1927;1927;8 p.;A. de Magalhães Basto, 1894-1960;;;;;;CAM. 420//1 V.;;http://id.bnportugal.gov.pt/bib/catbnp/455286;Interno
6136;Tradução - Impressos - Obras individuais - Épica | 151;Obra - Impressos - Obras (avulsas) - Épica | 23;Tradução - Impressos - Obras individuais - Épica - Paratextos gerais | 152;Tradução - Impressos - Obras individuais - Épica - Paratextos vida | 153;Tradução - Impressos - Obras individuais - Épica - Paratextos argumentos | 154;Tradução - Impressos - Obras individuais - Épica - Paratextos notas | 155;Comentários - Impressos - Épica | 334;Iconografia - Impressos - Retrato de Camões | 372;Iconografia - Impressos - Ilustrações da obra | 376;Iconografia - Impressos - Figuras históricas | 390;Iconografia - Impressos - Mapas | 387;Iconografia - Impressos - Portadas | 392;Iconografia - Impressos - Outros | 393;Bibliografia crítica - Polémica e discussão | 417;;;;;;;;;;;;;;;;;;;;;;;;458554;https://purl.pt/26475;https://bndigital.bnportugal.gov.pt//i/?IIIF=/64/79/e8/f4/6479e8f4-4101-4e40-9053-edf484b7d89c/iiif/cam-539-v_0000_capa-capa_t24-C-R0150_000001.tif/full/!300,500/0/default.jpg;Livro impresso;Português;;O  lirismo de Camões;conferência feita no Liceu de Aveiro, a 10 de Junho de 1925;;1.ª ed.;Porto : Emp. Indust. Gráfica do Porto, L.da;1925;1925;23 p.;Hernâni Cidade, 1887-1975;;;;;;CAM. 539 V.;;http://id.bnportugal.gov.pt/bib/catbnp/458554;Interno
6137;Bibliografia crítica - Polémica e discussão | 417;Obra - Impressos - Paratextos - Obras (avulsas) - Outros | 119;;;;;;;;;;;;;;;;;;;;;;;;;;;;;;;;;;;Um dos paratextos surge em latim, não sei se valerá a pena acrescentar.;865402;https://purl.pt/39040;https://bndigital.bnportugal.gov.pt//i/?IIIF=/a8/09/d9/c8/a809d9c8-386f-468d-aaa5-fc2fa6474a87/iiif/cam-286-16-v_0000_000001.tif/full/!300,500/0/default.jpg;Livro impresso;Português;;Pedro, Inês e a Fonte dos Amores;;;1.ª ed.;Coimbra : s.n.;1925;1925;24 p.;Carolina Michaëlis de Vasconcelos, 1851-1925;;;;;;CAM. 286//16 V.;EODOPEN;http://id.bnportugal.gov.pt/bib/catbnp/865402;Livre
6138;Bibliografia crítica - Polémica e discussão | 417;Iconografia - Impressos - Retrato de Camões | 372;Iconografia - Impressos - Portadas | 392;Iconografia - Impressos - Outros | 393;;;;;;;;;;;;;;;;;;;;;;;;;;;;;;;;;;1671826;https://purl.pt/43555;https://bndigital.bnportugal.gov.pt//i/?IIIF=/ff/0e/25/81/ff0e2581-9e34-4e16-8533-d98f127e59ab/iiif/ct-3944-r_0000_000001.tif/full/!300,500/0/default.jpg;Iconografia;Português;;Semana Camoneana em Lisboa;3 a 10 de Junho de 1924;;1.ª ed.;Lisboa : s.n.;1924;1924;1 cartaz;;;;;;;CT. 3944 R.;CAM500;http://id.bnportugal.gov.pt/bib/catbnp/1671826;Livre
6139;Obra - Impressos - Obras (avulsas) - Épica | 23;Obra - Impressos - Paratextos - Obras (avulsas) - Épica | 103;Obra - Impressos - Paratextos - Obras (avulsas) - Épica - Argumentos | 105;;;;;;;;;;;;;;;;;;;;;;;;;;;;;;;;;;;789263;https://purl.pt/26476;https://bndigital.bnportugal.gov.pt//i/?IIIF=/4d/63/ef/c9/4d63efc9-9d06-4119-81fc-e68482e16796/iiif/cam-868-p_0000_capa-capa_t24-C-R0150_000005.tif/full/!300,500/0/default.jpg;Livro impresso;Português;;Camões;conferência feita na Faculdade de Letras do Porto em Junho de 1924;;1.ª ed.;Porto : Empresa Industrial Gráfica do Porto;1924;1924;16 p.;Hernâni Cidade, 1887-1975;;;;;;CAM. 868 P.;;http://id.bnportugal.gov.pt/bib/catbnp/789263;Interno
6140;Recepção - Citação | 410;;;;;;;;;;;;;;;;;;;;;;;;;;;;;;;;;;;;;865416;https://purl.pt/40021;https://bndigital.bnportugal.gov.pt//i/?IIIF=/00/41/b3/63/0041b363-d8c9-474a-bf42-e370029d84a0/iiif/l-61046-v_0000_000001.tif/full/!300,500/0/default.jpg;Livro impresso;Português;;O cancioneiro do Padre Pedro Ribeiro;;;1.ª ed.;Coimbra : Imprensa da Universidade de Coimbra;1924;1924;129, 2 p.;Carolina Michaëlis de Vasconcelos, 1851-1925;;;António Alberto Marinho Duarte de Sousa, 1896-1950, Antigo possuidor;;;J.S. 1566;EODOPEN;http://id.bnportugal.gov.pt/bib/catbnp/865416;Livre
6141;Obra - Impressos - Obras (conjunto) - Lírica - Soneto | 58;Obra - Impressos - Obras (conjunto) - Lírica - Canção | 48;Obra - Impressos - Obras (conjunto) - Lírica - Ode | 55;Obra - Impressos - Obras (conjunto) - Lírica - Sextina | 57;Obra - Impressos - Obras (conjunto) - Lírica - Elegia | 51;Obra - Impressos - Obras (conjunto) - Lírica - Oitavas | 56;Obra - Impressos - Obras (conjunto) - Lírica - Écloga | 50;Obra - Impressos - Obras (conjunto) - Lírica - Mote | 54;Obra - Impressos - Obras (conjunto) - Lírica - Endechas | 52;Obra - Impressos - Obras (conjunto) - Lírica - Redondilhas | 59;Obra - Impressos - Paratextos - Obras - Lírica | 125;Obra - Impressos - Obras (conjunto) - Teatro - Título das peças | 62;Obra - Impressos - Obras (conjunto) - Cartas | 63;;;;;;;;;;;;;;;;;;;;;;;;;397837;https://purl.pt/44013;https://bndigital.bnportugal.gov.pt//i/?IIIF=/51/62/51/c6/516251c6-2d04-42df-9ed2-1f79910e6355/iiif/cam-291-v_0000_000005.tif/full/!300,500/0/default.jpg;Livro impresso;Português;;Os Lusiadas;segundo o têsto da primeira edição de 1572, com as variantes da 2ª edição impressa por Manoel de Lyra em 1584, e acrecentada com dois apêndices por A. J. Gonçálvez Guimarãis...;;1.ª ed.;Coimbra : Imprensa da Universidade;1923;1923;XIX, 3 p., 186 f., 75, 3 p., 2 extratextos;Luís de Camões, 1524-1580;;;A. J. Gonçalves Guimarães, 1850-1919, Editor literário;;;CAM. 291 V.;CAM500;http://id.bnportugal.gov.pt/bib/catbnp/397837;Livre
6142;Recepção criativa - Paródia | 407;;;;;;;;;;;;;;;;;;;;;;;;;;;;;;;;;;;;;1373463;https://purl.pt/43009;https://bndigital.bnportugal.gov.pt//i/?IIIF=/52/31/b3/39/5231b339-94a8-46a0-8bca-811d5243bd90/iiif/cn-463_0000_000001.tif/full/!300,500/0/default.jpg;Partitura;Português;;Redondilhas de Camões;;;1.ª ed.;;1922;1922;1 partitura 14 p.;Óscar da Silva, 1870-1958;;;Luís de Camões, 1524-1580, Autor de letras para trechos musicais;;Portugal. Conservatório Nacional. Escola de Música, Antigo possuidor;C.N. 463;CAM500;http://id.bnportugal.gov.pt/bib/catbnp/1373463;Interno
6143;Recepção criativa - Paródia | 407;;;;;;;;;;;;;;;;;;;;;;;;;;;;;;;;;;;;"Português; Espanhol; Italiano";380896;https://purl.pt/40017;https://bndigital.bnportugal.gov.pt//i/?IIIF=/af/71/82/12/af718212-3459-441c-b95a-d5afa519b36c/iiif/l-4268-v_0000_000001.tif/full/!300,500/0/default.jpg;Livro impresso;Português;;O Cancioneiro Fernandes Tomás;índices, nótulas e textos inéditos;;1.ª ed.;Coimbra : Imprensa da Universidade de Coimbra;1922;1922;IX, 1 br., 171, 1 p.;Carolina Michaëlis de Vasconcelos, 1851-1925;;;António Alberto Marinho Duarte de Sousa, 1896-1950, Antigo possuidor;;;J.S. 1398;EODOPEN;http://id.bnportugal.gov.pt/bib/catbnp/380896;Livre
6144;Obra - Impressos - Obras (avulsas) - Épica | 23;Obra - Impressos - Paratextos - Obras (avulsas) - Épica | 103;Obra - Impressos - Paratextos - Obras (avulsas) - Épica - Argumentos | 105;;;;;;;;;;;;;;;;;;;;;;;;;;;;;;;;;;;174420;https://purl.pt/43753;https://bndigital.bnportugal.gov.pt//i/?IIIF=/6b/ed/d1/d0/6bedd1d0-be60-45df-89b9-5a67a051c80f/iiif/cam-265-v_0000_000001.tif/full/!300,500/0/default.jpg;Livro impresso;Português;;As duas edições dos Lusíadas de 1572;;;1.ª ed.;Rio de Janeiro : Pap. Ribeiro;1921;1921;101, 12 p.;Alexandre de Albuquerque, 1875-1937;;;;;;L. 11640 V.;CAM500;http://id.bnportugal.gov.pt/bib/catbnp/174420;Livre
6145;Obra - Impressos - Obras (conjunto) - Lírica - Soneto | 58;Obra - Impressos - Obras (conjunto) - Lírica - Canção | 48;Obra - Impressos - Obras (conjunto) - Lírica - Ode | 55;Obra - Impressos - Obras (conjunto) - Lírica - Sextina | 57;Obra - Impressos - Obras (conjunto) - Lírica - Elegia | 51;Obra - Impressos - Obras (conjunto) - Lírica - Oitavas | 56;Obra - Impressos - Obras (conjunto) - Lírica - Écloga | 50;Obra - Impressos - Obras (conjunto) - Lírica - Mote | 54;Obra - Impressos - Obras (conjunto) - Lírica - Cantiga | 49;Obra - Impressos - Obras (conjunto) - Lírica - Endechas | 52;Obra - Impressos - Obras (conjunto) - Lírica - Redondilhas | 59;Obra - Impressos - Paratextos - Obras - Lírica | 125;Obra - Impressos - Obras (conjunto) - Cartas | 63;;;;;;;;;;;;;;;;;;;;;;;;;859037;https://purl.pt/43752;https://bndigital.bnportugal.gov.pt//i/?IIIF=/7c/8e/0c/32/7c8e0c32-7301-4cec-97d8-dff5af8467bc/iiif/cam-254-4-v_0000_000001.tif/full/!300,500/0/default.jpg;Livro impresso;Português;;Notas para uma edição crítica e comentada dos Lusíadas;;;1.ª ed.;Coimbra : Impr. da Universidade;1920;1920;63 p.;José Maria Rodrigues, 1857-1942;;;;;;CAM. 254//4 V.;CAM500;http://id.bnportugal.gov.pt/bib/catbnp/859037;Livre
6146;Tradução - Impressos - Obras individuais - Épica | 151;Tradução - Impressos - Obras individuais - Épica - Paratextos gerais | 152;Iconografia - Impressos - Retrato de Camões | 372;Iconografia - Impressos - Figuras históricas | 390;;;;;;;;;;;;;;;;;;;;;;;;;;;;;;;;;;874437;https://purl.pt/30077;https://bndigital.bnportugal.gov.pt//i/?IIIF=/7d/09/e9/ff/7d09e9ff-36ae-40e7-8b23-f8d44465dd63/iiif/cam-342-5-v_0000_capa-capa_t24-C-R0150_000001.tif/full/!300,500/0/default.jpg;Livro impresso;Português;;Camões e a fisionomia espiritual da Pátria;discurso pronunciado no Teatro Águia de Ouro no dia 10 de Junho de 1920;;1.ª ed.;Porto : s.n.;1920;1920;18 p.;Leonardo Coimbra, 1883-1936;;;;;;CAM. 342//5 V.;;http://id.bnportugal.gov.pt/bib/catbnp/874437;Livre
6147;Tradução - Impressos - Obras individuais - Épica | 151;Tradução - Impressos - Obras individuais - Épica - Paratextos gerais | 152;Tradução - Impressos - Obras individuais - Épica - Paratextos vida | 153;Tradução - Impressos - Obras individuais - Épica - Paratextos argumentos | 154;;;;;;;;;;;;;;;;;;;;;;;;;;;;;;;;; Italiano;455285;https://purl.pt/39042;https://bndigital.bnportugal.gov.pt//i/?IIIF=/2e/47/82/bf/2e4782bf-b6c4-4a4d-8276-95ab3543d7ee/iiif/cam-419-3-v_0000_000001.tif/full/!300,500/0/default.jpg;Livro impresso;Português;;O vilancete de Luís de Camões aos Olhos-Gonçalves;o imperfeito do conjuntivo da língua latina e sua evolução portuguesa para infinito pessoal;;1.ª ed.;Coimbra : Impr. Universidade;1919;1919;46 p.;Carolina Michaëlis de Vasconcelos, 1851-1925;;;;;;CAM. 419//3 V.;EODOPEN;http://id.bnportugal.gov.pt/bib/catbnp/455285;Livre
6148;Tradução - Impressos - Obras individuais - Épica | 151;Tradução - Impressos - Obras individuais - Épica - Paratextos gerais | 152;Tradução - Impressos - Obras individuais - Épica - Paratextos vida | 153;Tradução - Impressos - Obras individuais - Épica - Paratextos argumentos | 154;;;;;;;;;;;;;;;;;;;;;;;;;;;;;;;;; Italiano;857875;https://purl.pt/44342;https://bndigital.bnportugal.gov.pt//i/?IIIF=/8e/2a/a1/ac/8e2aa1ac-e809-4663-8c06-73c0fbf6c2a1/iiif/cam-252-6-v_0001.tif/full/!300,500/0/default.jpg;Livro impresso;Português;;Para a história da literatura quinhentista;um soneto inédito de Camões;;1.ª ed.;Coimbra : Impr. da Universidade;1918;1918;10 p.;João Grave, 1872-1934;;;;;;CAM. 252//6 V.;;http://id.bnportugal.gov.pt/bib/catbnp/857875;Livre
6149;Recepção criativa - Centão [Cintra] | 408;;;;;;;;;;;;;;;;;;;;;;;;;;;;;;;;;;;;;1721870;https://purl.pt/43593;https://bndigital.bnportugal.gov.pt//i/?IIIF=/0b/0a/7a/e4/0b0a7ae4-a862-4642-a0cf-00b9aeb801c6/iiif/1721870_0001.tif/full/!300,500/0/default.jpg;Partitura;Português;;Verdes são as hortas;;;1.ª ed.;;1916;1916;1 partitura 4 p.;Augusto Machado, 1845-1924;;;"Luís de Camões, 1524-1580, Antecedente bibliográfico ; Maria Constança Machado Pinheiro da Fonseca, Doador";;;A.M. 340;CAM500;http://id.bnportugal.gov.pt/bib/catbnp/1721870;Livre
6150;Recepção criativa - Centão [Cintra] | 408;;;;;;;;;;;;;;;;;;;;;;;;;;;;;;;;;;;;;788999;https://purl.pt/43959;https://bndigital.bnportugal.gov.pt//i/?IIIF=/d5/78/02/6f/d578026f-611b-43f0-9fbb-ecb15e69f6b5/iiif/cam-847-p_0000_000001.tif/full/!300,500/0/default.jpg;Livro impresso;Português;;A epopeia nacional;segundo os textos das edições de 1572, de 1834 de Hamburgo e a de Leipzig de 1880;;1.ª ed.;Lisboa : edição da Tipographia Gonçalves;1916;1916;XV, 1 br., 332, 2 p., 12 extratextos;Luís de Camões, 1524-1580;;;"José Gomes Monteiro, 1807-1879, Compilador ; Eduardo Metzner, 1889-1922, Autor da introdução, etc.";;;CAM. 847 P.;CAM500;http://id.bnportugal.gov.pt/bib/catbnp/788999;Livre
6151;Obra - Impressos - Obras (conjunto) - Lírica - Soneto | 58;Obra - Impressos - Obras (conjunto) - Lírica - Canção | 48;Obra - Impressos - Obras (conjunto) - Lírica - Ode | 55;Obra - Impressos - Obras (conjunto) - Lírica - Sextina | 57;Obra - Impressos - Obras (conjunto) - Lírica - Elegia | 51;Obra - Impressos - Obras (conjunto) - Lírica - Oitavas | 56;Obra - Impressos - Obras (conjunto) - Lírica - Écloga | 50;Obra - Impressos - Obras (conjunto) - Lírica - Mote | 54;Obra - Impressos - Obras (conjunto) - Lírica - Redondilhas | 59;Obra - Impressos - Obras (conjunto) - Lírica - Cantiga | 49;Obra - Impressos - Obras (conjunto) - Lírica - Endechas | 52;Obra - Impressos - Obras (conjunto) - Lírica | 47;Obra - Impressos - Paratextos - Obras - Lírica | 125;Obra - Impressos - Obras (conjunto) - Cartas | 63;Obra - Impressos - Obras (conjunto) - Teatro - Título das peças | 62;;;;;;;;;;;;;;;;;;;;;;;2064126;https://purl.pt/43602;https://bndigital.bnportugal.gov.pt//i/?IIIF=/3c/9a/0e/ac/3c9a0eac-67e0-45e6-b2b5-0a0baba666ad/iiif/vm-1073-4_0001.tif/full/!300,500/0/default.jpg;Partitura;Português;;Invocação dos Lusiadas;;;1.ª ed.;Leipzig : Breitkopf & Härtel;1915;1915;132 partes;José Viana da Mota, 1868-1948;;;Luís de Camões, 1524-1580, Autor de letras para trechos musicais;;Breitkopf & Härtel, Editor comercial;V.M. 1073//4;CAM500;http://id.bnportugal.gov.pt/bib/catbnp/2064126;Livre
6152;Obra - Impressos - Obras (avulsas) - Épica | 23;Obra - Impressos - Paratextos - Obras (avulsas) - Épica | 103;Obra - Impressos - Paratextos - Obras (avulsas) - Épica - Vida | 104;Obra - Impressos - Paratextos - Obras (avulsas) - Épica - Argumentos | 105;;;;;;;;;;;;;;;;;;;;;;;;;;;;;;;;;;2064274;https://purl.pt/43594;https://bndigital.bnportugal.gov.pt//i/?IIIF=/3c/70/43/90/3c704390-ff41-4b10-aa6e-9e826780a06f/iiif/2064274_0001.tif/full/!300,500/0/default.jpg;Partitura;Português;;Invocação dos Lusiadas de Luiz de Camões;para coro e orquestra;;1.ª ed.;s.l. : s.n.;1915;1915;155 partes de coro;José Viana da Mota, 1868-1948;;;Luís de Camões, 1524-1580, Autor de letras para trechos musicais;;;V.M. 1073//6;CAM500;http://id.bnportugal.gov.pt/bib/catbnp/2064274;Livre
6153;Tradução - Impressos - Obras individuais - Épica | 151;Tradução - Impressos - Obras individuais - Épica - Paratextos gerais | 152;;;;;;;;;;;;;;;;;;;;;;;;;;;;;;;;;;;;742176;https://purl.pt/43999;https://bndigital.bnportugal.gov.pt//i/?IIIF=/98/9a/7b/1d/989a7b1d-f6e8-492d-95dc-a4a1bc97599d/iiif/cam-114-6-a_0000_000001.tif/full/!300,500/0/default.jpg;Livro impresso;Português;;O naufragio de Camões e dos Lusiadas;;;1.ª ed.;Lisboa : Typographia Castro Irmão;1915;1915;50, 2 p.;Jordão A. de Freitas, 1866-1950;;;;;;CAM. 114//6 A.;CAM500;http://id.bnportugal.gov.pt/bib/catbnp/742176;Livre
6154;Obra - Impressos - Obras (conjunto) - Lírica - Soneto | 58;Obra - Impressos - Obras (conjunto) - Lírica - Canção | 48;Obra - Impressos - Obras (conjunto) - Lírica - Ode | 55;Obra - Impressos - Obras (conjunto) - Lírica - Sextina | 57;Obra - Impressos - Obras (conjunto) - Lírica - Elegia | 51;Obra - Impressos - Obras (conjunto) - Lírica - Oitavas | 56;Obra - Impressos - Obras (conjunto) - Lírica - Écloga | 50;Obra - Impressos - Obras (conjunto) - Lírica - Mote | 54;Obra - Impressos - Obras (conjunto) - Lírica - Cantiga | 49;Obra - Impressos - Obras (conjunto) - Lírica - Endechas | 52;Obra - Impressos - Obras (conjunto) - Lírica - Redondilhas | 59;Obra - Impressos - Obras (conjunto) - Lírica - Esparsas | 53;Obra - Impressos - Obras (conjunto) - Lírica - Vilancete | 60;Obra - Impressos - Paratextos - Obras - Lírica | 125;Obra - Impressos - Obras (conjunto) - Cartas | 63;Obra - Impressos - Obras (avulsas) - Lírica - Criação e Composição do Homem | 39;Obra - Impressos - Obras (conjunto) - Teatro - Título das peças | 62;;;;;;;;;;;;;;;;;;;;;90451;https://purl.pt/33563;https://bndigital.bnportugal.gov.pt//i/?IIIF=/94/56/64/3e/9456643e-a1b4-4be5-b270-29dd635113a1/iiif/j-5716-2-b_0001.tif/full/!300,500/0/default.jpg;Periódico;Português;;Eh Real!;panfleto semanal de critica e doutrinação politica;;1.ª ed.;Lisboa : João Camoezas;1915;1915;;;;;"João Camoesas, 1887-1951, Director ; Joaquim Manuel Duarte Ferreira, Editor comercial ; J. Carrington da Costa, 1891-1982, Autor ; Artur Ribeiro Lopes, 1889-1965, Autor";;;J. 5716//2 B.;;http://id.bnportugal.gov.pt/bib/catbnp/90451;Interno
6155;Recepção criativa - Tematização | 409;;;;;;;;;;;;;;;;;;;;;;;;;;;;;;;;;;;;;1364953;https://purl.pt/29280;https://bndigital.bnportugal.gov.pt//i/?IIIF=/e9/6e/fc/ca/e96efcca-0d7f-49f3-a210-0a195cbbd004/iiif/vm-1062_0000_1-6_t24-C-R0150_000001.tif/full/!300,500/0/default.jpg;Partitura;Português;;Coro da Tragedia Inez de Castro;;;1.ª ed.;;1914;1914;Partitura reduzida 2 f.;José Viana da Mota, 1868-1948;;Luís de Camões, 1524-1580, Autor de letras para trechos musicais;;;Fundação Calouste Gulbenkian, Antigo possuidor;V.M. 1062;CAM500;http://id.bnportugal.gov.pt/bib/catbnp/1364953;Livre
6156;Obra - Impressos - Obras (avulsas) - Épica | 23;Obra - Impressos - Paratextos - Obras (avulsas) - Épica | 103;Obra - Impressos - Paratextos - Obras (avulsas) - Épica - Vida | 104;Obra - Impressos - Paratextos - Obras (avulsas) - Épica - Argumentos | 105;;;;;;;;;;;;;;;;;;;;;;;;;;;;;;;;;;1364753;https://purl.pt/12276;https://bndigital.bnportugal.gov.pt//i/?IIIF=/3c/7d/20/0b/3c7d200b-e673-43f8-a9e0-2dab66bb3da4/iiif/vm-1073_0000_capa-capa_t24-C-R0150_000003.tif/full/!300,500/0/default.jpg;Partitura;Português;;Invocação dos Lusiadas de Luiz de Camões;para coro e orchestra, op. 19;;1.ª ed.;;1913;1913;1 partitura 52 i.e. 53 3 p., 1 partitura vocal 23 5 p. e 24 partes;José Viana da Mota, 1868-1948;;;"Luís de Camões, 1524-1580, Autor de letras para trechos musicais ; Elisa de Sousa Pedroso, 1881-1958, Personalidade a quem é dedicada a obra";;Fundação Calouste Gulbenkian, Antigo possuidor;V.M. 1073//1;CAM500;http://id.bnportugal.gov.pt/bib/catbnp/1364753;Livre
6157;Obra - Impressos - Obras (conjunto) - Lírica - Soneto | 58;Obra - Impressos - Obras (conjunto) - Lírica - Canção | 48;Obra - Impressos - Obras (conjunto) - Lírica - Ode | 55;Obra - Impressos - Obras (conjunto) - Lírica - Sextina | 57;Obra - Impressos - Obras (conjunto) - Lírica - Elegia | 51;Obra - Impressos - Obras (conjunto) - Lírica - Oitavas | 56;Obra - Impressos - Obras (conjunto) - Lírica - Écloga | 50;Obra - Impressos - Obras (conjunto) - Lírica - Mote | 54;Obra - Impressos - Obras (conjunto) - Lírica - Redondilhas | 59;Obra - Impressos - Obras (conjunto) - Lírica - Cantiga | 49;Obra - Impressos - Obras (conjunto) - Lírica - Endechas | 52;Obra - Impressos - Obras (conjunto) - Lírica | 47;Obra - Impressos - Paratextos - Obras - Lírica | 125;Obra - Impressos - Obras (conjunto) - Cartas | 63;;;;;;;;;;;;;;;;;;;;;;;;2013223;https://purl.pt/43548;https://bndigital.bnportugal.gov.pt//i/?IIIF=/d8/c3/96/a9/d8c396a9-f9e8-449b-9984-f2db0d9ca104/iiif/cod-9402-5_0001.tif/full/!300,500/0/default.jpg;Livro manuscrito;Português;;Os Lusiadas;fragmentos de uma grande reinação poetica nos banhos do Luso em Julho e agosto de 1851;;1.ª ed.;;1913;1913;7 f.;;;;"João Correia Aires de Campos, 1818-1891, Autor incerto ; Augusto Mendes Simões de Castro, 1845-1932, Escriba ; Luís de Camões, 1524-1580, Antecedente bibliográfico";;;COD. 9402//5;CAM500;http://id.bnportugal.gov.pt/bib/catbnp/2013223;Livre
6158;Obra - Impressos - Obras (avulsas) - Épica | 23;Obra - Impressos - Paratextos - Obras (avulsas) - Épica | 103;Obra - Impressos - Paratextos - Obras (avulsas) - Épica - Vida | 104;Obra - Impressos - Paratextos - Obras (avulsas) - Épica - Argumentos | 105;;;;;;;;;;;;;;;;;;;;;;;;;;;;;;;;;;371694;https://purl.pt/17237;https://bndigital.bnportugal.gov.pt//i/?IIIF=/f0/f8/42/6b/f0f8426b-79ee-4d7a-8099-21d5c1d65643/iiif/371694_0000_capa-capa_t24-C-R0150_000003.tif/full/!300,500/0/default.jpg;Livro impresso;Português;;Sonetos;;;1.ª ed.;Lisboa : A Educadora - Empreza Editora;1913;1913;2 partes em 2 vol.;Luís de Camões, 1524-1580;;;Teófilo Braga, 1843-1924, Autor da introdução, etc.;;;CAM. 257//1 V.;;http://id.bnportugal.gov.pt/bib/catbnp/371694;Livre
6159;Obra - Impressos - Antologias - Lírica | 91;;;Comentários - Impressos - Lírica - Soneto | 346;;;;;;;;;;;;;;;;;;;;;;;;;;;;;;;;;;1979399;https://purl.pt/43584;https://bndigital.bnportugal.gov.pt//i/?IIIF=/b8/68/3a/99/b8683a99-f6b6-42ae-b35c-09707c6ceef1/iiif/1979399_0000_000001.tif/full/!300,500/0/default.jpg;Iconografia;Português;;Biblioteca Nacional;;;1.ª ed.;Lisboa : Biblioteca Nacional;1911;1911;1 estampa;;Portugal. Biblioteca Nacional;;;;;EL 1;CAM500;http://id.bnportugal.gov.pt/bib/catbnp/1979399;Livre
6160;Obra - Impressos - Obras (avulsas) - Lírica - Canção | 25;Obra - Impressos - Obras (avulsas) - Lírica - Ode | 32;Obra - Impressos - Obras (avulsas) - Lírica - Sextina | 34;Obra - Impressos - Obras (avulsas) - Lírica - Elegia | 28;Obra - Impressos - Obras (avulsas) - Lírica - Oitavas | 33;Obra - Impressos - Obras (avulsas) - Lírica - Martírio de Santa Úrsula | 40;Obra - Impressos - Obras (avulsas) - Lírica - Écloga | 27;Obra - Impressos - Paratextos - Obras (avulsas) - Lírica | 107;Comentários - Impressos - Lírica - Canção | 336;Comentários - Impressos - Lírica - Ode | 343;Comentários - Impressos - Lírica - Sextina | 345;Comentários - Impressos - Lírica - Elegia | 339;Comentários - Impressos - Lírica - Elegia | 339;Comentários - Impressos - Lírica - Oitavas | 344;Comentários - Impressos - Lírica - Écloga | 338;Comentários - Impressos - Outros | 352;;;;;;;;;;;;;;;;;;;;;;1979400;https://purl.pt/43585;https://bndigital.bnportugal.gov.pt//i/?IIIF=/99/8c/5b/d7/998c5bd7-b96e-4664-ac24-14a646bdaba0/iiif/1979400_0000_000001.tif/full/!300,500/0/default.jpg;Iconografia;Português;;Biblioteca Nacional de Lisboa;;;1.ª ed.;Lisboa : Biblioteca Nacional;1911;1911;1 estampa;;Portugal. Biblioteca Nacional;;;;;EL 2;CAM500;http://id.bnportugal.gov.pt/bib/catbnp/1979400;Livre
6161;Obra - Impressos - Obras (avulsas) - Lírica - Canção | 25;Obra - Impressos - Obras (avulsas) - Lírica - Ode | 32;Obra - Impressos - Obras (avulsas) - Lírica - Sextina | 34;Obra - Impressos - Obras (avulsas) - Lírica - Elegia | 28;Obra - Impressos - Obras (avulsas) - Lírica - Oitavas | 33;Obra - Impressos - Obras (avulsas) - Lírica - Écloga | 27;Obra - Impressos - Paratextos - Obras (avulsas) - Lírica | 107;Obra - Impressos - Paratextos - Obras (avulsas) - Outros | 119;Comentários - Impressos - Lírica - Canção | 336;Comentários - Impressos - Lírica - Ode | 343;Comentários - Impressos - Lírica - Sextina | 345;Comentários - Impressos - Lírica - Elegia | 339;Comentários - Impressos - Lírica - Oitavas | 344;Comentários - Impressos - Lírica - Écloga | 338;Comentários - Impressos - Outros | 352;Obra - Impressos - Obras (avulsas) - Lírica - Martírio de Santa Úrsula | 40;;;;;;;;;;;;;;;;;;;;;;1376717;https://purl.pt/43578;https://bndigital.bnportugal.gov.pt//i/?IIIF=/90/a7/b9/b1/90a7b9b1-9a8d-4481-bdf7-b9ba1c46c55f/iiif/pi-27904-p_0000_000001.tif/full/!300,500/0/default.jpg;Iconografia;Inglês;;Camoes Grotto - Macao;;;1.ª ed.;Hong Kong : M. Sternberg.;1910;1910;1 postal;;;;;;;P.I. 27904 P.;CAM500;http://id.bnportugal.gov.pt/bib/catbnp/1376717;Livre
6162;Recepção criativa - Centão [Cintra] | 408;;;;;;;;;;;;;;;;;;;;;;;;;;;;;;;;;;;;;464977;https://purl.pt/44712;https://bndigital.bnportugal.gov.pt//i/?IIIF=/a6/e2/2b/83/a6e22b83-eb8d-4db9-bb74-e361249918d3/iiif/cam-620-v_0001.tif/full/!300,500/0/default.jpg;Livro impresso;Português;;A estrela Vénus nos Lusíadas;;;1.ª ed.;Porto : Tip. da Renascença Portuguesa;1910;1910;16 p.;Luciano Pereira da Silva, 1864-1926;;;;;;L. 59028 V.;CAM500;http://id.bnportugal.gov.pt/bib/catbnp/464977;Livre
6163;Obra - Impressos - Obras (conjunto) - Épica | 46;Obra - Impressos - Paratextos - Obras - Épica | 121;Obra - Impressos - Obras (conjunto) - Lírica | 47;Obra - Impressos - Obras (conjunto) - Lírica - Soneto | 58;Obra - Impressos - Obras (conjunto) - Lírica - Canção | 48;Obra - Impressos - Obras (conjunto) - Lírica - Ode | 55;Obra - Impressos - Obras (conjunto) - Lírica - Sextina | 57;Obra - Impressos - Obras (conjunto) - Lírica - Elegia | 51;Obra - Impressos - Obras (conjunto) - Lírica - Oitavas | 56;Obra - Impressos - Obras (conjunto) - Lírica - Écloga | 50;Obra - Impressos - Obras (conjunto) - Lírica - Mote | 54;Obra - Impressos - Obras (conjunto) - Lírica - Endechas | 52;Obra - Impressos - Obras (conjunto) - Lírica - Cantiga | 49;Obra - Impressos - Obras (conjunto) - Cartas | 63;Obra - Impressos - Obras (conjunto) - Lírica - Redondilhas | 59;Obra - Impressos - Paratextos - Obras - Épica - Vida | 122;Obra - Impressos - Paratextos - Obras - Épica - Argumentos | 123;;;;;;;;;;;;;;;;;;;;Cf. Título: Volume inclui Rimas [Lírica] e Cartas  e não só Os Lusíadas. Talvez seja melhor colocar no título: Obras;1721873;https://purl.pt/43592;https://bndigital.bnportugal.gov.pt//i/?IIIF=/34/71/31/4f/3471314f-31c4-4451-af64-f75cda163283/iiif/1721873_0001.tif/full/!300,500/0/default.jpg;Partitura;Português;;Perco-me por ella!;;;1.ª ed.;;1909;1909;Partitura 2 f.;Augusto Machado, 1845-1924;;;"Luís de Camões, 1524-1580, Autor de letras para trechos musicais ; Maria Constança Machado Pinheiro da Fonseca, Doador";;;A.M. 341;CAM500;http://id.bnportugal.gov.pt/bib/catbnp/1721873;Livre
6164;Obra - Manuscritos - Cancioneiros e miscelâneas | 139;Recepção criativa - Tematização | 409;;;;;;;;;;;;;;;;;;;;;;;;;;;;;;;;;;;"Português; Espanhol";1766960;https://purl.pt/43553;https://bndigital.bnportugal.gov.pt//i/?IIIF=/2b/0e/6b/0f/2b0e6b0f-1814-477b-a04d-350268996e3b/iiif/cn-2141-a_0000_000001.tif/full/!300,500/0/default.jpg;Partitura;Português;;Cancioneiro;op. 16;;1.ª ed.;S.l. : ed. de autor;1909;1909;2 partituras;João Arroio, 1861-1930;;"Luís de Camões, 1524-1580, Antecedente bibliográfico ; Guilherme Braga, 1845-1874, Antecedente bibliográfico";;;Portugal. Conservatório Nacional. Escola de Música, Antigo possuidor;C.N. 2141 A.;CAM500;http://id.bnportugal.gov.pt/bib/catbnp/1766960;Livre
6165;Obra - Impressos - Obras (conjunto) - Épica | 46;Obra - Impressos - Paratextos - Obras - Épica | 121;Comentários - Impressos - Épica | 334;Obra - Impressos - Obras (conjunto) - Lírica | 47;Obra - Impressos - Obras (conjunto) - Teatro - Título das peças | 62;Obra - Impressos - Obras (conjunto) - Lírica - Soneto | 58;Obra - Impressos - Obras (conjunto) - Lírica - Canção | 48;Obra - Impressos - Obras (conjunto) - Lírica - Ode | 55;Obra - Impressos - Obras (conjunto) - Lírica - Sextina | 57;Obra - Impressos - Obras (conjunto) - Lírica - Elegia | 51;Obra - Impressos - Obras (conjunto) - Lírica - Oitavas | 56;Obra - Impressos - Obras (conjunto) - Lírica - Écloga | 50;Obra - Impressos - Obras (conjunto) - Lírica - Mote | 54;Obra - Impressos - Obras (conjunto) - Lírica - Endechas | 52;Obra - Impressos - Obras (conjunto) - Lírica - Vilancete | 60;Obra - Impressos - Obras (conjunto) - Lírica - Cantiga | 49;Obra - Impressos - Obras (conjunto) - Cartas | 63;Obra - Impressos - Obras (avulsas) - Lírica - Criação e Composição do Homem | 39;Obra - Impressos - Obras (conjunto) - Lírica - Redondilhas | 59;Obra - Impressos - Obras (conjunto) - Lírica - Esparsas | 53;Obra - Impressos - Paratextos - Obras - Épica - Vida | 122;Obra - Impressos - Paratextos - Obras - Épica - Argumentos | 123;;;;;;;;;;;;;;;;367425;https://purl.pt/37925;https://bndigital.bnportugal.gov.pt//i/?IIIF=/f8/4b/4a/97/f84b4a97-740f-4ef7-9ddb-8bbc3be330f7/iiif/cam-471-p_0000_000001.tif/full/!300,500/0/default.jpg;Livro impresso;Português;;Nathercianas;sonetos à noiva de Camões...;;1.ª ed.;"Póvoa de Varzim : Typ. do ""Intransigente""";1909;1909;8 f.;Baptista de Lima, 1887-1963;;;;;;CAM. 471 P.;;http://id.bnportugal.gov.pt/bib/catbnp/367425;Interno
6166;Obra - Impressos - Obras (conjunto) - Épica | 46;Obra - Impressos - Paratextos - Obras (avulsas) - Épica | 103;Comentários - Impressos - Épica | 334;Obra - Impressos - Obras (conjunto) - Lírica | 47;Obra - Impressos - Obras (conjunto) - Lírica - Soneto | 58;Obra - Impressos - Obras (conjunto) - Lírica - Canção | 48;Obra - Impressos - Obras (conjunto) - Lírica - Ode | 55;Obra - Impressos - Obras (conjunto) - Lírica - Sextina | 57;Obra - Impressos - Obras (conjunto) - Lírica - Elegia | 51;Obra - Impressos - Obras (conjunto) - Lírica - Oitavas | 56;Obra - Impressos - Obras (conjunto) - Lírica - Écloga | 50;Obra - Impressos - Obras (conjunto) - Lírica - Mote | 54;Obra - Impressos - Obras (conjunto) - Lírica - Redondilhas | 59;Obra - Impressos - Obras (conjunto) - Lírica - Cantiga | 49;Obra - Impressos - Obras (conjunto) - Lírica - Vilancete | 60;Obra - Impressos - Obras (conjunto) - Lírica - Endechas | 52;Obra - Impressos - Obras (conjunto) - Lírica - Esparsas | 53;Obra - Impressos - Obras (conjunto) - Cartas | 63;Obra - Impressos - Obras (conjunto) - Teatro - Título das peças | 62;Iconografia - Impressos - Retrato de Camões | 372;Iconografia - Impressos - Portadas | 392;Obra - Impressos - Obras (avulsas) - Lírica - Criação e Composição do Homem | 39;Obra - Impressos - Paratextos - Obras - Épica - Vida | 122;Obra - Impressos - Paratextos - Obras - Épica - Argumentos | 123;Comentários - Impressos - Lírica - Canção | 336;Comentários - Impressos - Lírica - Ode | 343;Comentários - Impressos - Lírica - Sextina | 345;Comentários - Impressos - Lírica - Elegia | 339;Comentários - Impressos - Lírica - Oitavas | 344;Comentários - Impressos - Lírica - Écloga | 338;;;;;;;;2105702;https://purl.pt/43577;https://bndigital.bnportugal.gov.pt//i/?IIIF=/5d/20/95/21/5d209521-99f3-4848-bea8-f2c7cc5acc63/iiif/pi-12820-p_0000_000001.tif/full/!300,500/0/default.jpg;Iconografia;Português;;Camões e o Jau quadro;;;1.ª ed.;Lisboa : F. A. Martins;1904;1904;1 postal;;;;F.A. Martins, fl. 1867-1916, Editor comercial;;;P.I. 12820 P.;CAM500;http://id.bnportugal.gov.pt/bib/catbnp/2105702;Livre
6167;Recepção criativa - Paródia | 407;;;;;;;;;;;;;;;;;;;;;;;;;;;;;;;;;;;;;1976927;https://purl.pt/43576;https://bndigital.bnportugal.gov.pt//i/?IIIF=/4e/e2/ae/43/4ee2ae43-d45b-4877-8c13-44080e019b4f/iiif/pi-1152-p_0000_000001.tif/full/!300,500/0/default.jpg;Iconografia;Português;;Camões e as tágides;quadro de Columbano;;1.ª ed.;Lisbonne : F.A.Martins;1903;1903;1 postal; Columbano, 1857-1929;;;F.A. Martins, fl. 1867-1916, Editor comercial;;;P.I. 1152 P.;CAM500;http://id.bnportugal.gov.pt/bib/catbnp/1976927;Livre
6168;Obra - Impressos - Obras (avulsas) - Épica | 23;Obra - Impressos - Paratextos - Obras (avulsas) - Épica | 103;Comentários - Impressos - Épica | 334;Obra - Impressos - Paratextos - Obras (avulsas) - Épica - Vida | 104;Obra - Impressos - Paratextos - Obras (avulsas) - Épica - Argumentos | 105;Obra - Impressos - Paratextos - Obras (avulsas) - Épica - Notas | 106;Iconografia - Impressos - Mapas - Rota de Gama | 388;;;;;;;;;;;;;;;;;;;;;;;;;;;;;;;1721885;https://purl.pt/43569;https://bndigital.bnportugal.gov.pt//i/?IIIF=/d0/4e/e0/32/d04ee032-aac6-42ce-ad81-eabbd36a8831/iiif/1721885_0001.tif/full/!300,500/0/default.jpg;Partitura;Português;;Pastoral;Perco-me por ella!;;1.ª ed.;;1902;1902;Partitura 2 f.;Augusto Machado, 1845-1924;;;"Luís de Camões, 1524-1580, Autor de letras para trechos musicais ; Maria Constança Machado Pinheiro da Fonseca, Doador";;;A.M. 342;CAM500;http://id.bnportugal.gov.pt/bib/catbnp/1721885;Livre
6169;Tradução - Impressos - Obras individuais - Épica | 151;Tradução - Impressos - Obras individuais - Épica - Paratextos gerais | 152;Tradução - Impressos - Obras individuais - Épica - Paratextos vida | 153;Tradução - Impressos - Obras individuais - Épica - Paratextos notas | 155;Iconografia - Impressos - Ilustrações da obra | 376;;;;;;;;;;;;;;;;;;;;;;;;;;;;;;;;;569438;https://purl.pt/42957;https://bndigital.bnportugal.gov.pt//i/?IIIF=/3d/79/71/6c/3d79716c-8954-495a-a2f7-c19f730471ce/iiif/cn-1412-a_0000_000001.tif/full/!300,500/0/default.jpg;Partitura;Português;;Soneto em linguagem gallega;;;1.ª ed.;Lisboa : Ernesto Vieira;1901;1901;1 partitura 5 p.;Ernesto Vieira, 1848-1915;;Luís de Camões, 1524-1580, Autor;Ivo Cruz, 1901-1985, Antigo possuidor;;Portugal. Conservatório Nacional. Escola de Música, Antigo possuidor;C.I.C. 82 A.;PRR2022;http://id.bnportugal.gov.pt/bib/catbnp/569438;Livre
6170;Obra - Impressos - Obras (avulsas) - Épica | 23;Obra - Impressos - Paratextos - Obras (avulsas) - Épica | 103;Recepção criativa - Tematização | 409;Recepção criativa - Centão [Cintra] | 408;Obra - Impressos - Paratextos - Obras (avulsas) - Épica - Vida | 104;Obra - Impressos - Paratextos - Obras (avulsas) - Épica - Argumentos | 105;;;;;;;;;;;;;;;;;;;;;;;;;;;;;;;;1902471;https://purl.pt/43301;https://bndigital.bnportugal.gov.pt//i/?IIIF=/27/b2/52/93/27b25293-ebd4-4c87-908a-905a281f5301/iiif/mm-7130_0000_000001.tif/full/!300,500/0/default.jpg;Partitura;Português;;Verdes são as hortas;;;1.ª ed.;s.l.;1901;1901;Partitura 6, 4 p.;José Viana da Mota, 1868-1948;;Luís de Camões, 1524-1580, Autor;;;;M.M. 7130;CAM500;http://id.bnportugal.gov.pt/bib/catbnp/1902471;Livre
6171;Obra - Impressos - Obras (conjunto) - Épica | 46;Obra - Impressos - Obras (conjunto) - Lírica | 47;Obra - Impressos - Paratextos - Obras - Épica | 121;Obra - Impressos - Obras (avulsas) - Teatro - Título das peças | 42;Iconografia - Impressos - Retrato de Camões | 372;Iconografia - Impressos - Ilustrações da obra | 376;Obra - Impressos - Obras (conjunto) - Lírica - Soneto | 58;Obra - Impressos - Obras (conjunto) - Lírica - Canção | 48;Obra - Impressos - Obras (conjunto) - Lírica - Sextina | 57;Obra - Impressos - Obras (conjunto) - Lírica - Ode | 55;Obra - Impressos - Obras (conjunto) - Lírica - Écloga | 50;Obra - Impressos - Obras (conjunto) - Lírica - Elegia | 51;Obra - Impressos - Obras (conjunto) - Lírica - Mote | 54;Obra - Impressos - Obras (conjunto) - Lírica - Oitavas | 56;Obra - Impressos - Obras (conjunto) - Lírica - Vilancete | 60;Obra - Impressos - Obras (conjunto) - Lírica - Endechas | 52;Obra - Impressos - Obras (conjunto) - Lírica - Cantiga | 49;Obra - Impressos - Obras (conjunto) - Cartas | 63;Obra - Impressos - Obras (avulsas) - Lírica - Criação e Composição do Homem | 39;Obra - Impressos - Obras (avulsas) - Lírica - Martírio de Santa Úrsula | 40;Iconografia - Impressos - Figuras históricas | 390;Iconografia - Impressos - Mapas | 387;Obra - Impressos - Obras (conjunto) - Lírica - Redondilhas | 59;Obra - Impressos - Obras (conjunto) - Lírica - Esparsas | 53;Obra - Impressos - Paratextos - Obras - Épica - Vida | 122;Obra - Impressos - Paratextos - Obras - Épica - Argumentos | 123;;;;;;;;;;;;1902499;https://purl.pt/43302;https://bndigital.bnportugal.gov.pt//i/?IIIF=/ee/33/9f/82/ee339f82-9133-4e60-a29a-5b44bb838252/iiif/mm-7131_0000_000001.tif/full/!300,500/0/default.jpg;Partitura;Português;;Verdes são as hortas;;;1.ª ed.;s.l.;1901;1901;Partitura 6 p.;José Viana da Mota, 1868-1948;;Luís de Camões, 1524-1580, Autor;;;;M.M. 7131;CAM500;http://id.bnportugal.gov.pt/bib/catbnp/1902499;Livre
6172;Comentários - Manuscritos - Épica | 354;Comentários - Manuscritos - Lírica - Écloga | 358;;;;;;;;;;;;;;;;;;;;;;;;;;;;;;;;;;;;2106442;https://purl.pt/43575;https://bndigital.bnportugal.gov.pt//i/?IIIF=/c0/08/fe/0b/c008fe0b-f174-4f3d-b0d9-1bef8688bcd9/iiif/mss-250-n24_0000_000001.tif/full/!300,500/0/default.jpg;Livro manuscrito;Português;;Cópia da estância XVIII, Canto III de Os Luíadas de Luís de Camões escrita pela Rainha Dona Amélia;;;1.ª ed.;;1901;1901;1;Luís de Camões, 1524-1580;;; Amélia, 1865-1951, Escriba;;;MSS. 250, n. 24;CAM500;http://id.bnportugal.gov.pt/bib/catbnp/2106442;Livre
6173;Tradução - Impressos - Obras individuais - Épica | 151;Tradução - Impressos - Obras individuais - Épica - Paratextos gerais | 152;Tradução - Impressos - Obras individuais - Épica - Paratextos vida | 153;Tradução - Impressos - Obras individuais - Épica - Paratextos notas | 155;;;;;;;;;;;;;;;;;;;;;;;;;;;;;;;;;;422161;https://purl.pt/43100;https://bndigital.bnportugal.gov.pt//i/?IIIF=/0b/b5/ee/a8/0bb5eea8-1a6d-47bb-8f3f-4f85b9064ee6/iiif/mp-2741-a_0000_000001.tif/full/!300,500/0/default.jpg;Livro impresso;Português;;Dizêres do povo;;;1.ª ed.;S. l. : s.n.;1900;1900;Partitura 15 p.;Cláudio Carneiro, 1895-1963;;"António Correia de Oliveira, 1879-1960, Autor ; Pedro Eannez Solaz, Autor de letras para trechos musicais ;  Martin, Autor de letras para trechos musicais ; Jogral Lourenço, Autor de letras para trechos musicais ; Luís de Camões, 1524-1580, Autor ; António Boto, 1897-1959, Autor";;;;C.N. 889 V.;CAM500;http://id.bnportugal.gov.pt/bib/catbnp/422161;Interno
6174;Obra - Impressos - Obras (conjunto) - Épica | 46;Obra - Impressos - Obras (conjunto) - Lírica | 47;Obra - Impressos - Paratextos - Obras - Épica | 121;Obra - Impressos - Obras (conjunto) - Teatro | 61;Iconografia - Impressos - Retrato de Camões | 372;Iconografia - Impressos - Ilustrações da obra | 376;Obra - Impressos - Obras (conjunto) - Lírica - Soneto | 58;Obra - Impressos - Obras (conjunto) - Lírica - Canção | 48;Obra - Impressos - Obras (conjunto) - Lírica - Sextina | 57;Obra - Impressos - Obras (conjunto) - Lírica - Ode | 55;Obra - Impressos - Obras (conjunto) - Lírica - Écloga | 50;Obra - Impressos - Obras (conjunto) - Lírica - Elegia | 51;Obra - Impressos - Obras (conjunto) - Lírica - Mote | 54;Obra - Impressos - Obras (conjunto) - Lírica - Oitavas | 56;Obra - Impressos - Obras (conjunto) - Lírica - Vilancete | 60;Obra - Impressos - Obras (conjunto) - Lírica - Endechas | 52;Obra - Impressos - Obras (conjunto) - Lírica - Cantiga | 49;Obra - Impressos - Obras (conjunto) - Cartas | 63;Obra - Impressos - Obras (avulsas) - Lírica - Criação e Composição do Homem | 39;Iconografia - Impressos - Mapas - Rota de Gama | 388;Iconografia - Impressos - Figuras históricas | 390;Obra - Impressos - Obras (conjunto) - Lírica - Redondilhas | 59;Obra - Impressos - Obras (conjunto) - Lírica - Esparsas | 53;Obra - Impressos - Paratextos - Obras - Épica - Vida | 122;Obra - Impressos - Paratextos - Obras - Épica - Argumentos | 123;;;;;;;;;;;;;704429;https://purl.pt/1227;https://bndigital.bnportugal.gov.pt//i/?IIIF=/ed/6c/2b/55/ed6c2b55-9065-4ce7-97e4-d3437ec4bfa1/iiif/d-392-v_0000_000001.tif/full/!300,500/0/default.jpg;Iconografia;Português;;Os Lusíadas;ilustração;;1.ª ed.;;1900;1900;1 desenho;Alfredo Roque Gameiro, 1864-1935;;;;;;PURL 1227/0;;http://id.bnportugal.gov.pt/bib/catbnp/704429;Livre
6175;Tradução - Manuscritos - Fragmentos - Épica | 308;Tradução - Manuscritos - Fragmentos - Épica - Paratextos gerais | 309;;;;;;;;;;;;;;;;;;;;;;;;;;;;;;;;;;;;1366602;https://purl.pt/43580;https://bndigital.bnportugal.gov.pt//i/?IIIF=/d7/6c/b6/f7/d76cb6f7-64cd-40e9-8402-7079573e5bd3/iiif/vm-1072_0000_000001.tif/full/!300,500/0/default.jpg;Partitura;Francês;;Le Chant du Cygne;;;1.ª ed.;;1900;1900;Partitura 2 f.;Óscar da Silva, 1870-1958;;Luís de Camões, 1524-1580, Autor de letras para trechos musicais;José Viana da Mota, 1868-1948, Antigo possuidor;;Fundação Calouste Gulbenkian, Antigo possuidor;V.M. 1072;CAM500;http://id.bnportugal.gov.pt/bib/catbnp/1366602;Livre
6176;Obra - Impressos - Obras (conjunto) - Lírica - Oitavas | 56;Obra - Impressos - Obras (conjunto) - Lírica - Cantiga | 49;Obra - Impressos - Obras (conjunto) - Lírica - Mote | 54;Obra - Impressos - Obras (conjunto) - Lírica - Redondilhas | 59;Obra - Impressos - Obras (conjunto) - Lírica - Vilancete | 60;Obra - Impressos - Obras (conjunto) - Lírica - Endechas | 52;Obra - Impressos - Obras (conjunto) - Lírica - Esparsas | 53;Obra - Impressos - Obras (avulsas) - Lírica - Criação e Composição do Homem | 39;Obra - Impressos - Obras (conjunto) - Cartas | 63;Obra - Impressos - Obras (conjunto) - Teatro | 61;Obra - Impressos - Paratextos - Obras (avulsas) - Lírica | 107;;;;;;;;;;;;;;;;;;;;;;;;;;;1661419;https://purl.pt/43600;https://bndigital.bnportugal.gov.pt//i/?IIIF=/3b/b8/52/75/3bb85275-4ec3-4a1b-9627-114ba4babb9a/iiif/1661419_0001.tif/full/!300,500/0/default.jpg;Partitura;Português;;Parabens dos Passaros;;;1.ª ed.;;1900;1900;Partitura 1 f.;Augusto Machado, 1845-1924;;;" Aristófanes, 445?-385? a.C., Antecedente bibliográfico ; Luís de Camões, 1524-1580, Autor de letras para trechos musicais";;Portugal. Instituto Português do Património Cultural. Departamento de Musicologia, Antigo possuidor;A.M. 300;CAM500;http://id.bnportugal.gov.pt/bib/catbnp/1661419;Livre
6177;Tradução - Impressos - Obras individuais - Épica | 151;Tradução - Impressos - Obras individuais - Épica - Paratextos gerais | 152;Tradução - Impressos - Obras individuais - Épica - Paratextos vida | 153;Tradução - Impressos - Obras individuais - Épica - Paratextos argumentos | 154;Tradução - Impressos - Obras individuais - Épica - Paratextos notas | 155;Iconografia - Impressos - Outros | 393;;;;;;;;;;;;;;;;;;;;;;;;;;;;;;; Italiano;1732668;https://purl.pt/43570;https://bndigital.bnportugal.gov.pt//i/?IIIF=/5a/d1/80/e1/5ad180e1-921e-473b-82f1-bb963ab2d788/iiif/1732668_0001.tif/full/!300,500/0/default.jpg;Partitura;Português;;Fragmento de uma Ode a Camões;Coro;;1.ª ed.;;1900;1900;Partitura 2 f.;Augusto Machado, 1845-1924;;;Maria Constança Machado Pinheiro da Fonseca, Doador;;;A.M. 392;CAM500;http://id.bnportugal.gov.pt/bib/catbnp/1732668;Livre
6178;Tradução - Impressos - Composições soltas e fragmentos - Épica | 229;Tradução - Impressos - Composições soltas e fragmentos - Épica - Paratextos gerais | 230;Obra - Impressos - Composições soltas e fragmentos - Épica - Episódio | 67;;;;;;;;;;;;;;;;;;;;;;;;;;;;;;;;;;;808536;https://purl.pt/42822;https://bndigital.bnportugal.gov.pt//i/?IIIF=/ae/13/d9/fc/ae13d9fc-af5b-41fa-9c73-13677994f5c1/iiif/cam-84-v_0000_000007.tif/full/!300,500/0/default.jpg;Livro impresso;Italiano;Português;Poesie portoghese e sivigliane;;;1.ª ed.;Genova : Stablimento Typ. Ved. Papini e Figli;1899;1899;2 v.;;;;Prospero Peragallo, 1823-1916, Tradutor;;;CAM. 84 V.;CAM500;http://id.bnportugal.gov.pt/bib/catbnp/808536;Livre
6179;Recepção criativa - Paródia | 407;;;;;;;;;;;;;;;;;;;;;;;;;;;;;;;;;;;;;808766;https://purl.pt/43857;https://bndigital.bnportugal.gov.pt//i/?IIIF=/29/3a/ba/e6/293abae6-2e00-4a86-8ac3-38df069f98ac/iiif/cam-95-v_0000_000005.tif/full/!300,500/0/default.jpg;Livro impresso;Sueco;Português;Nãgra dikter;;;1.ª ed.;Upsala : Harald Wretmans Boktryckeri;1899;1899;20 p.;Luís de Camões, 1524-1580;;;Göran Björkman, 1860-1923, Tradutor;;;CAM. 95 V.;CAM500;http://id.bnportugal.gov.pt/bib/catbnp/808766;Livre
6180;Tradução - Impressos - Obras individuais - Épica | 151;Tradução - Impressos - Obras individuais - Épica - Paratextos gerais | 152;Tradução - Impressos - Obras individuais - Épica - Paratextos vida | 153;Iconografia - Impressos - Ilustrações da obra | 376;Iconografia - Impressos - Portadas | 392;Tradução - Impressos - Obras individuais - Épica - Paratextos argumentos | 154;Tradução - Impressos - Obras individuais - Épica - Paratextos notas | 155;;;;;;;;;;;;;;;;;;;;;;;;;;;;;;;852829;https://purl.pt/44104;https://bndigital.bnportugal.gov.pt//i/?IIIF=/32/a5/de/89/32a5de89-55d6-4828-9ab2-dffc78c889f9/iiif/cam-180-v_0000_000013.tif/full/!300,500/0/default.jpg;Livro impresso;Português;;Os Doze de Inglaterra;excerptos, proemio narrativo, invocação lyrica;;1.ª ed.;Lisboa : por ordem e na Typographia da Academia Real das Sciencias;1899;1899;19, 1 br. p.;Teófilo Braga, 1843-1924;;;;;;CAM. 180 V.;CAM500;http://id.bnportugal.gov.pt/bib/catbnp/852829;Livre
6181;Tradução - Impressos - Obras individuais - Épica | 151;Tradução - Impressos - Obras individuais - Épica - Paratextos gerais | 152;Tradução - Impressos - Obras individuais - Épica - Paratextos vida | 153;Tradução - Impressos - Obras individuais - Épica - Paratextos notas | 155;;;;;;;;;;;;;;;;;;;;;;;;;;;;;;;;;;258643;https://purl.pt/44283;https://bndigital.bnportugal.gov.pt//i/?IIIF=/f3/af/6e/48/f3af6e48-13e7-4578-bdde-48afb7f26984/iiif/cam-193-p_0007.tif/full/!300,500/0/default.jpg;Livro impresso;Português;;Os Lusiadas;poema epico;;1.ª ed.;"Rio de Janeiro ; ; Pariz : H. Garnier";1899;1899;XXXIII, 1 br., 464, 1 p., 1 estampa;Luís de Camões, 1524-1580;;;"Fernandes Pinheiro, 1825-1876, Autor da introdução, etc. ; José Veríssimo, 1857-1916, Autor da introdução, etc. ; Hippolyte Garnier, 1816-1911, Editor comercial";;;CAM. 193 P.;CAM500;http://id.bnportugal.gov.pt/bib/catbnp/258643;Livre
6182;Tradução - Impressos - Obras individuais - Épica | 151;Tradução - Impressos - Obras individuais - Épica - Paratextos gerais | 152;Tradução - Impressos - Obras individuais - Épica - Paratextos vida | 153;Tradução - Impressos - Obras individuais - Épica - Paratextos argumentos | 154;Tradução - Impressos - Obras individuais - Épica - Paratextos notas | 155;;;;;;;;;;;;;;;;;;;;;;;;;;;;;;;;;1725128;https://purl.pt/43983;https://bndigital.bnportugal.gov.pt//i/?IIIF=/ac/95/d9/d7/ac95d9d7-1b60-4f60-ad89-b4dbcd98bf34/iiif/cam-2039-v_0001.tif/full/!300,500/0/default.jpg;Livro impresso;Italiano;;Giudizi del Baretti e del Voltaire sopra alcuni versi dei Lusiadas;;;1.ª ed.;Livorno : tipografia di Raff. Giusti;1899;1899;11, 1 p.;E. Teza;;;G. Araújo, Personalidade a quem é dedicada a obra;;;CAM. 2039 V.;CAM500;http://id.bnportugal.gov.pt/bib/catbnp/1725128;Livre
6183;Tradução - Impressos - Obras individuais - Épica | 151;Tradução - Impressos - Obras individuais - Épica - Paratextos gerais | 152;Tradução - Impressos - Obras individuais - Épica - Paratextos vida | 153;Tradução - Impressos - Obras individuais - Épica - Paratextos argumentos | 154;Tradução - Impressos - Obras individuais - Épica - Paratextos notas | 155;Iconografia - Impressos - Ilustrações da obra | 376;;;;;;;;;;;;;;;;;;;;;;;;;;;;;;;;865247;https://purl.pt/44369;https://bndigital.bnportugal.gov.pt//i/?IIIF=/19/da/c6/3c/19dac63c-de1a-423d-9ec3-cefde4d3ddc9/iiif/cam-285-4-v_0001.tif/full/!300,500/0/default.jpg;Livro impresso;Italiano;;Intorno al genovese Carlo Antonio Paggi;cenni;;1.ª ed.;Genova : Tip. R. Istituto Sordo-muti;1899;1899;11 p.;Joaquim de Araújo, 1858-1917;;;;;;L. 14604 V.;CAM500;http://id.bnportugal.gov.pt/bib/catbnp/865247;Livre
6184;Tradução - Impressos - Obras individuais - Épica | 151;Tradução - Impressos - Obras individuais - Épica - Paratextos gerais | 152;Tradução - Impressos - Obras individuais - Épica - Paratextos vida | 153;Tradução - Impressos - Obras individuais - Épica - Paratextos notas | 155;Iconografia - Impressos - Mapas - Rota de Gama | 388;;;;;;;;;;;;;;;;;;;;;;;;;;;;;;;;;367256;https://purl.pt/44547;https://bndigital.bnportugal.gov.pt//i/?IIIF=/02/a0/96/92/02a09692-6bfe-45ef-b732-f3cb16c9028f/iiif/cam-442-p_0007.tif/full/!300,500/0/default.jpg;Livro impresso;Português;;Sonho garrettiano;;;1.ª ed.;Lisboa : Imprensa de Libanio da Silva;1899;1899;8Ê;Delfim Guimarães, 1872-1933;;;;;;L. 25459//12 P.;CAM500;http://id.bnportugal.gov.pt/bib/catbnp/367256;Livre
6185;Obra - Impressos - Obras (conjunto) - Épica | 46;Obra - Impressos - Estrofes rejeitadas d’Os Lusíadas | 86;Obra - Impressos - Paratextos - Obras - Lírica | 125;Obra - Impressos - Paratextos - Obras - Épica | 121;Obra - Impressos - Paratextos - Obras (avulsas) - Lírica | 107;Iconografia - Impressos - Retrato de Camões | 372;Obra - Impressos - Obras (conjunto) - Lírica - Soneto | 58;Obra - Impressos - Obras (conjunto) - Lírica - Canção | 48;Obra - Impressos - Obras (conjunto) - Lírica - Ode | 55;Obra - Impressos - Obras (conjunto) - Lírica - Sextina | 57;Obra - Impressos - Obras (conjunto) - Lírica - Elegia | 51;Obra - Impressos - Obras (conjunto) - Lírica - Oitavas | 56;Obra - Impressos - Obras (conjunto) - Lírica - Écloga | 50;Obra - Impressos - Obras (conjunto) - Lírica - Mote | 54;Obra - Impressos - Obras (conjunto) - Lírica - Endechas | 52;Obra - Impressos - Obras (conjunto) - Lírica - Cantiga | 49;Obra - Impressos - Obras (conjunto) - Cartas | 63;Obra - Impressos - Obras (conjunto) - Teatro | 61;Obra - Impressos - Paratextos - Obras - Teatro | 129;Obra - Impressos - Obras (conjunto) - Lírica - Vilancete | 60;Obra - Impressos - Obras (avulsas) - Lírica - Criação e Composição do Homem | 39;Obra - Impressos - Obras (avulsas) - Lírica - Martírio de Santa Úrsula | 40;Obra - Impressos - Obras (conjunto) - Lírica - Redondilhas | 59;Obra - Impressos - Obras (conjunto) - Lírica - Esparsas | 53;Obra - Impressos - Paratextos - Obras - Épica - Vida | 122;Obra - Impressos - Paratextos - Obras - Épica - Argumentos | 123;;;;;;;;;;;;341197;https://purl.pt/43842;https://bndigital.bnportugal.gov.pt//i/?IIIF=/1f/d2/29/97/1fd22997-4200-45ca-b66a-499b5757ea43/iiif/cam-1493-v_0000_000005.tif/full/!300,500/0/default.jpg;Livro impresso;Francês;;Le naufrage de Camoens;;;12 éme ed.;Milano : F.B.;1898;1898;2 f.;Joaquim de Araújo, 1858-1917;;;"Arséne Lazik, Tradutor ; José Manuel Rodrigues, Antigo possuidor";;;CAM. 1493 V.;CAM500;http://id.bnportugal.gov.pt/bib/catbnp/341197;Livre
6186;Iconografia - Impressos - Retrato de Camões | 372;;;;;;;;;;;;;;;;;;;;;;;;;;;;;;;;;;;;;381465;https://purl.pt/43233;https://bndigital.bnportugal.gov.pt//i/?IIIF=/1b/9b/a2/7b/1b9ba27b-8449-49d7-b8fa-ec3081a88a08/iiif/cam-30-a_0000_000005.tif/full/!300,500/0/default.jpg;Livro impresso;Português;;Os Lusíadas;profusamente illustrada com desenhos allegoricos...;;1.ª ed.;Lisboa : Silvestre Castanheiro;1898;1898;XXXIII, 599 p.;Luís de Camões, 1524-1580;;;"António Mendes Belo, 1842-1929, Comentador (em meio audiovisual) ; Pinheiro Chagas, 1842-1895, Comentador (em meio audiovisual) ; José Fernandes Costa, 1848-1920, Comentador (em meio audiovisual)";;;L. 5864 A.;CAM500;http://id.bnportugal.gov.pt/bib/catbnp/381465;Livre
6187;Bibliografia crítica - Estudo | 418;Tradução - Impressos - Composições soltas e fragmentos - Épica - Paratextos gerais | 230;Iconografia - Impressos - Retrato de Camões | 372;Iconografia - Impressos - Mapas - Rota de Gama | 388;;;;;;;;;;;;;;;;;;;;;;;;;;;;;;;;;;397483;https://purl.pt/42614;https://bndigital.bnportugal.gov.pt//i/?IIIF=/ce/5b/d5/2f/ce5bd52f-0e04-4503-974e-5522bbc0e7bd/iiif/cam-1018-p_0003.tif/full/!300,500/0/default.jpg;Livro impresso;Italiano;Português;Morte di Camoens;;;1.ª ed.;Parma : Tip. L. Battei;1898;1898;14 p.;Almeida Garrett, 1799-1854;;;"Joaquim de Araújo, 1858-1917, Autor da introdução, etc. ; Domenico Perrero, Tradutor";;;CAM. 1018 P.;CAM500;http://id.bnportugal.gov.pt/bib/catbnp/397483;Livre
6188;Bibliografia crítica - Polémica e discussão | 417;;;;;;;;;;;;;;;;;;;;;;;;;;;;;;;;;;;;;397822;https://purl.pt/43741;https://bndigital.bnportugal.gov.pt//i/?IIIF=/53/07/f6/e6/5307f6e6-7747-45f0-8d9c-435d2871d068/iiif/cam-35-v_0007.tif/full/!300,500/0/default.jpg;Livro impresso;Português;;Os Lusíadas;;;Ed. comemorativa do IV Centenário do Descobrimento Marítimo da India;Lisboa : Typographia do Commercio;1898;1898;186 fls.;Luís de Camões, 1524-1580;;;;;;CAM. 35 V.;CAM500;http://id.bnportugal.gov.pt/bib/catbnp/397822;Livre
6189;Obra - Impressos - Obras (avulsas) - Épica | 23;Obra - Impressos - Paratextos - Obras (avulsas) - Épica | 103;Obra - Impressos - Paratextos - Obras (avulsas) - Épica - Argumentos | 105;Iconografia - Impressos - Retrato de Camões | 372;Obra - Impressos - Paratextos - Obras (avulsas) - Épica - Vida | 104;;;;;;;;;;;;;;;;;;;;;;;;;;;;;;;;;404800;https://purl.pt/43914;https://bndigital.bnportugal.gov.pt//i/?IIIF=/1f/06/28/af/1f0628af-b385-4108-b72c-0016b004b60d/iiif/cam-85-a_0003.tif/full/!300,500/0/default.jpg;Livro impresso;Português;;Os festejos do centenario da India;grande album commemorativo;;1.ª ed.;Lisboa : publicado pela empreza do Pimpão;1898;1898;31 f.;;;;;;;CAM. 85 A.;CAM500;http://id.bnportugal.gov.pt/bib/catbnp/404800;Livre
6190;Obra - Impressos - Obras (conjunto) - Épica | 46;Obra - Impressos - Obras (conjunto) - Lírica | 47;Obra - Impressos - Estrofes rejeitadas d’Os Lusíadas | 86;Obra - Impressos - Paratextos - Obras - Épica | 121;Obra - Impressos - Paratextos - Obras - Lírica | 125;Iconografia - Impressos - Retrato de Camões | 372;Obra - Impressos - Obras (conjunto) - Lírica - Soneto | 58;Obra - Impressos - Obras (conjunto) - Lírica - Canção | 48;Obra - Impressos - Obras (conjunto) - Lírica - Ode | 55;Obra - Impressos - Obras (conjunto) - Lírica - Sextina | 57;Obra - Impressos - Obras (conjunto) - Lírica - Elegia | 51;Obra - Impressos - Obras (conjunto) - Lírica - Écloga | 50;Obra - Impressos - Obras (conjunto) - Lírica - Endechas | 52;Obra - Impressos - Obras (conjunto) - Lírica - Mote | 54;Obra - Impressos - Obras (conjunto) - Lírica - Cantiga | 49;Obra - Impressos - Obras (conjunto) - Lírica - Vilancete | 60;Obra - Impressos - Obras (conjunto) - Cartas | 63;Obra - Impressos - Obras (conjunto) - Teatro | 61;Obra - Impressos - Paratextos - Obras - Teatro | 129;Iconografia - Impressos - Retrato de Camões | 372;Obra - Impressos - Obras (avulsas) - Lírica - Criação e Composição do Homem | 39;Obra - Impressos - Obras (conjunto) - Lírica - Redondilhas | 59;Obra - Impressos - Obras (conjunto) - Lírica - Esparsas | 53;Obra - Impressos - Paratextos - Obras - Épica - Vida | 122;Obra - Impressos - Paratextos - Obras - Épica - Argumentos | 123;;;;;;;;;;;;;810040;https://purl.pt/43815;https://bndigital.bnportugal.gov.pt//i/?IIIF=/b6/d0/71/c6/b6d071c6-e05d-4c17-96b2-07a62e35fb7f/iiif/cam-82-1-v_0000_000005.tif/full/!300,500/0/default.jpg;Livro impresso;Português;;Episodio do Gigante Adamastor;Lusiadas, Canto V, Est. XXXVII-LXX;;1.ª ed.;Lisboa : Imp. Nacional;1898;1898;48, 1 p.;Joseph Benoliel, 1873-1932;;;Ernesto Jardim de Vilhena, 1876-1967, Antigo possuidor;;;L. 31751 V.;CAM500;http://id.bnportugal.gov.pt/bib/catbnp/810040;Livre
6191;Bibliografia crítica - Edições | 411;;;;;;;;;;;;;;;;;;;;;;;;;;;;;;;;;;;;;810055;https://purl.pt/43756;https://bndigital.bnportugal.gov.pt//i/?IIIF=/34/41/92/cf/344192cf-3708-4802-9818-a45312b9e82b/iiif/cam-83-4-v_0000_000001.tif/full/!300,500/0/default.jpg;Livro impresso;"Português ; Italiano ; Espanhol ; Francês";Português;A epopéa das navegações portuguezas;estrophes;;1.ª ed.;Lisboa : Imp. Nacional;1898;1898;27, 5 p.;Xavier da Cunha, 1840-1920;;;"Ernesto Jardim de Vilhena, 1876-1967, Antigo possuidor ; Prospero Peragallo, 1823-1916, Tradutor ; José Lamarque de Novoa, 1828-1904, Tradutor ; Joseph Benoliel, 1873-1932, Tradutor";;;L. 5627 V.;CAM500;http://id.bnportugal.gov.pt/bib/catbnp/810055;Livre
6192;Recepção criativa - Tematização | 409;;;;;;;;;;;;;;;;;;;;;;;;;;;;;;;;;;;;;845014;https://purl.pt/43789;https://bndigital.bnportugal.gov.pt//i/?IIIF=/07/36/b3/0c/0736b30c-b65b-458b-9bf4-7a0fb6c263a2/iiif/cam-221-7-v_0000_000001.tif/full/!300,500/0/default.jpg;Livro impresso;Português;;A festa da Índia;;;1.ª ed.;Coimbra : Imp. da Universidade;1898;1898;16 p.;M. Abúndio da Silva, 1874-1914;;;Ernesto Jardim de Vilhena, 1876-1967, Antigo possuidor;;;L. 22847 V.;CAM500;http://id.bnportugal.gov.pt/bib/catbnp/845014;Livre
6193;Bibliografia crítica - Polémica e discussão | 417;;;;;;;;;;;;;;;;;;;;;;;;;;;;;;;;;;;;;852530;https://purl.pt/43777;https://bndigital.bnportugal.gov.pt//i/?IIIF=/11/34/4a/29/11344a29-1ab9-4e62-a771-5dc157f7202b/iiif/cam-176-3-v_0000_000001.tif/full/!300,500/0/default.jpg;Livro impresso;Português;;Os Lusiadas;canto primeiro oitava 1ª;;1.ª ed.;Lisboa : s.n.;1898;1898;1 f., desdobr.;Luís de Camões, 1524-1580;;;;;;CAM. 176//3 V.;CAM500;http://id.bnportugal.gov.pt/bib/catbnp/852530;Livre
6194;Bibliografia crítica - Polémica e discussão | 417;;;;;;;;;;;;;;;;;;;;;;;;;;;;;;;;;;;;;855879;https://purl.pt/43787;https://bndigital.bnportugal.gov.pt//i/?IIIF=/01/f1/2e/4a/01f12e4a-f82a-408e-ab0c-683d3a99b8ec/iiif/cam-221-5-v_0000_000001.tif/full/!300,500/0/default.jpg;Livro impresso;Português;;No jubileu do centenario;1498-1898;;1.ª ed.;Nova Goa : Imprensa Nacional;1898;1898;20, 2 p.;Roque Bernardo Barreto Miranda, fl. 1898-1931;;;Ernesto Jardim de Vilhena, 1876-1967, Antigo possuidor;;;CAM. 221//5 V.;CAM500;http://id.bnportugal.gov.pt/bib/catbnp/855879;Livre
6195;Bibliografia crítica - Polémica e discussão | 417;;;;;;;;;;;;;;;;;;;;;;;;;;;;;;;;;;;;;1684166;https://purl.pt/43565;https://bndigital.bnportugal.gov.pt//i/?IIIF=/73/cf/9d/f7/73cf9df7-d8e7-4fc5-ba8c-ade1184e8a61/iiif/e-5098-p_0000_000001.tif/full/!300,500/0/default.jpg;Iconografia;Português;;Os netos dos varões assignalados...;História seculo XV;;1.ª ed.;Lisboa : s.n.;1898;1898;1 gravura;;;"Tomás Ribeiro, 1831-1901, Autor ; Raphael Bordallo Pinheiro, 1846-1905, Autor";;;Litografia da Companhia Nacional Editora, Impressor;E. 5098 P.;CAM500;http://id.bnportugal.gov.pt/bib/catbnp/1684166;Livre
6196;Bibliografia crítica - Estudo | 418;;;;;;;;;;;;;;;;;;;;;;;;;;;;;;;;;;;;;742175;https://purl.pt/43998;https://bndigital.bnportugal.gov.pt//i/?IIIF=/7f/80/8f/56/7f808f56-bdb5-4754-bc73-776fc80c5edc/iiif/cam-114-4-a_0000_000001.tif/full/!300,500/0/default.jpg;Livro impresso;Italiano;Português;O Gigante Adamastor;episodio dOs Lusíadas de Luiz de Camões;;1.ª ed.;Lisboa : Typographia Castro Irmão;1898;1898;XIX, 1, 19, 5 p.;Luís de Camões, 1524-1580;;;"Xavier da Cunha, 1840-1920, Autor da introdução, etc. ; Prospero Peragallo, 1823-1916, Tradutor";;;CAM. 114//4 A.;CAM500;http://id.bnportugal.gov.pt/bib/catbnp/742175;Livre
6197;Obra - Manuscritos - Cancioneiros e miscelâneas - Lírica | 140;Recepção criativa - Tematização | 409;Figuras Femininas - Autoras (produção escrita sobre Camões) | 552;;;;;;;;;;;;;;;;;;;;;;;;;;;;;;;;;;;397821;https://purl.pt/44005;https://bndigital.bnportugal.gov.pt//i/?IIIF=/ba/e9/44/c6/bae944c6-abdc-4997-82d4-29762ce0eb22/iiif/cam-150-a_0000_000007.tif/full/!300,500/0/default.jpg;Livro impresso;Português;;Os Lusíadas;profusamente illustrada com desenhos allegoricos...;;1.ª ed.;Lisboa : Silvestre Castanheiro;1898;1898;XXXIII, 599 p.;Luís de Camões, 1524-1580;;;"António Mendes Belo, 1842-1929, Comentador (em meio audiovisual) ; Pinheiro Chagas, 1842-1895, Comentador (em meio audiovisual) ; José Fernandes Costa, 1848-1920, Comentador (em meio audiovisual)";;;CAM. 150 A.;CAM500;http://id.bnportugal.gov.pt/bib/catbnp/397821;Livre
6198;Tradução - Impressos - Obras individuais - Épica | 151;Tradução - Impressos - Obras individuais - Épica - Paratextos gerais | 152;Tradução - Impressos - Obras individuais - Épica - Paratextos argumentos | 154;Tradução - Impressos - Obras individuais - Épica - Paratextos notas | 155;;;;;;;;;;;;;;;;;;;;;;;;;;;;;;;;;;852140;https://purl.pt/44007;https://bndigital.bnportugal.gov.pt//i/?IIIF=/f6/af/9c/57/f6af9c57-c756-458c-8669-6a427fa8f668/iiif/cam-160-v_0000_000001.tif/full/!300,500/0/default.jpg;Livro impresso;Português;;Portugal e Italia;ensaio de diccionario bibliographico;;1.ª ed.;Leorne : Typographia de Raphael Giusti;1898;1898;XI, 5, 176 p., 11 grav. extratexto;António de Portugal de Faria, 1868-1937;;;;;;CAM. 160 V.;CAM500;http://id.bnportugal.gov.pt/bib/catbnp/852140;Livre
6199;Tradução - Impressos - Obras individuais - Épica | 151;Tradução - Impressos - Obras individuais - Épica - Paratextos gerais | 152;Tradução - Impressos - Obras individuais - Épica - Paratextos vida | 153;Tradução - Impressos - Obras individuais - Épica - Paratextos notas | 155;Figuras Femininas - Leitoras (em torno de Camões) | 553;Iconografia - Impressos - Mapas - Rota de Gama | 388;;;;;;;;;;;;;;;;;;;;;;;;;;;;;;;"Inglês; Português [apêndice]";852160;https://purl.pt/44028;https://bndigital.bnportugal.gov.pt//i/?IIIF=/c7/3d/2b/a5/c73d2ba5-9e1a-4277-a2e0-f40616e29918/iiif/cam-164-6-v_0000_000001.tif/full/!300,500/0/default.jpg;Livro impresso;Português;Italiano;Centenario da India;soneto: Vasco da Gama;;1.ª ed.;Leorne : Typographia de Rafael Giusti;1898;1898;14, 2 p.;Torquato Tasso, 1544-1595;;;António de Portugal de Faria, 1868-1937, Editor literário;;;CAM. 164//6 V.;CAM500;http://id.bnportugal.gov.pt/bib/catbnp/852160;Livre
6200;Iconografia - Impressos - Retrato de Camões | 372;;;;;;;;;;;;;;;;;;;;;;;;;;;;;;;;;;;;Português e Latim ;388329;https://purl.pt/44029;https://bndigital.bnportugal.gov.pt//i/?IIIF=/cb/a6/8a/40/cba68a40-0fbd-4463-ab68-fb1a21c26eeb/iiif/cam-206-v_0000_000007.tif/full/!300,500/0/default.jpg;Livro impresso;Português;;Vasco da Gama e a Vidigueira;;;1.ª ed.;Lisboa : Imprensa Nacional;1898;1898;XXXVII, 3, 303, 1 br. p., 10 extratextos, desdobr., mapas;Augusto Carlos Teixeira de Aragão, 1823-1903;;;Ernesto Jardim de Vilhena, 1876-1967, Antigo possuidor;;Sociedade de Geografia de Lisboa, Nome associado;H.G. 4333 V.;CAM500;http://id.bnportugal.gov.pt/bib/catbnp/388329;Livre
6201;Recepção criativa - Tematização | 409;Iconografia - Impressos - Figuras históricas | 390;;;;;;;;;;;;;;;;;;;;;;;;;;;;;;;;;;;;179885;https://purl.pt/44087;https://bndigital.bnportugal.gov.pt//i/?IIIF=/4f/39/65/ad/4f3965ad-6edd-44c1-926f-950b96ca6780/iiif/cam-212-v_0000_000007.tif/full/!300,500/0/default.jpg;Livro impresso;Português;;Flora de Goa e Savantvadi;catalogo methodico das plantas medicinaes, alimentares e industriaes;;1.ª ed.;Lisboa : Imprensa Nacional;1898;1898;XVI, 2, 290, 2 p.;Daniel Gelanio Dalgado, 1850-1923;;;Ernesto Jardim de Vilhena, 1876-1967, Antigo possuidor;;Sociedade de Geografia de Lisboa, (Obsoleto);F.A. 2213;CAM500;http://id.bnportugal.gov.pt/bib/catbnp/179885;Livre
6202;Tradução - Impressos - Obras individuais - Épica | 151;Tradução - Impressos - Obras individuais - Épica - Paratextos gerais | 152;Tradução - Impressos - Obras individuais - Épica - Paratextos vida | 153;Tradução - Impressos - Obras individuais - Épica - Paratextos notas | 155;;;;;;;;;;;;;;;;;;;;;;;;;;;;;;;;;;718199;https://purl.pt/44107;https://bndigital.bnportugal.gov.pt//i/?IIIF=/90/05/54/80/90055480-28e5-4baa-be1c-b4dd75a3eaf4/iiif/cam-213-v_0000_000007.tif/full/!300,500/0/default.jpg;Livro impresso;Português;;A descoberta da India ou o reinado de D. Manuel;drama historico em 5 actos;;1.ª ed.;Lisboa : Imprensa Nacional;1898;1898;LIII, 1 br., 176, 2 p.;Artur Lobo de Ávila, 1855-1945;;;Ernesto Jardim de Vilhena, 1876-1967, Antigo possuidor;;Portugal. Comissão Central Executiva do 4.º Centenário do Descobrimento da Índia, Organizador de conferência;O.C. 157//1;CAM500;http://id.bnportugal.gov.pt/bib/catbnp/718199;Livre
6203;Obra - Impressos - Obras (avulsas) - Épica | 23;Obra - Impressos - Estrofes rejeitadas d’Os Lusíadas | 86;Obra - Impressos - Paratextos - Obras (avulsas) - Épica | 103;Iconografia - Impressos - Retrato de Camões | 372;Iconografia - Impressos - Imagens de Camões | 373;Obra - Impressos - Paratextos - Obras (avulsas) - Épica - Vida | 104;Obra - Impressos - Paratextos - Obras (avulsas) - Épica - Argumentos | 105;;;;;;;;;;;;;;;;;;;;;;;;;;;;;;;718172;https://purl.pt/44090;https://bndigital.bnportugal.gov.pt//i/?IIIF=/96/89/4c/bc/96894cbc-e7e7-46b8-8713-441d2feaabc6/iiif/cam-215-v_0000_000007.tif/full/!300,500/0/default.jpg;Livro impresso;Português;;O auto dos esquecidos;disposto em tres jornadas que se intitulam a partida, a chegada, o regresso e um prologo na scena;;1.ª ed.;Lisboa : Imprensa Nacional;1898;1898;105, 3 p.;José de Sousa Monteiro, 1846-1909;;;Ernesto Jardim de Vilhena, 1876-1967, Antigo possuidor;;Portugal. Comissão Central Executiva do 4.º Centenário do Descobrimento da Índia, Organizador de conferência;L. 3477 V.;CAM500;http://id.bnportugal.gov.pt/bib/catbnp/718172;Livre
6204;Recepção criativa - Tematização | 409;Celebrações - 1880 - Recepção criativa - Tematização | 474;;;;;;;;;;;;;;;;;;;;;;;;;;;;;;;;;;;;855339;https://purl.pt/44032;https://bndigital.bnportugal.gov.pt//i/?IIIF=/60/30/8e/ea/60308eea-3936-4f02-aa91-f699a42a9b70/iiif/cam-218-v_0000_000007.tif/full/!300,500/0/default.jpg;Livro impresso;Português;;O centenario da India pela colonia portugueza da Bahia;commemoração da descoberta do caminho maritimo das Indias em 1498 pelo famoso navegador Vasco da Gama;;1.ª ed.;Bahia : Officinas dos Dois Mundos;1898;1898;206 p.;;Colonia Portuguesa da Baía;;Ernesto Jardim de Vilhena, 1876-1967, Antigo possuidor;;;CAM. 218 V.;CAM500;http://id.bnportugal.gov.pt/bib/catbnp/855339;Livre
6205;Iconografia - Impressos - Retrato de Camões | 372;Celebrações - 1880 - Iconografia | 478;;;;;;;;;;;;;;;;;;;;;;;;;;;;;;;;;;;;855528;https://purl.pt/43963;https://bndigital.bnportugal.gov.pt//i/?IIIF=/d9/93/1f/03/d9931f03-be6a-4bc5-9e87-a558fd32b07b/iiif/cam-219-v_0000_000011.tif/full/!300,500/0/default.jpg;Livro impresso;"Português ; Espanhol ; Italiano ; Francês ; Alemão ; Inglês";;Lembrança do quarto centenario do descobrimento da India;offerecida á Marinha e composta dos trechos que mais se prendem com o assumpto, tirados do poema de Luiz de Camões Os Lusiadas...;;1.ª ed.;Lisboa : Typographia Castro Irmão;1898;1898;48 p.;Luís de Camões, 1524-1580;;;"Ernesto Moreira de Sá, 1841-1915, Compilador ; Luis Gómez de Tapia, 15--, Tradutor ; A. Briccolani, Tradutor ; A. de Cool, Tradutor ; Wilhelm Storck, 1829-1905, Tradutor ; John James Aubertin, ca 1878, Tradutor";;;CAM. 219 V.;CAM500;http://id.bnportugal.gov.pt/bib/catbnp/855528;Livre
6206;Tradução - Impressos - Obras individuais - Épica | 151;Tradução - Impressos - Obras individuais - Épica - Paratextos gerais | 152;Tradução - Impressos - Obras individuais - Épica - Paratextos vida | 153;Iconografia - Impressos - Ilustrações da obra | 376;;;;;;;;;;;;;;;;;;;;;;;;;;;;;;;;;;164562;https://purl.pt/44091;https://bndigital.bnportugal.gov.pt//i/?IIIF=/d6/a0/4e/3c/d6a04e3c-22be-49dd-b61b-4ec0476a576b/iiif/cam-221-4-v_0000_000001.tif/full/!300,500/0/default.jpg;Livro impresso;Francês;Português;Lépopée maritime des Portugais;Vasco da Gama et le Camoëns;;1.ª ed.;Bruxelles : Typographie et Lithographie E. Guyot;1898;1898;71, 3 p.;José Carlos de Faria e Castro, ?-1910;;;Ernesto Jardim de Vilhena, 1876-1967, Antigo possuidor;;;H.G. 27672//3 P.;CAM500;http://id.bnportugal.gov.pt/bib/catbnp/164562;Livre
6207;Tradução - Impressos - Obras individuais - Épica | 151;Tradução - Impressos - Obras individuais - Épica - Paratextos vida | 153;Tradução - Impressos - Obras individuais - Épica - Paratextos notas | 155;Iconografia - Impressos - Retrato de Camões | 372;;;;;;;;;;;;;;;;;;;;;;;;;;;;;;;;;;855880;https://purl.pt/44031;https://bndigital.bnportugal.gov.pt//i/?IIIF=/3f/71/33/5e/3f71335e-2a89-4cc9-a04c-557354ebf5cd/iiif/cam-221-8-v_0000_000001.tif/full/!300,500/0/default.jpg;Livro impresso;Português;;Provisão relativa ao quarto centenario do descobrimento do caminho maritimo para a India;;;1.ª ed.;Coimbra : Imprensa da Universidade;1898;1898;12 p.;;Bragança e Miranda. Bispo, 1885-1912 (José Alves de Mariz);;;;;R. 10273//1 V.;CAM500;http://id.bnportugal.gov.pt/bib/catbnp/855880;Livre
6208;Bibliografias e catálogos - Catálogo | 551;;;;;;;;;;;;;;;;;;;;;;;;;;;;;;;;;;;;;164561;https://purl.pt/44216;https://bndigital.bnportugal.gov.pt//i/?IIIF=/74/28/8f/ef/74288fef-4a9f-4ee9-a63b-fd7176a91a0d/iiif/cam-222-6-v_0000_000001.tif/full/!300,500/0/default.jpg;Livro impresso;Português;;Torquato Tasso a Luiz de Camões;;;1.ª ed.;Leorne : Typ. de Raphael Giusti;1898;1898;14, 1 p.;António de Portugal de Faria, 1868-1937;;;;;;CAM. 222//6 V.;CAM500;http://id.bnportugal.gov.pt/bib/catbnp/164561;Livre
6209;Obra - Impressos - Obras (avulsas) - Épica | 23;Obra - Impressos - Paratextos - Obras (avulsas) - Épica | 103;Iconografia - Impressos - Retrato de Camões | 372;Iconografia - Impressos - Ilustrações da obra | 376;;;;;;;;;;;;;;;;;;;;;;;;;;;;;;;;;;157627;https://purl.pt/44322;https://bndigital.bnportugal.gov.pt//i/?IIIF=/86/46/8f/22/86468f22-78d0-401b-b7bb-a055caf13a3e/iiif/cam-222-9-v_0001.tif/full/!300,500/0/default.jpg;Livro impresso;Português;;O marinheiro portuguez atravez da historia;Conferencia na Academia de Estudos Livres em 12 de Abril de 1898;;1.ª ed.;Lisboa : Academia de Estudos Livres;1898;1898;21, 2 p.;Vicente de Almeida de Eça, 1852-1929;;;Ernesto Jardim de Vilhena, 1876-1967, Antigo possuidor;;Academia de Estudos Livres, Organizador de conferência;H.G. 8206//3 V.;CAM500;http://id.bnportugal.gov.pt/bib/catbnp/157627;Livre
6210;Música - Impressos | 405;Recepção criativa - Tematização | 409;;;;;;;;;;;;;;;;;;;;;;;;;;;;;;;;;;;Português e italiano? [compositor italiano];860111;https://purl.pt/44354;https://bndigital.bnportugal.gov.pt//i/?IIIF=/d3/05/2c/6e/d3052c6e-7b7e-4abc-957e-d7c39f1b185f/iiif/cam-272-v_0005.tif/full/!300,500/0/default.jpg;Livro impresso;"Português ; Espanhol ; Italiano ; Francês ; Alemão ; Inglês";;De Portugal à Índia;"trechos que mais se prendem com o assumpto, tirados do poema de Luiz de Camões ""Os Lusiadas"" acompanhados de versões em espanhol, italiano, francez, alemão e inglez";;1.ª ed.;Lisboa : Typ. Castro Irmão;1898;1898;493 p.;;;;Ernesto Moreira de Sá, 1841-1915, Compilador;;;H.G. 8627 V.;CAM500;http://id.bnportugal.gov.pt/bib/catbnp/860111;Livre
6211;Tradução - Impressos - Composições soltas e fragmentos - Épica - Paratextos gerais | 230;;;;;;;;;;;;;;;;;;;;;;;;;;;;;;;;;;;;;330312;https://purl.pt/44517;https://bndigital.bnportugal.gov.pt//i/?IIIF=/3e/d9/ab/66/3ed9ab66-ea4b-44e8-b6b8-69f3f081a2b7/iiif/cam-420-1-p_0001.tif/full/!300,500/0/default.jpg;Periódico;Português;;Centenário da India;;;1.ª ed.;Padova : Stamp. di Fratelli Gallina;1898;1898;;;;;;;;L. 43138//2 P.;CAM500;http://id.bnportugal.gov.pt/bib/catbnp/330312;Livre
6212;Recepção criativa - Tematização | 409;;;;;;;;;;;;;;;;;;;;;;;;;;;;;;;;;;;;;473530;https://purl.pt/44562;https://bndigital.bnportugal.gov.pt//i/?IIIF=/4a/8e/05/57/4a8e0557-ae81-4dc8-baee-877478757969/iiif/cam-464-p_0013.tif/full/!300,500/0/default.jpg;Livro impresso;Português;;Homenagem a Vasco da Gama e programma das festas do centenario;tributo litterario da Bibliotheca de Romances Notaveis;;1.ª ed.;Lisboa : Typ. do Commercio de Portugal;1898;1898;28, 2 p.;Xavier da Cunha, 1840-1920;;;;;;CAM. 464 P.;CAM500;http://id.bnportugal.gov.pt/bib/catbnp/473530;Livre
6213;Celebrações - 1880 - Actos públicos | 477;;;;;;;;;;;;;;;;;;;;;;;;;;;;;;;;;;;;;810044;https://purl.pt/44139;https://bndigital.bnportugal.gov.pt//i/?IIIF=/6b/7a/c9/47/6b7ac947-55a9-4acc-bbcd-d5f2fa65add1/iiif/cam-82-2-v_0000_000001.tif/full/!300,500/0/default.jpg;Livro impresso;"Português ; Francês ; Espanhol";Português;Lyricas;;;1.ª ed.;Lisboa : Impr. Nacional;1898;1898;131, 2 p.;Luís de Camões, 1524-1580;;;"Ernesto Jardim de Vilhena, 1876-1967, Antigo possuidor ; Joseph Benoliel, 1873-1932, Tradutor ; Xavier da Cunha, 1840-1920, Autor da introdução, etc.";;;CAM. 82//2 V.;CAM500;http://id.bnportugal.gov.pt/bib/catbnp/810044;Livre
6214;Obra - Impressos - Obras (avulsas) - Épica | 23;Obra - Impressos - Paratextos - Obras (avulsas) - Épica | 103;Obra - Impressos - Paratextos - Obras (avulsas) - Épica - Vida | 104;Obra - Impressos - Paratextos - Obras (avulsas) - Épica - Argumentos | 105;Obra - Impressos - Paratextos - Obras (avulsas) - Épica - Notas | 106;Obra - Impressos - Estrofes rejeitadas d’Os Lusíadas | 86;;;;;;;;;;;;;;;;;;;;;;;;;;;;;;;;397710;https://purl.pt/44022;https://bndigital.bnportugal.gov.pt//i/?IIIF=/81/d5/63/8a/81d5638a-45be-42ab-8801-174a208a9449/iiif/cam-83-2-v_0000_000001.tif/full/!300,500/0/default.jpg;Livro impresso;Português;;Vasco da Gama;Poemeto ...;;1.ª ed.;Lisboa : Imprensa Nacional, Comissão Executiva do Centenário da India;1898;1898;42 p.;Joseph Benoliel, 1873-1932;;;Xavier da Cunha, 1840-1920, Autor da introdução, etc.;;;CAM. 83//2 V.;CAM500;http://id.bnportugal.gov.pt/bib/catbnp/397710;Livre
6215;Obra - Impressos - Composições soltas e fragmentos - Épica - Estrofes | 66;Obra - Impressos - Paratextos - Obras (avulsas) - Outros | 119;;;;;;;;;;;;;;;;;;;;;;;;;;;;;;;;;;; Italiano e Português;412780;https://purl.pt/44140;https://bndigital.bnportugal.gov.pt//i/?IIIF=/6f/05/b0/6e/6f05b06e-0073-46cf-96b8-08d4f4ad4869/iiif/cam-84-1-a_0000_000001.tif/full/!300,500/0/default.jpg;Periódico;"Português ; Chinês";;Jornal unico;celebração do 4º centenario do descobrimento do caminho maritimo para a India por Vasco da Gama;;1.ª ed.;Macau : impresso nas typographias de N. T. Fernandes e Filhos e Noronha & Ca.;1898;1898;55, 4 p.;;;;;;;CAM. 84//1 A.;CAM500;http://id.bnportugal.gov.pt/bib/catbnp/412780;Livre
6216;Tradução - Impressos - Composições soltas e fragmentos - Épica | 229;Tradução - Impressos - Antologia - Lírica - Paratextos vida | 210;Tradução - Impressos - Antologia - Lírica - Paratextos notas | 212;Iconografia - Impressos - Retrato de Camões | 372;;;;;;;;;;;;;;;;;;;;;;;;;;;;;;;;;;798858;https://purl.pt/44832;https://bndigital.bnportugal.gov.pt//i/?IIIF=/4f/ab/74/d6/4fab74d6-c668-4e70-ba83-768d192f5ab7/iiif/cam-960-p_0005.tif/full/!300,500/0/default.jpg;Livro impresso;Português;;Os Lusiadas;poema epico;;Nova ed. cuidadosamente revista e conforme às de 1572, precedida duma biografia do poeta;Lisboa : Antonio Maria Pereira;1898;1898;XVIII, 457 p.;Luís de Camões, 1524-1580;;;Inocêncio Francisco da Silva, 1810-1876, Autor da introdução, etc.;;;CAM. 960 P.;CAM500;http://id.bnportugal.gov.pt/bib/catbnp/798858;Livre
6217;Tradução - Impressos - Antologia - Lírica | 208;Tradução - Impressos - Antologia - Lírica - Paratextos gerais | 209;Tradução - Impressos - Antologia - Lírica - Paratextos vida | 210;Tradução - Impressos - Antologia - Lírica - Paratextos notas | 212;Tradução - Impressos - Composições soltas e fragmentos - Épica - Paratextos notas | 233;Iconografia - Impressos - Retrato de Camões | 372;;;;;;;;;;;;;;;;;;;;;;;;;;;;;;;;412796;https://purl.pt/43902;https://bndigital.bnportugal.gov.pt//i/?IIIF=/24/6e/4d/a9/246e4da9-9a39-43ca-ae6a-6ddd1f114644/iiif/cam-75-a_0007.tif/full/!300,500/0/default.jpg;Livro impresso;Português;Alemão;Vida e obras de Luís de Camões;primeira parte;;1.ª ed.;Lisboa : Academia Real das Ciências;1898;1898;744, 5 p.;Wilhelm Storck, 1829-1905;;;Carolina Michaëlis de Vasconcelos, 1851-1925, Tradutor;;;H.G. 5643 A.;CAM500;http://id.bnportugal.gov.pt/bib/catbnp/412796;Livre
6218;Tradução - Impressos - Antologia - Lírica | 208;Tradução - Impressos - Antologia - Lírica - Paratextos gerais | 209;Tradução - Impressos - Antologia - Lírica - Paratextos vida | 210;Tradução - Impressos - Antologia - Lírica - Paratextos notas | 212;Tradução - Impressos - Composições soltas e fragmentos - Épica | 229;Tradução - Impressos - Composições soltas e fragmentos - Épica - Paratextos notas | 233;Iconografia - Impressos - Retrato de Camões | 372;;;;;;;;;;;;;;;;;;;;;;;;;;;;;;;251617;https://purl.pt/44824;https://bndigital.bnportugal.gov.pt//i/?IIIF=/3d/9d/64/c4/3d9d64c4-21f8-441a-9ded-a1ba7c12e628/iiif/cam-840-p_0005.tif/full/!300,500/0/default.jpg;Livro impresso;Português;;O soneto de Torquato Tasso a Camões e Vasco da Gama;carta a António de Portugal de Faria;;1.ª ed.;Genova : Tip. R. Istituto Sordo-Muti;1898;1898;12 p.;Joaquim de Araújo, 1858-1917;;;;;;CAM. 419//2 P.;CAM500;http://id.bnportugal.gov.pt/bib/catbnp/251617;Livre
6219;Obra - Impressos - Obras (avulsas) - Épica | 23;Obra - Impressos - Estrofes rejeitadas d’Os Lusíadas | 86;Obra - Impressos - Paratextos - Obras (avulsas) - Épica | 103;Iconografia - Impressos - Retrato de Camões | 372;Iconografia - Impressos - Ilustrações da obra | 376;Obra - Impressos - Paratextos - Obras (avulsas) - Épica - Vida | 104;Obra - Impressos - Paratextos - Obras (avulsas) - Épica - Argumentos | 105;Obra - Impressos - Paratextos - Obras (avulsas) - Épica - Notas | 106;;;;;;;;;;;;;;;;;;;;;;;;;;;;;;397880;https://purl.pt/44834;https://bndigital.bnportugal.gov.pt//i/?IIIF=/31/2a/e9/4d/312ae94d-db1a-4a8e-8f2c-544e688d768c/iiif/cam-938-p_0003.tif/full/!300,500/0/default.jpg;Livro impresso;Arménio;Português;Tres estrophes;;;1.ª ed.;Veneza : Typographia da Ilha de S. Lazaro;1898;1898;8 p.;Luís de Camões, 1524-1580;;;"Joaquim de Araújo, 1858-1917, Autor da introdução, etc. ; Arsenio Ghazik, Tradutor";;;CAM. 398//2 V.;CAM500;http://id.bnportugal.gov.pt/bib/catbnp/397880;Livre
6220;Tradução - Impressos - Antologia - Lírica | 208;Tradução - Impressos - Antologia - Lírica - Paratextos gerais | 209;Tradução - Impressos - Antologia - Lírica - Paratextos vida | 210;Tradução - Impressos - Antologia - Lírica - Paratextos notas | 212;Tradução - Impressos - Composições soltas e fragmentos - Épica | 229;Tradução - Impressos - Composições soltas e fragmentos - Épica - Paratextos notas | 233;Iconografia - Impressos - Retrato de Camões | 372;;;;;;;;;;;;;;;;;;;;;;;;;;;;;;;411542;https://purl.pt/43786;https://bndigital.bnportugal.gov.pt//i/?IIIF=/b5/4f/7e/1e/b54f7e1e-307d-47a6-9282-e41a7c32124d/iiif/cam-221-3-v_0000_000001.tif/full/!300,500/0/default.jpg;Livro impresso;Português;;O Centenario no Estrangeiro;conferencia realisada na Sociedade de Geographia de Lisboa no dia 11 de Novembro de 1897;;1.ª ed.;Lisboa : A Liberal;1897;1897;30, 2 p.;Magalhães Lima, 1850-1928;;;Ernesto Jardim de Vilhena, 1876-1967, Antigo possuidor;;;H.G. 5865//1 A.;CAM500;http://id.bnportugal.gov.pt/bib/catbnp/411542;Livre
6221;Tradução - Impressos - Composições soltas e fragmentos - Lírica - Paratextos gerais | 235;Recepção criativa - Centão [Cintra] | 408;Figuras Femininas - Autoras (produção escrita sobre Camões) | 552;;;;;;;;;;;;;;;;;;;;;;;;;;;;;;;;;;;766296;https://purl.pt/43829;https://bndigital.bnportugal.gov.pt//i/?IIIF=/17/a4/64/2b/17a4642b-b78f-4df5-a59e-e4722addb1cc/iiif/cam-222-1-v_0000_000001.tif/full/!300,500/0/default.jpg;Livro impresso;Português;;Vasco da Gama e o descobrimento do caminho marítimo da Índia;breve notícia histórica;;1.ª ed.;Nova Goa : Imp. Nacional;1897;1897;2, 58 p.;José António Ismael Gracias, 1857-1919;;;Ernesto Jardim de Vilhena, 1876-1967, Antigo possuidor;;;H.G. 35686 P.;CAM500;http://id.bnportugal.gov.pt/bib/catbnp/766296;Livre
6222;Tradução - Impressos - Obras individuais - Épica | 151;Tradução - Impressos - Obras individuais - Épica - Paratextos gerais | 152;Tradução - Impressos - Obras individuais - Épica - Paratextos argumentos | 154;Tradução - Impressos - Obras individuais - Épica - Paratextos notas | 155;;;;;;;;;;;;;;;;;;;;;;;;;;;;;;;;;;770300;https://purl.pt/43806;https://bndigital.bnportugal.gov.pt//i/?IIIF=/3a/b7/7c/ca/3ab77cca-29e0-4fcf-9949-7d0349aa2f94/iiif/cam-650-p_0000_000005.tif/full/!300,500/0/default.jpg;Livro impresso;Português;;Lyra de Camoens;versos camoneanos;;1.ª ed.;Porto : Of. de Cunha & C;1897;1897;61 p.;Oliveira Passos, 1867-1941;;;;;;CAM. 650 P.;CAM500;http://id.bnportugal.gov.pt/bib/catbnp/770300;Livre
6223;Tradução - Impressos - Obras individuais - Épica | 151;Tradução - Impressos - Obras individuais - Épica - Paratextos gerais | 152;Tradução - Impressos - Obras individuais - Épica - Paratextos vida | 153;Tradução - Impressos - Obras individuais - Épica - Paratextos notas | 155;Iconografia - Impressos - Imagens de Camões | 373;Iconografia - Impressos - Ilustrações da obra | 376;Iconografia - Impressos - Mapas - Rota de Gama | 388;;;;;;;;;;;;;;;;;;;;;;;;;;;;;;;800879;https://purl.pt/43995;https://bndigital.bnportugal.gov.pt//i/?IIIF=/2e/43/05/ec/2e4305ec-ea84-43c7-ab8f-7b250a3f6f2f/iiif/cam-1064-p_0000_000001.tif/full/!300,500/0/default.jpg;Livro impresso;Português;;Luis de Camões;poemeto;;4ª ed. emendada;Hayward (California) : J. de Menezes;1897;1897;62 p.;Joaquim de Araújo, 1858-1917;;Eça de Queirós, 1845-1900;;;;L. 19273//2 P.;CAM500;http://id.bnportugal.gov.pt/bib/catbnp/800879;Livre
6224;Tradução - Impressos - Obras individuais - Épica | 151;Tradução - Impressos - Obras individuais - Épica - Paratextos gerais | 152;Tradução - Impressos - Obras individuais - Épica - Paratextos vida | 153;Tradução - Impressos - Obras individuais - Épica - Paratextos notas | 155;;;;;;;;;;;;;;;;;;;;;;;;;;;;;;;;;;852113;https://purl.pt/44599;https://bndigital.bnportugal.gov.pt//i/?IIIF=/63/df/c6/4a/63dfc64a-1142-495c-bf91-68643a2c0de1/iiif/cam-153-8-v_0000_000001.tif/full/!300,500/0/default.jpg;Livro impresso;Português;;Segunda comemoração da apoteose de João de Deus em 8 de Março de 1895;;;1.ª ed.;Padova : Tip. all'Universita, Fratelli Galina;1897;1897;7 p.;Joaquim de Araújo, 1858-1917;;;;;;CAM. 153//8 V.;CAM500;http://id.bnportugal.gov.pt/bib/catbnp/852113;Livre
6225;Vida - Biografia | 13;Iconografia - Impressos - Retrato de Camões | 372;;;;;;;;;;;;;;;;;;;;;;;;;;;;;;;;;;;;197848;https://purl.pt/44212;https://bndigital.bnportugal.gov.pt//i/?IIIF=/56/30/0a/d0/56300ad0-6577-4120-8f07-dabb9ba672a0/iiif/cam-163-v_0000_000007.tif/full/!300,500/0/default.jpg;Livro impresso;Português;;Catalogo da Camoneana da bibliotheca Publica Municipal do Porto;;;2ª ed;Porto : Imprensa Civilisação;1897;1897;212 p.;José Pedro de Lima Calheiros, ca 18--;;;;;;B. 7710 V.;CAM500;http://id.bnportugal.gov.pt/bib/catbnp/197848;Livre
6226;Tradução - Impressos - Antologia - Lírica - Paratextos vida | 210;Tradução - Impressos - Antologia - Lírica - Paratextos notas | 212;Tradução - Impressos - Composições soltas e fragmentos - Épica - Paratextos gerais | 230;Tradução - Impressos - Composições soltas e fragmentos - Épica - Paratextos notas | 233;Iconografia - Impressos - Retrato de Camões | 372;;;;;;;;;;;;;;;;;;;;;;;;;;;;;;;;;196549;https://purl.pt/45083;https://bndigital.bnportugal.gov.pt//i/?IIIF=/9f/e7/13/a7/9fe713a7-057b-40eb-881e-d656fc562d57/iiif/cam-1703-v_0001.tif/full/!300,500/0/default.jpg;Livro impresso;Italiano;;Luigi Camoens;stanze;;1.ª ed.;Padova : Tip. Fratelli Gallina;1897;1897;7, 1 p.;Giannina Milli, 1825-1888;;;Joaquim de Araújo, 1858-1917, Editor literário;;;CAM. 859 P.;CAM500;http://id.bnportugal.gov.pt/bib/catbnp/196549;Livre
6227;Tradução - Impressos - Antologia - Lírica | 208;Tradução - Impressos - Antologia - Lírica - Paratextos gerais | 209;Tradução - Impressos - Antologia - Lírica - Paratextos vida | 210;Tradução - Impressos - Antologia - Lírica - Paratextos notas | 212;Tradução - Impressos - Composições soltas e fragmentos - Épica | 229;Tradução - Impressos - Composições soltas e fragmentos - Épica - Paratextos notas | 233;Iconografia - Impressos - Retrato de Camões | 372;;;;;;;;;;;;;;;;;;;;;;;;;;;;;;;854974;https://purl.pt/44213;https://bndigital.bnportugal.gov.pt//i/?IIIF=/8d/cc/31/83/8dcc3183-d700-4fdc-82df-6b4c780d2d39/iiif/cam-217-2-v_0000_000001.tif/full/!300,500/0/default.jpg;Livro impresso;Francês;;Célébration nationale en 1898 du quatriéme centenaire de la découverte du chemin maritime des Indes;programme générale dressé suivant larrêté ministériel du 2 Avril 1897 et approuvé par le Gouvernement Portugais;;1.ª ed.;Lisbonne : Imprimerie Nationale;1897;1897;12 p.;;Portugal. Comissão Central Executiva do 4.º Centenário do Descobrimento da Índia;;Ernesto Jardim de Vilhena, 1876-1967, Antigo possuidor;;;CAM. 217//2 V.;CAM500;http://id.bnportugal.gov.pt/bib/catbnp/854974;Livre
6228;Tradução - Impressos - Obras individuais - Épica - Paratextos gerais | 152;Tradução - Impressos - Obras individuais - Épica - Paratextos vida | 153;Tradução - Impressos - Obras individuais - Épica - Paratextos notas | 155;Iconografia - Impressos - Imagens de Camões | 373;Iconografia - Impressos - Ilustrações da obra | 376;;Iconografia - Impressos - Mapas - Rota de Gama | 388;;;;;;;;;;;;;;;;;;;;;;;;;;;;;;;862113;https://purl.pt/44370;https://bndigital.bnportugal.gov.pt//i/?IIIF=/c8/f8/ef/a7/c8f8efa7-a7c6-4e09-a24d-8fc8a34a74bd/iiif/cam-283-10-v_0001.tif/full/!300,500/0/default.jpg;Livro impresso;Português;;A Igreja de SantAnna e a sepultura de Camões;;;1.ª ed.;Lisboa : Impr. Nacional;1897;1897;28 p.;Luciano Cordeiro, 1844-1900;;;;;;CAM. 283//10 V.;CAM500;http://id.bnportugal.gov.pt/bib/catbnp/862113;Livre
6229;Tradução - Impressos - Composições soltas e fragmentos - Épica | 229;Tradução - Impressos - Obras individuais - Épica - Paratextos gerais | 152;Iconografia - Impressos - Ilustrações da obra | 376;;;;;;;;;;;;;;;;;;;;;;;;;;;;;;;;;;;865344;https://purl.pt/44367;https://bndigital.bnportugal.gov.pt//i/?IIIF=/c3/04/ab/22/c304ab22-c74b-4b7c-b4cf-23c2609659bb/iiif/cam-286-9-v_0001.tif/full/!300,500/0/default.jpg;Livro impresso;"Português ; Francês";Português;O Adamastor;;;1.ª ed.;Lisboa : Typographia Casa Portugueza;1897;1897;19 p.;;;;;;;L. 167774 V.;CAM500;http://id.bnportugal.gov.pt/bib/catbnp/865344;Livre
6230;Bibliografia crítica - Tradução | 413;;;;;;;;;;;;;;;;;;;;;;;;;;;;;;;;;;;;;330207;https://purl.pt/44524;https://bndigital.bnportugal.gov.pt//i/?IIIF=/07/00/c7/0f/0700c70f-5f87-419e-b2b5-6a2c5dd1381a/iiif/cam-406-2-p_0002.tif/full/!300,500/0/default.jpg;Livro impresso;Alemão;;Observações sobre a allegoria nos Lusiadas de Camões;Zur dreihundertjährigen Gedächtnissfeier das Dichteres der Lusiaden...;;1.ª ed.;Aschaffenburg : Wailandt'sche Druckerei Actien-Gesellschaft,;1897;1897;15 p.;F. J. Schmitz;;;;;;CAM. 406//2 P.;CAM500;http://id.bnportugal.gov.pt/bib/catbnp/330207;Livre
6231;Tradução - Impressos - Antologia - Lírica - Paratextos vida | 210;Tradução - Impressos - Antologia - Lírica - Paratextos notas | 212;Tradução - Impressos - Composições soltas e fragmentos - Épica - Paratextos gerais | 230;;;;;;;;;;;;;;;;;;;;;;;;;;;;;;;;;;;262235;https://purl.pt/44528;https://bndigital.bnportugal.gov.pt//i/?IIIF=/9e/3a/25/33/9e3a2533-19b4-4d5a-acdb-45a0607b2f9e/iiif/cam-408-p_0001.tif/full/!300,500/0/default.jpg;Livro impresso;Português;;Discurso proferido pelo Presidente da Directoria do Gabinete Portuguez de Leitura no Rio de Janeiro na sessão de posse do conselho deliberativo em 18 de Junho de 1879;;;1.ª ed.;Rio de Janeiro : Gab. Port. Leitura;1897;1897;;Eduardo Rodrigues Cardoso de Lemos;;;;;;CAM. 154//2 V.;CAM500;http://id.bnportugal.gov.pt/bib/catbnp/262235;Livre
6232;Tradução - Impressos - Obras individuais - Épica | 151;Tradução - Impressos - Obras individuais - Épica - Paratextos gerais | 152;Tradução - Impressos - Obras individuais - Épica - Paratextos vida | 153;Tradução - Impressos - Obras individuais - Épica - Paratextos notas | 155;Iconografia - Impressos - Ilustrações da obra | 376;;;;;;;;;;;;;;;;;;;;;;;;;;;;;;;;;367315;https://purl.pt/44551;https://bndigital.bnportugal.gov.pt//i/?IIIF=/07/17/53/2d/0717532d-ef3c-4a93-97b1-900767009be5/iiif/cam-451-p_0001.tif/full/!300,500/0/default.jpg;Livro impresso;Português;;Centenario indiano;Marinha histórica do seculo XV e XVI;;1.ª ed.;"Lisboa : Emp. jornal ""O Seculo""";1897;1897;il. color.;Joaquim de Melo, fl. c. 1897?;;;;;;B.A. 2363//7 P.;CAM500;http://id.bnportugal.gov.pt/bib/catbnp/367315;Livre
6233;Obra - Impressos - Obras (avulsas) - Épica | 23;Obra - Impressos - Estrofes rejeitadas d’Os Lusíadas | 86;Obra - Impressos - Paratextos - Obras (avulsas) - Épica | 103;Obra - Impressos - Estrofes rejeitadas d’Os Lusíadas | 86;Obra - Impressos - Paratextos - Obras (avulsas) - Épica - Vida | 104;Obra - Impressos - Paratextos - Obras (avulsas) - Épica - Argumentos | 105;Obra - Impressos - Paratextos - Obras (avulsas) - Épica - Notas | 106;;;;;;;;;;;;;;;;;;;;;;;;;;;;;;;452510;https://purl.pt/25641;https://bndigital.bnportugal.gov.pt//i/?IIIF=/0f/25/74/72/0f257472-2793-4b33-8088-093f6546f87e/iiif/452510_0000_capa-capa_t24-C-R0150_000001.tif/full/!300,500/0/default.jpg;Livro impresso;Português;;"As traduções italianas dos ""Lusiadas""";;;1.ª ed.;Livorno : Tip. Raffaello Giusti;1897;1897;7 p.;Joaquim de Araújo, 1858-1917;;;;;;CAM. 349//8 V.;;http://id.bnportugal.gov.pt/bib/catbnp/452510;Livre
6234;Iconografia - Impressos - Imagens de Camões | 373;Celebrações - 1880 - Iconografia | 478;;;;;;;;;;;;;;;;;;;;;;;;;;;;;;;;;;;;782743;https://purl.pt/44788;https://bndigital.bnportugal.gov.pt//i/?IIIF=/7c/1b/79/de/7c1b79de-0fd7-4ae3-82cb-4284eafb6a13/iiif/cam-708-p_0007.tif/full/!300,500/0/default.jpg;Livro impresso;Português;;Os Lusiadas;poema épico;;Nova ed;Porto : Lelo & Irmão;1897;1897;XII, 471 p.;Luís de Camões, 1524-1580;;;;;;CAM. 708 P.;CAM500;http://id.bnportugal.gov.pt/bib/catbnp/782743;Livre
6235;Tradução - Impressos - Antologia - Lírica - Paratextos vida | 210;Tradução - Impressos - Antologia - Lírica - Paratextos notas | 212;Obra - Impressos - Composições soltas e fragmentos - Épica - Estrofes | 66;Tradução - Impressos - Composições soltas e fragmentos - Épica - Paratextos gerais | 230;Iconografia - Impressos - Retrato de Camões | 372;;;;;;;;;;;;;;;;;;;;;;;;;;;;;;;;;788849;https://purl.pt/25651;https://bndigital.bnportugal.gov.pt//i/?IIIF=/4b/de/25/3e/4bde253e-5b4a-427f-b069-f239edfc8010/iiif/cam-839-p_0000_capa-capa_t24-C-R0150_000001.tif/full/!300,500/0/default.jpg;Livro impresso;Português;;Ignês de Castro;;;1.ª ed.;Florença : Impr. de Salvador Landi;1897;1897;15 p.;Joaquim de Araújo, 1858-1917;;Adolfo de Castro, 1823-1898, Autor;Rodrigo Veloso, 1839-1913, Antigo possuidor;;;CAM. 839 P.;;http://id.bnportugal.gov.pt/bib/catbnp/788849;Livre
6236;Bibliografia crítica - Polémica e discussão | 417;Obra - Impressos - Paratextos - Obras (avulsas) - Outros | 119;;;;;;;;;;;;;;;;;;;;;;;;;;;;;;;;;;;;742179;https://purl.pt/25640;https://bndigital.bnportugal.gov.pt//i/?IIIF=/30/66/2c/60/30662c60-8d90-4a3b-b24c-a59f48c85b30/iiif/742179_0000_capa-capa_t24-C-R0150_000005.tif/full/!300,500/0/default.jpg;Livro impresso;Português;;As traduções italianas dos Lusíadas;;;1.ª ed.;Génova : s.n.;1897;1897;1v.;Joaquim de Araújo, 1858-1917;;;;;;CAM. 115//3 A.;;http://id.bnportugal.gov.pt/bib/catbnp/742179;Livre
6237;Bibliografia crítica - Polémica e discussão | 417;;;;;;;;;;;;;;;;;;;;;;;;;;;;;;;;;;;;;389121;https://purl.pt/42065;https://bndigital.bnportugal.gov.pt//i/?IIIF=/8e/d1/46/f3/8ed146f3-e26d-4087-88e7-d71443c542c1/iiif/cam-203-v_0000_000007.tif/full/!300,500/0/default.jpg;Livro impresso;Português;;No Oriente;diário de viagem;;1.ª ed.;Lisboa : Impr. Nacional;1896;1896;2 v.;Adolfo Ferreira de Loureiro, 1836-1911;;;;;;F.A. 2219;CAM500;http://id.bnportugal.gov.pt/bib/catbnp/389121;Livre
6238;Bibliografia crítica - Polémica e discussão | 417;;;;;;;;;;;;;;;;;;;;;;;;;;;;;;;;;;;;;2035379;https://purl.pt/43550;https://bndigital.bnportugal.gov.pt//i/?IIIF=/dd/63/59/72/dd635972-939c-40ef-80bc-ae72ce88d654/iiif/cod-9277_0001.tif/full/!300,500/0/default.jpg;Livro manuscrito;Francês;;"Notice Sur La Vie de Camoëns, célèbre poète portugais, auteur des ""Lusiades""";;;1.ª ed.;Bombay,;1896;1896;I, 13 f.;W. Alison Phillips, 1864-1950;;;François-René de Chateaubriand, 1768-1848, Antecedente bibliográfico;;;COD. 9277;CAM500;http://id.bnportugal.gov.pt/bib/catbnp/2035379;Livre
6239;Bibliografia crítica - Polémica e discussão | 417;;;;;;;;;;;;;;;;;;;;;;;;;;;;;;;;;;;;;196547;https://purl.pt/45076;https://bndigital.bnportugal.gov.pt//i/?IIIF=/4c/eb/66/24/4ceb6624-86e3-4fc3-b3d5-92688f1f67c3/iiif/cam-1704-v_0001.tif/full/!300,500/0/default.jpg;Livro impresso;Italiano;;Camoens e i nuovi poeti portoghesi;conferenza tenuta alla III Serata Intellettuale dell` anno secondo il 30 Maggio 1896 nella Sala Ricordi di Napoli;;1.ª ed.;Napoli : Stab. Tip. Pierro e Veraldi;1896;1896;80 p.;Antonio Padula, 1858-?;;;;;;CAM. 153//9 V.;CAM500;http://id.bnportugal.gov.pt/bib/catbnp/196547;Livre
6240;Tradução - Impressos - Obras individuais - Épica | 151;Tradução - Impressos - Obras individuais - Épica - Paratextos gerais | 152;Tradução - Impressos - Obras individuais - Épica - Paratextos vida | 153;Tradução - Impressos - Obras individuais - Épica - Paratextos argumentos | 154;Tradução - Impressos - Obras individuais - Épica - Paratextos notas | 155;;;;;;;;;;;;;;;;;;;;;;;;;;;;;;;;;854137;https://purl.pt/44088;https://bndigital.bnportugal.gov.pt//i/?IIIF=/6a/96/82/1a/6a96821a-cb4c-4274-9e19-c012227e674a/iiif/cam-216-2-v_0000_000001.tif/full/!300,500/0/default.jpg;Livro impresso;Português;;A viagem da India;poemeto em dois cantos;;1.ª ed.;Lisboa : Imprensa Nacional;1896;1896;42, 2 p.;José Fernandes Costa, 1848-1920;;;;;Sociedade de Geografia de Lisboa, (Obsoleto);CAM. 216//2 V.;CAM500;http://id.bnportugal.gov.pt/bib/catbnp/854137;Livre
6241;Tradução - Impressos - Obras individuais - Épica | 151;Tradução - Impressos - Obras individuais - Épica - Paratextos gerais | 152;;;;;;;;;;;;;;;;;;;;;;;;;;;;;;;;;;; Italiano;322212;https://purl.pt/44395;https://bndigital.bnportugal.gov.pt//i/?IIIF=/18/73/81/bc/187381bc-a42f-4c0a-bc9b-c0a94f8c8b89/iiif/cam-311-p_0001.tif/full/!300,500/0/default.jpg;Livro impresso;Inglês;;CXXIV Sonnets;;;1.ª ed.;"London : John Lane ; Boston : Copeland & Day";1896;1896;147, 1 p.;;;;Richard Garnett, 1835-1906, Tradutor;;;CAM. 311 P.;CAM500;http://id.bnportugal.gov.pt/bib/catbnp/322212;Livre
6242;Obra - Impressos - Obras (conjunto) - Épica | 46;Obra - Impressos - Obras (conjunto) - Lírica | 47;Obra - Impressos - Obras (conjunto) - Teatro | 61;Obra - Impressos - Estrofes rejeitadas d’Os Lusíadas | 86;Obra - Impressos - Paratextos - Obras (avulsas) - Épica | 103;Obra - Impressos - Paratextos - Obras (avulsas) - Lírica | 107;Obra - Impressos - Obras (conjunto) - Lírica - Soneto | 58;Obra - Impressos - Obras (conjunto) - Lírica - Canção | 48;Obra - Impressos - Obras (conjunto) - Lírica - Sextina | 57;Obra - Impressos - Obras (conjunto) - Lírica - Ode | 55;Obra - Impressos - Obras (conjunto) - Lírica - Elegia | 51;Obra - Impressos - Obras (conjunto) - Lírica - Écloga | 50;Obra - Impressos - Obras (conjunto) - Lírica - Endechas | 52;Obra - Impressos - Obras (conjunto) - Lírica - Vilancete | 60;Obra - Impressos - Obras (conjunto) - Lírica - Mote | 54;Obra - Impressos - Obras (conjunto) - Lírica - Cantiga | 49;Iconografia - Impressos - Retrato de Camões | 372;Obra - Impressos - Obras (conjunto) - Cartas | 63;Obra - Impressos - Paratextos - Obras - Teatro | 129;Iconografia - Impressos - Ilustrações da obra | 376;Obra - Impressos - Obras (avulsas) - Lírica - Criação e Composição do Homem | 39;Iconografia - Impressos - Figuras históricas | 390;Iconografia - Impressos - Mapas - Rota de Gama | 388;Obra - Impressos - Obras (conjunto) - Lírica - Redondilhas | 59;Obra - Impressos - Obras (conjunto) - Lírica - Esparsas | 53;Obra - Impressos - Paratextos - Obras - Épica - Vida | 122;Obra - Impressos - Paratextos - Obras - Épica - Argumentos | 123;Obra - Impressos - Paratextos - Obras - Épica - Notas | 124;;;;;;;;;;367321;https://purl.pt/44558;https://bndigital.bnportugal.gov.pt//i/?IIIF=/a6/90/70/ec/a69070ec-66ec-4134-8133-6e401d12a66d/iiif/cam-450-p_0005.tif/full/!300,500/0/default.jpg;Periódico;Português;;Almanach Vasco da Gama para o anno de 1897;;;1.ª ed.;Lisboa : Imp. Lucas;1896;1896;160 p.;;;;Eduardo Braga, ca 18--, Editor literário;;;P.P. 18003 V.;CAM500;http://id.bnportugal.gov.pt/bib/catbnp/367321;Livre
6243;Bibliografia crítica - Polémica e discussão | 417;Obra - Impressos - Paratextos - Obras (avulsas) - Outros | 119;;;;;;;;;;;;;;;;;;;;;;;;;;;;;;;;;;;;321887;https://purl.pt/43928;https://bndigital.bnportugal.gov.pt//i/?IIIF=/f1/9e/10/b3/f19e10b3-2ffa-455a-aa1a-12c89599d980/iiif/cam-308-p_0000_000005.tif/full/!300,500/0/default.jpg;Livro impresso;"Francês ; Provençal antigo (até 1500)";;Lé Mescladis moundi;prologo goudoulinad è letsiqué des mots rabalhuds al sen dé calquis-unis;;1.ª ed.;"Toulouso : Burèous del Journal ""Lé Gril""";1895;1895;l, 255, 1 br. p.;G. Visner;;;M. Massip;;;CAM. 308 P.;CAM500;http://id.bnportugal.gov.pt/bib/catbnp/321887;Livre
6244;Bibliografia crítica - Polémica e discussão | 417;;;;;;;;;;;;;;;;;;;;;;;;;;;;;;;;;;;;;367255;https://purl.pt/39770;https://bndigital.bnportugal.gov.pt//i/?IIIF=/35/81/98/3c/3581983c-0a0b-496e-b43d-ff1e4b987f74/iiif/hg-15978-15-v_0000_000001.tif/full/!300,500/0/default.jpg;Livro impresso;Italiano;Português;Luigi de Camoens;poemetto con una lettera di Eça de Queiroz;;1.ª ed.;Genova : Tip. del R. Istituto Sordo-Muti;1895;1895;36, 1 p.;Joaquim de Araújo, 1858-1917;;Eça de Queirós, 1845-1900, Autor;G. Zuppone-Strani, Tradutor;;;CAM. 441 P.;;http://id.bnportugal.gov.pt/bib/catbnp/367255;Livre
6245;Bibliografia crítica - Polémica e discussão | 417;;;;;;;;;;;;;;;;;;;;;;;;;;;;;;;;;;;;;402086;https://purl.pt/43891;https://bndigital.bnportugal.gov.pt//i/?IIIF=/dc/d1/27/77/dcd12777-3117-4eb1-94d0-a5bb23f4e7b6/iiif/cam-69-a_0005.tif/full/!300,500/0/default.jpg;Livro impresso;Português;;Collecção Camoneana de José do Canto;tentativa de um catalogo methodico e remissivo;;1.ª ed.;Lisboa : Imprensa Nacional;1895;1895;XI, 357, 5 p.;José do Canto, 1820-1898;;;Jaime Batalha Reis, 1847-1935, Antigo possuidor;;;CAM. 69 A.;CAM500;http://id.bnportugal.gov.pt/bib/catbnp/402086;Livre
6246;Bibliografia crítica - Polémica e discussão | 417;;;;;;;;;;;;;;;;;;;;;;;;;;;;;;;;;;;;;403842;https://purl.pt/43894;https://bndigital.bnportugal.gov.pt//i/?IIIF=/9d/2e/53/a3/9d2e53a3-d142-4cf6-b5a3-2ebf0c8e492e/iiif/cam-71-4-a_0001.tif/full/!300,500/0/default.jpg;Livro impresso;Português;;Luiz de Camões e Vasco da Gama;Anno 371 do nascimento de Luiz de Camões auctor dos Lusiadas;;1.ª ed.;Lisboa : J. Eusebio dos Santos;1895;1895;10 f.;Luís Augusto Palmeirim, 1825-1893;;António Mendes Leal, 1831-1871, Autor;;;;CAM. 71//4 A.;CAM500;http://id.bnportugal.gov.pt/bib/catbnp/403842;Livre
6247;Bibliografia crítica - Polémica e discussão | 417;;;;;;;;;;;;;;;;;;;;;;;;;;;;;;;;;;;;;852531;https://purl.pt/44086;https://bndigital.bnportugal.gov.pt//i/?IIIF=/7c/3b/90/e0/7c3b90e0-bd06-44b5-9937-a1a09da5dbb4/iiif/cam-176-4-v_0000_000001.tif/full/!300,500/0/default.jpg;Livro impresso;Português;;Soneto de Luiz de Camões;Sete annos de pastor Jacob servia...;;1.ª ed.;Lisboa : s.n.;1895;1895;1 f., desdobr.;Luís de Camões, 1524-1580;;;;;;CAM. 176//4 V.;CAM500;http://id.bnportugal.gov.pt/bib/catbnp/852531;Livre
6248;Tradução - Impressos - Obras individuais - Épica | 151;Tradução - Impressos - Obras individuais - Épica - Paratextos gerais | 152;Tradução - Impressos - Obras individuais - Lírica - Paratextos vida | 158;Tradução - Impressos - Obras individuais - Épica - Paratextos notas | 155;;;;;;;;;;;;;;;;;;;;;;;;;;;;;;;;;;321919;https://purl.pt/44111;https://bndigital.bnportugal.gov.pt//i/?IIIF=/7b/16/10/8f/7b16108f-ecc6-4dee-a50e-819649a15a89/iiif/cam-309-p_0000_000001.tif/full/!300,500/0/default.jpg;Livro impresso;Espanhol;;Poesias líricas;;;Segunda edición aumentada con las inéditas;Sevilla : Imprenta de E. Rasco;1895;1895;XXI, 1 br., 481, 1 br. p.;José Lamarque de Novoa, 1828-1904;;;Fernando de Gabriel y Ruíz de Apodaca, 1828-1888, Autor da introdução, etc.;;;CAM. 309 P.;CAM500;http://id.bnportugal.gov.pt/bib/catbnp/321919;Livre
6249;Bibliografia crítica - Estudo | 418;;;;;;;;;;;;;;;;;;;;;;;;;;;;;;;;;;;;;788400;https://purl.pt/44790;https://bndigital.bnportugal.gov.pt//i/?IIIF=/4f/d3/0e/4f/4fd30e4f-4261-4e96-8618-d499d255f77d/iiif/cam-802-p_0001.tif/full/!300,500/0/default.jpg;Livro impresso;Português;;Uma glosa camoniana do seculo XVIII;;;1.ª ed.;Pádua : Fratelli Gaelina;1895;1895;15 p.;Joaquim de Araújo, 1858-1917;;;;;;CAM. 802 P.;CAM500;http://id.bnportugal.gov.pt/bib/catbnp/788400;Livre
6250;Bibliografia crítica - Edições | 411;;;;;;;;;;;;;;;;;;;;;;;;;;;;;;;;;;;;;857882;https://purl.pt/37999;https://bndigital.bnportugal.gov.pt//i/?IIIF=/75/9c/38/2e/759c382e-9074-41bb-8a5a-71e4c68149cf/iiif/cam-630-v_0000_000001.tif/full/!300,500/0/default.jpg;Livro impresso;Português;;Lusiadas de Camões;imitação ao burlesco;;1.ª ed.;Évora : Minerva Eborense de Joaquim José Baptista;1895;1895;V, 3, 34, 2 p.;António de Magalhães de Meneses, fl. 1549-1590;;;António Francisco Barata, 1836-1910, Editor literário;;;CAM. 252//10 V.;;http://id.bnportugal.gov.pt/bib/catbnp/857882;Livre
6251;Obra - Impressos - Obras (avulsas) - Épica | 23;Obra - Impressos - Paratextos - Obras (avulsas) - Épica | 103;Obra - Impressos - Paratextos - Obras (avulsas) - Épica - Vida | 104;Obra - Impressos - Paratextos - Obras (avulsas) - Épica - Notas | 106;Iconografia - Impressos - Retrato de Camões | 372;Bibliografias e catálogos - Bibliografia | 550;;;;;;;;;;;;;;;;;;;;;;;;;;;;;;;;874197;https://purl.pt/44700;https://bndigital.bnportugal.gov.pt//i/?IIIF=/79/cb/a9/8e/79cba98e-bb2b-4f40-b20f-305d0df4e969/iiif/cam-619-v_0001.tif/full/!300,500/0/default.jpg;Livro impresso;Português;;Discurso apologetico sobre a visão do Indo e Ganges no Canto IV dos Lusiadas;;;1.ª ed.;Evora : Typ. Eborense de F. C. Bravo;1895;1895;42, 2 p.;João Franco Barreto, 1600-post. 1674;;;"António Francisco Barata, 1836-1910, Editor literário ; Ernesto Jardim de Vilhena, 1876-1967, Antigo possuidor";;;CAM. 369//3 V.;CAM500;http://id.bnportugal.gov.pt/bib/catbnp/874197;Livre
6252;Obra - Impressos - Obras (avulsas) - Épica | 23;Obra - Impressos - Paratextos - Obras (avulsas) - Épica | 103;Obra - Impressos - Paratextos - Obras (avulsas) - Épica - Vida | 104;Obra - Impressos - Paratextos - Obras (avulsas) - Épica - Notas | 106;Iconografia - Impressos - Retrato de Camões | 372;;;;;;;;;;;;;;;;;;;;;;;;;;;;;;;;;852138;https://purl.pt/254;https://bndigital.bnportugal.gov.pt//i/?IIIF=/a9/ac/0b/4e/a9ac0b4e-7949-4ada-9457-781bb74e3b7d/iiif/cam-158-v_0000_capa-capa_t24-C-R0150_000011.tif/full/!300,500/0/default.jpg;Livro impresso;Português;;Impressões deslandesianas;divulgações bibliographicas;;1.ª ed.;Lisboa : na Imprensa Nacional;1895;1895;2 vol.;Xavier da Cunha, 1840-1920;;;;;;PURL 254/0;;http://id.bnportugal.gov.pt/bib/catbnp/852138;Livre
6253;Recepção criativa - Tematização | 409;Iconografia - Impressos - Figuras históricas | 390;;;;;;;;;;;;;;;;;;;;;;;;;;;;;;;;;;;;397877;https://purl.pt/43875;https://bndigital.bnportugal.gov.pt//i/?IIIF=/3a/34/50/28/3a345028-610d-4c37-af11-98e95904bfe5/iiif/cam-75-1-v_0000_000001.tif/full/!300,500/0/default.jpg;Livro impresso;Português;;Tercetos impressos pela primeira vez, em 1576, na História da Província de Santa Cruz, de Pedro de Magalhães Gandavo;;;1.ª ed.;Lisboa : Joaquim Eusébio dos Santos;1894;1894;12 p., 1 est.;Luís de Camões, 1524-1580;;;Teófilo Braga, 1843-1924, Comentador (em meio audiovisual);;;CAM. 75//1 V.;CAM500;http://id.bnportugal.gov.pt/bib/catbnp/397877;Livre
6254;Bibliografia crítica - Edições | 411;;;;;;;;;;;;;;;;;;;;;;;;;;;;;;;;;;;;;852104;https://purl.pt/44181;https://bndigital.bnportugal.gov.pt//i/?IIIF=/8e/cf/a2/f7/8ecfa2f7-a287-4bac-b7c2-88318f6f6741/iiif/cam-152-v_0005.tif/full/!300,500/0/default.jpg;Livro impresso;Português;;Catarina de Atayde;poema em tres cantos;;1.ª ed.;Lisboa : Impr. Nacional;1894;1894;; Monsaraz, 1852-1913;;;;;;CAM. 152 V.;CAM500;http://id.bnportugal.gov.pt/bib/catbnp/852104;Livre
6255;Obra - Impressos - Obras (avulsas) - Épica | 23;Obra - Impressos - Paratextos - Obras (avulsas) - Épica | 103;Obra - Impressos - Paratextos - Obras (avulsas) - Épica - Vida | 104;Obra - Impressos - Paratextos - Obras (avulsas) - Épica - Notas | 106;Iconografia - Impressos - Retrato de Camões | 372;Iconografia - Impressos - Imagens de Camões | 373;Iconografia - Impressos - Ilustrações da obra | 376;;;;;;;;;;;;;;;;;;;;;;;;;;;;;;;397749;https://purl.pt/45114;https://bndigital.bnportugal.gov.pt//i/?IIIF=/ef/99/20/d6/ef9920d6-27bd-46c5-92aa-563d0f3a98dd/iiif/cam-1905-v_0013.tif/full/!300,500/0/default.jpg;Livro impresso;"Grego moderno (1453- ) ; Português";;Endechas ... a Barbara escrava ...;;;1.ª ed.;Lisboa : Imprensa Nacional;1894;1894;11 p.;Luís de Camões, 1524-1580;;;"Pedro Augusto de Melo Carvalho Monteiro, 1873?-1953, Tradutor ; António Lopes dos Santos Valente, 1839-1896, Tradutor";;;CAM. 75//4 V.;CAM500;http://id.bnportugal.gov.pt/bib/catbnp/397749;Livre
6256;Obra - Impressos - Obras (avulsas) - Épica | 23;Obra - Impressos - Paratextos - Obras (avulsas) - Épica | 103;Obra - Impressos - Paratextos - Obras (avulsas) - Épica - Vida | 104;Obra - Impressos - Paratextos - Obras (avulsas) - Épica - Argumentos | 105;;;;;;;;;;;;;;;;;;;;;;;;;;;;;;;;;;330358;https://purl.pt/44556;https://bndigital.bnportugal.gov.pt//i/?IIIF=/13/f4/1d/1f/13f41d1f-90e6-4b0c-84be-d2572bb1aa50/iiif/cam-421-p_0007.tif/full/!300,500/0/default.jpg;Livro impresso;Português;;Luís de Camões;com uma carta de Eça de Queiroz;;3ª ed;Lisboa : Typ. da Companhia Nacional Editora;1894;1894;62 p.;Joaquim de Araújo, 1858-1917;;;;;;CAM. 421 P.;CAM500;http://id.bnportugal.gov.pt/bib/catbnp/330358;Livre
6257;Tradução - Impressos - Obras individuais - Épica | 151;Tradução - Impressos - Obras individuais - Lírica | 156;Tradução - Impressos - Obras individuais - Épica - Paratextos gerais | 152;Tradução - Impressos - Obras individuais - Lírica - Paratextos gerais | 157;Tradução - Impressos - Obras individuais - Épica - Paratextos vida | 153;Tradução - Impressos - Obras individuais - Épica - Paratextos argumentos | 154;Tradução - Impressos - Obras individuais - Épica - Paratextos notas | 155;Obra - Impressos - Obras (avulsas) - Lírica - Martírio de Santa Úrsula | 40;;;;;;;;;;;;;;;;;;;;;;;;;;;;;Espanhol;330294;https://purl.pt/43418;https://bndigital.bnportugal.gov.pt//i/?IIIF=/1d/ca/9f/b5/1dca9fb5-0aca-4326-b0c1-ba90eba29fa1/iiif/cam-419-3-p_0002.tif/full/!300,500/0/default.jpg;Livro impresso;Francês;;Lestatuo dóu pouéto;odo nacionalo revirado dóu pourtugués;;1.ª ed.;Avignoun : Encó de J. Roumanille;1893;1893;4 p.;Joaquim de Araújo, 1858-1917;;;A. de Gagnaud, Tradutor;;;CAM. 419//3 P.;CAM500;http://id.bnportugal.gov.pt/bib/catbnp/330294;Livre
6258;Bibliografia crítica - Edições | 411;;;;;;;;;;;;;;;;;;;;;;;;;;;;;;;;;;;;Italiano;382749;https://purl.pt/42835;https://bndigital.bnportugal.gov.pt//i/?IIIF=/60/58/22/4f/6058224f-9454-448f-8489-96a3a71253f5/iiif/cam-47-a_0000_000007.tif/full/!300,500/0/default.jpg;Livro impresso;Português;;Pretidão de amor;endechas a Bárbara escrava seguidas da respectiva tradução em várias línguas...;;1.ª ed.;Lisboa : Imprensa Nacional;1893;1893;2 v.;Luís de Camões, 1524-1580;;;Xavier da Cunha, 1840-1920, Autor da introdução, etc.;;;CAM. 270 V.;CAM500;http://id.bnportugal.gov.pt/bib/catbnp/382749;Livre
6259;Celebrações - 1817 - Discussão, programas e relatórios | 433;;;;;;;;;;;;;;;;;;;;;;;;;;;;;;;;;;;;;700486;https://purl.pt/6773;https://bndigital.bnportugal.gov.pt//i/?IIIF=/68/60/bf/0c/6860bf0c-8b2d-42e5-8809-1edc675de42b/iiif/e-40-a_0000_000001.tif/full/!300,500/0/default.jpg;Iconografia;Português;;Camões lendo os Lusíadas a D. Sebastião;;;1.ª ed.;Lisboa : s.n.;1893;1893;1 gravura;António Ramalho, 1858-1916;;;;;Litografia de Portugal, Impressor;PURL 6773/0;;http://id.bnportugal.gov.pt/bib/catbnp/700486;Livre
6260;Tradução - Impressos - Antologia - Lírica | 208;Tradução - Impressos - Antologia - Lírica - Paratextos gerais | 209;;;;;;;;;;;;;;;;;;;;;;;;;;;;;;;;;;;;798888;https://purl.pt/43420;https://bndigital.bnportugal.gov.pt//i/?IIIF=/d3/e5/06/a0/d3e506a0-e562-4775-ab01-d49b23980381/iiif/cam-997-p_0001.tif/full/!300,500/0/default.jpg;Livro impresso;Português;;A Jantareida;parodia a algumas estancias dos Lusiadas offerecida aos alumnos do 4º anno de medicina;;1.ª ed.;Porto : Imprensa Moderna;1893;1893;15, 1 p.;Eduardo Maia, ca. 18--;;;;;;CAM. 997 P.;CAM500;http://id.bnportugal.gov.pt/bib/catbnp/798888;Livre
6261;Bibliografia crítica - Polémica e discussão | 417;Obra - Impressos - Paratextos - Obras (avulsas) - Outros | 119;;;;;;;;;;;;;;;;;;;;;;;;;;;;;;;;;;;Português;808497;https://purl.pt/43932;https://bndigital.bnportugal.gov.pt//i/?IIIF=/48/4c/2a/27/484c2a27-fd2e-4680-8a45-98c7dbfd51fd/iiif/cam-77-v_0000_000005.tif/full/!300,500/0/default.jpg;Livro impresso;"Português ; Italiano";Português;Flores de poesia portugueza;;;1.ª ed.;Lisboa : Empreza do Ocidente;1893;1893;86 p.;;;;Prospero Peragallo, 1823-1916, Tradutor;;;CAM. 77 V.;CAM500;http://id.bnportugal.gov.pt/bib/catbnp/808497;Livre
6262;Música - Impressos | 405;;;;;;;;;;;;;;;;;;;;;;;;;;;;;;;;;;;;;852095;https://purl.pt/44167;https://bndigital.bnportugal.gov.pt//i/?IIIF=/1e/2f/a5/8c/1e2fa58c-b406-4d66-ac80-8b61a8eb668e/iiif/cam-146-1-v_0000_000001.tif/full/!300,500/0/default.jpg;Livro impresso;Português;;Catalogo dos duplicados de uma numerosa e variadissima collecção camoniana...;;;1.ª ed.;Porto : Tip. de A. F. Vasconcelos;1893;1893;15, 1 br. p.;;;;;;;B. 3651 V.;CAM500;http://id.bnportugal.gov.pt/bib/catbnp/852095;Livre
6263;Obra - Impressos - Obras (avulsas) - Épica | 23;Obra - Impressos - Paratextos - Obras (avulsas) - Épica | 103;Obra - Impressos - Paratextos - Obras (avulsas) - Épica - Vida | 104;Obra - Impressos - Paratextos - Obras (avulsas) - Épica - Argumentos | 105;Iconografia - Impressos - Retrato de Camões | 372;;;;;;;;;;;;;;;;;;;;;;;;;;;;;;;;;75011;https://purl.pt/44286;https://bndigital.bnportugal.gov.pt//i/?IIIF=/00/30/9a/81/00309a81-f4d2-4993-b13f-7126d97a99c3/iiif/cam-146-5-v_0000_000001.tif/full/!300,500/0/default.jpg;Livro impresso;Português;;Catalogo da importante livraria que foi do fallecido Dr. Antonio Maria Barbosa...;;;1.ª ed.;Lisboa : Empresa Ed. de Francisco Arthur da Silva;1893;1893;28, 63, 1 br. p.;;;;António Maria Barbosa, 1825-1892, Antigo possuidor;;;B. 8599 V.;CAM500;http://id.bnportugal.gov.pt/bib/catbnp/75011;Livre
6264;Bibliografia crítica - Polémica e discussão | 417;Obra - Impressos - Paratextos - Obras (avulsas) - Outros | 119;;;;;;;;;;;;;;;;;;;;;;;;;;;;;;;;;;;;852330;https://purl.pt/44272;https://bndigital.bnportugal.gov.pt//i/?IIIF=/22/ad/4a/49/22ad4a49-61c1-430c-9855-af347a3e8fc0/iiif/cam-154-7-v_0001.tif/full/!300,500/0/default.jpg;Livro impresso;Português;Inglês;Uma carta de William Julius Mickle;"offerta da sua traducção dos ""Lusiadas"" ao Marquez de Pombal";;1.ª ed.;Porto : Typ. de José da Silva Mendonça;1893;1893;VIII p.;William Julius Mickle, 1734-1788;;;Sousa Viterbo, 1846-1910, Autor da introdução, etc.;;;H.G. 8214//5 V.;CAM500;http://id.bnportugal.gov.pt/bib/catbnp/852330;Livre
6265;Iconografia - Impressos - Retrato de Camões | 372;;;;;;;;;;;;;;;;;;;;;;;;;;;;;;;;;;;;;852123;https://purl.pt/44270;https://bndigital.bnportugal.gov.pt//i/?IIIF=/7b/7b/e5/6b/7b7be56b-0b10-4a18-bbf9-d58b026bc699/iiif/cam-154-8-v_0001.tif/full/!300,500/0/default.jpg;Livro impresso;Português;;A viagem de Luis de Camões;poema comemorativo do aniversário 312 do seu passamento;;1.ª ed.;Porto : Tip. Central;1893;1893;12 p.;António Moreira Cabral;;;;;;CAM. 154//8 V.;CAM500;http://id.bnportugal.gov.pt/bib/catbnp/852123;Livre
6266;Tradução - Impressos - Obras individuais - Épica | 151;Tradução - Impressos - Obras individuais - Épica - Paratextos gerais | 152;Tradução - Impressos - Obras individuais - Épica - Paratextos vida | 153;Tradução - Impressos - Obras individuais - Épica - Paratextos argumentos | 154;Tradução - Impressos - Obras individuais - Épica - Paratextos notas | 155;Iconografia - Impressos - Retrato de Camões | 372;;;;;;;;;;;;;;;;;;;;;;;;;;;;;;;;330264;https://purl.pt/44521;https://bndigital.bnportugal.gov.pt//i/?IIIF=/31/1e/91/2f/311e912f-195b-4458-9195-2ebdde2ade0f/iiif/cam-413-p_0005.tif/full/!300,500/0/default.jpg;Livro impresso;Português;;A verdade ácerca dos ossos de Camões;;;1.ª ed.;Lisboa : Typ. da Acdemia Real das Sciencias;1893;1893;130 p.;Sebastião de Almeida Viegas, 1830-1907;;;;;;H.G. 16999 P.;CAM500;http://id.bnportugal.gov.pt/bib/catbnp/330264;Livre
6267;Vida - Biografia | 13;Bibliografia crítica - Obra | 412;;;;;;;;;;;;;;;;;;;;;;;;;;;;;;;;;;;;458668;https://purl.pt/44660;https://bndigital.bnportugal.gov.pt//i/?IIIF=/e8/c2/58/f5/e8c258f5-d92f-4588-81c2-37d5f84a3115/iiif/cam-562-v_0001.tif/full/!300,500/0/default.jpg;Livro impresso;Português;;Christovam Colombo;uma oitava de camões glosada em honra do 4º centebnario do descobtimento da america;;1.ª ed.;Porto : Tip. Ocidental;1893;1893;8 f.;Joaquim Júlio de Vasconcelos, ca 18- -;;;;;;CAM. 562 V.;CAM500;http://id.bnportugal.gov.pt/bib/catbnp/458668;Livre
6268;Obra - Impressos - Obras (avulsas) - Épica | 23;Obra - Impressos - Paratextos - Obras (avulsas) - Épica | 103;Obra - Impressos - Paratextos - Obras (avulsas) - Épica - Vida | 104;Obra - Impressos - Paratextos - Obras (avulsas) - Épica - Argumentos | 105;Iconografia - Impressos - Retrato de Camões | 372;;;;;;;;;;;;;;;;;;;;;;;;;;;;;;;;;459245;https://purl.pt/44662;https://bndigital.bnportugal.gov.pt//i/?IIIF=/d1/c8/a1/f7/d1c8a1f7-b329-48a7-a374-1e5848863ea0/iiif/cam-591-v_0003.tif/full/!300,500/0/default.jpg;Livro impresso;Português;;Album da gruta de Camões;cópia enviada à Sociedade de Geografia de Lisboa pelo Governo de Macau por occasião de se preparar a reunião do Congresso Internacional dos Orientalistas em Lisboa 1892;;1.ª ed.;Lisboa : Impr. Nacional;1893;1893;22 p.;;;;Ernesto Jardim de Vilhena, 1876-1967, Antigo possuidor;;;CAM. 591 V.;CAM500;http://id.bnportugal.gov.pt/bib/catbnp/459245;Livre
6269;Tradução - Impressos - Obras individuais - Épica | 151;Tradução - Impressos - Obras individuais - Épica - Paratextos gerais | 152;Tradução - Impressos - Obras individuais - Épica - Paratextos vida | 153;Tradução - Impressos - Obras individuais - Épica - Paratextos argumentos | 154;Iconografia - Impressos - Retrato de Camões | 372;Iconografia - Impressos - Ilustrações da obra | 376;Tradução - Impressos - Obras individuais - Épica - Paratextos notas | 155;Figuras Femininas - Autoras (produção escrita sobre Camões) | 552;;;;;;;;;;;;;;;;;;;;;;;;;;;;;Italiano;98263;https://purl.pt/43409;https://bndigital.bnportugal.gov.pt//i/?IIIF=/b4/00/5d/11/b4005d11-0641-4e67-aa53-5754ef74caef/iiif/cam-399-13-v_0000_000001.tif/full/!300,500/0/default.jpg;Livro impresso;Português;;Catalogo de livros para serem vendidos em leilão;camoneana;;1.ª ed.;Porto : s.n.;1892;1892;11 p.;;;;;;;B. 8960 V.;CAM500;http://id.bnportugal.gov.pt/bib/catbnp/98263;Livre
6270;Tradução - Impressos - Obras individuais - Épica | 151;Tradução - Impressos - Obras individuais - Épica - Paratextos gerais | 152;Tradução - Impressos - Obras individuais - Épica - Paratextos vida | 153;Tradução - Impressos - Obras individuais - Épica - Paratextos argumentos | 154;Tradução - Impressos - Obras individuais - Épica - Paratextos notas | 155;Iconografia - Impressos - Ilustrações da obra | 376;;;;;;;;;;;;;;;;;;;;;;;;;;;;;;; Italiano;334184;https://purl.pt/43839;https://bndigital.bnportugal.gov.pt//i/?IIIF=/f7/66/c4/63/f766c463-5dd1-41da-82c0-7a2e0c8dfcca/iiif/cam-1240-v_0000_000001.tif/full/!300,500/0/default.jpg;Livro impresso;Português;;Luiz de Camões;poesia commemorativa do 311º anniversário do passamento deste insigne poeta;;1.ª ed.;Porto : Typographia Central;1892;1892;11, 1 p.;António Moreira Cabral;;;;;;CAM. 155//4 V.;CAM500;http://id.bnportugal.gov.pt/bib/catbnp/334184;Livre
6271;Recepção criativa - Tematização | 409;;;;;;;;;;;;;;;;;;;;;;;;;;;;;;;;;;;;;397819;https://purl.pt/42618;https://bndigital.bnportugal.gov.pt//i/?IIIF=/bd/fd/60/cb/bdfd60cb-3cc4-48bd-8981-0b57ea135430/iiif/cam-34-v_0005.tif/full/!300,500/0/default.jpg;Livro impresso;Português;;Os Lusíadas;;;1.ª ed.;Lisboa : Imprensa Nacional;1892;1892;LIX, 114 p.;Luís de Camões, 1524-1580;;;"Francisco de Sales Lencastre, ca. 18--, Editor literário ; A. R. Gonçalves Viana, 1840-1914, Autor da introdução, etc.";;;CAM. 34 V.;CAM500;http://id.bnportugal.gov.pt/bib/catbnp/397819;Livre
6272;Obra - Impressos - Obras (avulsas) - Épica | 23;Iconografia - Impressos - Retrato de Camões | 372;Iconografia - Impressos - Imagens de Camões | 373;;;;;;;;;;;;;;;;;;;;;;;;;;;;;;;;;;;475214;https://purl.pt/43856;https://bndigital.bnportugal.gov.pt//i/?IIIF=/70/3f/cc/e5/703fcce5-cee9-4fd0-b063-c58c42d156ac/iiif/cam-74-7-v_0000_000001.tif/full/!300,500/0/default.jpg;Livro impresso;"Hebraico antigo ; Francês";;Inês de Castro;episode des Lusiades ...;;1.ª ed.;Lisbonne : Imp. Nationale;1892;1892;XI, 24 p.;Luís de Camões, 1524-1580;;;"Ernesto Jardim de Vilhena, 1876-1967, Antigo possuidor ; Joseph Benoliel, 1873-1932, Tradutor ; Lazare Eliezer Wogue, 1817-1897, Comentador (em meio audiovisual)";;Congresso Internacional dos Orientalistas, Organizador de conferência;H.G. 7378//5 V.;CAM500;http://id.bnportugal.gov.pt/bib/catbnp/475214;Livre
6273;Bibliografia crítica - Edições | 411;Bibliografias e catálogos - Bibliografia | 550;;;;;;;;;;;;;;;;;;;;;;;;;;;;;;;;;;;;742174;https://purl.pt/43973;https://bndigital.bnportugal.gov.pt//i/?IIIF=/0e/ff/9d/b6/0eff9db6-f81c-482d-a565-1c192e6cf88f/iiif/cam-114-3-a_0001.tif/full/!300,500/0/default.jpg;Livro impresso;Português;;Camões;a typographia e as sciencias do seculo 16;;1.ª ed.;Lisboa : s.n.;1892;1892;4 f.;Teófilo Braga, 1843-1924;;;;;;CAM. 114//3 A.;CAM500;http://id.bnportugal.gov.pt/bib/catbnp/742174;Livre
6274;Bibliografia crítica - Edições | 411;;;;;;;;;;;;;;;;;;;;;;;;;;;;;;;;;;;;;742180;https://purl.pt/43980;https://bndigital.bnportugal.gov.pt//i/?IIIF=/db/cb/34/68/dbcb3468-66dc-4bf9-8a8e-36892835986d/iiif/cam-115-4-a_0001.tif/full/!300,500/0/default.jpg;Livro impresso;Inglês;Português;Camões;um capítulo da História de Portugal;;1.ª ed.;Lisboa : s.n.;1892;1892;26 p.; Stephens;;;"J. T. da Silva Bastos, 1852-1939, Editor literário ; Oliveira Martins, 1845-1894";;;CAM. 115//4 A.;CAM500;http://id.bnportugal.gov.pt/bib/catbnp/742180;Livre
6275;Recepção criativa - Tematização | 409;Obra - Impressos - Composições soltas e fragmentos - Épica - Episódio | 67;Bibliografias e catálogos - Bibliografia | 550;;;;;;;;;;;;;;;;;;;;;;;;;;;;;;;;;;;303889;https://purl.pt/44986;https://bndigital.bnportugal.gov.pt//i/?IIIF=/53/98/8e/23/53988e23-6940-4e6f-8fc4-2c589f2d1e80/iiif/cam-1279-p_0007.tif/full/!300,500/0/default.jpg;Livro impresso;Inglês;Português;The Lusiad or the discovery of India an epic poem;;;5th ed.;London : George Bell & Sons;1892;1892;XCII, 358 p.;Luís de Camões, 1524-1580;;;William Julius Mickle, 1734-1788, Tradutor;;;CAM. 1279 P.;CAM500;http://id.bnportugal.gov.pt/bib/catbnp/303889;Livre
6276;Tradução - Impressos - Antologia - Lírica - Paratextos gerais | 209;Tradução - Impressos - Composições soltas e fragmentos - Épica | 229;Tradução - Impressos - Antologia - Lírica - Paratextos vida | 210;Tradução - Impressos - Antologia - Lírica - Paratextos notas | 212;Iconografia - Impressos - Retrato de Camões | 372;;;;;;;;;;;;;;;;;;;;;;;;;;;;;;;;;197068;https://purl.pt/45044;https://bndigital.bnportugal.gov.pt//i/?IIIF=/19/05/c2/99/1905c299-4899-439f-a6b6-0db4cf336b4e/iiif/cam-1692-v_0003.tif/full/!300,500/0/default.jpg;Livro impresso;"Francês ; Hebraico antigo";Português;Inês de Castro;épisode des Lusiades;;1.ª ed.;Lisbonne : Société de Géographie;1892;1892;XI, 24 p.;Luís de Camões, 1524-1580;;;"Joseph Benoliel, 1873-1932, Tradutor ; Lazare Eliezer Wogue, 1817-1897, Revisor ; Jane Bensaúde, 1862-1938, Antigo possuidor ; Alfredo Bensaúde, 1856-1941, Antigo possuidor ; Matilde Bensaúde, 1890-1969, Antigo possuidor";;;CAM. 285//15 V.;CAM500;http://id.bnportugal.gov.pt/bib/catbnp/197068;Livre
6277;Tradução - Impressos - Antologia - Lírica - Paratextos vida | 210;Tradução - Impressos - Antologia - Lírica - Paratextos notas | 212;Tradução - Impressos - Composições soltas e fragmentos - Épica - Paratextos notas | 233;;;;;;;;;;;;;;;;;;;;;;;;;;;;;;;;;;;196562;https://purl.pt/45043;https://bndigital.bnportugal.gov.pt//i/?IIIF=/9f/39/25/7d/9f39257d-c320-45d7-867e-d488efd57acb/iiif/cam-1699-v_0007.tif/full/!300,500/0/default.jpg;Livro impresso;Português;;O anniversario do passamento de Luis de Camões no anno de 1892;ao nobre Conde de Samodães...;;1.ª ed.;Porto : Typographia Central;1892;1892;35, 4 p.;;Sociedade Nacional Camoniana;;;;;CAM. 286//4 V.;CAM500;http://id.bnportugal.gov.pt/bib/catbnp/196562;Livre
6278;Bibliografia crítica - Estudo | 418;Vida - Ficção - Narrativa | 15;Recepção criativa - Tematização | 409;Iconografia - Impressos - Imagens de Camões | 373;;;;;;;;;;;;;;;;;;;;;;;;;;;;;;;;;;196524;https://purl.pt/45072;https://bndigital.bnportugal.gov.pt//i/?IIIF=/60/8c/25/23/608c2523-6d22-4f5b-87a7-0500bcbaa9d3/iiif/cam-1709-v_0001.tif/full/!300,500/0/default.jpg;Livro impresso;Italiano;;I Lusiadi e la nostra epica futura;discorso;;1.ª ed.;Santamaria C. V. : Stabilimento Tip. Schoeffer;1892;1892;43 p.;Gennaro Faucher;;;;;;CAM. 1709 V.;CAM500;http://id.bnportugal.gov.pt/bib/catbnp/196524;Livre
6279;Recepção criativa - Tematização | 409;Obra - Impressos - Composições soltas e fragmentos - Épica - Episódio | 67;;;;;;;;;;;;;;;;;;;;;;;;;;;;;;;;;;;;475209;https://purl.pt/45109;https://bndigital.bnportugal.gov.pt//i/?IIIF=/68/fd/57/88/68fd5788-e7f8-40c4-885c-634cb3ac7f7f/iiif/cam-1895-v_0007.tif/full/!300,500/0/default.jpg;Livro impresso;Português;;Lux et umbra;sonetos camoneanos;;1.ª ed.;Porto : M. Gomes;1892;1892;XIII, 32 p.;Oliveira Passos, 1867-1941;;;Alves Mendes, 1838-1904, Autor da introdução, etc.;;;CAM. 1895 V.;CAM500;http://id.bnportugal.gov.pt/bib/catbnp/475209;Livre
6280;Tradução - Impressos - Obras individuais - Épica | 151;Figuras Femininas - Autoras (produção escrita sobre Camões) | 552;Tradução - Impressos - Obras individuais - Épica - Paratextos gerais | 152;Tradução - Impressos - Obras individuais - Épica - Paratextos vida | 153;Tradução - Impressos - Obras individuais - Épica - Paratextos notas | 155;;;;;;;;;;;;;;;;;;;;;;;;;;;;;;;;;869409;https://purl.pt/45108;https://bndigital.bnportugal.gov.pt//i/?IIIF=/fb/0c/90/bc/fb0c90bc-84e1-4c33-86f4-1b6e53e76196/iiif/cam-1900-v_0007.tif/full/!300,500/0/default.jpg;Livro impresso;Português;;Da sepultura de Camões;carta a Antonio Feliciano de Castilho recebida aos 8 de Outubro de 1858;;1.ª ed.;Porto : Circulo Camoneano;1892;1892;2, 12, 2 p.; Juromenha, 1807-1887;;;;;;CAM. 337//2 V.;CAM500;http://id.bnportugal.gov.pt/bib/catbnp/869409;Livre
6281;Recepção criativa - Tematização | 409;;;;;;;;;;;;;;;;;;;;;;;;;;;;;;;;;;;;;321750;https://purl.pt/44113;https://bndigital.bnportugal.gov.pt//i/?IIIF=/37/92/b6/d5/3792b6d5-58ad-4002-b4f9-04ceed684f58/iiif/cam-299-p_0000_000005.tif/full/!300,500/0/default.jpg;Livro impresso;Alemão;;Aus Portugal und Brasilien 1250-1890;Ausgewählte Gedichte;;1.ª ed.;Münster : Verlag von Heinrich Schöningh;1892;1892;XVI, 271, 1 p.;;;;Wilhelm Storck, 1829-1905, Compilador;;;L. 18798 P.;CAM500;http://id.bnportugal.gov.pt/bib/catbnp/321750;Livre
6282;Recepção criativa - Tematização | 409;;;;;;;;;;;;;;;;;;;;;;;;;;;;;;;;;;;;;321756;https://purl.pt/44033;https://bndigital.bnportugal.gov.pt//i/?IIIF=/70/be/ef/88/70beef88-9bbc-4c36-8a1f-3d782ff449eb/iiif/cam-301-p_0000_000007.tif/full/!300,500/0/default.jpg;Livro impresso;Português;;O Memorial de Camões;registo de anniversarios e lembranças;;1.ª ed.;Lisboa : Typographia da Companhia Nacional Editora;1892;1892;287, 1 p., 1 extratexto;;;;"José Fernandes Costa, 1848-1920, Compilador ; João Pedroso, 1823-1890, Ilustrador ; João Henrique Ulrich, 1851-1895, (Obsoleto)";;;CAM. 301 P.;CAM500;http://id.bnportugal.gov.pt/bib/catbnp/321756;Livre
6283;Recepção criativa - Tematização | 409;Vida - Ficção - Poesia | 16;;;;;;;;;;;;;;;;;;;;;;;;;;;;;;;;;;;;328278;https://purl.pt/44398;https://bndigital.bnportugal.gov.pt//i/?IIIF=/88/6d/cc/80/886dcc80-1bb5-4bf3-b1cc-f49246b29821/iiif/cam-369-p_0001.tif/full/!300,500/0/default.jpg;Livro impresso;Alemão;;Camoëns - Ein Dichterleben;roman in Vergen;;1.ª ed.;Leipzig : Verlag von Abel & Müller;1892;1892;6, 259 p.;Rydolf Bunge;;;;;;CAM. 369 P.;CAM500;http://id.bnportugal.gov.pt/bib/catbnp/328278;Livre
6284;Bibliografia crítica - Edições | 411;;;;;;;;;;;;;;;;;;;;;;;;;;;;;;;;;;;;;369996;https://purl.pt/44586;https://bndigital.bnportugal.gov.pt//i/?IIIF=/33/34/15/fa/333415fa-a514-4528-a2f0-0308319843af/iiif/cam-509-13-p_0001.tif/full/!300,500/0/default.jpg;Livro impresso;Francês;;A Camoens;;;Nouvelle édition;Paris : Alphonse Lemerre,éditeur;1892;1892;8 p.;Achille Millien;;;;;;CAM. 509//13 P.;CAM500;http://id.bnportugal.gov.pt/bib/catbnp/369996;Livre
6285;Tradução - Impressos - Obras individuais - Épica | 151;Tradução - Impressos - Obras individuais - Épica - Paratextos gerais | 152;;;;;;;;;;;;;;;;;;;;;;;;;;;;;;;;;;;Italiano;397763;https://purl.pt/33952;https://bndigital.bnportugal.gov.pt//i/?IIIF=/f6/d4/25/5f/f6d4255f-f3fe-421f-af9d-a6ff8e757597/iiif/cam-181-v_0000_000007.tif/full/!300,500/0/default.jpg;Livro impresso;"Hebraico antigo ; Português";;Inês de Castro;episode des Lusiades ...;;1.ª ed.;Lisbonne : Société de Géographie de Lisbonne;1892;1892;XI, 24 p.;Luís de Camões, 1524-1580;;;"Joseph Benoliel, 1873-1932, Tradutor ; Luciano Cordeiro, 1844-1900, Comentador (em meio audiovisual) ; Lazare Eliezer Wogue, 1817-1897, Comentador (em meio audiovisual) ; Louis-Adrien Du Perron de Castera, 1705-1752, Tradutor";;;CAM. 181 V.;;http://id.bnportugal.gov.pt/bib/catbnp/397763;Livre
6286;Tradução - Impressos - Obras individuais - Épica | 151;Tradução - Impressos - Obras individuais - Épica - Paratextos gerais | 152;Tradução - Impressos - Obras individuais - Épica - Paratextos notas | 155;Iconografia - Impressos - Retrato de Camões | 372;Iconografia - Impressos - Figuras históricas | 390;;;;;;;;;;;;;;;;;;;;;;;;;;;;;;;;;454832;https://purl.pt/25642;https://bndigital.bnportugal.gov.pt//i/?IIIF=/ae/ef/95/e8/aeef95e8-e244-42a4-8baf-908a0f8f4dbb/iiif/454832_0000_1-2_t24-C-R0150_000001.tif/full/!300,500/0/default.jpg;Livro impresso;Português;;Luiz de Camões;glosa camoneana;;1.ª ed.;S.l. : s.n.;1892;1892;;;;"Antero de Quental, 1842-1891 ; Joaquim de Araújo, 1858-1917";;;;CAM. 399//4 V.;;http://id.bnportugal.gov.pt/bib/catbnp/454832;Livre
6287;Vida - Ficção - Narrativa | 15;Figuras Femininas - Autoras (produção escrita sobre Camões) | 552;Iconografia - Impressos - Em torno de Camões | 374;;;;;;;;;;;;;;;;;;;;;;;;;;;;;;;;;;;397656;https://purl.pt/43901;https://bndigital.bnportugal.gov.pt//i/?IIIF=/02/5f/f5/2f/025ff52f-4b1f-457c-925c-069ce2ad7a68/iiif/cam-78-v_0013.tif/full/!300,500/0/default.jpg;Livro impresso;Latim;Português;Carmina;;;1.ª ed.;Olisipone : In Publica Typorum Officina : António Augusto de Carvalho Monteiro;1892;1892;84, 4 p.;António Lopes dos Santos Valente, 1839-1896;;;António Augusto de Carvalho Monteiro, 1850-1920, Editor comercial;;;CAM. 78 V.;CAM500;http://id.bnportugal.gov.pt/bib/catbnp/397656;Livre
6288;Obra - Impressos - Obras (avulsas) - Épica | 23;;;;;;;;;;;;;;;;;;;;;;;;;;;;;;;;;;;;;380837;https://purl.pt/44627;https://bndigital.bnportugal.gov.pt//i/?IIIF=/ac/11/5a/5a/ac115a5a-3aeb-477b-8e46-cda38ac5d65f/iiif/cam-539-12-p_0001.tif/full/!300,500/0/default.jpg;Livro impresso;Português;;A mãe de Camões;A propósito da opinião do Sr. Wilhelm Storck;;1.ª ed.;Lisboa : Empresa do Ocidente;1892;1892;"35 p. ;20 cm";Ramos Coelho, 1832-1914;;;;;;CAM. 153//6 V.;CAM500;http://id.bnportugal.gov.pt/bib/catbnp/380837;Livre
6289;Obra - Impressos - Obras (avulsas) - Épica | 23;Obra - Impressos - Paratextos - Obras (avulsas) - Épica - Argumentos | 105;;;;;;;;;;;;;;;;;;;;;;;;;;;;;;;;;;;;874191;https://purl.pt/44675;https://bndigital.bnportugal.gov.pt//i/?IIIF=/a0/63/83/e3/a06383e3-edcd-485a-98fc-dafc1c281033/iiif/cam-543-v_0003.tif/full/!300,500/0/default.jpg;Livro impresso;Francês;;Art camonien;lettre a Mr. Joaquim de Araujo;;1.ª ed.;Porto : Redacção do Circulo Camoniano;1892;1892;13 p., 1 est.;Platon L'vovich Vaksel, 1844-1918;;;Joaquim de Araújo, 1858-1917, Antecedente bibliográfico;;;CAM. 543 V.;CAM500;http://id.bnportugal.gov.pt/bib/catbnp/874191;Livre
6290;Tradução - Impressos - Composições soltas e fragmentos - Épica | 229;Tradução - Impressos - Composições soltas e fragmentos - Épica - Paratextos gerais | 230;Tradução - Impressos - Composições soltas e fragmentos - Épica - Paratextos notas | 233;;;;;;;;;;;;;;;;;;;;;;;;;;;;;;;;;;;831967;https://purl.pt/32557;https://bndigital.bnportugal.gov.pt//i/?IIIF=/8c/4b/43/42/8c4b4342-3db6-4b01-96fa-189baa304d10/iiif/l-11985-18-v_0000_000005.tif/full/!300,500/0/default.jpg;Livro impresso;Português;;Passos dos Lusíadas estudados à luz da mitolojía sic e do orientalismo...;;;1.ª ed.;Lisboa : Imp. Nacional;1892;1892;7, 1 br., 85, 3 p., 2 il. extratexto;Guilherme de Vasconcelos Abreu, 1842-1907;;;Ernesto Jardim de Vilhena, 1876-1967, Antigo possuidor;;Congresso Internacional dos Orientalistas, Organizador de conferência;H.G. 7379//1 V.;;http://id.bnportugal.gov.pt/bib/catbnp/831967;Livre
6291;Tradução - Impressos - Antologia - Lírica - Paratextos gerais | 209;Tradução - Impressos - Antologia - Lírica - Paratextos vida | 210;Tradução - Impressos - Antologia - Lírica - Paratextos notas | 212;Tradução - Impressos - Composições soltas e fragmentos - Épica - Paratextos gerais | 230;Iconografia - Impressos - Retrato de Camões | 372;;;;;;;;;;;;;;;;;;;;;;;;;;;;;;;; Francês e Inglês;397818;https://purl.pt/43426;https://bndigital.bnportugal.gov.pt//i/?IIIF=/58/13/66/39/58136639-f7f1-4612-94b8-d6a78a970d34/iiif/cam-707-p_0007.tif/full/!300,500/0/default.jpg;Livro impresso;Português;;Os Lusíadas;poema épico;;Nova ed., cuidadosamente revista;Lisboa : Livraria de António Maria Pereira;1891;1891;XVIII, 457 p., 2 est.;Luís de Camões, 1524-1580;;;Inocêncio Francisco da Silva, 1810-1876, Autor da introdução, etc.;;;CAM. 707 P.;CAM500;http://id.bnportugal.gov.pt/bib/catbnp/397818;Livre
6292;Tradução - Impressos - Obras individuais - Épica | 151;Tradução - Impressos - Obras individuais - Épica - Paratextos gerais | 152;Tradução - Impressos - Obras individuais - Épica - Paratextos vida | 153;Tradução - Impressos - Obras individuais - Épica - Paratextos argumentos | 154;Tradução - Impressos - Obras individuais - Épica - Paratextos notas | 155;Figuras Femininas - Autoras (produção escrita sobre Camões) | 552;;;;;;;;;;;;;;;;;;;;;;;;;;;;;;; Italiano;402917;https://purl.pt/43923;https://bndigital.bnportugal.gov.pt//i/?IIIF=/68/36/f7/0d/6836f70d-c35f-47cf-856b-993a65ff926c/iiif/cam-130-a_0000_000001.tif/full/!300,500/0/default.jpg;Livro impresso;Português;Alemão;Camoëns in Cintra;poemeto extrahido do livro Tag und Nachstucke;;1.ª ed.;Lisboa : M. Gomes, Livreiro-Editor;1891;1891;39, 1 p.;Adolf Friederich Graf von Schack, 1815-1894;;;Luís de Camões, 1524-1580, Antecedente bibliográfico;;;CAM. 71//1 A.;CAM500;http://id.bnportugal.gov.pt/bib/catbnp/402917;Livre
6293;Tradução - Impressos - Obras individuais - Épica - Paratextos gerais | 152;Tradução - Impressos - Obras individuais - Épica - Paratextos vida | 153;Tradução - Impressos - Obras individuais - Épica - Paratextos argumentos | 154;Tradução - Impressos - Obras individuais - Épica - Paratextos notas | 155;;;;;;;;;;;;;;;;;;;;;;;;;;;;;;;;;Italiano;415845;https://purl.pt/43909;https://bndigital.bnportugal.gov.pt//i/?IIIF=/5b/4c/74/fb/5b4c74fb-4cdd-4027-8fee-a72e59b07cdc/iiif/cam-97-a_0009.tif/full/!300,500/0/default.jpg;Livro impresso;Português;;Fr. Bartholomeu Ferreira o primeiro censor dos Lusiadas;subsidios para a historia litteraria do seculo XVI em Portugal;;1.ª ed.;Lisboa : Imprensa Nacional;1891;1891;237, 5 p., 2 extratextos;Sousa Viterbo, 1846-1910;;;;;;F. 1626;CAM500;http://id.bnportugal.gov.pt/bib/catbnp/415845;Livre
6294;Tradução - Impressos - Obras individuais - Épica | 151;Tradução - Impressos - Obras individuais - Épica - Paratextos gerais | 152;Tradução - Impressos - Obras individuais - Épica - Paratextos vida | 153;Tradução - Impressos - Obras individuais - Épica - Paratextos notas | 155;;;;;;;;;;;;;;;;;;;;;;;;;;;;;;;;;;852833;https://purl.pt/43927;https://bndigital.bnportugal.gov.pt//i/?IIIF=/7a/fb/76/79/7afb7679-f363-4b2d-8ae7-66b17a54fb04/iiif/cam-184-v_0000_000007.tif/full/!300,500/0/default.jpg;Livro impresso;Português;;O pranto de Camões;;;1.ª ed.;Porto : Livraria Civilisação;1891;1891;18 f.;Horácio de Araújo, fl. 1890-1893;;;;;;CAM. 184 V.;CAM500;http://id.bnportugal.gov.pt/bib/catbnp/852833;Livre
6295;Tradução - Impressos - Obras individuais - Épica | 151;Tradução - Impressos - Obras individuais - Épica - Paratextos gerais | 152;Tradução - Impressos - Obras individuais - Épica - Paratextos vida | 153;Tradução - Impressos - Obras individuais - Épica - Paratextos notas | 155;;;;;;;;;;;;;;;;;;;;;;;;;;;;;;;;;;852118;https://purl.pt/44991;https://bndigital.bnportugal.gov.pt//i/?IIIF=/af/27/80/ac/af2780ac-3f60-4b04-88c7-6d5af5454dc7/iiif/cam-1363-p_0007.tif/full/!300,500/0/default.jpg;Livro impresso;Português;;A morte de Portugal;Camoneana;;1.ª ed.;Porto : Typographia Occidental;1891;1891;12 f.;Valente de Magalhães, ca 18--;;;;;;CAM. 154//5 V.;CAM500;http://id.bnportugal.gov.pt/bib/catbnp/852118;Livre
6296;Recepção criativa - Tematização | 409;Tradução - Impressos - Composições soltas e fragmentos - Épica - Paratextos gerais | 230;Iconografia - Impressos - Portadas | 392;;;;;;;;;;;;;;;;;;;;;;;;;;;;;;;;;;;397552;https://purl.pt/45010;https://bndigital.bnportugal.gov.pt//i/?IIIF=/dd/ff/1a/d3/ddff1ad3-cecb-4f33-8bd4-d53fcc93689d/iiif/cam-1367-p_0007.tif/full/!300,500/0/default.jpg;Livro impresso;Português;;Camões e o sentimento...;;;1.ª ed.;Porto : Imp. Portuguesa;1891;1891;15 p.;Ariosto Machado, ca 18--;;;Júlio Lourenço Pinto, 1842-1907, Autor;;;CAM. 539//9 P.;CAM500;http://id.bnportugal.gov.pt/bib/catbnp/397552;Livre
6297;Tradução - Impressos - Composições soltas e fragmentos - Épica | 229;Tradução - Impressos - Composições soltas e fragmentos - Épica - Paratextos gerais | 230;;;;;;;;;;;;;;;;;;;;;;;;;;;;;;;;;;;;852125;https://purl.pt/44271;https://bndigital.bnportugal.gov.pt//i/?IIIF=/3c/e5/f0/a0/3ce5f0a0-122e-4c33-bf73-f524f685ac36/iiif/cam-155-2-v_0001.tif/full/!300,500/0/default.jpg;Livro impresso;Português;;Antonio Figueira Durão;um preito a Camões;;1.ª ed.;Porto : Círculo Camoneano;1891;1891;12 p.;Sousa Viterbo, 1846-1910;;;;;;CAM. 155//2 V.;CAM500;http://id.bnportugal.gov.pt/bib/catbnp/852125;Livre
6298;Tradução - Impressos - Composições soltas e fragmentos - Lírica - Paratextos gerais | 235;Figuras Femininas - Autoras (produção escrita sobre Camões) | 552;;;;;;;;;;;;;;;;;;;;;;;;;;;;;;;;;;;;852135;https://purl.pt/44204;https://bndigital.bnportugal.gov.pt//i/?IIIF=/31/d8/16/1e/31d8161e-06e7-4db2-99b3-9ccec0bf0fb6/iiif/cam-157-v_0000_000005.tif/full/!300,500/0/default.jpg;Livro impresso;Francês;;Catalogue trimestriel de livres rares de toutes langues sur Camoens, ses oeuvres, ses nombreux commentateurs...;;;1.ª ed.;Paris : Libr. de S. Pitrot;1891;1891;;;;;;;;CAM. 157 V.;CAM500;http://id.bnportugal.gov.pt/bib/catbnp/852135;Livre
6299;Tradução - Impressos - Obras individuais - Épica | 151;Tradução - Impressos - Obras individuais - Épica - Paratextos gerais | 152;Tradução - Impressos - Obras individuais - Épica - Paratextos vida | 153;Tradução - Impressos - Obras individuais - Épica - Paratextos argumentos | 154;Figuras Femininas - Autoras (produção escrita sobre Camões) | 552;;;;;;;;;;;;;;;;;;;;;;;;;;;;;;;; Italiano;86944;https://purl.pt/44211;https://bndigital.bnportugal.gov.pt//i/?IIIF=/d3/b5/be/87/d3b5be87-0999-44c4-9850-58d8c5d7cdd6/iiif/cam-162-3-v_0000_000001.tif/full/!300,500/0/default.jpg;Livro impresso;Português;;Supplemento 2º ao Catalogo da Camoneana da Bibliotheca Publica Municipal do Porto;ou Fasciculo 3º da mesma Camoneana;;1.ª ed.;Porto : Imprensa Civilisação;1891;1891;29, 5 p.;;;;;;Porto. Biblioteca Pública Municipal, Editor literário;B. 8899 V.;CAM500;http://id.bnportugal.gov.pt/bib/catbnp/86944;Livre
6300;Vida - Ficção - Narrativa | 15;Recepção criativa - Tematização | 409;;;;;;;;;;;;;;;;;;;;;;;;;;;;;;;;;;;;196533;https://purl.pt/45087;https://bndigital.bnportugal.gov.pt//i/?IIIF=/d1/71/14/0e/d171140e-fb6f-4a58-b2da-153ad4fb8fe7/iiif/cam-1707-v_0001.tif/full/!300,500/0/default.jpg;Livro impresso;Italiano;;Luigi Camoens;"un re artista;";;2ª ed;Firenze : Tip. di A. Ciardelli;1891;1891;39 p.;Carlo Catanzaro, 1852-?;;;;;;CAM. 153//5 V.;CAM500;http://id.bnportugal.gov.pt/bib/catbnp/196533;Livre
6301;Iconografia - Impressos - Imagens de Camões | 373;;;;;;;;;;;;;;;;;;;;;;;;;;;;;;;;;;;;;330544;https://purl.pt/44555;https://bndigital.bnportugal.gov.pt//i/?IIIF=/6e/8b/bb/30/6e8bbb30-59dd-4f1d-9845-a6c7460a5b1c/iiif/cam-432-p_0005.tif/full/!300,500/0/default.jpg;Livro impresso;Português;;Camões e o sentimento nacional;;;1.ª ed.;Porto : Livraria Internacional de Ernesto Chardron : Lugan & Geneclioux;1891;1891;VII, 1, 324 p.;Teófilo Braga, 1843-1924;;;;;;J.S. 6039;CAM500;http://id.bnportugal.gov.pt/bib/catbnp/330544;Livre
6302;Tradução - Impressos - Obras individuais - Épica | 151;Tradução - Impressos - Obras individuais - Épica - Paratextos gerais | 152;Tradução - Impressos - Obras individuais - Épica - Paratextos notas | 155;;;;;;;;;;;;;;;;;;;;;;;;;;;;;;;;;;;330555;https://purl.pt/44548;https://bndigital.bnportugal.gov.pt//i/?IIIF=/10/77/b8/a9/1077b8a9-85bf-488f-824a-2f30f033fd46/iiif/cam-434-p_0005.tif/full/!300,500/0/default.jpg;Livro impresso;Português;;Camoes os Lusíadas e a renascença em Portugal;;;1.ª ed.;Porto : Livraria Internacional de Ernesto Chardron : Lugan & Genelioux, Suc.,;1891;1891;XII, 324 p.;Oliveira Martins, 1845-1894;;;;;;CAM. 434 P.;CAM500;http://id.bnportugal.gov.pt/bib/catbnp/330555;Livre
6303;Bibliografia crítica - Polémica e discussão | 417;Obra - Impressos - Paratextos - Obras (avulsas) - Outros | 119;;;;;;;;;;;;;;;;;;;;;;;;;;;;;;;;;;;;367269;https://purl.pt/44549;https://bndigital.bnportugal.gov.pt//i/?IIIF=/2e/f8/fe/b1/2ef8feb1-3e2f-4145-bcf0-ee8d31a29b9e/iiif/cam-443-p_0009.tif/full/!300,500/0/default.jpg;Livro impresso;Português;;A estatua do poeta;ode nacional;;1.ª ed.;Porto : Typ. Antonio José da Silva Teixeira;1891;1891;14, 1 p.;Joaquim de Araújo, 1858-1917;;;;;;L. 33171//15 P.;CAM500;http://id.bnportugal.gov.pt/bib/catbnp/367269;Livre
6304;Obra - Impressos - Obras (conjunto) - Épica | 46;Obra - Impressos - Obras (conjunto) - Lírica | 47;Obra - Impressos - Obras (conjunto) - Teatro | 61;Obra - Impressos - Obras (conjunto) - Cartas | 63;Obra - Impressos - Paratextos - Obras - Épica | 121;Obra - Impressos - Paratextos - Obras - Lírica | 125;Obra - Impressos - Paratextos - Obras - Teatro | 129;Iconografia - Impressos - Retrato de Camões | 372;Obra - Impressos - Obras (conjunto) - Lírica - Soneto | 58;Obra - Impressos - Obras (conjunto) - Lírica - Écloga | 50;Obra - Impressos - Obras (conjunto) - Lírica - Canção | 48;Obra - Impressos - Obras (conjunto) - Lírica - Ode | 55;Obra - Impressos - Obras (conjunto) - Lírica - Sextina | 57;Obra - Impressos - Obras (conjunto) - Lírica - Elegia | 51;Obra - Impressos - Obras (conjunto) - Lírica - Oitavas | 56;Obra - Impressos - Obras (conjunto) - Lírica - Mote | 54;Obra - Impressos - Obras (conjunto) - Lírica - Cantiga | 49;Obra - Impressos - Obras (conjunto) - Lírica - Vilancete | 60;Obra - Impressos - Obras (conjunto) - Lírica - Endechas | 52;;Obra - Impressos - Obras (avulsas) - Lírica - Martírio de Santa Úrsula | 40;Obra - Impressos - Obras (conjunto) - Lírica - Redondilhas | 59;Obra - Impressos - Obras (conjunto) - Lírica - Esparsas | 53;Obra - Impressos - Paratextos - Obras - Épica - Vida | 122;Obra - Impressos - Paratextos - Obras - Épica - Notas | 124;;;;;;;;;;;;;465156;https://purl.pt/44729;https://bndigital.bnportugal.gov.pt//i/?IIIF=/3c/e5/f1/ea/3ce5f1ea-dd2a-46be-96db-9f206a50cca4/iiif/cam-633-v_0001.tif/full/!300,500/0/default.jpg;Livro impresso;Português;;Discurso;lido na sessão da Sociedade Nacional Camoniana 10 de Junho de 1891;;1.ª ed.;Lisboa : Círculo Camoniano;1891;1891;13 p,; Samodães, 1828-1918;;;;;;L. 11934//14 V.;CAM500;http://id.bnportugal.gov.pt/bib/catbnp/465156;Livre
6305;Recepção criativa - Paródia | 407;;;;;;;;;;;;;;;;;;;;;;;;;;;;;;;;;;;;;403174;https://purl.pt/43889;https://bndigital.bnportugal.gov.pt//i/?IIIF=/29/a6/31/a4/29a631a4-c540-4afe-950a-16d0e8d24e96/iiif/cam-71-3-a_0003.tif/full/!300,500/0/default.jpg;Livro impresso;Alemão;;Camões Studien.;Allgemeiner Teil;;1.ª ed.;Cöthen : druck von Paul Schettlers Erben;1890;1890;26 de 60, 2 p.;Gotthold Menze;;;Luís de Camões, 1524-1580, Antecedente bibliográfico;;;CAM. 71//3 A.;CAM500;http://id.bnportugal.gov.pt/bib/catbnp/403174;Livre
6306;Recepção criativa - Centão [Cintra] | 408;;;;;;;;;;;;;;;;;;;;;;;;;;;;;;;;;;;;;458290;https://purl.pt/43921;https://bndigital.bnportugal.gov.pt//i/?IIIF=/3d/ef/d5/dc/3defd5dc-8364-472f-9969-dc10b3471470/iiif/cam-129-a_0000_000011.tif/full/!300,500/0/default.jpg;Livro impresso;"Português ; Francês";Português;A ilha de Venus;episodio extrahido do nono canto dos Lusiadas;;1.ª ed.;Porto : Livraria Camões de Fernandes Possas;1890;1890;VII, 1 br., 38, 2 p.;Luís de Camões, 1524-1580;;;"P. L. M. Baour-Lormian, 1770-1854, Tradutor ; M. Parsival Grandmaison, Tradutor ; Brito Aranha, 1833-1914, Antigo possuidor";;;CAM. 129 A.;CAM500;http://id.bnportugal.gov.pt/bib/catbnp/458290;Livre
6307;Recepção criativa - Tematização | 409;;;;;;;;;;;;;;;;;;;;;;;;;;;;;;;;;;;;;709129;https://purl.pt/6844;https://bndigital.bnportugal.gov.pt//i/?IIIF=/d5/4a/55/8b/d54a558b-4168-4ce9-95b6-7b9ac715137f/iiif/e-274-a_0000_000001.tif/full/!300,500/0/default.jpg;Iconografia;Português;;Vasco da Gama apresenta a D. Manuel as primicias da India;Entraram pela foz do Tejo ameno... Lusiadas, canto X, est. 144;;1.ª ed.;"Lisboa ; : João Romano Torres";1890;1890;1 imagem;;;;"Luís de Camões, 1524-1580, Autor em citações ou excertos de textos ; José Pires Marinho, 1857-1929?, Técnico gráfico ; João Romano Torres, 1855-1935, Editor comercial";;;PURL 6844/0;;http://id.bnportugal.gov.pt/bib/catbnp/709129;Livre
6308;Obra - Impressos - Composições soltas e fragmentos - Épica - Episódio | 67;;;;;;;;;;;;;;;;;;;;;;;;;;;;;;;;;;;;;808492;https://purl.pt/43890;https://bndigital.bnportugal.gov.pt//i/?IIIF=/4f/fe/fd/43/4ffefd43-f207-403f-a536-b67f75d44c61/iiif/cam-74-1-v_0001.tif/full/!300,500/0/default.jpg;Livro impresso;Português;;Esboço critico da traducção franceza, em verso rimado dos Lusiadas por Hyacinthe Garin;;;1.ª ed.;Lisboa : Editor - M. Franco;1890;1890;15, 1 br. p.;Carlos Sertório;;;Hyacinthe Garin, Antecedente bibliográfico;;;CAM. 74//1 V.;CAM500;http://id.bnportugal.gov.pt/bib/catbnp/808492;Livre
6309;Obra - Impressos - Composições soltas e fragmentos - Épica - Episódio | 67;;;;;;;;;;;;;;;;;;;;;;;;;;;;;;;;;;;;;808502;https://purl.pt/42915;https://bndigital.bnportugal.gov.pt//i/?IIIF=/91/4d/83/ce/914d83ce-db92-46b6-90a3-a93497ddbc41/iiif/cam-79-v_0000_000005.tif/full/!300,500/0/default.jpg;Livro impresso;"Português ; Italiano";Português;Poesias de Luiz de Camões e outros;;;1.ª ed.;Lisboa : Impr. Nacional;1890;1890;2 v.;;;Luís de Camões, 1524-1580;Prospero Peragallo, 1823-1916, Tradutor;;;CAM. 79 V.;CAM500;http://id.bnportugal.gov.pt/bib/catbnp/808502;Livre
6310;Obra - Impressos - Obras (avulsas) - Épica | 23;Obra - Impressos - Estrofes rejeitadas d’Os Lusíadas | 86;Obra - Impressos - Paratextos - Obras (avulsas) - Épica | 103;Obra - Impressos - Paratextos - Obras (avulsas) - Épica - Vida | 104;Obra - Impressos - Paratextos - Obras (avulsas) - Épica - Argumentos | 105;Iconografia - Impressos - Retrato de Camões | 372;Iconografia - Impressos - Ilustrações da obra | 376;;;;;;;;;;;;;;;;;;;;;;;;;;;;;;;814311;https://purl.pt/43886;https://bndigital.bnportugal.gov.pt//i/?IIIF=/87/da/fd/a7/87dafda7-9d6f-4a02-857c-0859d63cb041/iiif/cam-437-v_0000_000001.tif/full/!300,500/0/default.jpg;Livro impresso;Português;;Manuel Correia de Montenegro;um corrector de Camões;;1.ª ed.;Coimbra : Imp. da Universidade;1890;1890;19, 1 br. p.;Sousa Viterbo, 1846-1910;;;;;;B.A.D. 1983 V.;CAM500;http://id.bnportugal.gov.pt/bib/catbnp/814311;Livre
6311;Obra - Impressos - Obras (avulsas) - Épica | 23;Iconografia - Impressos - Retrato de Camões | 372;Iconografia - Impressos - Ilustrações da obra | 376;Iconografia - Impressos - Imagens de Camões | 373;;;;;;;;;;;;;;;;;;;;;;;;;;;;;;;;;;852108;https://purl.pt/43884;https://bndigital.bnportugal.gov.pt//i/?IIIF=/f5/b6/01/04/f5b60104-9a74-407a-acca-e64668356f54/iiif/cam-153-4-v_0000_000001.tif/full/!300,500/0/default.jpg;Livro impresso;Português;;O texto dos Lusiadas segundo as ideias do Snr. Fr. Gomes de Amorim;esboço de critica philologica;;1.ª ed.;Porto : Livraria Portuense de Lopes & C.;1890;1890;70, 2 br. p.;José Leite de Vasconcelos, 1858-1941;;;;;;CAM. 153//4 V.;CAM500;http://id.bnportugal.gov.pt/bib/catbnp/852108;Livre
6312;Obra - Impressos - Obras (avulsas) - Épica | 23;Obra - Impressos - Paratextos - Obras (avulsas) - Épica | 103;Obra - Impressos - Paratextos - Obras (avulsas) - Épica - Vida | 104;Obra - Impressos - Paratextos - Obras (avulsas) - Épica - Notas | 106;Iconografia - Impressos - Retrato de Camões | 372;;;;;;;;;;;;;;;;;;;;;;;;;;;;;;;;;874327;https://purl.pt/43876;https://bndigital.bnportugal.gov.pt//i/?IIIF=/fc/4a/4e/ae/fc4a4eae-d17b-452f-bacc-9d746943ce50/iiif/cam-75-2-v_0000_000001.tif/full/!300,500/0/default.jpg;Livro impresso;Francês;;Épisode dInês de Castro, imité du portugais, de Camoens;;;1.ª ed.;Porto : Circulo Camoniano;1890;1890;8 p.;Antoine de Cournand;;;Aníbal Fernandes Tomás, 1849-1911;;;CAM. 75//2 V.;CAM500;http://id.bnportugal.gov.pt/bib/catbnp/874327;Livre
6313;Obra - Impressos - Obras (avulsas) - Épica | 23;Obra - Impressos - Paratextos - Obras (avulsas) - Épica - Argumentos | 105;;;;;;;;;;;;;;;;;;;;;;;;;;;;;;;;;;;;931586;https://purl.pt/43561;https://bndigital.bnportugal.gov.pt//i/?IIIF=/9c/66/7e/93/9c667e93-bd4b-41e5-a06b-b0d8bc6a589f/iiif/e-192-r_0000_000001.tif/full/!300,500/0/default.jpg;Iconografia;;;Luís de Camões;;;1.ª ed.;S.l. : s.n.;1890;1890;1 rep. de obra de arte;;;;;;;E. 192 R.;CAM500;http://id.bnportugal.gov.pt/bib/catbnp/931586;Livre
6314;Tradução - Impressos - Composições soltas e fragmentos - Épica | 229;Tradução - Impressos - Obras individuais - Épica - Paratextos gerais | 152;;;;;;;;;;;;;;;;;;;;;;;;;;;;;;;;;;;;1073898;https://purl.pt/43437;https://bndigital.bnportugal.gov.pt//i/?IIIF=/42/12/cf/e0/4212cfe0-f4bb-47af-a836-00a852dac939/iiif/cam-1911-v_0005.tif/full/!300,500/0/default.jpg;Livro impresso;Português;;Versão latina do soneto de Camões, Alma minha gentil, que te partiste;antecedendo-a duas linhas exordiaes;;1.ª ed.;Braga : s.n.;1890;1890;74 p.;José Joaquim da Silva Pereira Caldas, 1818-1903;;;;;;CAM. 1911 V.;CAM500;http://id.bnportugal.gov.pt/bib/catbnp/1073898;Livre
6315;Vida - Ficção - Drama | 17;Vida - Ficção - Poesia | 16;Recepção criativa - Tematização | 409;;;;;;;;;;;;;;;;;;;;;;;;;;;;;;;;;;;1075896;https://purl.pt/43382;https://bndigital.bnportugal.gov.pt//i/?IIIF=/28/23/84/83/28238483-7ee6-4b0a-84fe-6b00c0b15e7e/iiif/cam-1476-p_0007.tif/full/!300,500/0/default.jpg;Livro impresso;Francês;;Les Lusiades;;;1.ª ed.;Paris : Henri Gautier;1890;1890;36 p.;;;;Charles Simond, 1837-1916, Editor literário;;;CAM. 1476 P.;CAM500;http://id.bnportugal.gov.pt/bib/catbnp/1075896;Livre
6316;Vida - Biografia | 13;Iconografia - Impressos - Imagens de Camões | 373;;;;;;;;;;;;;;;;;;;;;;;;;;;;;;;;;;;;1381028;https://purl.pt/13722;https://bndigital.bnportugal.gov.pt//i/?IIIF=/24/1a/20/23/241a2023-5c24-445d-a049-5ba8d80cace3/iiif/e-50-p_0000_000001.tif/full/!300,500/0/default.jpg;Iconografia;Português;;Luís de Camões;dequelle cuia lyra sonorosa será mais affamada que ditosa;;1.ª ed.;S.l. : s.n.;1890;1890;1 imagem;;;"François Gérard, 1770-1837, Antecedente bibliográfico ; L. Visconti, ca 1817, Antecedente bibliográfico";Étienne Frédéric Lignon, 1779-1833, Antecedente bibliográfico;;;PURL 13722/0;CAM500;http://id.bnportugal.gov.pt/bib/catbnp/1381028;Livre
6317;Recepção criativa - Tematização | 409;Vida - Ficção - Drama | 17;Vida - Ficção - Poesia | 16;;;;;;;;;;;;;;;;;;;;;;;;;;;;;;;;;;;1891325;https://purl.pt/43559;https://bndigital.bnportugal.gov.pt//i/?IIIF=/4d/0f/18/76/4d0f1876-73ce-4910-adfa-0eaa756f89f0/iiif/e-160-pq_0000_000001.tif/full/!300,500/0/default.jpg;Iconografia;Português;;"A leitura dos ""Lusíadas""";aguarela de Roque Gameiro;;1.ª ed.;S.l. : s.n.;1890;1890;1 gravura;;;;"José Pires Marinho, 1857-1929?, Gravador em madeira ; Alfredo Roque Gameiro, 1864-1935, Nome associado";;;E. 160 PQ.;CAM500;http://id.bnportugal.gov.pt/bib/catbnp/1891325;Livre
6318;Tradução - Impressos - Composições soltas e fragmentos - Épica | 229;Tradução - Impressos - Composições soltas e fragmentos - Épica - Paratextos gerais | 230;Tradução - Impressos - Composições soltas e fragmentos - Épica - Paratextos notas | 233;;;;;;;;;;;;;;;;;;;;;;;;;;;;;;;;;;;852098;https://purl.pt/44203;https://bndigital.bnportugal.gov.pt//i/?IIIF=/4d/ef/0f/e6/4def0fe6-cdf4-4f80-8109-2c26ff1f99a1/iiif/cam-146-3-v_0000_000001.tif/full/!300,500/0/default.jpg;Livro impresso;Português;;Catalogo de livros antigos e modernos, alguns muito raros e pela maior parte não vulgares e curiosos...;;;1.ª ed.;Lisboa : Typographia Comercial;1890;1890;2, 76 p.;;;;;;;B. 8667 V.;CAM500;http://id.bnportugal.gov.pt/bib/catbnp/852098;Livre
6319;Recepção criativa - Tematização | 409;Vida - Ficção - Poesia | 16;;;;;;;;;;;;;;;;;;;;;;;;;;;;;;;;;;;;852124;https://purl.pt/44269;https://bndigital.bnportugal.gov.pt//i/?IIIF=/ba/d7/a3/02/bad7a302-75b3-4ff9-b607-7b7f042b7268/iiif/cam-155-1-v_0001.tif/full/!300,500/0/default.jpg;Livro impresso;Português;;Camões em Hespanha;;;1.ª ed.;Porto : Círculo Camoneano;1890;1890;14 p.;Sousa Viterbo, 1846-1910;;;;;;L. 20217 V.;CAM500;http://id.bnportugal.gov.pt/bib/catbnp/852124;Livre
6320;Bibliografia crítica - Comentários | 414;Bibliografia crítica - Polémica e discussão | 417;;;;;;;;;;;;;;;;;;;;;;;;;;;;;;;;;;;;865324;https://purl.pt/45112;https://bndigital.bnportugal.gov.pt//i/?IIIF=/cf/e8/d1/bf/cfe8d1bf-3d4f-4d8b-87eb-719f075ebe0a/iiif/cam-1983-v_0005.tif/full/!300,500/0/default.jpg;Livro impresso;Português;;Homenagem a Camões;;;1.ª ed.;Lisboa : typ. da Academia Real das Sciencias;1890;1890;37, 2 p.;Ramos Coelho, 1832-1914;;;;;Portugal. Academia das Ciências de Lisboa. Tipografia, Impressor;CAM. 286//5 V.;CAM500;http://id.bnportugal.gov.pt/bib/catbnp/865324;Livre
6321;Iconografia - Impressos - Retrato de Camões | 372;;;;;;;;;;;;;;;;;;;;;;;;;;;;;;;;;;;;;259944;https://purl.pt/44352;https://bndigital.bnportugal.gov.pt//i/?IIIF=/11/a9/d2/be/11a9d2be-f8aa-444d-87e2-138f6cd5e768/iiif/cam-277-p_0005.tif/full/!300,500/0/default.jpg;Livro impresso;Polaco;;Luziady;Epos W dziesieciu piesniach Z oryginalu portugalskiego;;1.ª ed.;Warszawa : Wlasnósc naklad i druk S. Lewentala;1890;1890;271, 1 p.;Luís de Camões, 1524-1580;;;;;;CAM. 277 P.;CAM500;http://id.bnportugal.gov.pt/bib/catbnp/259944;Livre
6322;Obra - Impressos - Obras (avulsas) - Épica | 23;Obra - Impressos - Estrofes rejeitadas d’Os Lusíadas | 86;Obra - Impressos - Paratextos - Obras (avulsas) - Épica | 103;Obra - Impressos - Paratextos - Obras (avulsas) - Épica - Vida | 104;Obra - Impressos - Paratextos - Obras (avulsas) - Épica - Notas | 106;Iconografia - Impressos - Retrato de Camões | 372;Iconografia - Impressos - Figuras históricas | 390;;;;;;;;;;;;;;;;;;;;;;;;;;;;;;;328287;https://purl.pt/44391;https://bndigital.bnportugal.gov.pt//i/?IIIF=/15/23/5f/3f/15235f3f-7c71-4ad7-86dd-6ee4456a6b99/iiif/cam-370-p_0005.tif/full/!300,500/0/default.jpg;Livro impresso;Português;;Sonetos de amor de Luís de Camões;com uma notícia biográfica do poeta;;1.ª ed.;Lisboa : Companhia Nacional Editora;1890;1890;128 p.;Luís de Camões, 1524-1580;;;;;;L. 56431//1 P.;CAM500;http://id.bnportugal.gov.pt/bib/catbnp/328287;Livre
6323;Iconografia - Impressos - Imagens de Camões | 373;;;;;;;;;;;;;;;;;;;;;;;;;;;;;;;;;;;;;328901;https://purl.pt/44441;https://bndigital.bnportugal.gov.pt//i/?IIIF=/eb/77/fa/66/eb77fa66-9157-4355-b265-307b86a1f551/iiif/cam-372-p_0005.tif/full/!300,500/0/default.jpg;Livro impresso;Alemão;;Luis de Camoens Leben. Nebst Geschichtlicher Einleitung;;;1.ª ed.;Paderborn : Druck und Verlag von Ferdinand Schöningh;1890;1890;"XVI, 702 p. ;18 cm";Wilhelm Storck, 1829-1905;;;;;;CAM. 372 P.;CAM500;http://id.bnportugal.gov.pt/bib/catbnp/328901;Livre
6324;Obra - Impressos - Obras (avulsas) - Épica | 23;Obra - Impressos - Paratextos - Obras (avulsas) - Épica | 103;Obra - Impressos - Paratextos - Obras (avulsas) - Épica - Notas | 106;Iconografia - Impressos - Retrato de Camões | 372;Iconografia - Impressos - Ilustrações da obra | 376;Iconografia - Impressos - Portadas | 392;;;;;;;;;;;;;;;;;;;;;;;;;;;;;;;;458062;https://purl.pt/44590;https://bndigital.bnportugal.gov.pt//i/?IIIF=/aa/23/16/bf/aa2316bf-270d-4898-8b3c-ff3ad38f001b/iiif/cam-506-v_0005.tif/full/!300,500/0/default.jpg;Livro impresso;Português;;"Paralello entre Camões e Cervantes ""assim em rasgos peculiares de glorias e venturas como em lances deploraveis...""";;;1.ª ed.;Braga : Typographia Camöes;1890;1890;8 p.;José Joaquim da Silva Pereira Caldas, 1818-1903;;;;;;CAM. 506 V.;CAM500;http://id.bnportugal.gov.pt/bib/catbnp/458062;Livre
6325;Bibliografia crítica - Estudo | 418;Obra - Impressos - Paratextos - Obras (avulsas) - Outros | 119;;;;;;;;;;;;;;;;;;;;;;;;;;;;;;;;;;;;397738;https://purl.pt/44021;https://bndigital.bnportugal.gov.pt//i/?IIIF=/7a/48/12/0d/7a48120d-61d5-4acf-832d-4cffe543bb5f/iiif/cam-75-3-v_0000_000001.tif/full/!300,500/0/default.jpg;Livro impresso;Português;;"Versão latina do soneto de Camões ""Alma minha gentil, que te partiste""";;;1.ª ed.;Braga : s.n.;1890;1890;74 p.;Luís de Camões, 1524-1580;;;José Joaquim da Silva Pereira Caldas, 1818-1903, Editor literário;;;CAM. 75//3 V.;CAM500;http://id.bnportugal.gov.pt/bib/catbnp/397738;Livre
6326;Iconografia - Impressos - Retrato de Camões | 372;;;;;;;;;;;;;;;;;;;;;;;;;;;;;;;;;;;;;381444;https://purl.pt/37883;https://bndigital.bnportugal.gov.pt//i/?IIIF=/c8/a6/98/5b/c8a6985b-4c45-4a5c-a72e-2251665ada36/iiif/cam-29-a_0000_000009.tif/full/!300,500/0/default.jpg;Livro impresso;Português;;Os Lusiadas;;;1.ª ed.;"Paris ; ; Lisboa : Guillard Aillaud & C editores";1890;1890;317, XLIII p.;Luís de Camões, 1524-1580;;;"Abílio Augusto da Fonseca Pinto, 1830-1893, Editor literário ; Alfred Bramtot, 1852-1894, Ilustrador ; Paulin Bord, fl. 1890, Ilustrador ; António Alberto Marinho Duarte de Sousa, 1896-1950, Antigo possuidor";;;CAM. 28 A.;;http://id.bnportugal.gov.pt/bib/catbnp/381444;Livre
6327;Iconografia - Impressos - Retrato de Camões | 372;;;;;;;;;;;;;;;;;;;;;;;;;;;;;;;;;;;;Artista Francês;709123;https://purl.pt/6946;https://bndigital.bnportugal.gov.pt//i/?IIIF=/e8/a9/9e/88/e8a99e88-5d8a-43a0-a100-ccdff9663422/iiif/e-272-a_0000_000001.tif/full/!300,500/0/default.jpg;Iconografia;Português;;A nympha Thetis recebe Vasco da Gama na ilha dos amores;Desta arte em fim conformes já as formosas... Lusiadas, canto IX, est. 84;;1.ª ed.;Lisboa : João Romano Torres;1890;1890;1 imagem;;;;"Luís de Camões, 1524-1580, Autor em citações ou excertos de textos ; José Pires Marinho, 1857-1929?, Técnico gráfico ; João Romano Torres, 1855-1935, Editor comercial";;;PURL 6946/0;;http://id.bnportugal.gov.pt/bib/catbnp/709123;Livre
6328;Iconografia - Impressos - Retrato de Camões | 372;Iconografia - Impressos - Imagens de Camões | 373;;;;;;;;;;;;;;;;;;;;;;;;;;;;;;;;;;;Artista Francês;780537;https://purl.pt/44734;https://bndigital.bnportugal.gov.pt//i/?IIIF=/67/3e/b0/1a/673eb01a-1320-4002-b3ee-ac2e51ebe3e6/iiif/cam-693-p_0007.tif/full/!300,500/0/default.jpg;Livro impresso;Alemão;Português;Camoens;Gedicht in zehn Gesängen;;1.ª ed.;Stuttgart : J. G. Cotta'schen;1890;1890;XVI, 172 p.;Almeida Garrett, 1799-1854;;;Adolf Friederich Graf von Schack, 1815-1894, Tradutor;;;CAM. 693 P.;CAM500;http://id.bnportugal.gov.pt/bib/catbnp/780537;Livre
6329;Recepção criativa - Tematização | 409;;;;;;;;;;;;;;;;;;;;;;;;;;;;;;;;;;;;;397855;https://purl.pt/44671;https://bndigital.bnportugal.gov.pt//i/?IIIF=/35/4d/2b/9c/354d2b9c-1cb5-439d-837c-7cf7a957ef5f/iiif/cam-600-v_0001.tif/full/!300,500/0/default.jpg;Livro impresso;Português;;Novas poesias;;;1.ª ed.;Porto : J. A. Alves Viana;1890;1890;14 p.;Luís de Camões, 1524-1580;;;J. A. Alves Viana, ca 18- -, Comentador de texto escrito;;;L. 14753 V.;CAM500;http://id.bnportugal.gov.pt/bib/catbnp/397855;Livre
6330;Vida - Biografia | 13;;;;;;;;;;;;;;;;;;;;;;;;;;;;;;;;;;;; Italiano;397878;https://purl.pt/44739;https://bndigital.bnportugal.gov.pt//i/?IIIF=/a9/00/f4/e8/a900f4e8-5a70-494b-a014-3ddb40bb2837/iiif/cam-659-8-v_0001.tif/full/!300,500/0/default.jpg;Livro impresso;Português;;Uma traducção hollandeza de Camões;;;1.ª ed.;Porto : Circulo Camoniano : Imprensa Moderna;1890;1890;8 p.;Luís de Camões, 1524-1580;;;"Theodorus Johannes Kerkhoven, Tradutor ; Aníbal Fernandes Tomás, 1849-1911, Autor da introdução, etc.";;;CAM. 659//8 V.;CAM500;http://id.bnportugal.gov.pt/bib/catbnp/397878;Livre
6331;Celebrações - 1880 - Periódicos | 471;;;;;;;;;;;;;;;;;;;;;;;;;;;;;;;;;;;;;330274;https://purl.pt/37926;https://bndigital.bnportugal.gov.pt//i/?IIIF=/d9/de/ac/11/d9deac11-8edd-495d-a996-79d5c42a00e6/iiif/cam-417-p_0000_000005.tif/full/!300,500/0/default.jpg;Livro impresso;Francês;;Le Portugal de Camões;suivi dune traduction française des stances contenues dans louvrage;;1.ª ed.;Paris : s. n.;1890;1890;X, 384, 3 p.;André Adolphe Daux;;;;;;CAM. 417 P.;;http://id.bnportugal.gov.pt/bib/catbnp/330274;Livre
6332;Tradução - Impressos - Obras (conjunto) - Épica - Paratextos gerais | 178;Tradução - Impressos - Antologia - Lírica - Paratextos gerais | 209;Tradução - Impressos - Obras (conjunto) - Épica - Paratextos argumentos | 180;Tradução - Impressos - Obras (conjunto) - Épica - Paratextos notas | 181;Tradução - Impressos - Antologia - Lírica - Paratextos notas | 212;Tradução - Impressos - Obras individuais - Épica - Paratextos vida | 153;;;;;;;;;;;;;;;;;;;;;;;;;;;;;;;;382834;https://purl.pt/43815;https://bndigital.bnportugal.gov.pt//i/?IIIF=/b6/d0/71/c6/b6d071c6-e05d-4c17-96b2-07a62e35fb7f/iiif/cam-82-1-v_0000_000005.tif/full/!300,500/0/default.jpg;Livro impresso;Português;;Comemoração gloriosa da morte de Luiz de Camões 10 de Junho de 1889;;;1.ª ed.;Evora : Minerva Eborense de J. José Baptista, Rua d'Aviz;1889;1889;12, 4 p.;António Francisco Barata, 1836-1910;;;Luís de Camões, 1524-1580, Antecedente bibliográfico;;;CAM. 309//13 V.;CAM500;http://id.bnportugal.gov.pt/bib/catbnp/382834;Livre
6333;Tradução - Impressos - Obras individuais - Épica | 151;Tradução - Impressos - Obras individuais - Épica - Paratextos gerais | 152;Tradução - Impressos - Obras individuais - Épica - Paratextos vida | 153;Tradução - Impressos - Obras individuais - Épica - Paratextos notas | 155;;;;;;;;;;;;;;;;;;;;;;;;;;;;;;;;;;397814;https://purl.pt/42828;https://bndigital.bnportugal.gov.pt//i/?IIIF=/c4/67/61/68/c4676168-9b5b-4990-bfa3-6aa81cc7059c/iiif/cam-30-v_0000_000007.tif/full/!300,500/0/default.jpg;Livro impresso;Português;;Os Lusíadas;;;Ed. critica e annotada;Lisboa : Imprensa Nacional;1889;1889;2 v.;Luís de Camões, 1524-1580;;;Francisco Gomes de Amorim, 1827-1891, Comentador (em meio audiovisual);;;CAM. 30 V.;CAM500;http://id.bnportugal.gov.pt/bib/catbnp/397814;Livre
6334;Obra - Impressos - Obras (avulsas) - Épica | 23;Obra - Impressos - Paratextos - Obras (avulsas) - Épica - Argumentos | 105;;;;;;;;;;;;;;;;;;;;;;;;;;;;;;;;;;;;404543;https://purl.pt/43827;https://bndigital.bnportugal.gov.pt//i/?IIIF=/9f/79/bf/47/9f79bf47-41ea-438e-b7e9-2c631c46bb91/iiif/cam-81-a_0000_000001.tif/full/!300,500/0/default.jpg;Livro impresso;Português;;Excerptos dos Lusíadas;canto II;;1.ª ed.;Lisboa : Imprensa Nacional;1889;1889;;Luís de Camões, 1524-1580;;;;;;CAM. 81 A.;CAM500;http://id.bnportugal.gov.pt/bib/catbnp/404543;Livre
6335;Recepção criativa - Tematização | 409;Vida - Ficção - Drama | 17;Iconografia - Impressos - Imagens de Camões | 373;;;;;;;;;;;;;;;;;;;;;;;;;;;;;;;;;; Italiano;458050;https://purl.pt/42936;https://bndigital.bnportugal.gov.pt//i/?IIIF=/f4/4e/05/05/f44e0505-b83c-4d60-975b-fa5ef4bc6ec4/iiif/cam-487-v_0000_000009.tif/full/!300,500/0/default.jpg;Livro impresso;Português;;Os Lusiadas;;;1.ª ed.;Lisboa : Imprensa Nacional;1889;1889;2 v.;Luís de Camões, 1524-1580;;;Francisco Gomes de Amorim, 1827-1891, Comentador de texto escrito;;;CAM. 487 V.;CAM500;http://id.bnportugal.gov.pt/bib/catbnp/458050;Livre
6336;Tradução - Impressos - Obras individuais - Épica | 151;Tradução - Impressos - Obras individuais - Épica - Paratextos gerais | 152;Tradução - Impressos - Obras individuais - Épica - Paratextos notas | 155;;;;;;;;;;;;;;;;;;;;;;;;;;;;;;;;;;;742171;https://purl.pt/43810;https://bndigital.bnportugal.gov.pt//i/?IIIF=/20/0e/92/c5/200e92c5-aec5-4489-a61a-b6480cdafb72/iiif/cam-41-v_0005.tif/full/!300,500/0/default.jpg;Livro impresso;Francês;;Les Lusiades;;;1.ª ed.;Lisboa : Tip da Comp. Nacional Editora;1889;1889;338 p.;Luís de Camões, 1524-1580;;;Hyacinthe Garin, Editor literário;;;L. 5855 A.;CAM500;http://id.bnportugal.gov.pt/bib/catbnp/742171;Livre
6337;Vida - Biografia | 13;Bibliografia crítica - Polémica e discussão | 417;;;;;;;;;;;;;;;;;;;;;;;;;;;;;;;;;;;;782745;https://purl.pt/43415;https://bndigital.bnportugal.gov.pt//i/?IIIF=/a1/d0/ad/31/a1d0ad31-73b5-460a-ba20-5f53415efc39/iiif/cam-709-p_0007.tif/full/!300,500/0/default.jpg;Livro impresso;Português;;Os Lusiadas;poema épico;;Nova ed;Porto : Livr. Ed. Cruz Coutinho;1889;1889;XII, 480 p.;Luís de Camões, 1524-1580;;;;;;CAM. 709 P.;CAM500;http://id.bnportugal.gov.pt/bib/catbnp/782745;Livre
6338;Obra - Impressos - Obras (conjunto) - Épica | 46;Obra - Impressos - Obras (conjunto) - Lírica | 47;Obra - Impressos - Obras (conjunto) - Teatro | 61;Obra - Impressos - Obras (conjunto) - Cartas | 63;Obra - Impressos - Paratextos - Obras - Épica | 121;Obra - Impressos - Paratextos - Obras - Lírica | 125;Iconografia - Impressos - Retrato de Camões | 372;Obra - Impressos - Obras (avulsas) - Lírica - Martírio de Santa Úrsula | 40;Obra - Impressos - Obras (conjunto) - Lírica - Soneto | 58;Obra - Impressos - Obras (conjunto) - Lírica - Écloga | 50;Obra - Impressos - Obras (conjunto) - Lírica - Canção | 48;Obra - Impressos - Obras (conjunto) - Lírica - Ode | 55;Obra - Impressos - Obras (conjunto) - Lírica - Sextina | 57;Obra - Impressos - Obras (conjunto) - Lírica - Elegia | 51;Obra - Impressos - Obras (conjunto) - Lírica - Oitavas | 56;Obra - Impressos - Obras (conjunto) - Lírica - Mote | 54;Obra - Impressos - Obras (conjunto) - Lírica - Cantiga | 49;Obra - Impressos - Obras (conjunto) - Lírica - Vilancete | 60;Obra - Impressos - Obras (conjunto) - Lírica - Endechas | 52;Obra - Impressos - Paratextos - Obras - Teatro | 129;Obra - Impressos - Obras (conjunto) - Lírica - Redondilhas | 59;Obra - Impressos - Obras (conjunto) - Lírica - Esparsas | 53;Obra - Impressos - Paratextos - Obras - Épica - Vida | 122;;;;;;;;;;;;;;"Rectificar título purl: onde está ""Obras completa"" deve ler-se ""Obras completas""";852092;https://purl.pt/44166;https://bndigital.bnportugal.gov.pt//i/?IIIF=/5c/fd/61/da/5cfd61da-6c49-4416-ac7b-515d6745c56f/iiif/cam-141-v_0000_000007.tif/full/!300,500/0/default.jpg;Livro impresso;Português;;A fonte dos amores;florilégio poético;;1.ª ed.;Lisboa : Impr. Nacional;1889;1889;60 p.;Sousa Viterbo, 1846-1910;;;;;;CAM. 141 V.;CAM500;http://id.bnportugal.gov.pt/bib/catbnp/852092;Livre
6339;Obra - Impressos - Obras (conjunto) - Épica | 46;Obra - Impressos - Obras (conjunto) - Lírica | 47;Obra - Impressos - Obras (conjunto) - Teatro | 61;Obra - Impressos - Obras (conjunto) - Cartas | 63;Obra - Impressos - Paratextos - Obras - Épica | 121;Obra - Impressos - Paratextos - Obras - Lírica | 125;Iconografia - Impressos - Retrato de Camões | 372;Obra - Impressos - Obras (conjunto) - Lírica - Esparsas | 53;Obra - Impressos - Obras (conjunto) - Lírica - Soneto | 58;Obra - Impressos - Obras (conjunto) - Lírica - Écloga | 50;Obra - Impressos - Obras (conjunto) - Lírica - Canção | 48;Obra - Impressos - Obras (conjunto) - Lírica - Ode | 55;Obra - Impressos - Obras (conjunto) - Lírica - Elegia | 51;Obra - Impressos - Obras (conjunto) - Lírica - Oitavas | 56;Obra - Impressos - Obras (conjunto) - Lírica - Mote | 54;Obra - Impressos - Obras (conjunto) - Lírica - Cantiga | 49;Obra - Impressos - Obras (conjunto) - Lírica - Vilancete | 60;Obra - Impressos - Obras (conjunto) - Lírica - Endechas | 52;Obra - Impressos - Obras (conjunto) - Lírica - Sextina | 57;Obra - Impressos - Obras (conjunto) - Lírica - Redondilhas | 59;Obra - Impressos - Paratextos - Obras - Épica - Vida | 122;Obra - Impressos - Paratextos - Obras - Épica - Notas | 124;Obra - Impressos - Paratextos - Obras - Lírica - Notas | 128;Obra - Impressos - Paratextos - Obras - Cartas - Notas | 136;;;;;;;;;;;;;;74380;https://purl.pt/44200;https://bndigital.bnportugal.gov.pt//i/?IIIF=/cc/1e/0a/d6/cc1e0ad6-922f-418b-8fa4-7f99add02e37/iiif/cam-146-2-v_0000_000001.tif/full/!300,500/0/default.jpg;Livro impresso;Português;;Catalogo das importantes livrarias dos fallecidos Srs. Conselheiros José da Silva Mendes Leal e Jorge Cesar de Figaniére...;;;1.ª ed.;Lisboa : Typographia Universal;1889;1889;2, 151, 1 p.;;;;"José da Silva Mendes Leal, 1820-1886, Antigo possuidor ; Jorge César de Figanière, 1813-1887, Antigo possuidor";;;B. 8269 V.;CAM500;http://id.bnportugal.gov.pt/bib/catbnp/74380;Livre
6340;Obra - Impressos - Obras (avulsas) - Épica | 23;Obra - Impressos - Paratextos - Obras (avulsas) - Épica - Argumentos | 105;;;;;;;;;;;;;;;;;;;;;;;;;;;;;;;;;;;;852331;https://purl.pt/44308;https://bndigital.bnportugal.gov.pt//i/?IIIF=/d3/3c/2f/d6/d33c2fd6-697b-4ca3-8c0a-2d267664216a/iiif/cam-156-v_0005.tif/full/!300,500/0/default.jpg;Periódico;Português;;Círculo camoniano;revista internacional;;1.ª ed.;Porto : Typographia Elzeveriana annexa à Livrria Civilisação;1889;1889;;;;;Joaquim de Araújo, 1858-1917, Director;;;CAM. 156 V.;CAM500;http://id.bnportugal.gov.pt/bib/catbnp/852331;Livre
6341;Iconografia - Impressos - Imagens de Camões | 373;;;;;;;;;;;;;;;;;;;;;;;;;;;;;;;;;;;;;258488;https://purl.pt/44280;https://bndigital.bnportugal.gov.pt//i/?IIIF=/52/1a/eb/22/521aeb22-8a32-4f08-9d02-5fd6f46e98ba/iiif/cam-184-p_0007.tif/full/!300,500/0/default.jpg;Livro impresso;Português;;Os Lusiadas;;;Direitos de reimpressão reservados;Lisboa : Imprensa Nacional;1889;1889;391 p.;Luís de Camões, 1524-1580;;;Francisco Gomes de Amorim, 1827-1891, Editor literário;;Portugal. Imprensa Nacional, Impressor;CAM. 184 P.;CAM500;http://id.bnportugal.gov.pt/bib/catbnp/258488;Livre
6342;Obra - Impressos - Obras (avulsas) - Épica | 23;Obra - Impressos - Paratextos - Obras (avulsas) - Épica - Argumentos | 105;;;;;;;;;;;;;;;;;;;;;;;;;;;;;;;;;;;;259774;https://purl.pt/44362;https://bndigital.bnportugal.gov.pt//i/?IIIF=/e2/63/c5/3c/e263c53c-8a73-4ddd-afda-a03b30841400/iiif/cam-267-p_0007.tif/full/!300,500/0/default.jpg;Livro impresso;Alemão;;Camõen die Lusiaden;heroisch-episches Gedicht;;1.ª ed.;Leipzig : Verlag des Bibliographischen Instituts;1889;1889;261, 1 p.;Luís de Camões, 1524-1580;;;Karl Eitner, 1805-1884, Tradutor;;;CAM. 267 P.;CAM500;http://id.bnportugal.gov.pt/bib/catbnp/259774;Livre
6343;Obra - Impressos - Obras (avulsas) - Épica | 23;Obra - Impressos - Paratextos - Obras (avulsas) - Épica | 103;Obra - Impressos - Paratextos - Obras (avulsas) - Épica - Notas | 106;;;;;;;;;;;;;;;;;;;;;;;;;;;;;;;;;;;328922;https://purl.pt/44451;https://bndigital.bnportugal.gov.pt//i/?IIIF=/dd/87/66/1c/dd87661c-33bc-4ef4-b6fe-d5adfd6a64fd/iiif/cam-373-p_0005.tif/full/!300,500/0/default.jpg;Livro impresso;Português;;O Portugal de Camões;offerecido à Mocidade Portugueza e Brazileira seguido de um elucidario e indice chronologico;;1.ª ed.;Paris : Typ. Guillard, Aillaud & C.ie;1889;1889;XII, 573, 4 p.;André Adolphe Daux;;;;;;H.G. 17167 P.;CAM500;http://id.bnportugal.gov.pt/bib/catbnp/328922;Livre
6344;Vida - Ficção - Drama | 17;Vida - Ficção - Poesia | 16;Recepção criativa - Tematização | 409;;;;;;;;;;;;;;;;;;;;;;;;;;;;;;;;;;;458231;https://purl.pt/44591;https://bndigital.bnportugal.gov.pt//i/?IIIF=/06/77/99/24/06779924-36f5-4fd2-9684-d6743a914060/iiif/cam-501-v_0005.tif/full/!300,500/0/default.jpg;Livro impresso;Português;;"Encomios a Camões em dois sonetos hispanhoes de Lope de Vega ""desconhecidos dos camonistas""";;;1.ª ed.;Braga : Tip. Camões;1889;1889;14 p.;José Joaquim da Silva Pereira Caldas, 1818-1903;;;;;;CAM. 501 V.;CAM500;http://id.bnportugal.gov.pt/bib/catbnp/458231;Livre
6345;Recepção criativa - Tematização | 409;;;;;;;;;;;;;;;;;;;;;;;;;;;;;;;;;;;;;352383;https://purl.pt/25648;https://bndigital.bnportugal.gov.pt//i/?IIIF=/0b/f7/a6/52/0bf7a652-69ee-4161-85fa-b738154fbccb/iiif/cam-1365-v_0000_capa-capa_t24-C-R0150_000001.tif/full/!300,500/0/default.jpg;Livro impresso;Francês;;Essai dimitation libre de lepisode de Inês de Castro dans le poeme des Luziadas de Camoens;;;1.ª ed.;Porto : Typographia Elzeviriana;1889;1889;7 p.;Marie-Caroline Murray, 1741-1831;;;"João Lopes Holtreman, 1925-?, Antigo possuidor ; Joaquim Martins Teixeira de Carvalho, 1861-1921, Antigo possuidor ; Aníbal Fernandes Tomás, 1849-1911, Antigo possuidor ; Joaquim de Araújo, 1858-1917, Editor literário";;;CAM. 1364 V.;;http://id.bnportugal.gov.pt/bib/catbnp/352383;Livre
6346;Recepção criativa - Paródia | 407;;;;;;;;;;;;;;;;;;;;;;;;;;;;;;;;;;;;;380158;https://purl.pt/44802;https://bndigital.bnportugal.gov.pt//i/?IIIF=/e8/12/2e/d7/e8122ed7-0d67-4475-8c7c-99b27cea6e59/iiif/cam-756-p_0003.tif/full/!300,500/0/default.jpg;Livro impresso;Português;;Mens divinior;poemeto camoniano;;1.ª ed.;Porto : Papelaria e Typ. Azevedo;1889;1889;VIII, 9;Oliveira Passos, 1867-1941;;;Carlos Félix, Autor da introdução, etc.;;;CAM. 538//11 P.;CAM500;http://id.bnportugal.gov.pt/bib/catbnp/380158;Livre
6347;Recepção criativa - Paródia | 407;;;;;;;;;;;;;;;;;;;;;;;;;;;;;;;;;;;;;26417;https://purl.pt/44666;https://bndigital.bnportugal.gov.pt//i/?IIIF=/3a/2c/10/ec/3a2c10ec-9844-40b0-931c-8eb71525148f/iiif/cam-594-v_0005.tif/full/!300,500/0/default.jpg;Livro impresso;Francês;;Les inspiratrices;Vittoria Colonna, Béatrix, Catherine dAtayde;;1.ª ed.;Troyes : L. Lacroix;1889;1889;115 p.;Maxime Formont;;;;;;CAM. 594 V.;CAM500;http://id.bnportugal.gov.pt/bib/catbnp/26417;Livre
6348;Tradução - Impressos - Composições soltas e fragmentos - Épica | 229;Tradução - Impressos - Composições soltas e fragmentos - Épica - Paratextos gerais | 230;;;;;;;;;;;;;;;;;;;;;;;;;;;;;;;;;;;;458550;https://purl.pt/44631;https://bndigital.bnportugal.gov.pt//i/?IIIF=/f6/ab/44/3e/f6ab443e-1588-407b-b244-d5129aa15b5f/iiif/cam-536-v_0002.tif/full/!300,500/0/default.jpg;Livro impresso;Português;;Sette annos de pastor Jacob servia;soneto de Camões;;1.ª ed.;Porto : Tip. Elzeviriana;1889;1889;15 p.;Carolina Michaëlis de Vasconcelos, 1851-1925;;;Luís de Camões, 1524-1580, Antecedente bibliográfico;;;CAM. 536 V.;CAM500;http://id.bnportugal.gov.pt/bib/catbnp/458550;Livre
6349;Tradução - Impressos - Obras individuais - Épica | 151;Tradução - Impressos - Obras individuais - Épica - Paratextos gerais | 152;Tradução - Impressos - Obras individuais - Épica - Paratextos vida | 153;Tradução - Impressos - Obras individuais - Épica - Paratextos argumentos | 154;Tradução - Impressos - Obras individuais - Épica - Paratextos notas | 155;;;;;;;;;;;;;;;;;;;;;;;;;;;;;;;;;459285;https://purl.pt/44709;https://bndigital.bnportugal.gov.pt//i/?IIIF=/0b/70/83/1f/0b70831f-3cdd-4d46-8324-fc6d45b791a1/iiif/cam-604-v_0001.tif/full/!300,500/0/default.jpg;Livro impresso;Português;;Três oitavas dos Lusíadas de Camões;;;1.ª ed.;Braga : Typ. Camões;1889;1889;11, 4 p.;Lucas de Santa Catarina, 1660-1740;;;"Luís de Camões, 1524-1580, Antecedente bibliográfico ; José Joaquim da Silva Pereira Caldas, 1818-1903, Autor da introdução, etc.";;;CAM. 604 V.;CAM500;http://id.bnportugal.gov.pt/bib/catbnp/459285;Livre
6350;Tradução - Impressos - Obras individuais - Épica | 151;Tradução - Impressos - Obras individuais - Épica - Paratextos gerais | 152;Tradução - Impressos - Obras individuais - Épica - Paratextos vida | 153;Tradução - Impressos - Obras individuais - Épica - Paratextos notas | 155;;;;;;;;;;;;;;;;;;;;;;;;;;;;;;;;;;465375;https://purl.pt/44731;https://bndigital.bnportugal.gov.pt//i/?IIIF=/48/6a/fa/07/486afa07-b68f-40d7-81f0-e198b87a311d/iiif/cam-638-v_0001.tif/full/!300,500/0/default.jpg;Livro impresso;Português;;A figura poética de Camões em Alemanha;;;1.ª ed.;Porto : Typ. Elzeviriana;1889;1889;14 p.;Karl von Reinhardstöttner, 1847-1909;;;;;;CAM. 638 V.;CAM500;http://id.bnportugal.gov.pt/bib/catbnp/465375;Livre
6351;Recepção criativa - Tematização | 409;Vida - Ficção - Poesia | 16;;;;;;;;;;;;;;;;;;;;;;;;;;;;;;;;;;;;862634;https://purl.pt/25650;https://bndigital.bnportugal.gov.pt//i/?IIIF=/5b/c8/96/9e/5bc8969e-dc43-47d4-bad0-409735a53fd9/iiif/cam-511-v_0000_capa-capa_t24-C-R0150_000001.tif/full/!300,500/0/default.jpg;Livro impresso;Português;;Glosa do Judeu à Alma minha gentil;;;1.ª ed.;Porto : Manoel de Mattos;1889;1889;15 p.;António José da Silva, 1705-1739;;Luís de Camões, 1524-1580;Joaquim de Araújo, 1858-1917, Autor da introdução, etc.;;;CAM. 283//12 V.;;http://id.bnportugal.gov.pt/bib/catbnp/862634;Livre
6352;Recepção criativa - Tematização | 409;;;;;;;;;;;;;;;;;;;;;;;;;;;;;;;;;;;;;467102;https://purl.pt/43834;https://bndigital.bnportugal.gov.pt//i/?IIIF=/02/05/c1/7c/0205c17c-8104-4904-8d50-a3cd6eaad129/iiif/cam-746-v_0000_000001.tif/full/!300,500/0/default.jpg;Livro impresso;Português;Alemão;A primeira leitura dos Lusiadas;fragmento do romance alemão Camõens;;1.ª ed.;Lisboa : Manuel Gomes : Impr. Nacional;1888;1888;27 p.;Adolf Stern, 1835-1907;;;;;;CAM. 746 V.;CAM500;http://id.bnportugal.gov.pt/bib/catbnp/467102;Livre
6353;Celebrações - 1880 - Periódicos | 471;Figuras Femininas - Leitoras (em torno de Camões) | 553;;;;;;;;;;;;;;;;;;;;;;;;;;;;;;;;;;;;479066;https://purl.pt/43849;https://bndigital.bnportugal.gov.pt//i/?IIIF=/bd/22/72/58/bd227258-a748-47cc-88b2-92ebca1e05cb/iiif/cam-80-59-a_0000_000001.tif/full/!300,500/0/default.jpg;Periódico;Espanhol;;El mundo ilustrado;;;1.ª ed.;Puerto Rico : s.n.;1888;1888;;;;;;;;CAM. 80//59 A.;CAM500;http://id.bnportugal.gov.pt/bib/catbnp/479066;Livre
6354;Recepção criativa - Paródia | 407;;;;;;;;;;;;;;;;;;;;;;;;;;;;;;;;;;;;;810880;https://purl.pt/43918;https://bndigital.bnportugal.gov.pt//i/?IIIF=/bf/63/ec/a7/bf63eca7-0287-4a06-b36c-7dd8526f3af1/iiif/cam-105-v_0000_000007.tif/full/!300,500/0/default.jpg;Livro impresso;Alemão;;Der portugiesische Infinitiv bei Camões;;;1.ª ed.;Erlangen : Buchdruckerei von Junge & Sohn;1888;1888;104, 2 p.;Richard Otto, ca 18--;;;;;;CAM. 105 V.;CAM500;http://id.bnportugal.gov.pt/bib/catbnp/810880;Livre
6355;Iconografia - Impressos - Lugares de memória | 391;;;;;;;;;;;;;;;;;;;;;;;;;;;;;;;;;;;;;458260;https://purl.pt/44062;https://bndigital.bnportugal.gov.pt//i/?IIIF=/11/71/d1/08/1171d108-6c81-4a65-8f5d-c4337a19bbb4/iiif/cam-127-a_0001.tif/full/!300,500/0/default.jpg;Livro impresso;Português;;Adamastor;episodio do Canto V dos Lusiadas;;1.ª ed.;Lisboa : Imprensa Nacional;1888;1888;10 f.;Luís de Camões, 1524-1580;;;;;;CAM. 127 A.;CAM500;http://id.bnportugal.gov.pt/bib/catbnp/458260;Livre
6356;Vida - Biografia | 13;Bibliografias e catálogos - Bibliografia | 550;Iconografia - Manuscritos - Portadas | 403;Tradução - Impressos - Composições soltas e fragmentos - Épica | 229;;;;;;;;;;;;;;;;;;;;;;;;;;;;;;;;;;755713;https://purl.pt/45086;https://bndigital.bnportugal.gov.pt//i/?IIIF=/67/19/cf/69/6719cf69-f69a-46c0-9491-192040f72ef4/iiif/cam-1736-v_0001.tif/full/!300,500/0/default.jpg;Livro impresso;Português;;Horas tristes;versos;;1.ª ed.;Lisboa : Typ. do Commercio de Portugal;1888;1888;11 p.;Eugénio de Castro, 1869-1944;;;;;;CAM. 1736 V.;CAM500;http://id.bnportugal.gov.pt/bib/catbnp/755713;Livre
6357;Recepção criativa - Paródia | 407;;;;;;;;;;;;;;;;;;;;;;;;;;;;;;;;;;;;;857883;https://purl.pt/44346;https://bndigital.bnportugal.gov.pt//i/?IIIF=/fa/07/7d/5a/fa077d5a-4f1f-4269-aa56-6c378017010e/iiif/cam-252-11-v_0001.tif/full/!300,500/0/default.jpg;Livro impresso;Português;;O passamento de Camões;commemoração ao anniversario 307º do seu fallecimento;;1.ª ed.;Porto : Typ. Occidental;1888;1888;12 p.;António Moreira Cabral;;;;;;CAM. 252//11 V.;CAM500;http://id.bnportugal.gov.pt/bib/catbnp/857883;Livre
6358;Recepção criativa - Tematização | 409;Vida - Ficção - Poesia | 16;;;;;;;;;;;;;;;;;;;;;;;;;;;;;;;;;;;;773912;https://purl.pt/44019;https://bndigital.bnportugal.gov.pt//i/?IIIF=/3b/4e/46/7f/3b4e467f-3eb5-45fe-9e12-56ae6393cf72/iiif/cam-667-8-p_0000_000001.tif/full/!300,500/0/default.jpg;Livro impresso;Português;;Pinheirada;poema historico-burlesco com epilogo gibboso, em paraphrase physica e moral do heroe decantado..;;1.ª ed.;Braga : Tip. de Bernardo A. de Sá Pereira;1888;1888;10 p.;;;;;;;CAM. 667//8 P.;CAM500;http://id.bnportugal.gov.pt/bib/catbnp/773912;Livre
6359;Vida - Ficção - Drama | 17;Recepção criativa - Tematização | 409;;;;;;;;;;;;;;;;;;;;;;;;;;;;;;;;;;;;397874;https://purl.pt/44708;https://bndigital.bnportugal.gov.pt//i/?IIIF=/6c/02/0b/fa/6c020bfa-f040-4daa-b77a-7d9e9ac4bcb8/iiif/cam-631-v_0001.tif/full/!300,500/0/default.jpg;Livro impresso;Português;;Sonetos camoneanos;;;1.ª ed.;Lisboa : Carlos Félix;1888;1888;14 p.;Luís de Camões, 1524-1580;;;Carlos Félix, Autor da introdução, etc.;;;L. 11941//5 V.;CAM500;http://id.bnportugal.gov.pt/bib/catbnp/397874;Livre
6360;Recepção criativa - Tematização | 409;Vida - Ficção - Drama | 17;;;;;;;;;;;;;;;;;;;;;;;;;;;;;;;;;;;;321765;https://purl.pt/14682;https://bndigital.bnportugal.gov.pt//i/?IIIF=/1f/1d/cc/fe/1f1dccfe-c72d-40b4-aeab-30265dfe188d/iiif/321765_0000_capa-capa_t24-C-R0150_000005.tif/full/!300,500/0/default.jpg;Livro impresso;Português;;"Conceitos e maximas do poema de Luiz de Camões ""Os Lusíadas""";;;1.ª ed.;Lisboa : Henrique Zeferino;1888;1888;61 p.;;;;B. Barreto, ca 18 - -, Compilador;;;L. 25554//2 P.;;http://id.bnportugal.gov.pt/bib/catbnp/321765;Livre
6361;Iconografia - Impressos - Retrato de Camões | 372;;;;;;;;;;;;;;;;;;;;;;;;;;;;;;;;;;;;;454895;https://purl.pt/34354;https://bndigital.bnportugal.gov.pt//i/?IIIF=/db/41/94/4c/db41944c-6f22-42ee-8633-f3ac03aa2fb6/iiif/sa-11389-12-p_0000_000001.tif/full/!300,500/0/default.jpg;Livro impresso;Português;;Summula noticiosa das especies de chás;;;1.ª ed.;Braga : s.n.;1888;1888;13 p.;José Joaquim da Silva Pereira Caldas, 1818-1903;;;Ernesto Jardim de Vilhena, 1876-1967, Antigo possuidor;;;S.A. 11389//12 P.;;http://id.bnportugal.gov.pt/bib/catbnp/454895;Livre
6362;Obra - Impressos - Obras (avulsas) - Épica | 23;Obra - Impressos - Paratextos - Obras (avulsas) - Épica | 103;Obra - Impressos - Paratextos - Obras (avulsas) - Épica - Vida | 104;Obra - Impressos - Paratextos - Obras (avulsas) - Épica - Notas | 106;Obra - Impressos - Estrofes rejeitadas d’Os Lusíadas | 86;Iconografia - Impressos - Retrato de Camões | 372;Iconografia - Impressos - Figuras históricas | 390;;;;;;;;;;;;;;;;;;;;;;;;;;;;;;;330369;https://purl.pt/39318;https://bndigital.bnportugal.gov.pt//i/?IIIF=/33/aa/8c/cf/33aa8ccf-127a-4b63-aed9-3852f63347b1/iiif/cam-438-p_0000_000009.tif/full/!300,500/0/default.jpg;Livro impresso;Português;;Luís de Camões;com uma carta de Eça de Queiroz;;2ª ed;Porto : Impr. Portuguesa;1887;1887;XI, 1, 67, 1 p.;Joaquim de Araújo, 1858-1917;;;;;;CAM. 438 P.;CAM500;http://id.bnportugal.gov.pt/bib/catbnp/330369;Livre
6363;Obra - Impressos - Obras (avulsas) - Épica | 23;Obra - Impressos - Paratextos - Obras (avulsas) - Épica - Argumentos | 105;;;;;;;;;;;;;;;;;;;;;;;;;;;;;;;;;;;;397852;https://purl.pt/43811;https://bndigital.bnportugal.gov.pt//i/?IIIF=/97/d2/74/d0/97d274d0-35d0-4540-bdbb-0b1af3d4ba91/iiif/cam-45-v_0005.tif/full/!300,500/0/default.jpg;Livro impresso;"Francês ; Português";;Les Lusiades;chant primier;;Edition commemorative du septieme anniversaire du tricentenaire de Camöes;Lisboa : Imprensa Nacional;1887;1887;79 p.;Luís de Camões, 1524-1580;;;Henri de Courtois, Tradutor;;;L. 5907//7 A.;CAM500;http://id.bnportugal.gov.pt/bib/catbnp/397852;Livre
6364;Recepção criativa - Tematização | 409;;;;;;;;;;;;;;;;;;;;;;;;;;;;;;;;;;;;;446302;https://purl.pt/43429;https://bndigital.bnportugal.gov.pt//i/?IIIF=/c1/c1/f9/e2/c1c1f9e2-a3e8-476d-a59f-c07a10de4bed/iiif/cam-516-v_0011.tif/full/!300,500/0/default.jpg;Livro impresso;Português;;Primeiros documentos para a historia do Jubileu Nacional de 1880;;;1.ª ed.;Lisboa : Impr. Nacional;1887;1887;29 p.;;;;;;Sociedade de Geografia de Lisboa, Editor literário;H.G. 18363//4 V.;CAM500;http://id.bnportugal.gov.pt/bib/catbnp/446302;Livre
6365;Tradução - Impressos - Obras individuais - Épica | 151;Tradução - Impressos - Obras individuais - Épica - Paratextos gerais | 152;Tradução - Impressos - Obras individuais - Épica - Paratextos vida | 153;Tradução - Impressos - Obras individuais - Épica - Paratextos argumentos | 154;Tradução - Impressos - Obras individuais - Épica - Paratextos notas | 155;Figuras Femininas - Autoras (produção escrita sobre Camões) | 552;;;;;;;;;;;;;;;;;;;;;;;;;;;;;;;Italiano;452363;https://purl.pt/11841;https://bndigital.bnportugal.gov.pt//i/?IIIF=/b5/32/68/9d/b532689d-3818-4d28-ab3a-df022c3eb88e/iiif/e-1029-a_0000_000001.tif/full/!300,500/0/default.jpg;Iconografia;Português;;Camões;;;1.ª ed.;S.l. : s.n.;1887;1887;1 gravura;Lubin David, fl. ca 1887;;;"Eugène-André Champollion, 1848-1901, Gravador em metal ; Louis Adolphe Salmon, 1806-1895, Impressor de ilustrações em chapa gravada";;;PURL 11841/0;;http://id.bnportugal.gov.pt/bib/catbnp/452363;Livre
6366;Obra - Impressos - Obras (avulsas) - Épica | 23;Obra - Impressos - Paratextos - Obras (avulsas) - Épica | 103;Obra - Impressos - Paratextos - Obras (avulsas) - Épica - Vida | 104;Obra - Impressos - Paratextos - Obras (avulsas) - Épica - Notas | 106;;;;;;;;;;;;;;;;;;;;;;;;;;;;;;;;;;458655;https://purl.pt/42928;https://bndigital.bnportugal.gov.pt//i/?IIIF=/c4/0f/74/3f/c40f743f-cbf4-4bf9-8481-bce3fdf02c38/iiif/cam-152-a_0000_000011.tif/full/!300,500/0/default.jpg;Livro impresso;Português;;Florilegio camoneano;;;1.ª ed.;Porto : Livr. Camões;1887;1887;8 T.;;;;;;;CAM. 152 A.;CAM500;http://id.bnportugal.gov.pt/bib/catbnp/458655;Livre
6367;Tradução - Impressos - Obras individuais - Épica - Paratextos gerais | 152;Tradução - Impressos - Obras individuais - Épica - Paratextos vida | 153;Tradução - Impressos - Obras individuais - Épica - Paratextos argumentos | 154;Figuras Femininas - Autoras (produção escrita sobre Camões) | 552;;;;;;;;;;;;;;;;;;;;;;;;;;;;;;;;; Italiano;458763;https://purl.pt/43926;https://bndigital.bnportugal.gov.pt//i/?IIIF=/3e/7c/31/a7/3e7c31a7-e995-4633-86ed-966d58a36d27/iiif/cam-162-a_0000_000001.tif/full/!300,500/0/default.jpg;Livro impresso;Português;;Episodio da morte de Ignez de Castro;;;Edição commemorativa do anniversario do fallecimento do grande poeta. 10 de Junho;Porto : na Imprensa Moderna;1887;1887;10 p.;Luís de Camões, 1524-1580;;;;;;CAM. 162 A.;CAM500;http://id.bnportugal.gov.pt/bib/catbnp/458763;Livre
6368;Bibliografia crítica - Polémica e discussão | 417;;;;;;;;;;;;;;;;;;;;;;;;;;;;;;;;;;;;;466471;https://purl.pt/43833;https://bndigital.bnportugal.gov.pt//i/?IIIF=/74/c4/c6/96/74c4c696-ee9e-457b-8858-5ecb80aa037a/iiif/cam-693-v_0000_000001.tif/full/!300,500/0/default.jpg;Livro impresso;Português;;Tricentenario de Camões;Discurso pronunciado por occasião da abertura da Bibliotheca Municipal dElvas em 10 de Junho de 1880;;1.ª ed.;Elvas : Typographia de M. A. Silva;1887;1887;15, 1 br. p.;Meneses Feio, ca. 18--;;;;;;CAM. 693 V.;CAM500;http://id.bnportugal.gov.pt/bib/catbnp/466471;Livre
6369;Obra - Impressos - Obras (avulsas) - Épica | 23;Obra - Impressos - Paratextos - Obras (avulsas) - Épica - Argumentos | 105;;;;;;;;;;;;;;;;;;;;;;;;;;;;;;;;;;;;742173;https://purl.pt/43925;https://bndigital.bnportugal.gov.pt//i/?IIIF=/91/32/17/f9/913217f9-929c-40aa-a5a5-4c25eca6bdac/iiif/cam-142-v_0000_000007.tif/full/!300,500/0/default.jpg;Livro impresso;Português;;Fauna dos Lusiadas;;;1.ª ed.;Lisboa : Imprensa Nacional;1887;1887;68 p., 1 errata;Eduardo Sequeira, 1861-1914;;;;;;CAM. 114//2 A.;CAM500;http://id.bnportugal.gov.pt/bib/catbnp/742173;Livre
6370;Recepção criativa - Tematização | 409;;;;;;;;;;;;;;;;;;;;;;;;;;;;;;;;;;;;;784666;https://purl.pt/43402;https://bndigital.bnportugal.gov.pt//i/?IIIF=/a9/c6/5e/88/a9c65e88-57de-478d-8d7a-c9d4110eb095/iiif/cam-733-p_0007.tif/full/!300,500/0/default.jpg;Livro impresso;Espanhol;Português;Poesias selectas;;;1.ª ed.;Madrid : Luis Navarro;1887;1887;350, 1 p.;Luís de Camões, 1524-1580;;;Lamberto Gil, 17---18--, Tradutor;;;CAM. 733 P.;CAM500;http://id.bnportugal.gov.pt/bib/catbnp/784666;Livre
6371;Recepção criativa - Tematização | 409;Vida - Ficção - Drama | 17;;;;;;;;;;;;;;;;;;;;;;;;;;;;;;;;;;;;808481;https://purl.pt/43870;https://bndigital.bnportugal.gov.pt//i/?IIIF=/0a/b4/ca/cd/0ab4cacd-5524-446b-b470-bf398b531cc6/iiif/cam-65-2-v_0001.tif/full/!300,500/0/default.jpg;Livro impresso;Português;;A primeira poesia impressa de Luiz de Camões no livro do Doctor Garcia dOrta intitulado Coloquios dos simples e drogas;;;1.ª ed.;Lisboa : s.n.;1887;1887;10, 12 p.;Luís de Camões, 1524-1580;;;"Teófilo Braga, 1843-1924, Editor literário ; Garcia de Orta, 1499?-1568, Nome associado";;;CAM. 284//6 V.;CAM500;http://id.bnportugal.gov.pt/bib/catbnp/808481;Livre
6372;Bibliografia crítica - Polémica e discussão | 417;;;;;;;;;;;;;;;;;;;;;;;;;;;;;;;;;;;;;458267;https://purl.pt/43971;https://bndigital.bnportugal.gov.pt//i/?IIIF=/ff/05/78/6b/ff05786b-dbe4-4b2e-9965-b30541cc9431/iiif/cam-125-a_0005.tif/full/!300,500/0/default.jpg;Livro impresso;Português;;Per Umbram...;;;1.ª ed.;Lisboa : Imprensa Nacional;1887;1887;7 f.;Eugénio de Castro, 1869-1944;;;;;;CAM. 125 A.;PRR2024;http://id.bnportugal.gov.pt/bib/catbnp/458267;Livre
6373;Recepção criativa - Tematização | 409;Vida - Ficção - Drama | 17;Iconografia - Impressos - Retrato de Camões | 372;Iconografia - Impressos - Outros | 393;;;;;;;;;;;;;;;;;;;;;;;;;;;;;;;;;;856591;https://purl.pt/44965;https://bndigital.bnportugal.gov.pt//i/?IIIF=/29/9e/cd/81/299ecd81-82f0-4d1d-aa4f-6a7d4ee2c02a/iiif/cam-1364-p_0007.tif/full/!300,500/0/default.jpg;Livro impresso;Português;;Discursos;homenagem a José Bonifácio...;;1.ª ed.;S. Paulo;1887;1887;39 p.;Brasilio Machado;;;;;;CAM. 252//1 V.;CAM500;http://id.bnportugal.gov.pt/bib/catbnp/856591;Livre
6374;Recepção criativa - Tematização | 409;;;;;;;;;;;;;;;;;;;;;;;;;;;;;;;;;;;;;74399;https://purl.pt/44202;https://bndigital.bnportugal.gov.pt//i/?IIIF=/69/f6/40/66/69f64066-655f-4b0d-9ebd-654be9d3906a/iiif/cam-146-4-v_0000_000001.tif/full/!300,500/0/default.jpg;Livro impresso;Português;;Catalogo dos livros que pertenceram ao fallecido illustre Visconde de Juromenha;;;1.ª ed.;Lisboa : Typographia Universal;1887;1887;59, 1 p.;;;; Juromenha, 1807-1887, Antigo possuidor;;;B. 8267 V.;CAM500;http://id.bnportugal.gov.pt/bib/catbnp/74399;Livre
6375;Tradução - Impressos - Obras individuais - Épica | 151;Tradução - Impressos - Obras individuais - Épica - Paratextos gerais | 152;Tradução - Impressos - Obras individuais - Épica - Paratextos notas | 155;;;;;;;;;;;;;;;;;;;;;;;;;;;;;;;;;;;252226;https://purl.pt/44321;https://bndigital.bnportugal.gov.pt//i/?IIIF=/61/31/14/32/61311432-6e42-4e1d-a7a9-6ff9cc6038b0/iiif/cam-220-a_0005.tif/full/!300,500/0/default.jpg;Livro impresso;Português;;O passamento de Camões;poesia recitada pelo ...;;1.ª ed.;Porto : Liv. Camões de Fernando Possas;1887;1887;3, 3 p.;António Moreira Cabral;;;João Lopes Holtreman, 1925-?, Antigo possuidor;;;CAM. 220 A.;CAM500;http://id.bnportugal.gov.pt/bib/catbnp/252226;Livre
6376;Celebrações - 1880 - Periódicos | 471;Vida - Documentação | 19;;;;;;;;;;;;;;;;;;;;;;;;;;;;;;;;;;;;857274;https://purl.pt/44333;https://bndigital.bnportugal.gov.pt//i/?IIIF=/54/e8/00/ca/54e800ca-57fe-479c-b5d6-d323741af2db/iiif/cam-240-v_0005.tif/full/!300,500/0/default.jpg;Livro impresso;Português;;Os Lusiadas;;;Facsimile da 1ª ed;Lisboa : Joaquim Eusébio dos Santos;1887;1887;8 p., 2, 186 f.;Luís de Camões, 1524-1580;;;Teófilo Braga, 1843-1924, Autor da introdução, etc.;;;CAM. 240 V.;CAM500;http://id.bnportugal.gov.pt/bib/catbnp/857274;Livre
6377;Recepção criativa - Tematização | 409;;;;;;;;;;;;;;;;;;;;;;;;;;;;;;;;;;;;;857884;https://purl.pt/44347;https://bndigital.bnportugal.gov.pt//i/?IIIF=/ff/72/ab/61/ff72ab61-79ce-4a27-ad66-e1db8c843a9c/iiif/cam-252-18-v_0001.tif/full/!300,500/0/default.jpg;Livro impresso;Português;;Annotações ao prologo e nota final do nº 1 do Florilegio Camoneano;;;1.ª ed.;Porto : Typ. Alliança;1887;1887;15 p.;Tito de Noronha, 1834-1896;;;;;;CAM. 252//18 V.;CAM500;http://id.bnportugal.gov.pt/bib/catbnp/857884;Livre
6378;Iconografia - Impressos - Imagens de Camões | 373;Celebrações - 1880 - Iconografia | 478;;;;;;;;;;;;;;;;;;;;;;;;;;;;;;;;;;;;397754;https://purl.pt/44665;https://bndigital.bnportugal.gov.pt//i/?IIIF=/0b/44/41/cd/0b4441cd-eb0a-49ec-bf96-cdeb42cb7284/iiif/cam-542-v_0003.tif/full/!300,500/0/default.jpg;Livro impresso;Português;;Episodio de D. Ignez de Castro;excerpto do terceiro canto dos Lusiadas de Luiz de Camöes, 1572;;1.ª ed.;Lisboa : s.n.;1887;1887;8 p., 5 f.;Luís de Camões, 1524-1580;;;Joaquim Eusébio dos Santos, ca 18--, Comentador de texto escrito;;;CAM. 284//7 V.;CAM500;http://id.bnportugal.gov.pt/bib/catbnp/397754;Livre
6379;Música - Impressos | 405;Iconografia - Impressos - Portadas | 392;;;;;;;;;;;;;;;;;;;;;;;;;;;;;;;;;;;;464823;https://purl.pt/44699;https://bndigital.bnportugal.gov.pt//i/?IIIF=/bc/f6/8c/ea/bcf68cea-a5fa-4baf-a74e-722cc595e317/iiif/cam-610-v_0001.tif/full/!300,500/0/default.jpg;Livro impresso;Francês;;Le Camoens;;;1.ª ed.;Namur : Imp. de Ad. Wesmael- Charlier;1887;1887;41 p.;Luís de Camões, 1524-1580;;;Léopold Pelzer, Tradutor;;;CAM. 610 V.;CAM500;http://id.bnportugal.gov.pt/bib/catbnp/464823;Livre
6380;Música - Impressos | 405;Iconografia - Impressos - Retrato de Camões | 372;;;;;;;;;;;;;;;;;;;;;;;;;;;;;;;;;;;;784634;https://purl.pt/44794;https://bndigital.bnportugal.gov.pt//i/?IIIF=/2c/19/91/94/2c199194-4af1-4da6-b4e9-725f4bc54406/iiif/cam-731-p_0007.tif/full/!300,500/0/default.jpg;Livro impresso;Espanhol;Português;Los Lusiadas;;;1.ª ed.;Madrid : Luis Navarro;1887;1887;456 p.;Luís de Camões, 1524-1580;;;Lamberto Gil, 17---18--, Tradutor;;;CAM. 731 P.;CAM500;http://id.bnportugal.gov.pt/bib/catbnp/784634;Livre
6381;Obra - Impressos - Obras (avulsas) - Épica | 23;Obra - Impressos - Paratextos - Obras (avulsas) - Épica - Argumentos | 105;;;;;;;;;;;;;;;;;;;;;;;;;;;;;;;;;;;;874176;https://purl.pt/44710;https://bndigital.bnportugal.gov.pt//i/?IIIF=/44/bc/82/a9/44bc82a9-9b54-41b1-a472-be42fe4c074c/iiif/cam-628-v_0001.tif/full/!300,500/0/default.jpg;Livro impresso;Português;;Soneto de Camoes;Septe annos de pastor Jacob servia em duas versões latinas de Alexis Collotes de Jantillet;;1.ª ed.;Braga : Typographia Camöes;1887;1887;12 p.;Luís de Camões, 1524-1580;;;"José Joaquim da Silva Pereira Caldas, 1818-1903, Editor literário ; Aleixo Collotes de Jantillet, fl. 1660-1682, Tradutor";;;CAM. 628 V.;CAM500;http://id.bnportugal.gov.pt/bib/catbnp/874176;Livre
6382;Bibliografia crítica - Edições | 411;;;;;;;;;;;;;;;;;;;;;;;;;;;;;;;;;;;;;458778;https://purl.pt/44663;https://bndigital.bnportugal.gov.pt//i/?IIIF=/d8/b1/9f/ac/d8b19fac-c9e1-4146-9f51-41f229e64343/iiif/cam-583-v_0004.tif/full/!300,500/0/default.jpg;Periódico;Português;;O Camões;semanário;;1.ª ed.;Porto : Tip. Aliança;1887;1887;;;;;António Augusto Leal, ca 18 --, Director;;;CAM. 583 V.;CAM500;http://id.bnportugal.gov.pt/bib/catbnp/458778;Livre
6383;Bibliografia crítica - Estudo | 418;Bibliografia crítica - Polémica e discussão | 417;Tradução - Impressos - Composições soltas e fragmentos - Lírica - Paratextos gerais | 235;Celebrações - 1880 - Textos críticos | 469;Celebrações - 1880 - Nótulas | 482;;;;;;;;;;;;;;;;;;;;;;;;;;;;;;;;;464965;https://purl.pt/44703;https://bndigital.bnportugal.gov.pt//i/?IIIF=/91/3e/3c/dc/913e3cdc-92a0-4856-a779-84105c8d3709/iiif/cam-614-v_0001.tif/full/!300,500/0/default.jpg;Livro impresso;Português;;"Encomios a Camões em dois sonetos hispanhoes de Lope de Vega ""desconhecidos dos camonistas""";;;1.ª ed.;Braga : Tip. Camões;1887;1887;14 p.;José Joaquim da Silva Pereira Caldas, 1818-1903;;;Lope de Vega, 1562-1635, Antecedente bibliográfico;;;CAM. 614 V.;CAM500;http://id.bnportugal.gov.pt/bib/catbnp/464965;Livre
6384;Música - Impressos | 405;;;;;;;;;;;;;;;;;;;;;;;;;;;;;;;;;;;;;282169;https://purl.pt/43930;https://bndigital.bnportugal.gov.pt//i/?IIIF=/af/94/8c/f3/af948cf3-66c9-4fd3-a3dd-ac2278b15e0c/iiif/cam-378-1-v_0000_000001.tif/full/!300,500/0/default.jpg;Livro impresso;Francês;;Luiz de Camões;catalogue dune collection importante déditions originales de ses poésies, de traductions et douvrages sur sa vie et ses oeuvres;;1.ª ed.;Lisbonne : Librairie A. Ferin;1886;1886;X, 38 p.;António de Serpa Pimentel, 1825-1900;;;Ortaire Fournier, [179?]-1864, Tradutor;;;B. 11203 V.;CAM500;http://id.bnportugal.gov.pt/bib/catbnp/282169;Livre
6385;Tradução - Impressos - Composições soltas e fragmentos - Lírica | 234;Obra - Impressos - Obras (avulsas) - Lírica - Soneto | 35;Bibliografia crítica - Polémica e discussão | 417;Bibliografia crítica - Estudo | 418;Celebrações - 1880 - Nótulas | 482;;;;;;;;;;;;;;;;;;;;;;;;;;;;;;;;;401651;https://purl.pt/43663;https://bndigital.bnportugal.gov.pt//i/?IIIF=/2d/66/37/ea/2d6637ea-d1cc-4cd4-be1f-ecef3567b901/iiif/cam-65-a_0000_000005.tif/full/!300,500/0/default.jpg;Livro impresso;Português;;Excerpto das provas de tipos de tipografia da Academia Real das Ciências de Lisboa;página camoneana;;1.ª ed.;Lisboa : Tip. da Academia;1886;1886;;;;;;;;CAM. 65 A.;CAM500;http://id.bnportugal.gov.pt/bib/catbnp/401651;Livre
6386;Obra - Impressos - Obras (avulsas) - Épica | 23;Obra - Impressos - Paratextos - Obras (avulsas) - Épica - Argumentos | 105;;;;;;;;;;;;;;;;;;;;;;;;;;;;;;;;;;;;401949;https://purl.pt/43897;https://bndigital.bnportugal.gov.pt//i/?IIIF=/0b/8d/9a/87/0b8d9a87-9a81-4718-8343-73efbe168b0d/iiif/cam-68-a_0003.tif/full/!300,500/0/default.jpg;Periódico;Português;;Apontamentos para a polygraphia camoniana;folhetim do jornal O Constituinte;;1.ª ed.;Braga : Tip. Camões;1886;1886;44 p.;José Joaquim da Silva Pereira Caldas, 1818-1903;;;;;;CAM. 68 A.;CAM500;http://id.bnportugal.gov.pt/bib/catbnp/401949;Livre
6387;Tradução - Impressos - Obras individuais - Épica | 151;Tradução - Impressos - Obras individuais - Épica - Paratextos vida | 153;Tradução - Impressos - Obras individuais - Épica - Paratextos gerais | 152;Tradução - Impressos - Obras individuais - Épica - Paratextos argumentos | 154;Figuras Femininas - Autoras (produção escrita sobre Camões) | 552;Iconografia - Impressos - Portadas | 392;;;;;;;;;;;;;;;;;;;;;;;;;;;;;;;Italiano;454888;https://purl.pt/43796;https://bndigital.bnportugal.gov.pt//i/?IIIF=/80/0e/e0/86/800ee086-3e99-4c90-88f0-8c9d7ac7d70b/iiif/cam-399-7-v_0000_000001.tif/full/!300,500/0/default.jpg;Livro impresso;Português;;Leilão da Biblioteca Camoneana de José Felix Alves de Minhava;;;1.ª ed.;S.l. : s.n.;1886;1886;;;;;;;;CAM. 399//7 V.;CAM500;http://id.bnportugal.gov.pt/bib/catbnp/454888;Livre
6388;Vida - Ficção - Drama | 17;Recepção criativa - Tematização | 409;Iconografia - Impressos - Imagens de Camões | 373;;;;;;;;;;;;;;;;;;;;;;;;;;;;;;;;;; Italiano;454890;https://purl.pt/43797;https://bndigital.bnportugal.gov.pt//i/?IIIF=/88/b6/57/e5/88b657e5-76c3-4e16-bbe0-17274a5773d0/iiif/cam-399-8-v_0000_000001.tif/full/!300,500/0/default.jpg;Livro impresso;Português;;A descoberta da India;esboceto historico...;;1.ª ed.;S.l. : s.n.;1886;1886;;J. C. de Faria e Castro;;;;;;CAM. 399//8 V.;CAM500;http://id.bnportugal.gov.pt/bib/catbnp/454890;Livre
6389;Obra - Impressos - Obras (conjunto) - Épica | 46;Obra - Impressos - Obras (conjunto) - Lírica | 47;Obra - Impressos - Obras (conjunto) - Teatro | 61;Obra - Impressos - Obras (conjunto) - Cartas | 63;Obra - Impressos - Estrofes rejeitadas d’Os Lusíadas | 86;Obra - Impressos - Paratextos - Obras - Épica | 121;Obra - Impressos - Obras (conjunto) - Lírica - Soneto | 58;Obra - Impressos - Obras (conjunto) - Lírica - Écloga | 50;Obra - Impressos - Obras (conjunto) - Lírica - Canção | 48;Obra - Impressos - Obras (conjunto) - Lírica - Cantiga | 49;Obra - Impressos - Obras (conjunto) - Lírica - Ode | 55;Obra - Impressos - Obras (conjunto) - Lírica - Vilancete | 60;Obra - Impressos - Obras (conjunto) - Lírica - Endechas | 52;Obra - Impressos - Obras (conjunto) - Lírica - Sextina | 57;Obra - Impressos - Obras (conjunto) - Lírica - Elegia | 51;Obra - Impressos - Obras (conjunto) - Lírica - Oitavas | 56;Obra - Impressos - Obras (conjunto) - Lírica - Mote | 54;Obra - Impressos - Obras (conjunto) - Lírica - Redondilhas | 59;Obra - Impressos - Paratextos - Obras - Lírica | 125;Obra - Impressos - Paratextos - Obras - Teatro - Notas | 132;Obra - Impressos - Obras (avulsas) - Lírica - Criação e Composição do Homem | 39;Obra - Impressos - Obras (avulsas) - Lírica - Martírio de Santa Úrsula | 40;Obra - Impressos - Paratextos - Obras - Épica - Vida | 122;Obra - Impressos - Paratextos - Obras - Épica - Notas | 124;Bibliografias e catálogos | 11;;;;;;;;;;;;;770260;https://purl.pt/43860;https://bndigital.bnportugal.gov.pt//i/?IIIF=/bf/55/ba/91/bf55ba91-3041-4cb8-a2bf-921509cd0791/iiif/cam-621-6-p_0000_000001.tif/full/!300,500/0/default.jpg;Livro impresso;Português;;Seis sonetos camoneanos;;;Reimpressão precedida de uma noticia e retrato do autor;Lisboa : Imprensa Nacional;1886;1886;39, 18 p.;John Adamson, 1787-1851;;;;;;CAM. 621//6 P.;CAM500;http://id.bnportugal.gov.pt/bib/catbnp/770260;Livre
6390;Recepção criativa - Tematização | 409;Vida - Ficção - Drama | 17;;;;;;;;;;;;;;;;;;;;;;;;;;;;;;;;;;; Italiano;805036;https://purl.pt/42615;https://bndigital.bnportugal.gov.pt//i/?IIIF=/04/56/f5/1f/0456f51f-704b-4799-8864-de350710eadb/iiif/cam-28-v_0000_000005.tif/full/!300,500/0/default.jpg;Livro impresso;Português;;Os Lusiadas...;a primeira edição impressa em vida de Luis de Camões 1572;;1.ª ed.;Lisboa : s.n.;1886;1886;10, 38, 1 p.;Luís de Camões, 1524-1580;;;Joaquim Eusébio dos Santos, ca 18--, Litógrafo;;;CAM. 28 V.;;http://id.bnportugal.gov.pt/bib/catbnp/805036;Livre
6391;Tradução - Impressos - Obras individuais - Épica | 151;Tradução - Impressos - Obras individuais - Épica - Paratextos gerais | 152;Tradução - Impressos - Obras individuais - Épica - Paratextos notas | 155;;;;;;;;;;;;;;;;;;;;;;;;;;;;;;;;;;;807668;https://purl.pt/43821;https://bndigital.bnportugal.gov.pt//i/?IIIF=/d9/66/7f/6c/d9667f6c-a503-42a1-9129-2ba0503b302b/iiif/cam-58-2-v_0001.tif/full/!300,500/0/default.jpg;Livro impresso;Português;;Versão da Fabula de Narciso, poemeto de Luiz de Camoens;;;1.ª ed.;Porto : Luiz Vieira de Mascarenhas;1886;1886;XVI p.;Manuel de Moura, 1864-1934;;;Luís de Camões, 1524-1580, Antecedente bibliográfico;;;CAM. 58//2 V.;CAM500;http://id.bnportugal.gov.pt/bib/catbnp/807668;Livre
6392;Tradução - Impressos - Antologia - Lírica | 208;Tradução - Impressos - Antologia - Lírica - Paratextos gerais | 209;Tradução - Impressos - Antologia - Lírica - Paratextos vida | 210;Tradução - Impressos - Antologia - Lírica - Paratextos notas | 212;;;;;;;;;;;;;;;;;;;;;;;;;;;;;;;;;;798894;https://purl.pt/44035;https://bndigital.bnportugal.gov.pt//i/?IIIF=/7f/b4/c1/1b/7fb4c11b-d401-418a-981f-e239525f07bf/iiif/cam-1003-p_0000_000001.tif/full/!300,500/0/default.jpg;Livro impresso;Inglês;;The sonnets of Europe;a volume of translations;;1.ª ed.;London : Walter Scott;1886;1886;xxv, 3, 280 p.;;;;Samuel Waddington, 1844-1923, Editor literário;;;CAM. 1003 P.;CAM500;http://id.bnportugal.gov.pt/bib/catbnp/798894;Livre
6393;Recepção criativa - Tematização | 409;Vida - Biografia | 13;;;;;;;;;;;;;;;;;;;;;;;;;;;;;;;;;;; Italiano;253309;https://purl.pt/44932;https://bndigital.bnportugal.gov.pt//i/?IIIF=/3a/85/e2/8e/3a85e28e-863d-495f-b8fc-4d1fff0e1531/iiif/cam-1124-p_0007.tif/full/!300,500/0/default.jpg;Livro impresso;Português;;Camões;;;8a. ed.;Lisboa : Imprensa Nacional;1886;1886;XXIII, 1, 271 p.;Almeida Garrett, 1799-1854;;;;;;L. 5698 P.;CAM500;http://id.bnportugal.gov.pt/bib/catbnp/253309;Livre
6394;Tradução - Impressos - Obras individuais - Épica | 151;Tradução - Impressos - Obras individuais - Épica - Paratextos gerais | 152;Tradução - Impressos - Obras individuais - Épica - Paratextos notas | 155;Iconografia - Impressos - Retrato de Camões | 372;Iconografia - Impressos - Imagens de Camões | 373;Bibliografias e catálogos - Bibliografia | 550;;;;;;;;;;;;;;;;;;;;;;;;;;;;;;;;335502;https://purl.pt/44969;https://bndigital.bnportugal.gov.pt//i/?IIIF=/4a/41/23/2b/4a41232b-0480-45cb-8390-a32fd5ce795d/iiif/cam-1246-p_0009.tif/full/!300,500/0/default.jpg;Livro impresso;Português;;Ode a Camoens;;;1.ª ed.;Em Lisboa : Manoel Gomes;1886;1886;35, 2 p.;G. Desjardins;;;;;;CAM. 1246 P.;CAM500;http://id.bnportugal.gov.pt/bib/catbnp/335502;Livre
6395;Bibliografia crítica - Estudo | 418;Obra - Impressos - Paratextos - Obras (avulsas) - Outros | 119;;;;;;;;;;;;;;;;;;;;;;;;;;;;;;;;;;;;851358;https://purl.pt/44344;https://bndigital.bnportugal.gov.pt//i/?IIIF=/eb/79/5f/fb/eb795ffb-b97e-4016-9733-b90efc66c2c7/iiif/cam-131-v_0000_000007.tif/full/!300,500/0/default.jpg;Livro impresso;Português;;A Obra monumental de Luiz de Camões;estudos bibliographicos;;1.ª ed.;Lisboa : Imprensa Nacional;1886;1886;2 v.;Brito Aranha, 1833-1914;;;;;;CAM. 131 V.;CAM500;http://id.bnportugal.gov.pt/bib/catbnp/851358;Livre
6396;Iconografia - Impressos - Retrato de Camões | 372;;;;;;;;;;;;;;;;;;;;;;;;;;;;;;;;;;;;Creio que o artista poderá ser alemão, ainda que o nome do Poeta esteja em português.;1042996;https://purl.pt/45002;https://bndigital.bnportugal.gov.pt//i/?IIIF=/24/f3/e2/a8/24f3e2a8-aa9f-4a96-99ae-231288dd0ef9/iiif/cam-1400-p_0007.tif/full/!300,500/0/default.jpg;Livro impresso;Alemão;;Camoëns;roman;;1.ª ed.;Leipzig : Fr. Wilh. Grunow;1886;1886;6, 384, 6 p.;Adolf Stern, 1835-1907;;;Wilh. Grunow, ca. 1886, Impressor;;;CAM. 1400 P.;CAM500;http://id.bnportugal.gov.pt/bib/catbnp/1042996;Livre
6397;Bibliografia crítica - Estudo | 418;;;;;;;;;;;;;;;;;;;;;;;;;;;;;;;;;;;;;74733;https://purl.pt/44326;https://bndigital.bnportugal.gov.pt//i/?IIIF=/5c/b7/2c/e5/5cb72ce5-955f-4479-9a1b-f288cee32597/iiif/cam-252-3-v_0001.tif/full/!300,500/0/default.jpg;Livro impresso;Francês;;Catalogue dune collection Camoniana dont la vente aura lieu à Lisbonne le 3 Mai 1886 et jours suivants;;;1.ª ed.;Lisbonne : A. Ferin;1886;1886;X, 38 p.;;;;;;;B. 8213 V.;CAM500;http://id.bnportugal.gov.pt/bib/catbnp/74733;Livre
6398;Tradução - Impressos - Composições soltas e fragmentos - Épica - Paratextos gerais | 230;Recepção criativa - Tematização | 409;;;;;;;;;;;;;;;;;;;;;;;;;;;;;;;;;;;" Português; Italiano";862117;https://purl.pt/44372;https://bndigital.bnportugal.gov.pt//i/?IIIF=/fe/ee/bc/71/feeebc71-a8d6-4bb8-8142-ef6f8a8968d0/iiif/cam-283-11-v_0001.tif/full/!300,500/0/default.jpg;Livro impresso;Português;;Discurso e poesia em homenagem a Camões no seu tricentenario;;;1.ª ed.;Rio de Janeiro : Typ. de G. Leuzinger & Filhos;1886;1886;15 p.;Franklin Dória, 1836-1906;;;;;;CAM. 283//11 V.;CAM500;http://id.bnportugal.gov.pt/bib/catbnp/862117;Livre
6399;Vida - Biografia | 13;;;;;;;;;;;;;;;;;;;;;;;;;;;;;;;;;;;;;851358;https://purl.pt/44344;https://bndigital.bnportugal.gov.pt//i/?IIIF=/eb/79/5f/fb/eb795ffb-b97e-4016-9733-b90efc66c2c7/iiif/cam-131-v_0000_000007.tif/full/!300,500/0/default.jpg;Livro impresso;Português;;A Obra monumental de Luiz de Camões;estudos bibliographicos;;1.ª ed.;Lisboa : Imprensa Nacional;1886;1886;2 v.;Brito Aranha, 1833-1914;;;;;;CAM. 131 V.;CAM500;http://id.bnportugal.gov.pt/bib/catbnp/851358;Livre
6400;Tradução - Impressos - Obras individuais - Épica | 151;Tradução - Impressos - Obras individuais - Épica - Paratextos gerais | 152;Tradução - Impressos - Obras individuais - Épica - Paratextos vida | 153;Tradução - Impressos - Obras individuais - Épica - Paratextos notas | 155;Iconografia - Impressos - Retrato de Camões | 372;;;;;;;;;;;;;;;;;;;;;;;;;;;;;;;;;330249;https://purl.pt/44523;https://bndigital.bnportugal.gov.pt//i/?IIIF=/c6/6e/bf/a3/c66ebfa3-bd55-412c-a295-64d2480cd5c7/iiif/cam-402-p_0001.tif/full/!300,500/0/default.jpg;Livro impresso;Português;;Camoneana brazileira;homenagem a Camões no tricentenário de sua morte;;1.ª ed.;Rio de Janeiro : Imprensa Nacional;1886;1886;XIV, 2, 156 p.; Paranapiacaba;;;;;;L. 1304 V.;CAM500;http://id.bnportugal.gov.pt/bib/catbnp/330249;Livre
6401;Obra - Impressos - Obras (avulsas) - Épica | 23;Obra - Impressos - Paratextos - Obras (avulsas) - Épica - Argumentos | 105;;;;;;;;;;;;;;;;;;;;;;;;;;;;;;;;;;;;397743;https://purl.pt/44194;https://bndigital.bnportugal.gov.pt//i/?IIIF=/f3/d9/d0/ba/f3d9d0ba-2e42-479e-989e-0572fdf4017a/iiif/cam-90-v_0000_000007.tif/full/!300,500/0/default.jpg;Livro impresso;Português;;Alma minha gentil;;;1.ª ed.;Lisboa : Typ. Elzeviriana;1886;1886;49 p.;Luís de Camões, 1524-1580;;;"Alfredo de Carvalho, ca 18--, Editor literário ; Xavier da Cunha, 1840-1920, Autor da introdução, etc.";;;CAM. 90 V.;CAM500;http://id.bnportugal.gov.pt/bib/catbnp/397743;Livre
6402;Tradução - Impressos - Obras individuais - Épica | 151;Tradução - Impressos - Obras individuais - Épica - Paratextos gerais | 152;Tradução - Impressos - Obras individuais - Épica - Paratextos vida | 153;Tradução - Impressos - Obras individuais - Épica - Paratextos notas | 155;Iconografia - Impressos - Retrato de Camões | 372;Iconografia - Impressos - Figuras históricas | 390;;;;;;;;;;;;;;;;;;;;;;;;;;;;;;;;475558;https://purl.pt/20707;https://bndigital.bnportugal.gov.pt//i/?IIIF=/53/13/d8/11/5313d811-be4a-47ec-b693-3e73f3b5f6ab/iiif/cam-1738-v_0000_capa-capa_t24-C-R0150_000011.tif/full/!300,500/0/default.jpg;Livro impresso;Inglês;Português;Love poems from the portuguese of Luis de Camoens;;;1.ª ed.;S.l. : Privately reprinted;1886;1886;116, 1, 3 br. p.;Luís de Camões, 1524-1580;;; Strangford, 1780-1855, Tradutor;;;CAM. 1738 V.;PCulture;http://id.bnportugal.gov.pt/bib/catbnp/475558;Livre
6403;Tradução - Impressos - Obras individuais - Épica | 151;Tradução - Impressos - Obras individuais - Épica - Paratextos gerais | 152;Tradução - Impressos - Obras individuais - Épica - Paratextos notas | 155;;;;;;;;;;;;;;;;;;;;;;;;;;;;;;;;;;;458556;https://purl.pt/44669;https://bndigital.bnportugal.gov.pt//i/?IIIF=/d2/dd/d2/ac/d2ddd2ac-5038-4398-9fa8-009930c7a264/iiif/cam-541-v_0001.tif/full/!300,500/0/default.jpg;Livro impresso;Português;;A conchiologia dos Lusíadas;;;1.ª ed.;Porto : Tip. de Artur José de Sousa & Irmão;1886;1886;15 p.;Augusto Nobre, 1865-1946;;;;;;CAM. 541 V.;CAM500;http://id.bnportugal.gov.pt/bib/catbnp/458556;Livre
6404;Iconografia - Impressos - Retrato de Camões | 372;;;;;;;;;;;;;;;;;;;;;;;;;;;;;;;;;;;;;789166;https://purl.pt/43419;https://bndigital.bnportugal.gov.pt//i/?IIIF=/a4/d1/3f/bc/a4d13fbc-55d8-47cc-8027-fa75530ef9e0/iiif/cam-860-p_0005.tif/full/!300,500/0/default.jpg;Livro impresso;Português;;O sacrificio de Camões;;;2ª ed.;Braga : Typographia de Gouvea;1885;1885;32 p.;António Feliciano de Castilho, 1800-1875;;;José Joaquim da Silva Pereira Caldas, 1818-1903, Autor da introdução, etc.;;;CAM. 860 P.;CAM500;http://id.bnportugal.gov.pt/bib/catbnp/789166;Livre
6405;Obra - Impressos - Obras (avulsas) - Épica | 23;Obra - Impressos - Paratextos - Obras (avulsas) - Épica - Argumentos | 105;Iconografia - Impressos - Retrato de Camões | 372;;;;;;;;;;;;;;;;;;;;;;;;;;;;;;;;;;;789258;https://purl.pt/43425;https://bndigital.bnportugal.gov.pt//i/?IIIF=/fd/e6/13/fd/fde613fd-339b-45d3-83a9-885411e58708/iiif/cam-863-p_0000_000001.tif/full/!300,500/0/default.jpg;Livro impresso;"Português ; Francês";Português;As duas primeiras estrofes dos Lusiadas;;;1.ª ed.;Porto : Tip. de Fraga Lamares;1885;1885;3 f.;;;; Palmela, Tradutor;;;L. 25455//3 P.;CAM500;http://id.bnportugal.gov.pt/bib/catbnp/789258;Livre
6406;Obra - Impressos - Obras (avulsas) - Épica | 23;Obra - Impressos - Paratextos - Obras (avulsas) - Épica | 103;Obra - Impressos - Paratextos - Obras (avulsas) - Épica - Notas | 106;Iconografia - Impressos - Retrato de Camões | 372;Iconografia - Impressos - Ilustrações da obra | 376;;;;;;;;;;;;;;;;;;;;;;;;;;;;;;;;;798879;https://purl.pt/42599;https://bndigital.bnportugal.gov.pt//i/?IIIF=/ef/71/a1/d0/ef71a1d0-121d-43e4-bd3e-ffa8aed377a1/iiif/cam-991-p_0001.tif/full/!300,500/0/default.jpg;Livro impresso;Português;;Historia de D. Ignez de Castro;contendo o episodio dos Lusiadas;;1.ª ed.;Lisboa : Tip. Minerva Ocidental;1885;1885;47 p.;;;;;;;CAM. 991 P.;CAM500;http://id.bnportugal.gov.pt/bib/catbnp/798879;Livre
6407;Música - Manuscritos | 406;Celebrações - 1860 - Música | 446;Celebrações - 1860 - Actos públicos | 448;;;;;;;;;;;;;;;;;;;;;;;;;;;;;;;;;;;1076406;https://purl.pt/43389;https://bndigital.bnportugal.gov.pt//i/?IIIF=/bf/15/5f/30/bf155f30-a6d5-48f2-a32b-a66d54891312/iiif/cam-1479-p_0011.tif/full/!300,500/0/default.jpg;Livro impresso;Português;;A Camões;A Carteira do Viajante;;1.ª ed.;Porto : Typ. Alliança;1885;1885;61, 2 p.;;;"José Joaquim da Silva Pereira Caldas, 1818-1903, Autor ; Alberto Bramão, 1865-1944, Autor ; Augusto Mendes Simões de Castro, 1845-1932, Autor"; Kean, 18--, Autor da introdução, etc.;;;CAM. 1479 P.;CAM500;http://id.bnportugal.gov.pt/bib/catbnp/1076406;Livre
6408;Obra - Impressos - Obras (avulsas) - Épica | 23;Obra - Impressos - Paratextos - Obras (avulsas) - Épica | 103;Obra - Impressos - Paratextos - Obras (avulsas) - Épica - Notas | 106;Iconografia - Impressos - Ilustrações da obra | 376;;;;;;;;;;;;;;;;;;;;;;;;;;;;;;;;;;1725362;https://purl.pt/43391;https://bndigital.bnportugal.gov.pt//i/?IIIF=/40/13/87/30/40138730-b151-4931-8822-d58d7e796658/iiif/cam-1541-p_0000_000001.tif/full/!300,500/0/default.jpg;Livro impresso;Português;;Luiz de Camões;uma estrophe nos Lusiadas com a versão siciliana;;1.ª ed.;Porto : Typographia de Fraga Lamares;1885;1885;8 p.;;;;;;;CAM. 1541 P.;CAM500;http://id.bnportugal.gov.pt/bib/catbnp/1725362;Livre
6409;Recepção criativa - Tematização | 409;Vida - Ficção - Drama | 17;Celebrações - 1860 - Recepção criativa - Tematização | 442;;;;;;;;;;;;;;;;;;;;;;;;;;;;;;;;;;Italiano;742177;https://purl.pt/43978;https://bndigital.bnportugal.gov.pt//i/?IIIF=/1c/71/b3/89/1c71b389-42d6-42fe-abc5-c0427ccb1f00/iiif/cam-115-1-a_0001.tif/full/!300,500/0/default.jpg;Livro impresso;Francês;;Le naufrage de Camoens;ode;;1.ª ed.;Porto : Tip. de Ant Jose da Silva Teixeira;1885;1885;1 v.;Adolphe Puibusque;;;;;;CAM. 115//1 A.;CAM500;http://id.bnportugal.gov.pt/bib/catbnp/742177;Livre
6410;Obra - Impressos - Obras (avulsas) - Épica | 23;Obra - Impressos - Paratextos - Obras (avulsas) - Épica - Argumentos | 105;;;;;;;;;;;;;;;;;;;;;;;;;;;;;;;;;;;;335452;https://purl.pt/44968;https://bndigital.bnportugal.gov.pt//i/?IIIF=/dd/bd/94/63/ddbd9463-c1f6-42cf-a333-7d201fc4f220/iiif/cam-1238-p_0005.tif/full/!300,500/0/default.jpg;Livro impresso;Português;;As estancias omitidas no primeiro canto dos Lusíadas;;;1.ª ed.;Porto : Typografia de Fraga;1885;1885;6 p.;Luís de Camões, 1524-1580;;;João Lopes Holtreman, 1925-?, Nome associado;;;CAM. 1238 P.;CAM500;http://id.bnportugal.gov.pt/bib/catbnp/335452;Livre
6411;Obra - Impressos - Obras (avulsas) - Épica | 23;Obra - Impressos - Paratextos - Obras (avulsas) - Épica - Argumentos | 105;;;;;;;;;;;;;;;;;;;;;;;;;;;;;;;;;;;;323152;https://purl.pt/45011;https://bndigital.bnportugal.gov.pt//i/?IIIF=/61/56/eb/ee/6156ebee-4547-4dc0-b164-a1fa22131b59/iiif/cam-1433-p_0007.tif/full/!300,500/0/default.jpg;Livro impresso;Português;;O sonho de Camões;poema posthumo;;1.ª ed.;Porto : Livr. Portuense de Lopes & C.a, Sucessores de Clavel & Companhia;1885;1885;X, 69 p.;Ernesto Pinto de Almeida, 1842-1873;;;;;;CAM. 347 P.;CAM500;http://id.bnportugal.gov.pt/bib/catbnp/323152;Livre
6412;Bibliografia crítica - Estudo | 418;Obra - Impressos - Paratextos - Obras (avulsas) - Outros | 119;;;;;;;;;;;;;;;;;;;;;;;;;;;;;;;;;;;;329082;https://purl.pt/44999;https://bndigital.bnportugal.gov.pt//i/?IIIF=/78/ec/6d/14/78ec6d14-f59d-44e4-afe8-2f15759e4f60/iiif/cam-1444-p_0011.tif/full/!300,500/0/default.jpg;Livro impresso;Português;;Camoneana;;;1.ª ed.;Porto : Imprensa Moderna;1885;1885;14, 1p.;Joaquim de Lemos, 1865-1926;;;;;;H.G. 25691//7 P.;CAM500;http://id.bnportugal.gov.pt/bib/catbnp/329082;Livre
6413;Celebrações - 1860 - Discussão, programas e relatórios | 449;;;;;;;;;;;;;;;;;;;;;;;;;;;;;;;;;;;;;74377;https://purl.pt/44325;https://bndigital.bnportugal.gov.pt//i/?IIIF=/b8/f2/07/83/b8f20783-7095-4b18-b997-fea5efd6e38a/iiif/cam-252-4-v_0001.tif/full/!300,500/0/default.jpg;Livro impresso;Português;;Catalogo da bibliotheca do fallecido Conselheiro João Felix Alves de Minhava, existente no largo do Corpo Santo, n.º 13, 2.º.;;;1.ª ed.;Lisboa : Typ. Universal;1885;1885;2 fasc.;;;;;;;B. 9346 V.;CAM500;http://id.bnportugal.gov.pt/bib/catbnp/74377;Livre
6414;Recepção criativa - Tematização | 409;Celebrações - 1860 - Recepção criativa - Tematização | 442;Vida - Ficção - Poesia | 16;;;;;;;;;;;;;;;;;;;;;;;;;;;;;;;;;;;865405;https://purl.pt/44374;https://bndigital.bnportugal.gov.pt//i/?IIIF=/8b/50/05/10/8b500510-4ad9-4545-ae78-57daeb1ef0ad/iiif/cam-289-4-v_0001.tif/full/!300,500/0/default.jpg;Livro impresso;Português;;Lysiade;centuria metrica;;2ª ed;Lisboa : Lallement, Fréres;1885;1885;44 p.;António José Viale, 1806-1889;;;;;;L. 12534//1 V.;CAM500;http://id.bnportugal.gov.pt/bib/catbnp/865405;Livre
6415;Obra > Impressos > Fragmentos > Teatro > Título das peças | 175;;;;;;;;;;;;;;;;;;;;;;;;;;;;;;;;;;;;;808486;https://purl.pt/44192;https://bndigital.bnportugal.gov.pt//i/?IIIF=/e0/93/be/4f/e093be4f-2793-4525-9c8a-24d57a1db7bd/iiif/cam-72-v_0000_000007.tif/full/!300,500/0/default.jpg;Livro impresso;Português;Italiano;Sonetos escolhidos;;;1.ª ed.;Lisboa : Francisco Arthur da Silva;1885;1885;80 p.;Luís de Camões, 1524-1580;;;Prospero Peragallo, 1823-1916, Tradutor;;;CAM. 72 V.;CAM500;http://id.bnportugal.gov.pt/bib/catbnp/808486;Livre
6416;Obra - Impressos - Obras (avulsas) - Épica | 23;Obra - Impressos - Paratextos - Obras (avulsas) - Épica | 103;Obra - Impressos - Paratextos - Obras (avulsas) - Épica - Vida | 104;Obra - Impressos - Paratextos - Obras (avulsas) - Épica - Notas | 106;;;;;;;;;;;;;;;;;;;;;;;;;;;;;;;;;;397884;https://purl.pt/44634;https://bndigital.bnportugal.gov.pt//i/?IIIF=/8b/ca/fa/b8/8bcafab8-80e2-4863-93c4-8ac80d554d2e/iiif/cam-537-v_0001.tif/full/!300,500/0/default.jpg;Livro impresso;Português;;Um verso de Camões nas Rhythmas;;;1.ª ed.;Braga : Typ. Bernardo A. de Sá Pereira;1885;1885;8 p.;Luís de Camões, 1524-1580;;;Bráulio Caldas, 1861-1905, Autor;;;CAM. 285//7 V.;CAM500;http://id.bnportugal.gov.pt/bib/catbnp/397884;Livre
6417;Vida - Ficção - Drama | 17;Vida - Ficção - Poesia | 16;Recepção criativa - Tematização | 409;Celebrações - 1860 - Recepção criativa - Tematização | 442;;;;;;;;;;;;;;;;;;;;;;;;;;;;;;;;; Italiano;371524;https://purl.pt/44635;https://bndigital.bnportugal.gov.pt//i/?IIIF=/76/4f/bc/93/764fbc93-418c-4d8d-afa4-01cbb7c8004e/iiif/cam-537-p_0001.tif/full/!300,500/0/default.jpg;Livro impresso;Alemão;;Sämmthiche gedichte;;;1.ª ed.;Paderborn : Druck und Verlag von Ferdinand Schöningh;1885;1885;426 p.;Luís de Camões, 1524-1580;;;Wilhelm Storck, 1829-1905, Tradutor;;;CAM. 537 P.;CAM500;http://id.bnportugal.gov.pt/bib/catbnp/371524;Livre
6418;Tradução - Impressos - Obras individuais - Épica | 151;Tradução - Impressos - Obras individuais - Épica - Paratextos argumentos | 154;Tradução - Impressos - Obras individuais - Épica - Paratextos notas | 155;;;;;;;;;;;;;;;;;;;;;;;;;;;;;;;;;;;767023;https://purl.pt/44623;https://bndigital.bnportugal.gov.pt//i/?IIIF=/7e/fe/73/7f/7efe737f-6366-4db4-b6d6-e9b15eb35adf/iiif/cam-539-11-p_0001.tif/full/!300,500/0/default.jpg;Livro impresso;Português;;A Camões, a Carteira do Viajante;;;1.ª ed.;Porto : Typographia Alliança;1885;1885;61, 2, 1 br. p.;;;;;;;CAM. 153//3 V.;CAM500;http://id.bnportugal.gov.pt/bib/catbnp/767023;Livre
6419;Vida - Biografia | 13;Celebrações - 1860 - Recepção criativa - Tematização | 442;;;;;;;;;;;;;;;;;;;;;;;;;;;;;;;;;;;;789264;https://purl.pt/44828;https://bndigital.bnportugal.gov.pt//i/?IIIF=/d2/dc/04/81/d2dc0481-8db0-44e7-b9a9-8d2d8c63ae0f/iiif/cam-869-p_0005.tif/full/!300,500/0/default.jpg;Livro impresso;Português;;Apotheose camoneana;;;1.ª ed.;Porto : Empreza Ferreira de Brito;1885;1885;16 p.;Xavier de Carvalho, 1862-1919;;;;;;CAM. 869 P.;CAM500;http://id.bnportugal.gov.pt/bib/catbnp/789264;Livre
6420;Obra - Impressos - Antologias - Épica - Estrofes | 89;Obra - Impressos - Obras (avulsas) - Lírica - Soneto | 35;Celebrações - 1860 - Edições | 436;;;;;;;;;;;;;;;;;;;;;;;;;;;;;;;;;;;1730027;https://purl.pt/25649;https://bndigital.bnportugal.gov.pt//i/?IIIF=/e2/13/12/3f/e213123f-b6c7-4291-9ad7-2c48dbec1c22/iiif/cam-1545-p_0000_capa-capa_t24-C-R0150_000001.tif/full/!300,500/0/default.jpg;Livro impresso;Português;;A amada de Camões;;;2ª ed;Porto : Typ. Elzeviriana;1885;1885;VIII p.;Júlio Oliveira Macedo;;;Joaquim de Araújo, 1858-1917, Autor da apresentação;;;CAM. 1545 P.;;http://id.bnportugal.gov.pt/bib/catbnp/1730027;Livre
6421;Celebrações - 1880 - Discussão, programas e relatórios | 481;;;;;;;;;;;;;;;;;;;;;;;;;;;;;;;;;;;;;259566;https://purl.pt/42836;https://bndigital.bnportugal.gov.pt//i/?IIIF=/8a/0e/8e/ed/8a0e8eed-736d-402e-b314-463f5a8cd1a5/iiif/cam-252-p_0000_000007.tif/full/!300,500/0/default.jpg;Livro impresso;Inglês;;The Lusiads;;;2nd ed;London : Kegan Paul,Trench & C.a;1884;1884;"2 vol.XLVIII, 298; 6, 288 p.";Luís de Camões, 1524-1580;;;"John James Aubertin, ca 1878, Tradutor ; G. Cook, Ilustrador";;;CAM. 252 P.;CAM500;http://id.bnportugal.gov.pt/bib/catbnp/259566;Livre
6422;Celebrações - 1860 - Periódicos | 439;;;;;;;;;;;;;;;;;;;;;;;;;;;;;;;;;;;;;397863;https://purl.pt/43931;https://bndigital.bnportugal.gov.pt//i/?IIIF=/c3/91/eb/4c/c391eb4c-8bd2-4992-a05f-625f8ef77ebc/iiif/cam-69-v_0000_000001.tif/full/!300,500/0/default.jpg;Livro impresso;Português;;A Ode de Luiz de Camões ao Conde do Redondo, restituida á sua primitiva licção;;;Edição commemorativa do 4º anniversario do Tricentenario Camoniano;Lisboa : Typographia Elzeviriana;1884;1884;22, 2 p.;Luís de Camões, 1524-1580;;;"Xavier da Cunha, 1840-1920, Editor literário ; Alfredo de Carvalho, fl. 1884, Tipógrafo";;;CAM. 69 V.;CAM500;http://id.bnportugal.gov.pt/bib/catbnp/397863;Livre
6423;Iconografia - Impressos - Retrato de Camões | 372;Celebrações - 1880 - Iconografia | 478;;;;;;;;;;;;;;;;;;;;;;;;;;;;;;;;;;;;454462;https://purl.pt/43832;https://bndigital.bnportugal.gov.pt//i/?IIIF=/4a/25/b5/6d/4a25b56d-b639-4653-9ab5-5d433b6c2bf3/iiif/cam-399-3-v_0000_000001.tif/full/!300,500/0/default.jpg;Livro impresso;Português;;Commemoração camoneana;soneto 164;;1.ª ed.;S.l. : s.n.;1884;1884;2 f.;Luís de Camões, 1524-1580;;;;;;CAM. 399//3 V.;CAM500;http://id.bnportugal.gov.pt/bib/catbnp/454462;Livre
6424;Obra - Impressos - Obras (conjunto) - Épica | 46;Obra - Impressos - Obras (conjunto) - Lírica | 47;Obra - Impressos - Estrofes rejeitadas d’Os Lusíadas | 86;Obra - Impressos - Obras (conjunto) - Cartas | 63;Obra - Impressos - Paratextos - Obras - Épica | 121;Obra - Impressos - Paratextos - Obras - Lírica | 125;Comentários - Impressos - Outros | 352;Iconografia - Impressos - Retrato de Camões | 372;Iconografia - Impressos - Ilustrações da obra | 376;Obra - Impressos - Obras (conjunto) - Lírica - Soneto | 58;Obra - Impressos - Obras (conjunto) - Lírica - Canção | 48;Obra - Impressos - Obras (conjunto) - Lírica - Sextina | 57;Obra - Impressos - Obras (conjunto) - Lírica - Oitavas | 56;Obra - Impressos - Obras (conjunto) - Lírica - Écloga | 50;Obra - Impressos - Obras (conjunto) - Lírica - Elegia | 51;Obra - Impressos - Obras (conjunto) - Lírica - Cantiga | 49;Obra - Impressos - Obras (conjunto) - Lírica - Mote | 54;Obra - Impressos - Paratextos - Obras - Épica - Notas | 124;Recepção criativa - Tematização | 409;Vida - Documentação | 19;Figuras Femininas - Autoras (produção escrita sobre Camões) | 552;Iconografia - Impressos - Figuras históricas | 390;Obra - Impressos - Obras (conjunto) - Lírica - Ode | 55;Obra - Impressos - Obras (avulsas) - Lírica - Criação e Composição do Homem | 39;Obra - Impressos - Obras (avulsas) - Lírica - Fábula de Narciso | 38;Obra - Impressos - Obras (avulsas) - Lírica - Martírio de Santa Úrsula | 40;Recepção criativa - Centão [Cintra] | 408;Tradução - Impressos - Composições soltas e fragmentos - Épica - Paratextos gerais | 230;Obra - Impressos - Obras (conjunto) - Lírica - Vilancete | 60;Obra - Impressos - Paratextos - Obras - Épica - Vida | 122;Obra - Impressos - Obras (conjunto) - Lírica - Redondilhas | 59;Obra - Impressos - Obras (conjunto) - Lírica - Esparsas | 53;Obra - Impressos - Paratextos - Obras - Lírica - Notas | 128;Celebrações - 1860 - Edições | 436;;;;454827;https://purl.pt/43794;https://bndigital.bnportugal.gov.pt//i/?IIIF=/3d/99/3d/48/3d993d48-2d25-4bd1-b01a-d798685a60d6/iiif/cam-399-1-v_0000_000001.tif/full/!300,500/0/default.jpg;Livro impresso;Português;;Preliminares do tricentenário de Camões;controvérsia do sr. Eduardo de Lemos com o Jornal do Comércio;;1.ª ed.;Lisboa : s.n.;1884;1884;;Eduardo Rodrigues Cardoso de Lemos;;;;;;CAM. 399//1 V.;CAM500;http://id.bnportugal.gov.pt/bib/catbnp/454827;Livre
6425;Vida - Ficção - Poesia | 16;Vida - Ficção - Drama | 17;Recepção criativa - Tematização | 409;Celebrações - 1860 - Recepção criativa - Tematização | 442;;;;;;;;;;;;;;;;;;;;;;;;;;;;;;;;;;798883;https://purl.pt/43381;https://bndigital.bnportugal.gov.pt//i/?IIIF=/8d/ac/7c/cb/8dac7ccb-fe12-43ef-a427-78e5a553f2a8/iiif/cam-994-p_0000_000001.tif/full/!300,500/0/default.jpg;Livro impresso;Espanhol;Português;Um soneto;;;1.ª ed.;Porto : Typ. Avelino Antonio Mendes Cerdeira;1884;1884;VIII, 1 p.;Luís de Camões, 1524-1580;;;Lamberto Gil, 17---18--, Tradutor;;;CAM. 994 P.;CAM500;http://id.bnportugal.gov.pt/bib/catbnp/798883;Livre
6426;Obra - Impressos - Obras (avulsas) - Épica | 23;Obra - Impressos - Paratextos - Obras (avulsas) - Épica - Argumentos | 105;Celebrações - 1860 - Edições | 436;;;;;;;;;;;;;;;;;;;;;;;;;;;;;;;;;;;798885;https://purl.pt/43432;https://bndigital.bnportugal.gov.pt//i/?IIIF=/bd/e2/74/c5/bde274c5-b492-4c7b-9e62-844357015f09/iiif/cam-995-p_0001.tif/full/!300,500/0/default.jpg;Livro impresso;Português;;Camões e o amor;no aniversario 304 da morte do poeta;;1.ª ed.;Porto : João E. da Cruz Coutinho;1884;1884;3 f., XXIV p.;Ernesto Pires, 1857-1884;;;;;;L. 33171//10 P.;CAM500;http://id.bnportugal.gov.pt/bib/catbnp/798885;Livre
6427;Obra - Impressos - Obras (avulsas) - Épica | 23;Obra - Impressos - Paratextos - Obras (avulsas) - Épica - Argumentos | 105;Celebrações - 1860 - Edições | 436;;;;;;;;;;;;;;;;;;;;;;;;;;;;;;;;;;;798890;https://purl.pt/42616;https://bndigital.bnportugal.gov.pt//i/?IIIF=/39/24/b5/80/3924b580-b4b7-40a8-9954-cf7794359349/iiif/cam-998-p_0001.tif/full/!300,500/0/default.jpg;Livro impresso;Português;;Camões;;;1.ª ed.;Porto : Typ. Avelino António Mendes Cerdeira;1884;1884;8 p., 1 f.;Edgar Quinet, 1803-1875;;;;;;CAM. 998 P.;CAM500;http://id.bnportugal.gov.pt/bib/catbnp/798890;Livre
6428;Recepção criativa - Tematização | 409;Celebrações - 1880 - Recepção criativa - Tematização | 474;;;;;;;;;;;;;;;;;;;;;;;;;;;;;;;;;;;;798891;https://purl.pt/43406;https://bndigital.bnportugal.gov.pt//i/?IIIF=/0a/f3/99/40/0af39940-bc74-49fe-811f-4cd04c9a7e8c/iiif/cam-999-p_0001.tif/full/!300,500/0/default.jpg;Livro impresso;Português;Francês;Luiz de Camões;;;1.ª ed.;Porto : Typ. Avelino António Mendes Cerdeira;1884;1884;VII p., 1 f.;A. Théry;;;;;;CAM. 999 P.;CAM500;http://id.bnportugal.gov.pt/bib/catbnp/798891;Livre
6429;Vida - Ficção - Narrativa | 15;Recepção criativa - Tematização | 409;Celebrações - 1860 - Recepção criativa - Tematização | 442;Iconografia - Impressos - Retrato de Camões | 372;Iconografia - Impressos - Em torno de Camões | 374;;;;;;;;;;;;;;;;;;;;;;;;;;;;;;;;;807675;https://purl.pt/43868;https://bndigital.bnportugal.gov.pt//i/?IIIF=/00/37/6b/04/00376b04-62d3-4bd1-880c-42088be712b3/iiif/cam-62-2-v_0000_000001.tif/full/!300,500/0/default.jpg;Livro impresso;Italiano;Português;O Soneto de Luis de Camões Alma minha gentil;;;Edição de 200 exemplares numerados;Lisboa : Typ. Casa Portugueza;1884;1884;2 f.;Luís de Camões, 1524-1580;;;Prospero Peragallo, 1823-1916, Tradutor;;;CAM. 62//2 V.;CAM500;http://id.bnportugal.gov.pt/bib/catbnp/807675;Livre
6430;Bibliografia crítica - Estudo | 418;Celebrações - 1860 - Discussão, programas e relatórios | 449;Iconografia - Impressos - Imagens de Camões | 373;;;;;;;;;;;;;;;;;;;;;;;;;;;;;;;;;;;808900;https://purl.pt/44197;https://bndigital.bnportugal.gov.pt//i/?IIIF=/70/8a/65/79/708a6579-12b5-4e6d-bd9a-c35d625ca277/iiif/cam-102-1-v_0000_000001.tif/full/!300,500/0/default.jpg;Livro impresso;Português;;Homenagem a Camões numa poesia esplendida;;;1.ª ed.;Braga : Imprensa Commercial;1884;1884;58 p.;António Gomes de Morais, fl. 1884;;;José Joaquim da Silva Pereira Caldas, 1818-1903, Autor da introdução, etc.;;;CAM. 102//1 V.;CAM500;http://id.bnportugal.gov.pt/bib/catbnp/808900;Livre
6431;Iconografia - Impressos - Imagens de Camões | 373;Celebrações - 1860 - Iconografia | 445;;;;;;;;;;;;;;;;;;;;;;;;;;;;;;;;;;;;811645;https://purl.pt/43997;https://bndigital.bnportugal.gov.pt//i/?IIIF=/bb/ff/9c/fc/bbff9cfc-bd5d-4f34-a253-958907761f51/iiif/cam-114-1-v_0000_000001.tif/full/!300,500/0/default.jpg;Livro impresso;Francês;;Luiz de Camões, ses oeuvres et sa littérature;catalogue dune nouvelle collection importante déditions originales de ses poésies, de traductions et douvrages rares sur sa vie et ses oeuvres en vente aux prix marqués;;1.ª ed.;Berlin : W. H. Kühl;1884;1884;19, 1 br. p.;;;;W. H. Kühl, Editor comercial;;;CAM. 114//1 V.;CAM500;http://id.bnportugal.gov.pt/bib/catbnp/811645;Livre
6432;Obra - Impressos - Obras (avulsas) - Épica | 23;Obra - Impressos - Paratextos - Obras (avulsas) - Épica - Argumentos | 105;Celebrações - 1860 - Edições | 436;;;;;;;;;;;;;;;;;;;;;;;;;;;;;;;;;;;330874;https://purl.pt/43943;https://bndigital.bnportugal.gov.pt//i/?IIIF=/b8/dd/ba/2f/b8ddba2f-fd75-4983-a3c4-08453bffbc51/iiif/cam-1199-v_0000_000001.tif/full/!300,500/0/default.jpg;Livro impresso;Português;;Homenagens centonicas em versos de Camões ao Marquês de Pombal e ao Major Quillinan;antecedidas de duas linhas preambulares;;1.ª ed.;Braga : Typ. de Bernardo A. de Sá Pereira;1884;1884;12 p.;José Joaquim da Silva Pereira Caldas, 1818-1903;;;;;;CAM. 1199 V.;CAM500;http://id.bnportugal.gov.pt/bib/catbnp/330874;Livre
6433;Tradução - Impressos - Obras individuais - Épica | 151;Tradução - Impressos - Obras individuais - Épica - Paratextos gerais | 152;Tradução - Impressos - Obras individuais - Épica - Paratextos vida | 153;Tradução - Impressos - Obras individuais - Épica - Paratextos argumentos | 154;Tradução - Impressos - Obras individuais - Épica - Paratextos notas | 155;;;;;;;;;;;;;;;;;;;;;;;;;;;;;;;; Italiano;336377;https://purl.pt/44990;https://bndigital.bnportugal.gov.pt//i/?IIIF=/27/5a/15/a8/275a15a8-ccf0-44f9-ae24-387f5ac619ea/iiif/cam-1306-v_0003.tif/full/!300,500/0/default.jpg;Livro impresso;Português;;Sonetos centonicos do seculo seiscentista em versos de Camões;;;1.ª ed.;Braga : Typografia de Gouveia;1884;1884;5, 3 p.;Manuel do Sepulcro, 1596-1674;;André Nunes da Silva, 1630-1705, Autor;José Joaquim da Silva Pereira Caldas, 1818-1903, Compilador;;;CAM. 1306 V.;CAM500;http://id.bnportugal.gov.pt/bib/catbnp/336377;Livre
6434;Tradução - Impressos - Obras individuais - Épica | 151;Tradução - Impressos - Obras individuais - Épica - Paratextos vida | 153;Tradução - Impressos - Obras individuais - Épica - Paratextos notas | 155;;;;;;;;;;;;;;;;;;;;;;;;;;;;;;;;;;;865315;https://purl.pt/44377;https://bndigital.bnportugal.gov.pt//i/?IIIF=/b9/ea/56/ba/b9ea56ba-7e1c-4a5e-ab26-1dbc034a8edf/iiif/cam-286-2-v_0001.tif/full/!300,500/0/default.jpg;Livro impresso;Português;;Bibliographia camoneana;resenha chronologica das edições das obras de Luiz de Camões e das suas traduções impressas...;;Ed. rev. por Joaquim de Araujo;Porto : Typ. Occidental;1884;1884;35, 1 p.;Alfredo do Vale Cabral, 1851-1894;;;Joaquim de Araújo, 1858-1917, Revisor;;;CAM. 286//2 V.;CAM500;http://id.bnportugal.gov.pt/bib/catbnp/865315;Livre
6435;Recepção criativa - Tematização | 409;Celebrações - 1860 - Recepção criativa - Tematização | 442;Vida - Ficção - Drama | 17;;;;;;;;;;;;;;;;;;;;;;;;;;;;;;;;;;;260069;https://purl.pt/44380;https://bndigital.bnportugal.gov.pt//i/?IIIF=/23/94/90/0c/2394900c-102d-42b7-9255-b3282bf20c17/iiif/cam-291-p_0007.tif/full/!300,500/0/default.jpg;Livro impresso;Português;;Manual de citações camoneanas;;;1.ª ed.;Porto : Livraria Portuense de Clavel & C.a;1884;1884;78, 1 p.;;;;"Narciso José de Morais, 1826-?, Compilador ; Felicia Hemans, 1793-1835, Tradutor";;;J.S. 3863;CAM500;http://id.bnportugal.gov.pt/bib/catbnp/260069;Livre
6436;Recepção criativa - Tematização | 409;Vida - Biografia | 13;Vida - Ficção - Drama | 17;Celebrações - 1860 - Recepção criativa - Tematização | 442;;;;;;;;;;;;;;;;;;;;;;;;;;;;;;;;;;68939;https://purl.pt/44553;https://bndigital.bnportugal.gov.pt//i/?IIIF=/54/a3/f9/f7/54a3f9f7-f07a-4b8e-99e4-7fdbf42c05b3/iiif/cam-437-p_0007.tif/full/!300,500/0/default.jpg;Livro impresso;Português;;Os centenários como synthese affectiva nas sociedades modernas;;;1.ª ed.;Porto : Typ. de A. J. da Silva Teixeira;1884;1884;X, 234 p.;Teófilo Braga, 1843-1924;;;"Tomás Lino da Assunção, 1844-1902, Antigo possuidor ; Mateus Peres, ca 18- -, Director";;;F.R. 812;CAM500;http://id.bnportugal.gov.pt/bib/catbnp/68939;Livre
6437;Obra - Impressos - Obras (avulsas) - Épica | 23;Obra - Impressos - Paratextos - Obras (avulsas) - Épica - Argumentos | 105;;;;;;;;;;;;;;;;;;;;;;;;;;;;;;;;;;;;457931;https://purl.pt/44592;https://bndigital.bnportugal.gov.pt//i/?IIIF=/d2/57/85/cb/d25785cb-f66b-4880-ba0b-e64715d4d356/iiif/cam-483-v_0003.tif/full/!300,500/0/default.jpg;Livro impresso;"Português ; Italiano";;Uma estrophe dos Lusiadas de Camões dada a lume na Sicilia em Messina, em 1882... com anteloquio do Professor... Pereira Caldas;;;1.ª ed.;Braga : Typ. de Bernardo A. de Sá Pereira;1884;1884;16, 2 p.;;;;"José Joaquim da Silva Pereira Caldas, 1818-1903, Autor da introdução, etc. ; Brito Aranha, 1833-1914, Antigo possuidor";;;CAM. 483 V.;CAM500;http://id.bnportugal.gov.pt/bib/catbnp/457931;Livre
6438;Obra - Impressos - Composições soltas e fragmentos - Épica - Estrofes | 66;;;;;;;;;;;;;;;;;;;;;;;;;;;;;;;;;;;;;369151;https://purl.pt/44594;https://bndigital.bnportugal.gov.pt//i/?IIIF=/b6/30/e9/80/b630e980-895a-4a26-a8b7-4a8f20ff935e/iiif/cam-487-p_0001.tif/full/!300,500/0/default.jpg;Livro impresso;Português;;Os Lusiadas;poema epico;;Nova edição popular;Lisboa : Roland & Semion editores;1884;1884;8Ê;Luís de Camões, 1524-1580;;;;;;CAM. 487 P.;CAM500;http://id.bnportugal.gov.pt/bib/catbnp/369151;Livre
6439;Bibliografia crítica - Polémica e discussão | 417;Celebrações - 1860 - Discussão, programas e relatórios | 449;;;;;;;;;;;;;;;;;;;;;;;;;;;;;;;;;;;;458233;https://purl.pt/44595;https://bndigital.bnportugal.gov.pt//i/?IIIF=/b5/97/85/e3/b59785e3-a94f-4165-a4b3-23ebc585ea52/iiif/cam-502-v_0005.tif/full/!300,500/0/default.jpg;Livro impresso;Português;;Duas palavras sobre um opusculo portuense de 1883;Camões pintado por si mesmo;;1.ª ed.;Braga : Tip. de Bernardo A. de Sá Pereira;1884;1884;11 p.;José Joaquim da Silva Pereira Caldas, 1818-1903;;;;;;CAM. 502 V.;CAM500;http://id.bnportugal.gov.pt/bib/catbnp/458233;Livre
6440;Recepção criativa - Tematização | 409;Celebrações - 1860 - Recepção criativa - Tematização | 442;Vida - Ficção - Poesia | 16;;;;;;;;;;;;;;;;;;;;;;;;;;;;;;;;;;;369913;https://purl.pt/44596;https://bndigital.bnportugal.gov.pt//i/?IIIF=/60/f1/13/75/60f11375-931c-44c8-b6ab-1931676d7a74/iiif/cam-509-4-p_0001.tif/full/!300,500/0/default.jpg;Livro impresso;Português;;Uma estrofe dos Lusíadas;com a versão siciliana;;1.ª ed.;Porto : Typographia Elzeviriana;1884;1884;6 p.;Luís de Camões, 1524-1580;;;;;;CAM. 509//4 P.;CAM500;http://id.bnportugal.gov.pt/bib/catbnp/369913;Livre
6441;Obra - Impressos - Obras (avulsas) - Épica | 23;Obra - Impressos - Paratextos - Obras (avulsas) - Épica - Argumentos | 105;;;;;;;;;;;;;;;;;;;;;;;;;;;;;;;;;;;;790266;https://purl.pt/44819;https://bndigital.bnportugal.gov.pt//i/?IIIF=/04/1e/15/12/041e1512-0abd-4f00-b73c-20b66916b1ed/iiif/cam-879-p_0003.tif/full/!300,500/0/default.jpg;Livro impresso;Português;;"O grande D. João de Castro julgado nos ""Lusiadas""";;;1.ª ed.;Porto : Tip. Central de Antonio Mendes Cerdeira;1884;1884;VIII p.;;;;;;;CAM. 879 P.;CAM500;http://id.bnportugal.gov.pt/bib/catbnp/790266;Livre
6442;Recepção criativa - Paródia | 407;;;;;;;;;;;;;;;;;;;;;;;;;;;;;;;;;;;;;458661;https://purl.pt/44668;https://bndigital.bnportugal.gov.pt//i/?IIIF=/05/db/b8/52/05dbb852-a68a-4f1f-8f90-141ed3bb8f4d/iiif/cam-549-v_0001.tif/full/!300,500/0/default.jpg;Livro impresso;Português;;Glosa de Bernardo Vieira Ravasco, irmão... do Padre Antonio Vieira, ao soneto de Camões Horas breves do meu contentamento com anteloquio do professor... Pereira Caldas;;;1.ª ed.;Braga : Tip. de Gouveia;1884;1884;13 p.;Bernardo Vieira Ravasco, 1617-1697;;;José Joaquim da Silva Pereira Caldas, 1818-1903, Autor da introdução, etc.;;;CAM. 549 V.;CAM500;http://id.bnportugal.gov.pt/bib/catbnp/458661;Livre
6443;Obra - Impressos - Obras (avulsas) - Épica | 23;Obra - Impressos - Paratextos - Obras (avulsas) - Épica - Argumentos | 105;;;;;;;;;;;;;;;;;;;;;;;;;;;;;;;;;;;;459275;https://purl.pt/44711;https://bndigital.bnportugal.gov.pt//i/?IIIF=/ea/e9/db/15/eae9db15-3185-4ffb-a394-f191cc814ec0/iiif/cam-602-v_0001.tif/full/!300,500/0/default.jpg;Livro impresso;Italiano;Português;"Versão italiana do soneto de Camões ""Em uma lapa toda tenebrosa""";;;1.ª ed.;Braga : Typ. Bernardo A. de Sá Pereira;1884;1884;8 p.;Luís de Camões, 1524-1580;;;"Giacomo Zanella, 1820-1888, Tradutor ; José Joaquim da Silva Pereira Caldas, 1818-1903, Autor da introdução, etc.";;;CAM. 602 V.;CAM500;http://id.bnportugal.gov.pt/bib/catbnp/459275;Livre
6444;Obra - Impressos - Obras (avulsas) - Épica | 23;Obra - Impressos - Paratextos - Obras (avulsas) - Épica | 103;Obra - Impressos - Paratextos - Obras (avulsas) - Épica - Vida | 104;Obra - Impressos - Paratextos - Obras (avulsas) - Épica - Argumentos | 105;Iconografia - Impressos - Retrato de Camões | 372;Iconografia - Impressos - Ilustrações da obra | 376;;;;;;;;;;;;;;;;;;;;;;;;;;;;;;;;459279;https://purl.pt/44705;https://bndigital.bnportugal.gov.pt//i/?IIIF=/23/3e/89/49/233e8949-b8ba-4f72-b3e2-b129cebb4d7d/iiif/cam-603-v_0001.tif/full/!300,500/0/default.jpg;Livro impresso;Português;;Uma oitava de Camões em Carrion de Nisas. Com antelóquio do professor... Pereira Caldas;;;1.ª ed.;Braga : Typ. Camões;1884;1884;12, 4 p.;Luís de Camões, 1524-1580;;;José Joaquim da Silva Pereira Caldas, 1818-1903, Autor da introdução, etc.;;;L. 11897//7 V.;CAM500;http://id.bnportugal.gov.pt/bib/catbnp/459279;Livre
6445;Tradução - Impressos - Composições soltas e fragmentos - Épica | 229;Tradução - Impressos - Composições soltas e fragmentos - Épica - Paratextos gerais | 230;Iconografia - Impressos - Retrato de Camões | 372;;;;;;;;;;;;;;;;;;;;;;;;;;;;;;;;;;;788847;https://purl.pt/44827;https://bndigital.bnportugal.gov.pt//i/?IIIF=/11/e0/32/c5/11e032c5-65f2-4d1f-9d6c-7780eb22ce79/iiif/cam-838-p_0005.tif/full/!300,500/0/default.jpg;Livro impresso;Português;;Alma minha gentil;soneto de Camões com duas versões;;1.ª ed.;Porto : Tip. Central;1884;1884;5 p.;Luís de Camões, 1524-1580;;;;;;CAM. 838 P.;CAM500;http://id.bnportugal.gov.pt/bib/catbnp/788847;Livre
6446;Tradução - Impressos - Obras individuais - Épica | 151;Tradução - Impressos - Obras individuais - Épica - Paratextos gerais | 152;Tradução - Impressos - Obras individuais - Épica - Paratextos vida | 153;Tradução - Impressos - Obras individuais - Épica - Paratextos notas | 155;;;;;;;;;;;;;;;;;;;;;;;;;;;;;;;;;;862043;https://purl.pt/44706;https://bndigital.bnportugal.gov.pt//i/?IIIF=/15/07/28/fc/150728fc-31f7-45e4-90d2-e4ad6c59d6ca/iiif/cam-624-v_0001.tif/full/!300,500/0/default.jpg;Livro impresso;Português;;"Imitação do soneto de Camões ""Septe annos de pastor Jacob servia"" com os mesmos consoantes";;;1.ª ed.;Braga : Typ. de Bernardo A. de Sá Pereira;1884;1884;2 f.;João Cardoso da Costa, 1693-17--;;Luís de Camões, 1524-1580;;;;CAM. 283//6 V.;CAM500;http://id.bnportugal.gov.pt/bib/catbnp/862043;Livre
6447;Obra - Impressos - Obras (avulsas) - Épica | 23;Obra - Impressos - Paratextos - Obras (avulsas) - Épica | 103;Obra - Impressos - Paratextos - Obras (avulsas) - Épica - Notas | 106;Iconografia - Impressos - Retrato de Camões | 372;Iconografia - Impressos - Ilustrações da obra | 376;Iconografia - Impressos - Portadas | 392;;;;;;;;;;;;;;;;;;;;;;;;;;;;;;;;397764;https://purl.pt/22216;https://bndigital.bnportugal.gov.pt//i/?IIIF=/08/fc/31/65/08fc3165-98c4-4fba-ba1a-1865596c7085/iiif/cam-871-p_0000_capa-capa_t24-C-R0150_000007.tif/full/!300,500/0/default.jpg;Livro impresso;Inglês;Português;The lyricks...;;;1.ª ed.;London : Bernard Quaritch;1884;1884;2 v.;Luís de Camões, 1524-1580;;;"Richard Francis Burton, 1821-1890, Tradutor ; Fernão Rodrigues, Tradutor ; Lobo Soropita, fl. 1595-, Tradutor";;;CAM. 871 P.;PCulture;http://id.bnportugal.gov.pt/bib/catbnp/397764;Livre
6448;Iconografia - Impressos - Imagens de Camões | 373;Celebrações - 1860 - Iconografia | 445;;;;;;;;;;;;;;;;;;;;;;;;;;;;;;;;;;;;454847;https://purl.pt/34058;https://bndigital.bnportugal.gov.pt//i/?IIIF=/7f/6a/b5/b8/7f6ab5b8-5355-4fbe-a64e-2101ca760692/iiif/cam-399-5-v_0000_000001.tif/full/!300,500/0/default.jpg;Livro impresso;Português;;Camões, Portugal e Brazil;conferencia publica feita no dia 11 de Outubro de 1883...;;1.ª ed.;Lisboa : s.n.;1884;1884;;Jaime Vítor, 1855-1924;;;;;;CAM. 399//5 V.;;http://id.bnportugal.gov.pt/bib/catbnp/454847;Livre
6449;Iconografia - Impressos - Imagens de Camões | 373;;;;;;;;;;;;;;;;;;;;;;;;;;;;;;;;;;;;;285564;https://purl.pt/43438;https://bndigital.bnportugal.gov.pt//i/?IIIF=/22/ed/bb/9f/22edbb9f-bc5e-4661-bad4-22ba52bcba05/iiif/cam-349-p_0009.tif/full/!300,500/0/default.jpg;Livro impresso;Português;;A geografia dos Lusíadas de Luís de Camões;;;1.ª ed.;Lisboa : Typ. de Adolpho Modesto;1883;1883;IX, 1, 61, 2 p.;António Cardoso Borges de Figueiredo, 1851?-1890;;;Ernesto Jardim de Vilhena, 1876-1967, Antigo possuidor;;;L. 36660//3 P.;CAM500;http://id.bnportugal.gov.pt/bib/catbnp/285564;Livre
6450;Bibliografia crítica - Estudo | 418;Celebrações - 1860 - Actos públicos | 448;;;;;;;;;;;;;;;;;;;;;;;;;;;;;;;;;;; Italiano;323039;https://purl.pt/43405;https://bndigital.bnportugal.gov.pt//i/?IIIF=/63/4f/b5/f3/634fb5f3-6f24-42c8-81be-f0a3e1c34640/iiif/cam-341-p_0007.tif/full/!300,500/0/default.jpg;Livro impresso;Português;;Les Lusiades travesties;voyage maritime et pédestre du grrrand sic portugais Vasco da Gama;;1.ª ed.;Porto : J. R. Mesnier;1883;1883;256, 2 p., 6 estampas extratexto;Tiago Roberto Mesnier, fl. 1840-19--;;;;;;CAM. 341 P.;CAM500;http://id.bnportugal.gov.pt/bib/catbnp/323039;Livre
6451;Vida - Biografia | 13;Iconografia - Impressos - Imagens de Camões | 373;;;;;;;;;;;;;;;;;;;;;;;;;;;;;;;;;;;;324256;https://purl.pt/43840;https://bndigital.bnportugal.gov.pt//i/?IIIF=/8f/48/ea/8b/8f48ea8b-f2de-4d46-9614-f7a96b1892f8/iiif/cam-1304-v_0000_000005.tif/full/!300,500/0/default.jpg;Livro impresso;Português;;Decimas de Fr. Jeronymo Vahia... em homenagem a Camões com duas linhas preliminares do professor decano do Lyceu Bracarense Pereira Caldas;;;1.ª ed.;Braga : Typographia de Gouvea;1883;1883;8, 2 p.;Jerónimo Baía, 1620-1688;;;;;;F. 8181;CAM500;http://id.bnportugal.gov.pt/bib/catbnp/324256;Livre
6452;Recepção criativa - Tematização | 409;Celebrações - 1860 - Recepção criativa - Tematização | 442;;;;;;;;;;;;;;;;;;;;;;;;;;;;;;;;;;;;604127;https://purl.pt/27537;https://bndigital.bnportugal.gov.pt//i/?IIIF=/84/ce/f5/25/84cef525-7874-41a2-b678-e38e5372d53b/iiif/cc-1054-r_0000_000001.tif/full/!300,500/0/default.jpg;Cartografia;Português;;Carta da geographia dos Lusiadas;dedicada a S.M. El-rei D. Luis I;;1.ª ed.;Lisboa : Litografia da Imprensa Nacional;1883;1883;1 mapa;António Cardoso Borges de Figueiredo, 1851?-1890;;;Luís de Camões, 1524-1580, Antecedente bibliográfico;;;C.C. 1054 R.;;http://id.bnportugal.gov.pt/bib/catbnp/604127;Livre
6453;Vida - Biografia | 13;Celebrações - 1860 - Recepção criativa - Tematização | 442;;;;;;;;;;;;;;;;;;;;;;;;;;;;;;;;;;;;784910;https://purl.pt/43412;https://bndigital.bnportugal.gov.pt//i/?IIIF=/56/23/78/67/56237867-856a-4d1e-ac55-e84d91daef71/iiif/cam-741-p_0009.tif/full/!300,500/0/default.jpg;Livro impresso;Português;;Os Lusiadas do seculo XIX;poema heroi-comico parodia;;1.ª ed.;Lisboa : Tip. Elzeviriana;1883;1883;197, 2 p.;;;;;;;CAM. 741 P.;CAM500;http://id.bnportugal.gov.pt/bib/catbnp/784910;Livre
6454;Música - Impressos | 405;Iconografia - Impressos - Imagens de Camões | 373;Celebrações - 1860 - Iconografia | 445;;;;;;;;;;;;;;;;;;;;;;;;;;;;;;;;;;;789234;https://purl.pt/43395;https://bndigital.bnportugal.gov.pt//i/?IIIF=/64/7e/51/df/647e51df-eada-4766-bfcb-792cbb108d11/iiif/cam-862-p_0000_000005.tif/full/!300,500/0/default.jpg;Livro impresso;Português;;Criticas bibliographicas;;;1.ª ed.;"Barcellos : Typographia da ""Aurora do Cavado""";1883;1883;7, 32 p.;José Leite de Vasconcelos, 1858-1941;;;;;;CAM. 862 P.;CAM500;http://id.bnportugal.gov.pt/bib/catbnp/789234;Livre
6455;Recepção criativa - Tematização | 409;Celebrações - 1860 - Recepção criativa - Tematização | 442;;;;;;;;;;;;;;;;;;;;;;;;;;;;;;;;;;;;798881;https://purl.pt/43139;https://bndigital.bnportugal.gov.pt//i/?IIIF=/9a/df/59/a9/9adf59a9-8030-45c6-9c58-6a231a62c5ff/iiif/cam-993-p_0001.tif/full/!300,500/0/default.jpg;Livro impresso;Português;;A lyra de Camões;;;1.ª ed.;Porto : Impr. Portugueza;1883;1883;8 p.;Ariosto Machado, ca 18--;;;;;;CAM. 993 P.;CAM500;http://id.bnportugal.gov.pt/bib/catbnp/798881;Livre
6456;Recepção criativa - Paródia | 407;;;;;;;;;;;;;;;;;;;;;;;;;;;;;;;;;;;;;800848;https://purl.pt/43379;https://bndigital.bnportugal.gov.pt//i/?IIIF=/26/d3/2c/9a/26d32c9a-aff0-463a-9654-37de1e502cea/iiif/cam-1048-p_0003.tif/full/!300,500/0/default.jpg;Livro impresso;"Português ; Alemão";Português;Alma minha gentil;;;1.ª ed.;Porto : Impr. Ferreira de Brito;1883;1883;4 f.;Luís de Camões, 1524-1580;;;Wilhelm Storck, 1829-1905, Tradutor;;;CAM. 1048 P.;CAM500;http://id.bnportugal.gov.pt/bib/catbnp/800848;Livre
6457;Vida - Biografia | 13;;;;;;;;;;;;;;;;;;;;;;;;;;;;;;;;;;;;;809345;https://purl.pt/43912;https://bndigital.bnportugal.gov.pt//i/?IIIF=/88/2a/25/dc/882a25dc-fff9-4baf-8b15-211c275fbc60/iiif/cam-102-2-v_0001.tif/full/!300,500/0/default.jpg;Livro impresso;Português;;Luiz de Camões em Balthazar Estaço;allusão poetica;;1.ª ed.;Braga : Typographia Lusitana;1883;1883;32 p.;Baltasar Estaço, 1570-16--;;;José Joaquim da Silva Pereira Caldas, 1818-1903, Editor literário;;;CAM. 102//2 V.;CAM500;http://id.bnportugal.gov.pt/bib/catbnp/809345;Livre
6458;Vida - Biografia | 13;;;;;;;;;;;;;;;;;;;;;;;;;;;;;;;;;;;;;334008;https://purl.pt/44966;https://bndigital.bnportugal.gov.pt//i/?IIIF=/d9/34/e8/d7/d934e8d7-6451-449c-870e-656f057449cc/iiif/cam-1239-p_0001.tif/full/!300,500/0/default.jpg;Livro impresso;Português;;Tres centenarios;Camões, Calderon, Pombal;;1.ª ed.;Porto : Typografia Elzeviriana;1883;1883;39, 1 p.;Abílio Maia, ca. 18--;;;;;;CAM. 1239 P.;CAM500;http://id.bnportugal.gov.pt/bib/catbnp/334008;Livre
6459;Obra - Impressos - Obras (avulsas) - Épica | 23;Obra - Impressos - Paratextos - Obras (avulsas) - Épica - Argumentos | 105;;;;;;;;;;;;;;;;;;;;;;;;;;;;;;;;;;;;1729552;https://purl.pt/45041;https://bndigital.bnportugal.gov.pt//i/?IIIF=/38/69/8f/cf/38698fcf-1b5f-4796-ad09-0df36d506b40/iiif/cam-1546-p_0001.tif/full/!300,500/0/default.jpg;Livro impresso;Português;;O naufragio de Camões 1580-1880;;;4ª ed;Porto : Typ. Central;1883;1883;13, 1 f.;Abílio Maia, ca. 18--;;;Luís de Camões, 1524-1580, Antecedente bibliográfico;;;CAM. 1546 P.;CAM500;http://id.bnportugal.gov.pt/bib/catbnp/1729552;Livre
6460;Celebrações - 1860 - Periódicos | 439;Iconografia - Impressos - Imagens de Camões | 373;;;;;;;;;;;;;;;;;;;;;;;;;;;;;;;;;;;;458756;https://purl.pt/44008;https://bndigital.bnportugal.gov.pt//i/?IIIF=/ad/e3/63/90/ade36390-06a6-4637-b067-700d1519d71a/iiif/cam-161-a_0000_000005.tif/full/!300,500/0/default.jpg;Periódico;Português;;Luiz de Camões;jornal do Club 1. de Dezembro;;1.ª ed.;Angra do Heroísmo : Typ. do Correio da Terceira;1883;1883;;;;;;;Club 1º de Dezembro, Editor comercial;CAM. 80//37 A.;CAM500;http://id.bnportugal.gov.pt/bib/catbnp/458756;Livre
6461;Recepção criativa - Tematização | 409;Celebrações - 1860 - Recepção criativa - Tematização | 442;;;;;;;;;;;;;;;;;;;;;;;;;;;;;;;;;;;;852143;https://purl.pt/44209;https://bndigital.bnportugal.gov.pt//i/?IIIF=/73/82/e5/a9/7382e5a9-0468-4218-b2f7-687a5f78a8de/iiif/cam-162-2-v_0000_000001.tif/full/!300,500/0/default.jpg;Livro impresso;Português;;Supplemento ao catalogo da Camoneana da Bibliotheca Publica Municipal do Porto;fascículo 2;;1.ª ed.;Porto : Typographia de Manoel José Pereira;1883;1883;p. 73-96;;;;;;Porto. Biblioteca Pública Municipal, Editor literário;B. 3778//2 V.;CAM500;http://id.bnportugal.gov.pt/bib/catbnp/852143;Livre
6462;Tradução - Impressos - Composições soltas e fragmentos - Épica | 229;;;;;;;;;;;;;;;;;;;;;;;;;;;;;;;;;;;;"Português [paratextos ""Algumas noções sobre o verso latino, e sua medição""] e Latim";397744;https://purl.pt/45110;https://bndigital.bnportugal.gov.pt//i/?IIIF=/7f/1f/c3/40/7f1fc340-c330-4761-bc8c-248c1c596ebd/iiif/cam-1901-v_0011.tif/full/!300,500/0/default.jpg;Livro impresso;Português;;Apparição do gigante Adamastor a Vasco da Gama;episodio extrahido ... dos Lusiadas ...;;1.ª ed.;"Porto : Empreza do Seminário ""O Camöes""";1883;1883;15 p.;Luís de Camões, 1524-1580;;;"Ernesto Jardim de Vilhena, 1876-1967, Antigo possuidor ; António Vieira Lopes, ca 18--, Autor da introdução, etc.";;;CAM. 76//3 V.;CAM500;http://id.bnportugal.gov.pt/bib/catbnp/397744;Livre
6463;Iconografia - Impressos - Imagens de Camões | 373;Celebrações - 1860 - Iconografia | 445;;;;;;;;;;;;;;;;;;;;;;;;;;;;;;;;;;;;1725323;https://purl.pt/43982;https://bndigital.bnportugal.gov.pt//i/?IIIF=/11/cc/d4/9c/11ccd49c-5a85-4164-9b2e-1c9bda8ab703/iiif/cam-2040-v_0003.tif/full/!300,500/0/default.jpg;Livro impresso;Português;;Bibliographia camoneana dos Açores por occasião e posterior ao Centenario. Especies omittidas;;;1.ª ed.;Ponta Delgada : typ. do Archivo dos Açores;1883;1883;P. 69-78, 2 br.;José Afonso Botelho Andrade, 1828-1887;;;Carlos Cirilo da Silva Vieira, 1834-1899, Antigo possuidor;;;CAM. 2040 V.;CAM500;http://id.bnportugal.gov.pt/bib/catbnp/1725323;Livre
6464;Obra - Impressos - Obras (avulsas) - Épica | 23;Obra - Impressos - Paratextos - Obras (avulsas) - Épica | 103;Iconografia - Impressos - Retrato de Camões | 372;;;;;;;;;;;;;;;;;;;;;;;;;;;;;;;;;;;913393;https://purl.pt/44332;https://bndigital.bnportugal.gov.pt//i/?IIIF=/44/70/7d/ae/44707dae-1515-4f2b-b542-18a686f168ae/iiif/cam-239-a_0005.tif/full/!300,500/0/default.jpg;Iconografia;Português;;Retrato de Luiz de Camões;;;Edição comemorativa do terceiro aniversário do mesmo tri-centenário;Lisboa : Tip. Castro e Irmão;1883;1883;1 gravura;;;;;;;CAM. 239 A.;CAM500;http://id.bnportugal.gov.pt/bib/catbnp/913393;Livre
6465;Obra - Impressos - Obras (avulsas) - Épica | 23;Obra - Impressos - Paratextos - Obras (avulsas) - Épica - Argumentos | 105;;;;;;;;;;;;;;;;;;;;;;;;;;;;;;;;;;;;856610;https://purl.pt/44349;https://bndigital.bnportugal.gov.pt//i/?IIIF=/b8/90/9d/ab/b8909dab-e3e7-4bf6-a6b8-125d5c497a66/iiif/cam-252-19-v_0001.tif/full/!300,500/0/default.jpg;Livro impresso;Português;;O naufragio de Camões;comemoração ao aniversario 308º do seu passamento;;1.ª ed.;Porto : Tip. Ocidental;1883;1883;;António Moreira Cabral;;;;;;CAM. 252//19 V.;CAM500;http://id.bnportugal.gov.pt/bib/catbnp/856610;Livre
6466;Obra - Impressos - Obras (avulsas) - Épica | 23;Obra - Impressos - Estrofes rejeitadas d’Os Lusíadas | 86;Obra - Impressos - Paratextos - Obras (avulsas) - Épica | 103;Obra - Impressos - Paratextos - Obras (avulsas) - Épica - Vida | 104;Obra - Impressos - Paratextos - Obras (avulsas) - Épica - Argumentos | 105;;;;;;;;;;;;;;;;;;;;;;;;;;;;;;;;;381386;https://purl.pt/44012;https://bndigital.bnportugal.gov.pt//i/?IIIF=/5b/5f/ee/bc/5b5feebc-6c0c-4b38-a9d5-dc89df1678f7/iiif/cam-26-a_0000_000007.tif/full/!300,500/0/default.jpg;Livro impresso;Português;;Homenagem a Camões;grande edição manuscripta dos Lusiadas pelos contemporaneos illustres de Portugal e Brazil;;1.ª ed.;Lisboa : Tip. Elzeviriana;1883;1883;XV, 1 br., 288 p.;Luís de Camões, 1524-1580;;;"Teófilo Braga, 1843-1924, Director ; Pinheiro Chagas, 1842-1895, Autor da introdução, etc.";;;CAM. 26 A.;CAM500;http://id.bnportugal.gov.pt/bib/catbnp/381386;Livre
6467;Tradução - Impressos - Obras individuais - Épica | 151;Tradução - Impressos - Obras individuais - Épica - Paratextos gerais | 152;Tradução - Impressos - Obras individuais - Épica - Paratextos notas | 155;;;;;;;;;;;;;;;;;;;;;;;;;;;;;;;;;;;252299;https://purl.pt/44350;https://bndigital.bnportugal.gov.pt//i/?IIIF=/84/eb/f6/e4/84ebf6e4-1b73-48f4-9488-51065744c1be/iiif/cam-270-p_0001.tif/full/!300,500/0/default.jpg;Livro impresso;Alemão;;Die Lusiaden;;;1.ª ed.;Stuttgart : Verlag von W. Spemann;1883;1883;252 p.;Luís de Camões, 1524-1580;;;;;;CAM. 270 P.;CAM500;http://id.bnportugal.gov.pt/bib/catbnp/252299;Livre
6468;Tradução - Impressos - Obras individuais - Épica | 151;Tradução - Impressos - Obras individuais - Épica - Paratextos gerais | 152;Obra - Impressos - Paratextos - Obras (avulsas) - Épica - Vida | 104;;;;;;;;;;;;;;;;;;;;;;;;;;;;;;;;;;;865336;https://purl.pt/44376;https://bndigital.bnportugal.gov.pt//i/?IIIF=/3c/06/f0/38/3c06f038-ce86-4287-8561-b97a2d171f0d/iiif/cam-286-7-v_0001.tif/full/!300,500/0/default.jpg;Livro impresso;"Português ; Italiano ; Francês ; Inglês";Italiano;Soneto italiano de Torquato Tasso... endereçado como encomio ao nosso Luiz de Camões;com as versões em portuguez, francez e inglez;;1.ª ed.;Braga : Impr. Commercial;1883;1883;24, 1 p.;Torquato Tasso, 1544-1595;;;José Joaquim da Silva Pereira Caldas, 1818-1903, Autor da introdução, etc.;;;CAM. 286//7 V.;CAM500;http://id.bnportugal.gov.pt/bib/catbnp/865336;Livre
6469;Tradução - Impressos - Antologia - Lírica | 208;Tradução - Impressos - Antologia - Lírica - Paratextos gerais | 209;Tradução - Impressos - Antologia - Lírica - Paratextos vida | 210;Tradução - Impressos - Antologia - Lírica - Paratextos notas | 212;;;;;;;;;;;;;;;;;;;;;;;;;;;;;;;;;;874174;https://purl.pt/44597;https://bndigital.bnportugal.gov.pt//i/?IIIF=/a5/e7/5a/f9/a5e75af9-eb19-4c39-ae5e-cbcbcdee97a0/iiif/cam-509-v_0007.tif/full/!300,500/0/default.jpg;Livro impresso;Português;;Luiz de Camões em Alonso Geronimo de Salas Barbadillo..;;;1.ª ed.;Braga : Typographia Lusitana;1883;1883;29 p.;José Joaquim da Silva Pereira Caldas, 1818-1903;;;Alonso Jerónimo de Salas Barbadillo, 1580?-1635, Antecedente bibliográfico;;;CAM. 509 V.;CAM500;http://id.bnportugal.gov.pt/bib/catbnp/874174;Livre
6470;Tradução - Impressos - Obras individuais - Épica | 151;Tradução - Impressos - Obras individuais - Épica - Paratextos gerais | 152;Tradução - Impressos - Obras individuais - Épica - Paratextos vida | 153;Tradução - Impressos - Obras individuais - Épica - Paratextos argumentos | 154;Tradução - Impressos - Obras individuais - Épica - Paratextos notas | 155;;;;;;;;;;;;;;;;;;;;;;;;;;;;;;;;;380835;https://purl.pt/44632;https://bndigital.bnportugal.gov.pt//i/?IIIF=/11/3b/da/f1/113bdaf1-8a69-41a3-a466-178d1b5df558/iiif/cam-539-10-p_0001.tif/full/!300,500/0/default.jpg;Livro impresso;Inglês;;The second canto of The Lusiad;;;1.ª ed.;Rio de Janeiro : Camoens Printing Office-Fonseca Brother & Sousa Lima;1883;1883;"79 p. ;20 cm";Luís de Camões, 1524-1580;;;James E. Hewitt, Tradutor;;;CAM. 539//10 P.;CAM500;http://id.bnportugal.gov.pt/bib/catbnp/380835;Livre
6471;Música - Impressos | 405;Figuras Femininas - Autoras (produção escrita sobre Camões) | 552;;;;;;;;;;;;;;;;;;;;;;;;;;;;;;;;;;;;458663;https://purl.pt/44667;https://bndigital.bnportugal.gov.pt//i/?IIIF=/6e/2d/31/c9/6e2d31c9-0503-437f-9792-9872b157e424/iiif/cam-556-v_0001.tif/full/!300,500/0/default.jpg;Livro impresso;Português;;Nota bibliographica em relação ao historiador hollandez Nikolas Godfried van Kampen, negligentemente descripto no Visconde de Juromenha como apreciador critico dos Lusiadas de Camões;;;1.ª ed.;Braga : Tip. Lusitana;1883;1883;12 p.;José Joaquim da Silva Pereira Caldas, 1818-1903;;;;;;CAM. 556 V.;CAM500;http://id.bnportugal.gov.pt/bib/catbnp/458663;Livre
6472;Obra - Impressos - Obras (avulsas) - Épica | 23;Obra - Impressos - Estrofes rejeitadas d’Os Lusíadas | 86;Obra - Impressos - Paratextos - Obras (avulsas) - Épica | 103;Obra - Impressos - Paratextos - Obras (avulsas) - Épica - Vida | 104;Obra - Impressos - Paratextos - Obras (avulsas) - Épica - Argumentos | 105;;;;;;;;;;;;;;;;;;;;;;;;;;;;;;;;;798866;https://purl.pt/44938;https://bndigital.bnportugal.gov.pt//i/?IIIF=/48/4c/cc/38/484ccc38-cd42-46f9-a1e2-2a499dc72947/iiif/cam-980-p_0001.tif/full/!300,500/0/default.jpg;Livro impresso;Inglês;Português;The first -second canto of The Lusiad;;;1.ª ed.;Rio de Janeiro : Camoens Printing Office;1883;1883;77, 79 p.;Luís de Camões, 1524-1580;;Henry Longfellow, 1807-1882;James E. Hewitt, Tradutor;;;CAM. 980 P.;CAM500;http://id.bnportugal.gov.pt/bib/catbnp/798866;Livre
6473;Recepção criativa - Tematização | 409;Vida - Ficção - Drama | 17;Celebrações - 1860 - Recepção criativa - Tematização | 442;;;;;;;;;;;;;;;;;;;;;;;;;;;;;;;;;; Italiano;458660;https://purl.pt/44658;https://bndigital.bnportugal.gov.pt//i/?IIIF=/d5/0b/23/a7/d50b23a7-3584-4597-ab6a-e02a3e78bf2b/iiif/cam-548-v_0001.tif/full/!300,500/0/default.jpg;Livro impresso;Português;;Um soneto de Camões em Quevedo y Villegas imitado com anteloquio do professor... Pereira caldas;;;1.ª ed.;Braga : Tip. Gouveia;1883;1883;7, 3 p.;;;;"José Joaquim da Silva Pereira Caldas, 1818-1903, Autor da introdução, etc. ; Luís de Camões, 1524-1580, Antecedente bibliográfico ; Francisco de Quevedo, 1580-1645, Antecedente bibliográfico";;;CAM. 548 V.;CAM500;http://id.bnportugal.gov.pt/bib/catbnp/458660;Livre
6474;Música - Impressos | 405;Obra - Impressos - Obras (avulsas) - Lírica - Soneto | 35;Iconografia - Impressos - Retrato de Camões | 372;;;;;;;;;;;;;;;;;;;;;;;;;;;;;;;;;;;331504;https://purl.pt/25647;https://bndigital.bnportugal.gov.pt//i/?IIIF=/c9/de/0a/2f/c9de0a2f-138a-42ac-bcc4-70679d390455/iiif/cam-1182-p_0000_capa-capa_t24-C-R0150_000001.tif/full/!300,500/0/default.jpg;Livro impresso;Português;;Um verso de Camões;soneto;;1.ª ed.;Porto : Impr. Ferreira de Brito;1883;1883;VI, 1 p.;Joaquim de Araújo, 1858-1917;;;;;;CAM. 1182 P.;;http://id.bnportugal.gov.pt/bib/catbnp/331504;Livre
6475;Celebrações - 1860 - Periódicos | 439;Figuras Femininas - Autoras (produção escrita sobre Camões) | 552;Iconografia - Impressos - Retrato de Camões | 372;Iconografia - Impressos - Imagens de Camões | 373;;;;;;;;;;;;;;;;;;;;;;;;;;;;;;;;;;865321;https://purl.pt/14922;https://bndigital.bnportugal.gov.pt//i/?IIIF=/23/df/1a/f5/23df1af5-ae23-4994-b70d-7589e6fde81b/iiif/cam-374-8-v_0000_capa-capa_t24-C-R0150_000001.tif/full/!300,500/0/default.jpg;Livro impresso;Português;;Primeiros versos de Camões;em louvor do Dr. Garcia da Orta;;1.ª ed.;Porto : Typ. Fraga Lamares;1883;1883;8 p.;Luís de Camões, 1524-1580;;;;;;CAM. 286//3 V.;;http://id.bnportugal.gov.pt/bib/catbnp/865321;Livre
6476;Tradução - Impressos - Obras individuais - Épica | 151;Tradução - Impressos - Obras individuais - Épica - Paratextos vida | 153;Tradução - Impressos - Obras individuais - Épica - Paratextos argumentos | 154;;;;;;;;;;;;;;;;;;;;;;;;;;;;;;;;;;;367428;https://purl.pt/43428;https://bndigital.bnportugal.gov.pt//i/?IIIF=/a3/eb/b0/67/a3ebb067-89f3-40ff-a518-1fc158846d4b/iiif/cam-479-p_0003.tif/full/!300,500/0/default.jpg;Livro impresso;Italiano;;I Lusiadi;poema;;1.ª ed.;Milano : Edoardo Sonzogno,editore;1882;1882;196 p.;Luís de Camões, 1524-1580;;;Antonio Nervi, 1760-1836, Tradutor;;;CAM. 479 P.;CAM500;http://id.bnportugal.gov.pt/bib/catbnp/367428;Livre
6477;Obra - Impressos - Obras (avulsas) - Épica | 23;Obra - Impressos - Paratextos - Obras (avulsas) - Épica - Argumentos | 105;Celebrações - 1872 - Edições | 452;Iconografia - Impressos - Retrato de Camões | 372;;;;;;;;;;;;;;;;;;;;;;;;;;;;;;;;;;397751;https://purl.pt/43822;https://bndigital.bnportugal.gov.pt//i/?IIIF=/03/cd/16/1a/03cd161a-672c-4d32-a9f2-d40cab143af6/iiif/cam-57-3-v_0001.tif/full/!300,500/0/default.jpg;Livro impresso;Português;;Epigraphia camoneana ou collecção de epigraphes de Camões sobre diversos assumptos;;;1.ª ed.;Évora : Typ. Minerva;1882;1882;36, 2 p.;Luís de Camões, 1524-1580;;;António Francisco Barata, 1836-1910, Editor literário;;;L. 11950//14 V.;CAM500;http://id.bnportugal.gov.pt/bib/catbnp/397751;Livre
6478;Celebrações - 1880 - Periódicos | 471;Figuras Femininas - Autoras (produção escrita sobre Camões) | 552;Figuras Femininas - Leitoras (em torno de Camões) | 553;;;;;;;;;;;;;;;;;;;;;;;;;;;;;;;;;;;403843;https://purl.pt/43232;https://bndigital.bnportugal.gov.pt//i/?IIIF=/65/63/46/2a/6563462a-0125-46e3-b882-5ee7b33fc294/iiif/cam-71-5-a_0000_000001.tif/full/!300,500/0/default.jpg;Livro impresso;Português;;Camões;A tipografia e as ciências do seculo;;1.ª ed.;Lisboa : s. n.;1882;1882;8 p.;Teófilo Braga, 1843-1924;;;;;;CAM. 71//5 A.;CAM500;http://id.bnportugal.gov.pt/bib/catbnp/403843;Livre
6479;Vida - Ficção - Drama | 17;Recepção criativa - Tematização | 409;;;;;;;;;;;;;;;;;;;;;;;;;;;;;;;;;;;;784905;https://purl.pt/43427;https://bndigital.bnportugal.gov.pt//i/?IIIF=/8a/96/fb/bd/8a96fbbd-fd66-4989-ad82-83bcdf63ae01/iiif/cam-737-p_0005.tif/full/!300,500/0/default.jpg;Livro impresso;Português;;Analyse dos Lusiadas de Luiz de Camões dividida por seus cantos, com observações criticas sobre cada um deles;;;2ª ed;Coimbra : Impr. da Universidade;1882;1882;105, 24 p.;Jerónimo Soares Barbosa, 1737-1816;;;;;;CAM. 737 P.;CAM500;http://id.bnportugal.gov.pt/bib/catbnp/784905;Livre
6480;Obra - Impressos - Obras (avulsas) - Épica | 23;Obra - Impressos - Paratextos - Obras (avulsas) - Épica | 103;Obra - Impressos - Paratextos - Obras (avulsas) - Épica - Vida | 104;Obra - Impressos - Paratextos - Obras (avulsas) - Épica - Argumentos | 105;;;;;;;;;;;;;;;;;;;;;;;;;;;;;;;;;;1076546;https://purl.pt/42613;https://bndigital.bnportugal.gov.pt//i/?IIIF=/97/f3/a3/73/97f3a373-3a12-49ac-9f2d-d9afbb88c8c5/iiif/cam-987-p_0000_000001.tif/full/!300,500/0/default.jpg;Periódico;Português;;Almanach Camões para...;;;1.ª ed.;"Porto : Empreza do Semanario ""O Camões""";1882;1882;;;;;António Augusto Leal, ca 18 --, Autor da introdução, etc.;;;TR. 6015//1 P.;CAM500;http://id.bnportugal.gov.pt/bib/catbnp/1076546;Livre
6481;Obra - Impressos - Obras (avulsas) - Épica | 23;Obra - Impressos - Paratextos - Obras (avulsas) - Épica - Vida | 104;Obra - Impressos - Paratextos - Obras (avulsas) - Épica - Argumentos | 105;Iconografia - Impressos - Retrato de Camões | 372;Celebrações - 1872 - Edições | 452;;;;;;;;;;;;;;;;;;;;;;;;;;;;;;;;;323003;https://purl.pt/44995;https://bndigital.bnportugal.gov.pt//i/?IIIF=/b0/4a/2e/b0/b04a2eb0-2f68-452f-ba9f-3391107347eb/iiif/cam-1443-p_0007.tif/full/!300,500/0/default.jpg;Livro impresso;Português;;Os lamentos de Camões;;;1.ª ed.;Lisboa : Typ. Nova Minerva;1882;1882;28 p.;António Cardoso Borges de Figueiredo, 1851?-1890;;;;;;CAM. 339//1 P.;CAM500;http://id.bnportugal.gov.pt/bib/catbnp/323003;Livre
6482;Tradução - Impressos - Obras individuais - Épica - Paratextos gerais | 152;;;;;;;;;;;;;;;;;;;;;;;;;;;;;;;;;;;;;1073961;https://purl.pt/45029;https://bndigital.bnportugal.gov.pt//i/?IIIF=/7a/06/79/59/7a067959-44e0-4ddb-8bcc-5f5db79ca479/iiif/cam-1472-p_0007.tif/full/!300,500/0/default.jpg;Livro impresso;Italiano;;Il Maestro del Signorino;commedia in un atto;;1.ª ed.;Milano : Libreria Editrice;1882;1882;24 p.;Francesco Coletti, 1821-1873;;;;;;CAM. 1472 P.;CAM500;http://id.bnportugal.gov.pt/bib/catbnp/1073961;Livre
6483;Bibliografia crítica - Obra | 412;Vida - Biografia | 13;Celebrações - 1872 - Textos críticos | 453;Celebrações - 1872 - Vida | 454;;;;;;;;;;;;;;;;;;;;;;;;;;;;;;;;;;258485;https://purl.pt/44277;https://bndigital.bnportugal.gov.pt//i/?IIIF=/ee/65/d1/e1/ee65d1e1-eabe-436f-9e2a-62c6e4d236bb/iiif/cam-182-p_0001.tif/full/!300,500/0/default.jpg;Livro impresso;Português;;Os Lusiadas;;;Edição revista e prefaciada por Theophilo Braga e illustrada com os retratos de Camões e Gama;Lisboa : Nova Livraria Internacional;1882;1882;"2 t. em 1 vol. 8, XX, 155; 4, 140 p.";Luís de Camões, 1524-1580;;;"Teófilo Braga, 1843-1924, Autor da introdução, etc. ; Teixeira Bastos, 1856-1902, Autor da introdução, etc.";;Nova Livraria Internacional, Editor comercial;CAM. 182 P.;CAM500;http://id.bnportugal.gov.pt/bib/catbnp/258485;Livre
6484;Bibliografia crítica - Obra | 412;Celebrações - 1872 - Textos críticos | 453;;;;;;;;;;;;;;;;;;;;;;;;;;;;;;;;;;;;258492;https://purl.pt/44285;https://bndigital.bnportugal.gov.pt//i/?IIIF=/b9/c8/02/fd/b9c802fd-5219-46bb-9b34-cd6702118015/iiif/cam-183-p_0001.tif/full/!300,500/0/default.jpg;Livro impresso;Português;;Os Lusiadas de Luiz de Camões;com Diccionario de todos os nomes próprios contidos no poema e uma crítica litteraria;;Edição das Escolas;Paris : Guillard, Aillaud & C.a : a venda nas principaes livrarias de Portugal e do Brazil;1882;1882;4, 536 p.;Luís de Camões, 1524-1580;;;"Torquato Tasso, 1544-1595, Autor ; Paulino de Sousa, ca. 18--, Editor literário ; Tomás José de Aquino, 1718/20-1804, Editor literário ; João Franco Barreto, 1600-post. 1674, Editor literário";;"Guillard, Aillaud, Editor comercial ; Pillet e Dumoulin, Impressor";CAM. 183 P.;CAM500;http://id.bnportugal.gov.pt/bib/catbnp/258492;Livre
6485;Recepção criativa - Tematização | 409;Celebrações - 1872 - Recepção criativa - Tematização | 458;Vida - Ficção - Drama | 17;Celebrações - 1872 - Vida | 454;;;;;;;;;;;;;;;;;;;;;;;;;;;;;;;;;;258529;https://purl.pt/44284;https://bndigital.bnportugal.gov.pt//i/?IIIF=/06/64/fc/d8/0664fcd8-c423-4f90-a95b-e11a646bfe81/iiif/cam-189-p_0007.tif/full/!300,500/0/default.jpg;Livro impresso;Português;;Os Lusiadas;;;Nova edição, cuidadosamente revista e conforme ás de 1572, precedida duma biographia do poeta, escripta pelo sr. Innocencio Francisco da Silva, seguida d´um diccionario dos nomes proprios, historicos, geographicos e mythologicos, que se encontram no poema, adornada com o retrato de Camões, e com uma estampa do padrão levantado por Vasco da Gama em Melinde;Lisboa : Livraria de Antonio Maria Pereira;1882;1882;XVIII, 457, 1 br., 6 p., 2 estampas;Luís de Camões, 1524-1580;;;"Inocêncio Francisco da Silva, 1810-1876, Autor da introdução, etc. ; João Franco Barreto, 1600-post. 1674, Comentador de texto escrito ; António Maria Pereira, 1856-1898, Editor comercial ; Cristovão Augusto Rodrigues, 18---19--, Impressor";;;L. 12978 P.;CAM500;http://id.bnportugal.gov.pt/bib/catbnp/258529;Livre
6486;Recepção criativa - Tematização | 409;Vida - Ficção - Drama | 17;Celebrações - 1872 - Recepção criativa - Tematização | 458;Celebrações - 1872 - Actos públicos | 464;Celebrações - 1872 - Vida | 454;;;;;;;;;;;;;;;;;;;;;;;;;;;;;;;; Italiano;86775;https://purl.pt/45069;https://bndigital.bnportugal.gov.pt//i/?IIIF=/3e/25/2b/82/3e252b82-3184-4b8c-91bf-9b0bf9b486d1/iiif/cam-1890-v_0005.tif/full/!300,500/0/default.jpg;Livro impresso;Português;;Catálogo do repositório Camoneano;primeira secção publicações do tricentenário 1880-1881, segunda secção publicações anteriores ao tricentenário;;1.ª ed.;Lisboa : Typographia da Academia Real das Sciencias;1882;1882;VIII, 56 p.;;;;Carlos Cirilo da Silva Vieira, 1834-1899, Compositor gráfico;;;B. 3618 V.;CAM500;http://id.bnportugal.gov.pt/bib/catbnp/86775;Livre
6487;Bibliografia crítica - Obra | 412;Vida - Biografia | 13;Celebrações - 1872 - Textos críticos | 453;Celebrações - 1872 - Vida | 454;;;;;;;;;;;;;;;;;;;;;;;;;;;;;;;;;;397762;https://purl.pt/45104;https://bndigital.bnportugal.gov.pt//i/?IIIF=/24/77/a1/c3/2477a1c3-94cd-4cec-bc19-cbfb0a1e81d6/iiif/cam-1893-v_0005.tif/full/!300,500/0/default.jpg;Livro impresso;Português;;A Ilha dos Amores;elegantissimas estancias do canto IX dos Lusiadas paraphraseadas em versos latinos;;1.ª ed.;Évora : Typ. Minerva;1882;1882;XII, 46, 2 p.;Luís de Camões, 1524-1580;;;Francisco de Paula Santa Clara, 1836-1902, Comentador (em meio audiovisual);;;L. 11639 V.;CAM500;http://id.bnportugal.gov.pt/bib/catbnp/397762;Livre
6488;Tradução - Impressos - Obras individuais - Épica | 151;Tradução - Impressos - Obras individuais - Épica - Paratextos argumentos | 154;Celebrações - 1980 - Discussão, programas e relatórios | 548;;;;;;;;;;;;;;;;;;;;;;;;;;;;;;;;;;;1729556;https://purl.pt/43986;https://bndigital.bnportugal.gov.pt//i/?IIIF=/0f/db/b4/5a/0fdbb45a-18de-4975-bac2-4a994807f55f/iiif/cam-2042-v_0003.tif/full/!300,500/0/default.jpg;Livro impresso;Português;;Additamento à bibliographia Camoneana dos Açores por occasião e posterior ao Centenario. Especies omitidas;;;1.ª ed.;Ponta Delgada : s.n.;1882;1882;P. 36-52;José Afonso Botelho Andrade, 1828-1887;;;Luís de Camões, 1524-1580, Antecedente bibliográfico;;;CAM. 2042 V.;CAM500;http://id.bnportugal.gov.pt/bib/catbnp/1729556;Livre
6489;Bibliografia crítica - Obra | 412;Celebrações - 1872 - Textos críticos | 453;Vida - Biografia | 13;Celebrações - 1872 - Vida | 454;;;;;;;;;;;;;;;;;;;;;;;;;;;;;;;;;;263699;https://purl.pt/44335;https://bndigital.bnportugal.gov.pt//i/?IIIF=/96/52/0a/26/96520a26-3f63-4957-9cb6-381d4b57f308/iiif/cam-252-5-v_0001.tif/full/!300,500/0/default.jpg;Livro impresso;Português;;Luiz de Camões em Évora no anno de 1576;com algumas considerações;;1.ª ed.;Évora : Typ. Minerva;1882;1882;7 p.;António Francisco Barata, 1836-1910;;;;;;CAM. 252//5 V.;CAM500;http://id.bnportugal.gov.pt/bib/catbnp/263699;Livre
6490;Bibliografia crítica - Obra | 412;Vida - Biografia | 13;Celebrações - 1872 - Vida | 454;;;;;;;;;;;;;;;;;;;;;;;;;;;;;;;;;;;858437;https://purl.pt/44364;https://bndigital.bnportugal.gov.pt//i/?IIIF=/92/fa/15/d7/92fa15d7-5add-48ca-86b6-0d7e989dd8fe/iiif/cam-253-9-v_0001.tif/full/!300,500/0/default.jpg;Livro impresso;"Português ; Italiano";Português;No anniversario 302 do fallecimento de Camões...;Soneto;;1.ª ed.;Braga : Impr. Commercial;1882;1882;4 p.;Luís de Camões, 1524-1580;;;"António José Viale, 1806-1889, Tradutor ; José Joaquim da Silva Pereira Caldas, 1818-1903, Editor literário";;;CAM. 253//9 V.;CAM500;http://id.bnportugal.gov.pt/bib/catbnp/858437;Livre
6491;Obra - Impressos - Obras (conjunto) - Épica | 46;Obra - Impressos - Obras (conjunto) - Lírica | 47;Obra - Impressos - Obras (conjunto) - Teatro - Título das peças | 62;Obra - Impressos - Obras (conjunto) - Cartas | 63;Obra - Impressos - Estrofes rejeitadas d’Os Lusíadas | 86;Obra - Impressos - Paratextos - Obras (avulsas) - Épica | 103;Obra - Impressos - Paratextos - Obras (avulsas) - Lírica | 107;Obra - Impressos - Obras (conjunto) - Lírica - Soneto | 58;Obra - Impressos - Obras (conjunto) - Lírica - Canção | 48;Obra - Impressos - Obras (conjunto) - Lírica - Sextina | 57;Obra - Impressos - Obras (conjunto) - Lírica - Ode | 55;Obra - Impressos - Obras (conjunto) - Lírica - Oitavas | 56;Obra - Impressos - Obras (conjunto) - Lírica - Elegia | 51;Obra - Impressos - Obras (conjunto) - Lírica - Écloga | 50;Obra - Impressos - Obras (conjunto) - Lírica - Mote | 54;Obra - Impressos - Obras (conjunto) - Lírica - Cantiga | 49;Obra - Impressos - Obras (conjunto) - Lírica - Vilancete | 60;Obra - Impressos - Obras (conjunto) - Lírica - Endechas | 52;Obra - Impressos - Obras (conjunto) - Lírica - Redondilhas | 59;Obra - Impressos - Obras (avulsas) - Lírica - Martírio de Santa Úrsula | 40;Obra - Impressos - Obras (conjunto) - Lírica - Esparsas | 53;Obra - Impressos - Paratextos - Obras - Épica - Argumentos | 123;;;;;;;;;;;;;;;;328899;https://purl.pt/44094;https://bndigital.bnportugal.gov.pt//i/?IIIF=/6a/d6/8a/ac/6ad68aac-2177-4c7d-9760-66046375d76f/iiif/cam-369-2-v_0000_000001.tif/full/!300,500/0/default.jpg;Livro impresso;Português;;Concordantur proecipua loca inter Virgilium et Camonium;;;1.ª ed.;Evora : Typ. Minerva;1882;1882;8, 47, 1 br. p.;João Baptista de Castro, 1700-1775;;;António Francisco Barata, 1836-1910, Editor literário;;;L. 11941//13 V.;CAM500;http://id.bnportugal.gov.pt/bib/catbnp/328899;Livre
6492;Vida - Biografia | 13;Bibliografia crítica - Estudo | 418;Celebrações - 1872 - Vida | 454;;;;;;;;;;;;;;;;;;;;;;;;;;;;;;;;;;;329076;https://purl.pt/44469;https://bndigital.bnportugal.gov.pt//i/?IIIF=/08/49/1a/3c/08491a3c-7d48-45e2-9f48-ed59247ce3b8/iiif/cam-382-1-p_0001.tif/full/!300,500/0/default.jpg;Livro impresso;Português;;A alma de Camões;;;1.ª ed.;Porto : Liv. Portuense de Cavel;1882;1882;24 p.;Ernesto Pires, 1857-1884;;;;;;L. 25768//1 P.;CAM500;http://id.bnportugal.gov.pt/bib/catbnp/329076;Livre
6493;Tradução - Impressos - Obras individuais - Épica | 151;Tradução - Impressos - Obras individuais - Épica - Paratextos gerais | 152;Tradução - Impressos - Obras individuais - Épica - Paratextos vida | 153;Tradução - Impressos - Obras individuais - Épica - Paratextos notas | 155;Iconografia - Impressos - Retrato de Camões | 372;;;;;;;;;;;;;;;;;;;;;;;;;;;;;;;;;329595;https://purl.pt/44461;https://bndigital.bnportugal.gov.pt//i/?IIIF=/46/df/eb/17/46dfeb17-1834-4ef0-93db-01c48864863c/iiif/cam-383-1-p_0002.tif/full/!300,500/0/default.jpg;Livro impresso;Português;;Luis de CamoensSãmmtliche Gedichte. Zum ersten Male deutsch von Wilhelm Storck. Paderborn, druck und verlag von Ferdinand Schöningh, 1880-1882;;;1.ª ed.;S. l. : s. n.;1882;1882;83 p.;Carolina Michaëlis de Vasconcelos, 1851-1925;;;;;;CAM. 383//1 P.;CAM500;http://id.bnportugal.gov.pt/bib/catbnp/329595;Livre
6494;Tradução - Impressos - Composições soltas e fragmentos - Épica - Paratextos gerais | 230;Iconografia - Impressos - Retrato de Camões | 372;Celebrações - 1980 - Discussão, programas e relatórios | 548;;;;;;;;;;;;;;;;;;;;;;;;;;;;;;;;;;;457999;https://purl.pt/44546;https://bndigital.bnportugal.gov.pt//i/?IIIF=/fb/2b/84/d8/fb2b84d8-e212-4bb6-a509-0f685df148b3/iiif/cam-482-1-v_0001.tif/full/!300,500/0/default.jpg;Livro impresso;Francês;;Parodie;folheto promocional;;1.ª ed.;Porto : J. R. M. Scarron II;1882;1882;2 f.;Tiago Roberto Mesnier, fl. 1840-19--;;;;;;CAM. 482//1 V.;CAM500;http://id.bnportugal.gov.pt/bib/catbnp/457999;Livre
6495;Tradução - Impressos - Obras individuais - Épica | 151;Tradução - Impressos - Obras individuais - Épica - Paratextos gerais | 152;Tradução - Impressos - Obras individuais - Épica - Paratextos vida | 153;Tradução - Impressos - Obras individuais - Épica - Paratextos notas | 155;Iconografia - Impressos - Retrato de Camões | 372;Celebrações - 1980 - Discussão, programas e relatórios | 548;;;;;;;;;;;;;;;;;;;;;;;;;;;;;;;Espanhol e Português;458002;https://purl.pt/44554;https://bndigital.bnportugal.gov.pt//i/?IIIF=/d9/01/a7/80/d901a780-06d5-4372-91e0-f888449f4c79/iiif/cam-482-2-v_0001.tif/full/!300,500/0/default.jpg;Livro impresso;Francês;;Parodie;folha de subscrição;;1.ª ed.;Porto : Imp. Civilisação;1882;1882;1 f., desdobr.;Tiago Roberto Mesnier, fl. 1840-19--;;;;;;CAM. 482//2 V.;CAM500;http://id.bnportugal.gov.pt/bib/catbnp/458002;Livre
6496;Iconografia - Impressos - Retrato de Camões | 372;Celebrações - 1872 - Iconografia | 461;;;;;;;;;;;;;;;;;;;;;;;;;;;;;;;;;;;;865534;https://purl.pt/44084;https://bndigital.bnportugal.gov.pt//i/?IIIF=/0e/08/ec/c8/0e08ecc8-6614-4667-b7aa-bd0459b06668/iiif/cam-99-v_0000_000007.tif/full/!300,500/0/default.jpg;Livro impresso;Português;;O centenario de Luiz de Camões em Porto Alegre, capital da Provincia de S. Pedro do Rio Grande do Sul, Brazil, anno MDCCCLXXX;;;1.ª ed.;Porto Alegre : Typographia da Deutsche Zeitung;1882;1882;XX, 204, V, 5 p.;;;;;;;CAM. 99 V.;CAM500;http://id.bnportugal.gov.pt/bib/catbnp/865534;Livre
6497;Tradução - Impressos - Composições soltas e fragmentos - Épica | 229;Tradução - Impressos - Composições soltas e fragmentos - Épica - Paratextos argumentos | 232;Celebrações - 1872 - Actos públicos | 464;;;;;;;;;;;;;;;;;;;;;;;;;;;;;;;;;;;464833;https://purl.pt/44715;https://bndigital.bnportugal.gov.pt//i/?IIIF=/54/51/c9/72/5451c972-cb3c-4a6f-9d66-47120602fbdc/iiif/cam-611-v_0003.tif/full/!300,500/0/default.jpg;Livro impresso;Português;;Alma minha gentil...;;;1.ª ed.;Braga : s.n.;1882;1882;;Luís de Camões, 1524-1580;;;António José Viale, 1806-1889, Editor literário;;;CAM. 611 V.;CAM500;http://id.bnportugal.gov.pt/bib/catbnp/464833;Livre
6498;Bibliografia crítica - Estudo | 418;Celebrações - 1872 - Textos críticos | 453;;;;;;;;;;;;;;;;;;;;;;;;;;;;;;;;;;;;465127;https://purl.pt/44698;https://bndigital.bnportugal.gov.pt//i/?IIIF=/1f/2b/cb/5a/1f2bcb5a-d3b0-41df-b3bc-2bfe8ea70af7/iiif/cam-622-v_0003.tif/full/!300,500/0/default.jpg;Livro impresso;Português;;A Camões...;;;1.ª ed.;Braga : s.n.;1882;1882;1 f.;Domingos Maria Dias Pereira de Freitas, 1852-1905;;;;;;CAM. 622 V.;CAM500;http://id.bnportugal.gov.pt/bib/catbnp/465127;Livre
6499;Recepção criativa - Tematização | 409;Celebrações - 1872 - Recepção criativa - Tematização | 458;Celebrações - 1872 - Actos públicos | 464;;;;;;;;;;;;;;;;;;;;;;;;;;;;;;;;;; Italiano;465372;https://purl.pt/44726;https://bndigital.bnportugal.gov.pt//i/?IIIF=/7b/32/9c/48/7b329c48-ac08-4d10-b01e-125ffe5a58da/iiif/cam-634-v_0001.tif/full/!300,500/0/default.jpg;Livro impresso;Português;;Camões, patria e caridade;memória a Luiz de Camões em 10 de Junho de 1882;;1.ª ed.;Rio de Janeiro : Off. de Fernandes da Silva e Mendes;1882;1882;38 p.;;;;;;;CAM. 634 V.;CAM500;http://id.bnportugal.gov.pt/bib/catbnp/465372;Livre
6500;Obra - Impressos - Obras (avulsas) - Épica | 23;Obra - Impressos - Paratextos - Obras (avulsas) - Épica | 103;Obra - Impressos - Paratextos - Obras (avulsas) - Épica - Vida | 104;Obra - Impressos - Paratextos - Obras (avulsas) - Épica - Argumentos | 105;Iconografia - Impressos - Retrato de Camões | 372;Iconografia - Impressos - Ilustrações da obra | 376;;;;;;;;;;;;;;;;;;;;;;;;;;;;;;;;869394;https://purl.pt/43885;https://bndigital.bnportugal.gov.pt//i/?IIIF=/41/2f/56/a9/412f56a9-97b3-4fc6-8eba-dd71b67743e5/iiif/cam-336-2-v_0000_000001.tif/full/!300,500/0/default.jpg;Livro impresso;;;No anniversario 302 do fallecimento de Camões 10 Junho 1882 segundo obolo litterario do professor do Lyceu de Braga Pereira-Caldas num Soneto de Camões, com a Versão de Lamberto Gil em hispanhol;;;1.ª ed.;;1882;1882;2 f.;Luís de Camões, 1524-1580;;;"José Joaquim da Silva Pereira Caldas, 1818-1903, Editor literário ; Lamberto Gil, 17---18--, Tradutor";;;CAM. 336//2 V.;CAM500;http://id.bnportugal.gov.pt/bib/catbnp/869394;Livre
6501;Obra - Impressos - Obras (avulsas) - Épica | 23;Obra - Impressos - Paratextos - Obras (avulsas) - Épica | 103;Obra - Impressos - Estrofes rejeitadas d’Os Lusíadas | 86;Obra - Impressos - Paratextos - Obras (avulsas) - Épica - Argumentos | 105;Obra - Impressos - Paratextos - Obras (avulsas) - Épica - Notas | 106;Celebrações - 1872 - Edições | 452;;;;;;;;;;;;;;;;;;;;;;;;;;;;;;;;197154;https://purl.pt/43844;https://bndigital.bnportugal.gov.pt//i/?IIIF=/03/d1/ab/95/03d1ab95-f957-4451-9b04-5ff00b67ede6/iiif/cam-1626-v_0000_000001.tif/full/!300,500/0/default.jpg;Livro impresso;Português;;O legendario mysterioso;;;1.ª ed.;Coimbra : Typ. de Santos e Silva;1881;1881;78, 2 p.;Rosalino Cândido de Sampaio e Brito;;;José Caetano Mazziotti Salema Garção, 1886-1961, Antigo possuidor;;;CAM. 1626 V.;CAM500;http://id.bnportugal.gov.pt/bib/catbnp/197154;Livre
6502;Obra - Impressos - Obras (conjunto) - Épica | 46;Obra - Impressos - Estrofes rejeitadas d’Os Lusíadas | 86;Obra - Impressos - Paratextos - Obras (avulsas) - Épica | 103;Obra - Impressos - Paratextos - Obras (avulsas) - Épica - Argumentos | 105;;;;;;;;;;;;;;;;;;;;;;;;;;;;;;;;;;382981;https://purl.pt/43818;https://bndigital.bnportugal.gov.pt//i/?IIIF=/2b/2d/51/1b/2b2d511b-4290-4cc3-b338-dffc6cbedad2/iiif/cam-57-a_0001.tif/full/!300,500/0/default.jpg;Livro impresso;Português;;Relatório da Directoria do Gabinete de Leitura do Rio de Janeiro em 1880;;;1.ª ed.;Rio de Janeiro : Tip e lit. Moreira Maximino;1881;1881;;;;;;;Real Gabinete Português de Leitura do Rio de Janeiro;CAM. 57 A.;CAM500;http://id.bnportugal.gov.pt/bib/catbnp/382981;Livre
6503;Vida - Biografia | 13;Celebrações - 1872 - Vida | 454;;;;;;;;;;;;;;;;;;;;;;;;;;;;;;;;;;;;397867;https://purl.pt/43872;https://bndigital.bnportugal.gov.pt//i/?IIIF=/c3/1b/91/0c/c31b910c-f5c5-4550-849f-b7f896a1c3bc/iiif/cam-67-v_0000_000007.tif/full/!300,500/0/default.jpg;Livro impresso;Inglês;Português;O primeiro canto dos Lusíadas em inglez;;;1.ª ed.;Lisboa : Imprensa Nacional;1881;1881;40 p.;Luís de Camões, 1524-1580;;;James E. Hewitt, Tradutor;;;L. 5571//4 A.;CAM500;http://id.bnportugal.gov.pt/bib/catbnp/397867;Livre
6504;Obra - Impressos - Obras (conjunto) - Épica | 46;Obra - Impressos - Obras (conjunto) - Lírica | 47;Obra - Impressos - Estrofes rejeitadas d’Os Lusíadas | 86;Obra - Impressos - Obras (conjunto) - Teatro | 61;Obra - Impressos - Obras (conjunto) - Cartas | 63;Obra - Impressos - Paratextos - Obras (avulsas) - Épica | 103;Obra - Impressos - Paratextos - Obras (avulsas) - Lírica | 107;Obra - Impressos - Obras (conjunto) - Lírica - Soneto | 58;Obra - Impressos - Obras (conjunto) - Lírica - Canção | 48;Obra - Impressos - Obras (conjunto) - Lírica - Sextina | 57;Obra - Impressos - Obras (conjunto) - Lírica - Ode | 55;Obra - Impressos - Obras (conjunto) - Lírica - Oitavas | 56;Obra - Impressos - Obras (conjunto) - Lírica - Cantiga | 49;Obra - Impressos - Obras (conjunto) - Lírica - Mote | 54;Obra - Impressos - Obras (conjunto) - Lírica - Endechas | 52;Obra - Impressos - Obras (conjunto) - Lírica - Vilancete | 60;Obra - Impressos - Obras (conjunto) - Lírica - Elegia | 51;Obra - Impressos - Obras (conjunto) - Lírica - Écloga | 50;Obra - Impressos - Obras (avulsas) - Lírica - Martírio de Santa Úrsula | 40;Obra - Impressos - Obras (conjunto) - Lírica - Redondilhas | 59;Obra - Impressos - Obras (conjunto) - Lírica - Esparsas | 53;Obra - Impressos - Paratextos - Obras - Épica - Argumentos | 123;Obra - Impressos - Paratextos - Obras - Épica - Notas | 124;;;;;;;;;;;;;;;401648;https://purl.pt/43662;https://bndigital.bnportugal.gov.pt//i/?IIIF=/c5/6f/77/dc/c56f77dc-6fe1-4b19-8eac-61a13ea62b02/iiif/cam-64-7-a_0000_000001.tif/full/!300,500/0/default.jpg;Periódico;Português;;Plutarcho portuguez;colecção de retratos e biographias dos principaes vultos historicos da civilisação portugueza;;1.ª ed.;Porto : Julio Costa, Emilio Biel;1881;1881;;;;;;;;J. 1690//7 V.;CAM500;http://id.bnportugal.gov.pt/bib/catbnp/401648;Livre
6505;Tradução - Impressos - Antologia - Lírica | 208;Tradução - Impressos - Antologia - Lírica - Paratextos gerais | 209;Tradução - Impressos - Antologia - Lírica - Paratextos notas | 212;;;;;;;;;;;;;;;;;;;;;;;;;;;;;;;;;;;453311;https://purl.pt/42605;https://bndigital.bnportugal.gov.pt//i/?IIIF=/0b/2d/16/0c/0b2d160c-c89d-4da8-a9dc-76b4e4c83598/iiif/cam-374-1-v_0001.tif/full/!300,500/0/default.jpg;Livro impresso;Português;;Discurso...;para ser recitado no sarau litterario... à memória de Camões pelos estudantes de 1881;;1.ª ed.;Coimbra : Tip. de Santos e Silva;1881;1881;8 p.;Rosalino Cândido de Sampaio e Brito;;;;;;CAM. 374//1 V.;CAM500;http://id.bnportugal.gov.pt/bib/catbnp/453311;Livre
6506;Tradução - Impressos - Obras individuais - Épica | 151;Tradução - Impressos - Obras individuais - Épica - Paratextos gerais | 152;Tradução - Impressos - Obras individuais - Épica - Paratextos vida | 153;Tradução - Impressos - Obras individuais - Épica - Paratextos argumentos | 154;Tradução - Impressos - Obras individuais - Épica - Paratextos notas | 155;Iconografia - Impressos - Ilustrações da obra | 376;;;;;;;;;;;;;;;;;;;;;;;;;;;;;;;;453908;https://purl.pt/43831;https://bndigital.bnportugal.gov.pt//i/?IIIF=/99/c0/8e/9c/99c08e9c-d3e5-47a3-81cc-349e52e135ba/iiif/cam-386-2-v_0000_000001.tif/full/!300,500/0/default.jpg;Livro impresso;Português;;Homenagem dum livre pensador a Camões;;;1.ª ed.;Porto : Empr. Ferreira de Brito;1881;1881;24 p.;João Cardoso Júnior, 1857-1937;;;;;;H.G. 25691//5 P.;CAM500;http://id.bnportugal.gov.pt/bib/catbnp/453908;Livre
6507;Tradução - Impressos - Obras individuais - Épica | 151;Tradução - Impressos - Obras individuais - Épica - Paratextos gerais | 152;Tradução - Impressos - Obras individuais - Épica - Paratextos vida | 153;Tradução - Impressos - Obras individuais - Épica - Paratextos notas | 155;;;;;;;;;;;;;;;;;;;;;;;;;;;;;;;;;;454218;https://purl.pt/43793;https://bndigital.bnportugal.gov.pt//i/?IIIF=/a4/54/ba/df/a454badf-dc23-49b9-8ac1-fff9a72f6856/iiif/cam-386-6-v_0000_000001.tif/full/!300,500/0/default.jpg;Livro impresso;Português;;Vida de Luiz de Camões e seu retrato;;;1.ª ed.;Coimbra : Impr. Academica;1881;1881;15 p.;;;;;;;CAM. 386//6 V.;CAM500;http://id.bnportugal.gov.pt/bib/catbnp/454218;Livre
6508;Obra - Impressos - Obras (avulsas) - Épica | 23;Obra - Impressos - Paratextos - Obras (avulsas) - Épica - Vida | 104;Obra - Impressos - Paratextos - Obras (avulsas) - Épica - Argumentos | 105;Iconografia - Impressos - Retrato de Camões | 372;Celebrações - 1872 - Edições | 452;;;;;;;;;;;;;;;;;;;;;;;;;;;;;;;;;455281;https://purl.pt/43851;https://bndigital.bnportugal.gov.pt//i/?IIIF=/cc/de/eb/9a/ccdeeb9a-b86c-4e68-ad8f-752eb1c6a97c/iiif/cam-415-v_0000_000009.tif/full/!300,500/0/default.jpg;Livro impresso;Português;;Bibliographia camoneana dos Açores por occasião e posterior ao centenario;;;1.ª ed.;Ponta Delgada : Typ. Archivo dos Açores;1881;1881;97 p.;José Afonso Botelho Andrade, 1828-1887;;;;;;CAM. 415 V.;CAM500;http://id.bnportugal.gov.pt/bib/catbnp/455281;Livre
6509;Obra - Impressos - Obras (avulsas) - Épica | 23;Obra - Impressos - Paratextos - Obras (avulsas) - Épica | 103;Obra - Impressos - Paratextos - Obras (avulsas) - Épica - Vida | 104;Obra - Impressos - Paratextos - Obras (avulsas) - Épica - Argumentos | 105;Iconografia - Impressos - Retrato de Camões | 372;;;;;;;;;;;;;;;;;;;;;;;;;;;;;;;;;458538;https://purl.pt/43924;https://bndigital.bnportugal.gov.pt//i/?IIIF=/92/da/4e/39/92da4e39-d47c-4774-a199-f86cacf95438/iiif/cam-137-6-a_0000_000001.tif/full/!300,500/0/default.jpg;Periódico;Português;;Relatorio da gerencia;;;1.ª ed.;Lisboa : Tip. de Coelho & Irmão;1881;1881;;;;;;;Associação Humanitária a Fénix, Editor comercial;CAM. 137//6 A.;CAM500;http://id.bnportugal.gov.pt/bib/catbnp/458538;Livre
6510;Vida - Ficção - Drama | 17;Vida - Ficção - Poesia | 16;Recepção criativa - Tematização | 409;;;;;;;;;;;;;;;;;;;;;;;;;;;;;;;;;;;458547;https://purl.pt/43785;https://bndigital.bnportugal.gov.pt//i/?IIIF=/bf/e0/5c/48/bfe05c48-f942-48ad-8450-60b6c1efa618/iiif/cam-137-9-a_0000_000001.tif/full/!300,500/0/default.jpg;Periódico;Português;;Relatorio e contas da Direcção;;;1.ª ed.;Lisbos : Typ. Nova Minerva;1881;1881;;;;;;;Associação Homeopata Lisbonense, Editor comercial;CAM. 137//9 A.;CAM500;http://id.bnportugal.gov.pt/bib/catbnp/458547;Livre
6511;Tradução - Impressos - Composições soltas e fragmentos - Épica - Paratextos gerais | 230;Tradução - Impressos - Composições soltas e fragmentos - Épica - Paratextos notas | 233;Obra - Impressos - Composições soltas e fragmentos - Épica - Episódio | 67;;;;;;;;;;;;;;;;;;;;;;;;;;;;;;;;;;;467078;https://purl.pt/43808;https://bndigital.bnportugal.gov.pt//i/?IIIF=/af/a8/b4/8c/afa8b48c-7771-432b-bf36-97c03e88fc1c/iiif/cam-740-v_0000_000005.tif/full/!300,500/0/default.jpg;Livro impresso;Italiano;;Luigi di Camoens, trecenti anni dopo la sua morte;;;1.ª ed.;Roma : Tip. Barbèra;1881;1881;171, 1 f.;Raffaele Cardon;;;;;;CAM. 740 V.;CAM500;http://id.bnportugal.gov.pt/bib/catbnp/467078;Livre
6512;Obra - Impressos - Obras (avulsas) - Épica | 23;Obra - Impressos - Paratextos - Obras (avulsas) - Épica | 103;Obra - Impressos - Paratextos - Obras (avulsas) - Épica - Vida | 104;Obra - Impressos - Paratextos - Obras (avulsas) - Épica - Argumentos | 105;Iconografia - Impressos - Retrato de Camões | 372;;;;;;;;;;;;;;;;;;;;;;;;;;;;;;;;;767525;https://purl.pt/43772;https://bndigital.bnportugal.gov.pt//i/?IIIF=/7c/53/55/55/7c535555-bf57-4fa5-b6f4-b9bad743d540/iiif/cam-106-2-v_0000_000001.tif/full/!300,500/0/default.jpg;Livro impresso;Português;;Á memoria de Luiz de Camões;301.º anniversario do fallecimento do grande épico;;1.ª ed.;Loanda : Tip. do Mercantil;1881;1881;26, 2 p.;;Sociedade Propagadora de Conhecimentos Geográfico-Africanos;;Ernesto Jardim de Vilhena, 1876-1967, Antigo possuidor;;;H.G. 12224//6 V.;CAM500;http://id.bnportugal.gov.pt/bib/catbnp/767525;Livre
6513;Obra - Impressos - Antologias - Épica | 88;Tradução - Impressos - Antologia - Épica | 203;Tradução - Impressos - Antologia - Épica - Paratextos gerais | 204;Tradução - Impressos - Antologia - Épica - Paratextos notas | 207;;;;;;;;;;;;;;;;;;;;;;;;;;;;;;;;;;807427;https://purl.pt/43812;https://bndigital.bnportugal.gov.pt//i/?IIIF=/36/f0/88/40/36f08840-ae78-4ca4-a844-1917e3765f5a/iiif/cam-44-v_0001.tif/full/!300,500/0/default.jpg;Periódico;Português;;Annuario da Sociedade Nacional Camoneana;;;1.ª ed.;Porto : S.N.C.;1881;1881;;;;;;;Sociedade Nacional Camoneana, Editor comercial;CAM. 44 V.;CAM500;http://id.bnportugal.gov.pt/bib/catbnp/807427;Livre
6514;Recepção criativa - Centão [Cintra] | 408;;;;;;;;;;;;;;;;;;;;;;;;;;;;;;;;;;;;;848118;https://purl.pt/43773;https://bndigital.bnportugal.gov.pt//i/?IIIF=/5a/6e/c5/91/5a6ec591-79e6-4cd3-89a9-ceb90affb013/iiif/cam-121-9-v_0000_000001.tif/full/!300,500/0/default.jpg;Livro impresso;Português;;Luiz de Camões;elogio academico lido na... da Universidade de Coimbra no... tri-centenario do grande épico;;1.ª ed.;Porto : Typ. Occidental;1881;1881;31 p.;Luís Maria da Silva Ramos, 1841-1921;;;;;;L. 11934//12 V.;CAM500;http://id.bnportugal.gov.pt/bib/catbnp/848118;Livre
6515;Obra - Impressos - Obras (avulsas) - Épica | 23;Obra - Impressos - Paratextos - Obras (avulsas) - Épica | 103;Obra - Impressos - Estrofes rejeitadas d’Os Lusíadas | 86;Obra - Impressos - Paratextos - Obras (avulsas) - Épica - Argumentos | 105;Celebrações - 1872 - Edições | 452;;;;;;;;;;;;;;;;;;;;;;;;;;;;;;;;;851956;https://purl.pt/43880;https://bndigital.bnportugal.gov.pt//i/?IIIF=/c5/e5/48/44/c5e54844-8b31-4783-ba86-9c7b7b208987/iiif/cam-134-v_0000_000001.tif/full/!300,500/0/default.jpg;Livro impresso;Português;;Relatorio da grande Commissão promotora do festejo maritimo realizado em 13 de Junho de 1880 comemorativo do Terceiro Centenario de Camões no Rio de Janeiro em 10 de Junho de 1880;;;1.ª ed.;Rio de Janeiro : Tip. e Lit. de Moreira, Maximino & C;1881;1881;50, 1 p., 1 f. desdobr.;;;;;;;H.G. 5268 A.;CAM500;http://id.bnportugal.gov.pt/bib/catbnp/851956;Livre
6516;Obra - Impressos - Obras (avulsas) - Épica | 23;Obra - Impressos - Paratextos - Obras (avulsas) - Épica | 103;Obra - Impressos - Paratextos - Obras (avulsas) - Épica - Vida | 104;Obra - Impressos - Paratextos - Obras (avulsas) - Épica - Argumentos | 105;Celebrações - 1872 - Edições | 452;Iconografia - Impressos - Retrato de Camões | 372;Iconografia - Impressos - Ilustrações da obra | 376;;;;;;;;;;;;;;;;;;;;;;;;;;;;;;;811136;https://purl.pt/43979;https://bndigital.bnportugal.gov.pt//i/?IIIF=/c0/82/a2/69/c082a269-9cb6-447d-ad8b-eea63bdaa6ef/iiif/cam-106-5-v_0001.tif/full/!300,500/0/default.jpg;Livro impresso;Português;;Terceiro Centenario de Camões;Premio Commercio do Porto instituido por Eduardo Lemos. 10 de Junho de 1881;;1.ª ed.;Rio de Janeiro : Typ. e Lyth. de Moreira, Maximino & C.;1881;1881;23, 1 br. p.;;;;Eduardo Rodrigues Cardoso de Lemos, Editor literário;;;CAM. 106//5 V.;CAM500;http://id.bnportugal.gov.pt/bib/catbnp/811136;Livre
6517;Tradução - Impressos - Obras individuais - Épica | 151;Tradução - Impressos - Obras individuais - Épica - Paratextos gerais | 152;Tradução - Impressos - Obras individuais - Épica - Paratextos vida | 153;Tradução - Impressos - Obras individuais - Épica - Paratextos argumentos | 154;;;;;;;;;;;;;;;;;;;;;;;;;;;;;;;;;;849560;https://purl.pt/44198;https://bndigital.bnportugal.gov.pt//i/?IIIF=/4c/1c/99/4e/4c1c994e-03af-47a4-a140-038f3a22ad78/iiif/cam-123-1-v_0000_000001.tif/full/!300,500/0/default.jpg;Livro impresso;Português;;Discurso... em honra de Luiz de Camões...;;;1.ª ed.;Coimbra : Impr. da Universidade;1881;1881;19 p.;Alfredo da Cunha, 1863-1942;;;;;;CAM. 123//1 V.;CAM500;http://id.bnportugal.gov.pt/bib/catbnp/849560;Livre
6518;Tradução - Impressos - Composições soltas e fragmentos - Épica | 229;Tradução - Impressos - Composições soltas e fragmentos - Épica - Paratextos gerais | 230;Tradução - Impressos - Composições soltas e fragmentos - Épica - Paratextos notas | 233;;;;;;;;;;;;;;;;;;;;;;;;;;;;;;;;;;Português e Latim;849975;https://purl.pt/43974;https://bndigital.bnportugal.gov.pt//i/?IIIF=/6a/ab/d1/77/6aabd177-3fba-45f4-879a-0c43471afa39/iiif/cam-123-6-v_0001.tif/full/!300,500/0/default.jpg;Livro impresso;Português;;Sacerdos magnos;versos recitados no Theatro Academico... na vespera da inauguração do monumento a Luiz de Camões;;1.ª ed.;Coimbra : Livr. Central de J. Diogo Pires;1881;1881;19 p.;António Feijó, 1859-1917;;;;;;L. 11934//25 V.;CAM500;http://id.bnportugal.gov.pt/bib/catbnp/849975;Livre
6519;Obra - Impressos - Obras (avulsas) - Épica | 23;Obra - Impressos - Paratextos - Obras (avulsas) - Épica | 103;Obra - Impressos - Paratextos - Obras (avulsas) - Épica - Vida | 104;Obra - Impressos - Paratextos - Obras (avulsas) - Épica - Argumentos | 105;Iconografia - Impressos - Retrato de Camões | 372;;;;;;;;;;;;;;;;;;;;;;;;;;;;;;;;;526556;https://purl.pt/45008;https://bndigital.bnportugal.gov.pt//i/?IIIF=/74/36/00/44/74360044-aa3f-4c63-afb5-745aba679eb0/iiif/cam-1365-p_0007.tif/full/!300,500/0/default.jpg;Livro impresso;Português;;Brado dalma;poema de Natercia;;1.ª ed.;Porto : Tip. de A. J. da Silva;1881;1881;15 p.;Ariosto Machado, ca 18--;;;;;;L. 25811//2 P.;CAM500;http://id.bnportugal.gov.pt/bib/catbnp/526556;Livre
6520;Obra - Impressos - Antologias - Lírica | 91;Figuras Femininas - Autoras (produção escrita sobre Camões) | 552;;;;;;;;;;;;;;;;;;;;;;;;;;;;;;;;;;;;458462;https://purl.pt/44195;https://bndigital.bnportugal.gov.pt//i/?IIIF=/88/92/4c/54/88924c54-0b14-44f4-9d78-707183a80eb3/iiif/cam-137-2-a_0000_000001.tif/full/!300,500/0/default.jpg;Periódico;Português;;Relatorio e contas da gerencia da Direcção da Associação de Empregados no Comercio de Lisboa... apresentado em Assemblea geral na sessão de 30 de Janeiro de 1881 e parecer do Conselho fiscal;;;1.ª ed.;Lisboa : Tip. Nova Minerva;1881;1881;;;;;;;Associação de Empregados no Comércio de Lisboa, Editor comercial;CAM. 137//2 A.;CAM500;http://id.bnportugal.gov.pt/bib/catbnp/458462;Livre
6521;Tradução - Impressos - Composições soltas e fragmentos - Épica | 229;Tradução - Impressos - Composições soltas e fragmentos - Épica - Paratextos gerais | 230;Tradução - Impressos - Composições soltas e fragmentos - Épica - Paratextos notas | 233;Obra - Impressos - Composições soltas e fragmentos - Épica - Episódio | 67;;;;;;;;;;;;;;;;;;;;;;;;;;;;;;;;;;458465;https://purl.pt/44100;https://bndigital.bnportugal.gov.pt//i/?IIIF=/c3/f1/a4/0f/c3f1a40f-c15a-4aa2-9dac-1a6be90ccba4/iiif/cam-137-4-a_0001.tif/full/!300,500/0/default.jpg;Periódico;Português;;Relatorio e contas da Direcção...;;;1.ª ed.;Lisboa : Typ. Popular;1881;1881;;;;;;;Associação Homeopata de Socorros Mútuos A Fraternidade, Editor comercial;CAM. 137//4 A.;CAM500;http://id.bnportugal.gov.pt/bib/catbnp/458465;Livre
6522;Obra - Impressos - Obras (conjunto) - Épica | 46;Obra - Impressos - Obras (conjunto) - Lírica | 47;Obra - Impressos - Obras (conjunto) - Teatro - Título das peças | 62;Obra - Impressos - Obras (conjunto) - Cartas | 63;Obra - Impressos - Estrofes rejeitadas d’Os Lusíadas | 86;Obra - Impressos - Paratextos - Obras - Épica | 121;Obra - Impressos - Paratextos - Obras - Lírica | 125;Obra - Impressos - Obras (conjunto) - Lírica - Soneto | 58;Obra - Impressos - Obras (conjunto) - Lírica - Canção | 48;Obra - Impressos - Obras (conjunto) - Lírica - Sextina | 57;Obra - Impressos - Obras (conjunto) - Lírica - Ode | 55;Obra - Impressos - Obras (conjunto) - Lírica - Oitavas | 56;Obra - Impressos - Obras (conjunto) - Lírica - Elegia | 51;Obra - Impressos - Obras (conjunto) - Lírica - Écloga | 50;Obra - Impressos - Obras (conjunto) - Lírica - Mote | 54;Obra - Impressos - Obras (conjunto) - Lírica - Cantiga | 49;Obra - Impressos - Obras (conjunto) - Lírica - Vilancete | 60;Obra - Impressos - Obras (conjunto) - Lírica - Endechas | 52;;Obra - Impressos - Obras (avulsas) - Lírica - Martírio de Santa Úrsula | 40;Obra - Impressos - Obras (conjunto) - Lírica - Redondilhas | 59;Obra - Impressos - Obras (conjunto) - Lírica - Esparsas | 53;Obra - Impressos - Paratextos - Obras - Épica - Argumentos | 123;;;;;;;;;;;;;;;458467;https://purl.pt/44196;https://bndigital.bnportugal.gov.pt//i/?IIIF=/f9/85/1d/f3/f9851df3-dc61-448d-bdad-761b3c39e121/iiif/cam-137-5-a_0000_000001.tif/full/!300,500/0/default.jpg;Periódico;Português;;Relatorio e contas;;;1.ª ed.;Lisboa : Impr. Nacional;1881;1881;;;;;;;Associação dos Empregados no Comércio e Indústria de Lisboa, Editor comercial;CAM. 137//5 A.;CAM500;http://id.bnportugal.gov.pt/bib/catbnp/458467;Livre
6523;Tradução - Impressos - Obras individuais - Épica | 151;Tradução - Impressos - Obras individuais - Épica - Paratextos gerais | 152;Tradução - Impressos - Obras individuais - Épica - Paratextos vida | 153;Tradução - Impressos - Obras individuais - Épica - Paratextos argumentos | 154;Tradução - Impressos - Obras individuais - Épica - Paratextos notas | 155;;;;;;;;;;;;;;;;;;;;;;;;;;;;;;;;;458542;https://purl.pt/44199;https://bndigital.bnportugal.gov.pt//i/?IIIF=/96/2f/48/bd/962f48bd-7a0d-45db-aa8c-4563adc6870b/iiif/cam-137-7-a_0000_000001.tif/full/!300,500/0/default.jpg;Periódico;Português;;Relatorio e contas...;;;1.ª ed.;Lisboa : Typ. Universal;1881;1881;;;;;;;Associação dos Sapateiros Lisbonenses, Editor comercial;CAM. 137//7 A.;CAM500;http://id.bnportugal.gov.pt/bib/catbnp/458542;Livre
6524;Bibliografia crítica - Estudo | 418;Tradução - Impressos - Composições soltas e fragmentos - Lírica - Paratextos gerais | 235;;;;;;;;;;;;;;;;;;;;;;;;;;;;;;;;;;;;458545;https://purl.pt/44165;https://bndigital.bnportugal.gov.pt//i/?IIIF=/2f/c6/72/13/2fc67213-c110-4671-8c6c-726d2799e13a/iiif/cam-137-8-a_0000_000001.tif/full/!300,500/0/default.jpg;Periódico;Português;;Relatorio e contas;;;1.ª ed.;S.l. : s.n.;1881;1881;;;;;;;Montepio Fraternidade, Editor comercial;CAM. 137//8 A.;CAM500;http://id.bnportugal.gov.pt/bib/catbnp/458545;Livre
6525;Tradução - Impressos - Obras individuais - Épica | 151;Tradução - Impressos - Obras individuais - Épica - Paratextos gerais | 152;Tradução - Impressos - Obras individuais - Épica - Paratextos vida | 153;Tradução - Impressos - Obras individuais - Épica - Paratextos argumentos | 154;Tradução - Impressos - Obras individuais - Épica - Paratextos notas | 155;;;;;;;;;;;;;;;;;;;;;;;;;;;;;;;;;852089;https://purl.pt/44085;https://bndigital.bnportugal.gov.pt//i/?IIIF=/ef/8b/29/53/ef8b2953-577b-4a5c-8d22-d340eac497b5/iiif/cam-138-v_0000_000001.tif/full/!300,500/0/default.jpg;Livro impresso;Português;;Terceiro Centenario de Camões;juizo da imprensa do Rio de Janeiro acêrca do relatorio da Directoria do Gabinete Portuguez de Leitura em 1880;;1.ª ed.;Rio de Janeiro : Typographia e Lithographia de Moreira, Maximino & C;1881;1881;19, 1 br. p.;;;;;;;CAM. 138 V.;CAM500;http://id.bnportugal.gov.pt/bib/catbnp/852089;Livre
6526;Vida - Biografia | 13;;;;;;;;;;;;;;;;;;;;;;;;;;;;;;;;;;;;;458601;https://purl.pt/44097;https://bndigital.bnportugal.gov.pt//i/?IIIF=/09/9d/ae/6c/099dae6c-94e9-491d-885c-aca15d218be7/iiif/cam-139-1-a_0001.tif/full/!300,500/0/default.jpg;Livro impresso;Português;;Passeio publico...;festa para solemnisar o primeiro anniversario de tri-centenario do grande poeta Luiz de Camões;;1.ª ed.;Lisboa : s.n.;1881;1881;;;;;;;;CAM. 139//1 A.;CAM500;http://id.bnportugal.gov.pt/bib/catbnp/458601;Livre
6527;Celebrações - 1880 - Periódicos | 471;;;;;;;;;;;;;;;;;;;;;;;;;;;;;;;;;;;;;458616;https://purl.pt/44127;https://bndigital.bnportugal.gov.pt//i/?IIIF=/84/f1/c1/a4/84f1c1a4-1d7c-41eb-b0d5-f0e1d3734812/iiif/cam-139-10-a_0001.tif/full/!300,500/0/default.jpg;Livro impresso;Português;;Uma linda poesia de Camões;aos amantes;;1.ª ed.;Coimbra : Casa Minerva;1881;1881;1 f.;;;;Luís de Camões, 1524-1580, Antecedente bibliográfico;;;CAM. 139//10 A.;CAM500;http://id.bnportugal.gov.pt/bib/catbnp/458616;Livre
6528;Tradução - Impressos - Obras individuais - Épica | 151;Tradução - Impressos - Obras individuais - Épica - Paratextos gerais | 152;Tradução - Impressos - Obras individuais - Épica - Paratextos notas | 155;Iconografia - Impressos - Retrato de Camões | 372;Iconografia - Impressos - Em torno de Camões | 374;Iconografia - Impressos - Figuras históricas | 390;Iconografia - Impressos - Mapas - Rota de Gama | 388;;;;;;;;;;;;;;;;;;;;;;;;;;;;;;;458620;https://purl.pt/44157;https://bndigital.bnportugal.gov.pt//i/?IIIF=/3c/f2/83/7f/3cf2837f-58e8-4850-8e85-d5a3e6bb4620/iiif/cam-139-12-a_0001.tif/full/!300,500/0/default.jpg;Livro impresso;Português;;A Luiz de Camões;poesia;;1.ª ed.;Coimbra : Typ. Minerva;1881;1881;1 f.;D. Dias da Costa;;;;;;CAM. 139//12 A.;CAM500;http://id.bnportugal.gov.pt/bib/catbnp/458620;Livre
6529;Tradução - Impressos - Antologia - Épica | 203;Tradução - Impressos - Obras individuais - Épica - Paratextos gerais | 152;Tradução - Impressos - Obras individuais - Épica - Paratextos notas | 155;;;;;;;;;;;;;;;;;;;;;;;;;;;;;;;;;;;458625;https://purl.pt/44156;https://bndigital.bnportugal.gov.pt//i/?IIIF=/0b/dd/ef/f1/0bddeff1-b64a-44fb-bba7-33ce9929da52/iiif/cam-139-14-a_0001.tif/full/!300,500/0/default.jpg;Livro impresso;Português;;Tricentenario de Camões em Coimbra...;poesia;;1.ª ed.;Coimbra : Impr. da Universidade;1881;1881;1 f.;João de Deus, 1830-1896;;;;;;CAM. 139//14 A.;CAM500;http://id.bnportugal.gov.pt/bib/catbnp/458625;Livre
6530;Celebrações - 1880 - Periódicos | 471;Obra - Impressos - Antologias - Épica | 88;;;;;;;;;;;;;;;;;;;;;;;;;;;;;;;;;;;;458629;https://purl.pt/44161;https://bndigital.bnportugal.gov.pt//i/?IIIF=/49/93/ac/f2/4993acf2-1990-4203-a8a7-c8914531bb20/iiif/cam-139-15-a_0001.tif/full/!300,500/0/default.jpg;Livro impresso;Português;;Fragmento;poesia;;1.ª ed.;Coimbra : Impr. da Universidade;1881;1881;1 f.; Monsaraz, 1852-1913;;;;;;CAM. 139//15 A.;CAM500;http://id.bnportugal.gov.pt/bib/catbnp/458629;Livre
6531;Celebrações - 1880 - Periódicos | 471;Figuras Femininas - Leitoras (em torno de Camões) | 553;;;;;;;;;;;;;;;;;;;;;;;;;;;;;;;;;;;;458630;https://purl.pt/44162;https://bndigital.bnportugal.gov.pt//i/?IIIF=/8b/ff/a5/d7/8bffa5d7-a23c-44d2-911d-8aecea889d5a/iiif/cam-139-16-a_0001.tif/full/!300,500/0/default.jpg;Livro impresso;Português;;Tricentenario de Camões em Coimbra...;poesia;;1.ª ed.;Coimbra : Impr. da Universidade;1881;1881;1 f.;Luís Osório, 1860-1900;;;;;;CAM. 139//16 A.;CAM500;http://id.bnportugal.gov.pt/bib/catbnp/458630;Livre
6532;Celebrações - 1880 - Periódicos | 471;Celebrações - 1860 - Nótulas | 450;;;;;;;;;;;;;;;;;;;;;;;;;;;;;;;;;;;;458607;https://purl.pt/44130;https://bndigital.bnportugal.gov.pt//i/?IIIF=/8a/1b/b2/d8/8a1bb2d8-8059-466c-92c0-ceba9629e401/iiif/cam-139-3-a_0001.tif/full/!300,500/0/default.jpg;Livro impresso;Português;;Inauguração do monumento a Camões;;;1.ª ed.;Coimbra : s.n.;1881;1881;2 f.;;Comissão Academica do Tricentenario em Coimbra;;;;;CAM. 139//3 A.;CAM500;http://id.bnportugal.gov.pt/bib/catbnp/458607;Livre
6533;Iconografia - Impressos - Retrato de Camões | 372;Celebrações - 1880 - Iconografia | 478;;;;;;;;;;;;;;;;;;;;;;;;;;;;;;;;;;;Creio que o artista é de Lugano, Suíça, ainda que o nome do Poeta esteja em português.;742182;https://purl.pt/44131;https://bndigital.bnportugal.gov.pt//i/?IIIF=/bc/41/81/d7/bc4181d7-157c-4686-9ce5-471bad60cb01/iiif/cam-139-4-a_0001.tif/full/!300,500/0/default.jpg;Livro impresso;Português;;Aos habitantes de Coimbra;convite;;1.ª ed.;Coimbra : Casa Minerva;1881;1881;1 f.;;;;;;;CAM. 139//4 A.;CAM500;http://id.bnportugal.gov.pt/bib/catbnp/742182;Livre
6534;Obra - Impressos - Obras (avulsas) - Épica | 23;Obra - Impressos - Paratextos - Obras (avulsas) - Épica | 103;Obra - Impressos - Paratextos - Obras (avulsas) - Épica - Vida | 104;Obra - Impressos - Paratextos - Obras (avulsas) - Épica - Notas | 106;Tradução - Impressos - Obras individuais - Épica | 151;Tradução - Impressos - Obras individuais - Épica - Paratextos notas | 155;Iconografia - Impressos - Retrato de Camões | 372;Iconografia - Impressos - Ilustrações da obra | 376;Celebrações - 1872 - Edições | 452;;;;;;;;;;;;;;;;;;;;;;;;;;;;;458609;https://purl.pt/44129;https://bndigital.bnportugal.gov.pt//i/?IIIF=/56/3b/61/47/563b6147-d8fc-48ef-adee-986fb9c86b3e/iiif/cam-139-5-a_0001.tif/full/!300,500/0/default.jpg;Livro impresso;Português;;Concerto na noite do dia 6 de Maio de 1881...;programa;;1.ª ed.;Coimbra : Impr. da Universidade;1881;1881;1 f.;;Comissão Academica do Tricentenario de Camões;;;;;CAM. 139//5 A.;CAM500;http://id.bnportugal.gov.pt/bib/catbnp/458609;Livre
6535;Tradução - Impressos - Obras individuais - Épica | 151;Tradução - Impressos - Obras individuais - Épica - Paratextos gerais | 152;Tradução - Impressos - Obras individuais - Épica - Paratextos notas | 155;Celebrações - 1880 - Edições | 468;Celebrações - 1880 - Traduções | 476;;;;;;;;;;;;;;;;;;;;;;;;;;;;;;;;;775708;https://purl.pt/45006;https://bndigital.bnportugal.gov.pt//i/?IIIF=/d4/bc/dc/32/d4bcdc32-c146-4bad-a773-2dfed13c99bc/iiif/cam-1430-p_0005.tif/full/!300,500/0/default.jpg;Livro impresso;Português;;Affronta e desaffronta;considerações e reflexões ao desabafo patriotico do... Dr. Francisco Ferraz de Macedo;;1.ª ed.;Lisboa : Editora de Mattos Moreira & C;1881;1881;127 p.;Alberto António de Morais Carvalho, 1852-1933;;;;;;CAM. 687//3 P.;CAM500;http://id.bnportugal.gov.pt/bib/catbnp/775708;Livre
6536;Tradução - Impressos - Antologia - Lírica - Paratextos gerais | 209;Tradução - Impressos - Antologia - Lírica - Paratextos notas | 212;Celebrações - 1880 - Traduções | 476;;;;;;;;;;;;;;;;;;;;;;;;;;;;;;;;;;;258477;https://purl.pt/44313;https://bndigital.bnportugal.gov.pt//i/?IIIF=/a4/b7/ce/b3/a4b7ceb3-bc54-4b5a-b635-9a5e1a659158/iiif/cam-180-p_0007.tif/full/!300,500/0/default.jpg;Livro impresso;Português;;Os Lusiadas;;;"Nova edição contendo: Advertencia e Vida de Luiz de Camões, por A. R. da Cruz Coutinho; Elogio de Luiz de Camões, por F. Dias Gomes; Juizo ácerca dos Lusiadas, por Barreto Feio; Noticia da viagem de Vasco da Gama á India; Index explicativo de algumas palavras empregadas no poema; e um Diccionario dos nomes proprios que se contéem nos Lusiadas";Porto : em Casa de A. R. da Cruz Coutinho;1881;1881;CXI, 1 br., 480 p.;Luís de Camões, 1524-1580;;;"A. R. da Cruz Coutinho, 1815-1885, Editor comercial ; Francisco Dias Dias, 1745-1795, Editor literário ; José Vitorino Barreto Feio, 1782-1850, Editor literário ; João Franco Barreto, 1600-post. 1674, Editor literário";;Tipografia do Jornal do Porto, Impressor;CAM. 180 P.;CAM500;http://id.bnportugal.gov.pt/bib/catbnp/258477;Livre
6537;Vida - Ficção - Narrativa | 15;Recepção criativa - Tematização | 409;Celebrações - 1880 - Vida | 470;Celebrações - 1880 - Recepção criativa - Tematização | 474;;;;;;;;;;;;;;;;;;;;;;;;;;;;;;;;;;252303;https://purl.pt/44282;https://bndigital.bnportugal.gov.pt//i/?IIIF=/d0/dd/45/79/d0dd4579-ee23-44db-963a-7d1cd10ff29f/iiif/cam-187-p_0001.tif/full/!300,500/0/default.jpg;Livro impresso;Português;;Os Lusiadas;;;Edição revista e prefaciada por Theophilo Braga e illustrada com os retratos de Luiz de Camões e Vasco da Gama;Lisboa : Pereira & Amorim;1881;1881;"2 t. em 1 vol. 155, 1 br., 1, 1 br.; 140, 3, 1 br. p.";Luís de Camões, 1524-1580;;;Teófilo Braga, 1843-1924, Autor da introdução, etc.;;Pereira & Amorim, Impressor;CAM. 187 P.;CAM500;http://id.bnportugal.gov.pt/bib/catbnp/252303;Livre
6538;Celebrações - 1880 - Periódicos | 471;Figuras Femininas - Autoras (produção escrita sobre Camões) | 552;Figuras Femininas - Leitoras (em torno de Camões) | 553;;;;;;;;;;;;;;;;;;;;;;;;;;;;;;;;;;;849973;https://purl.pt/45102;https://bndigital.bnportugal.gov.pt//i/?IIIF=/59/25/a4/c8/5925a4c8-aef1-46c3-8561-d778aa3b9e14/iiif/cam-1898-v_0007.tif/full/!300,500/0/default.jpg;Livro impresso;Português;;Programa dos festejos academicos para a inauguração do monumento a Luiz de Camões;;;1.ª ed.;Coimbra : Impr. da Universidade;1881;1881;23, 4 p.;;;;;;;L. 11931//11 V.;CAM500;http://id.bnportugal.gov.pt/bib/catbnp/849973;Livre
6539;Bibliografia crítica - Estudo | 418;Celebrações - 1880 - Textos críticos | 469;;;;;;;;;;;;;;;;;;;;;;;;;;;;;;;;;;;;258571;https://purl.pt/44279;https://bndigital.bnportugal.gov.pt//i/?IIIF=/c2/50/f7/9c/c250f79c-12a9-495e-b689-b5f8671ac7fc/iiif/cam-190-p_0007.tif/full/!300,500/0/default.jpg;Livro impresso;Português;;Os Lusiadas;;;Brinde dos Estudantes de Coimbra á Infancia das Escolas da mesma cidade;Coimbra : Imprensa Academica;1881;1881;384 p.;Luís de Camões, 1524-1580;;;;;Tipografia da Universidade, Impressor;CAM. 190 P.;CAM500;http://id.bnportugal.gov.pt/bib/catbnp/258571;Livre
6540;Recepção criativa - Tematização | 409;Vida - Biografia | 13;Bibliografia crítica - Estudo | 418;Celebrações - 1880 - Vida | 470;Celebrações - 1880 - Textos críticos | 469;Celebrações - 1880 - Recepção criativa - Tematização | 474;;;;;;;;;;;;;;;;;;;;;;;;;;;;;;;;1073971;https://purl.pt/45111;https://bndigital.bnportugal.gov.pt//i/?IIIF=/f1/6c/41/cd/f16c41cd-06be-41c9-bc59-f97d55ab45ba/iiif/cam-1924-v_0005.tif/full/!300,500/0/default.jpg;Livro impresso;Italiano;;Lepopea nazionale e il Camoens;;;1.ª ed.;Modena : Coi Tipi della Società Tipografica;1881;1881;22 p.;Luigi Rossi, 1826-1906;;;;;;CAM. 1924 V.;CAM500;http://id.bnportugal.gov.pt/bib/catbnp/1073971;Livre
6541;Vida - Biografia | 13;Celebrações - 1880 - Vida | 470;;;;;;;;;;;;;;;;;;;;;;;;;;;;;;;;;;;;1725322;https://purl.pt/45106;https://bndigital.bnportugal.gov.pt//i/?IIIF=/07/b2/5b/52/07b25b52-8603-4206-a544-1feec67ba50c/iiif/cam-2032-v_0003.tif/full/!300,500/0/default.jpg;Livro impresso;Português;;Homenagem do Mesquita a Camões;;;2ª edição;Porto : Imprensa Civilisação - Santos & Lemos;1881;1881;14 p.;António Joaquim de Mesquita e Melo, 1789-?;;;;;;CAM. 2032 V.;CAM500;http://id.bnportugal.gov.pt/bib/catbnp/1725322;Livre
6542;Recepção criativa - Tematização | 409;Celebrações - 1880 - Recepção criativa - Tematização | 474;Vida - Ficção - Drama | 17;;;;;;;;;;;;;;;;;;;;;;;;;;;;;;;;;;;1730024;https://purl.pt/43988;https://bndigital.bnportugal.gov.pt//i/?IIIF=/c4/e9/69/53/c4e96953-943d-4a98-9758-95be605e2837/iiif/cam-2043-v_0001.tif/full/!300,500/0/default.jpg;Livro impresso;Português;;Um soneto de Camões em Quevedo Y Villegas imitado com anteloquio do professor Bracarense Pereira Caldas decano do lyceu;;;1.ª ed.;Braga : Typographia de Gouvea;1881;1881;6, 8 p.;José Joaquim da Silva Pereira Caldas, 1818-1903;;Francisco de Quevedo, 1580-1645, Autor;Luís de Camões, 1524-1580, Antecedente bibliográfico;;;CAM. 2043 V.;CAM500;http://id.bnportugal.gov.pt/bib/catbnp/1730024;Livre
6543;Obra - Impressos - Composições soltas e fragmentos - Épica - Episódio | 67;Celebrações - 1880 - Edições | 468;Celebrações - 1880 - Iconografia | 478;;;;;;;;;;;;;;;;;;;;;;;;;;;;;;;;;;;1056188;https://purl.pt/44109;https://bndigital.bnportugal.gov.pt//i/?IIIF=/20/55/ba/44/2055ba44-008e-4398-9440-d636997182ba/iiif/cam-243-2-a_0000_000001.tif/full/!300,500/0/default.jpg;Livro impresso;Português;;Junta Geral do Districto de Ponta Delgada;Sessões do anno de 1880;;1.ª ed.;Ponta Delgada : Typographia Imparcial;1881;1881;87, 1 br. p.;;Portugal. Junta Geral do Distrito Autónomo de Ponta Delgada;;;;Tipografia Imparcial, Impressor;CAM. 243//2 A.;CAM500;http://id.bnportugal.gov.pt/bib/catbnp/1056188;Livre
6544;Obra - Impressos - Obras (avulsas) - Épica | 23;Obra - Impressos - Paratextos - Obras (avulsas) - Épica | 103;Obra - Impressos - Paratextos - Obras (avulsas) - Épica - Argumentos | 105;Obra - Impressos - Paratextos - Obras (avulsas) - Épica - Notas | 106;Celebrações - 1880 - Edições | 468;;;;;;;;;;;;;;;;;;;;;;;;;;;;;;;;;1056197;https://purl.pt/44011;https://bndigital.bnportugal.gov.pt//i/?IIIF=/e7/77/b5/89/e777b589-255a-40f7-862e-858c2428ff01/iiif/cam-243-4-a_0000_000001.tif/full/!300,500/0/default.jpg;Livro impresso;Português;;Relatorio da Associação Commercial do Rio de Janeiro do anno de 1880;;;1.ª ed.;Rio de Janeiro : Typographia Montenegro;1881;1881;24, 14, 21, 1 br., 4, 2, 2, 3, 1 br., 2, 2, 2, 46 p., 29 desdobr.;;Associação Comercial do Rio de Janeiro;;;;Tipografia Montenegro, Impressor;CAM. 243//4 A.;CAM500;http://id.bnportugal.gov.pt/bib/catbnp/1056197;Livre
6545;Vida - Biografia | 13;Celebrações - 1880 - Vida | 470;Iconografia - Impressos - Retrato de Camões | 372;Iconografia - Impressos - Figuras históricas | 390;Bibliografias e catálogos - Bibliografia | 550;;;;;;;;;;;;;;;;;;;;;;;;;;;;;;;;;865408;https://purl.pt/44385;https://bndigital.bnportugal.gov.pt//i/?IIIF=/58/16/9f/5e/58169f5e-f026-41c6-a4ee-9c3f0b342212/iiif/cam-289-8-v_0003.tif/full/!300,500/0/default.jpg;Livro impresso;Português;;Luis de Camões;elogio academico, lido na... Universidade de Coimbra;;1.ª ed.;Porto : Typ. Occidental;1881;1881;;Luís Maria da Silva Soares, ca 18--;;;;;;CAM. 289//8 V.;CAM500;http://id.bnportugal.gov.pt/bib/catbnp/865408;Livre
6546;Vida - Ficção - Poesia | 16;Recepção criativa - Tematização | 409;Celebrações - 1880 - Vida | 470;Celebrações - 1880 - Recepção criativa - Tematização | 474;;;;;;;;;;;;;;;;;;;;;;;;;;;;;;;;;;322278;https://purl.pt/43946;https://bndigital.bnportugal.gov.pt//i/?IIIF=/ce/8e/4b/e3/ce8e4be3-201a-4e56-80ee-2c3e479bf165/iiif/cam-314-p_0000_000001.tif/full/!300,500/0/default.jpg;Livro impresso;Português;;Tu só, tu, puro amor...;comedia;;1.ª ed.;Rio de Janeiro : s.n.;1881;1881;VII, 71, 1 p.;Machado de Assis, 1839-1908;;;;;;CAM. 314 P.;CAM500;http://id.bnportugal.gov.pt/bib/catbnp/322278;Livre
6547;Música - Impressos | 405;Celebrações - 1880 - Música | 479;Recepção criativa - Tematização | 409;Iconografia - Impressos - Retrato de Camões | 372;;;;;;;;;;;;;;;;;;;;;;;;;;;;;;;;;;329092;https://purl.pt/44467;https://bndigital.bnportugal.gov.pt//i/?IIIF=/ed/99/af/11/ed99af11-66af-4903-b29f-f0afacf7d6ce/iiif/cam-382-2-p_0001.tif/full/!300,500/0/default.jpg;Livro impresso;Português;;Camões em Coimbra;poema realista;;1.ª ed.;Coimbra : s. n.;1881;1881;"15 p. ;20 cm"; ˜Um œAcadémico;;;;;;L. 36372//7 P.;CAM500;http://id.bnportugal.gov.pt/bib/catbnp/329092;Livre
6548;Tradução - Impressos - Obras individuais - Épica | 151;Tradução - Impressos - Obras individuais - Épica - Paratextos gerais | 152;Tradução - Impressos - Estrofes rejeitadas - Paratextos gerais | 255;Tradução - Impressos - Obras individuais - Épica - Paratextos argumentos | 154;Tradução - Impressos - Obras individuais - Épica - Paratextos notas | 155;Figuras Femininas - Autoras (produção escrita sobre Camões) | 552;Celebrações - 1880 - Traduções | 476;;;;;;;;;;;;;;;;;;;;;;;;;;;;;;Os Lusíadas = ˜The œLusiades / Rectificar título, depois de abrir o purl. ;329593;https://purl.pt/44466;https://bndigital.bnportugal.gov.pt//i/?IIIF=/d4/1f/02/7b/d41f027b-0cae-4330-8c6b-12e490258738/iiif/cam-382-5-p_0001.tif/full/!300,500/0/default.jpg;Livro impresso;Português;;A voz da consciencia;homenagem a Camões;;1.ª ed.;Porto : Typ. de A. J. da Silva;1881;1881;15, 1 p.;Ernesto Pires, 1857-1884;;;;;;CAM. 382//5 P.;CAM500;http://id.bnportugal.gov.pt/bib/catbnp/329593;Livre
6549;Celebrações - 1880 - Periódicos | 471;;;;;;;;;;;;;;;;;;;;;;;;;;;;;;;;;;;;;454231;https://purl.pt/44470;https://bndigital.bnportugal.gov.pt//i/?IIIF=/cf/f6/db/c4/cff6dbc4-b590-402d-b561-0b50ebd4eccf/iiif/cam-387-2-v_0001.tif/full/!300,500/0/default.jpg;Livro impresso;Português;;Estatutos;;;1.ª ed.;Lisboa : Typ. Nova Minerva;1881;1881;38 p.;;Ateneu Comercial de Lisboa;;;;;CAM. 387//2 V.;CAM500;http://id.bnportugal.gov.pt/bib/catbnp/454231;Livre
6550;Obra - Impressos - Obras (avulsas) - Lírica - Soneto | 35;Obra - Impressos - Obras (avulsas) - Lírica - Canção | 25;Obra - Impressos - Obras (avulsas) - Lírica - Sextina | 34;Obra - Impressos - Obras (avulsas) - Lírica - Ode | 32;Obra - Impressos - Obras (avulsas) - Lírica - Oitavas | 33;Obra - Impressos - Obras (avulsas) - Lírica - Elegia | 28;Obra - Impressos - Obras (avulsas) - Lírica - Écloga | 27;Obra - Impressos - Obras (avulsas) - Lírica - Mote | 31;Obra - Impressos - Paratextos - Obras (avulsas) - Lírica | 107;Celebrações - 1880 - Edições | 468;Obra - Impressos - Obras (avulsas) - Lírica - Fábula de Narciso | 38;Obra - Impressos - Obras (avulsas) - Lírica - Martírio de Santa Úrsula | 40;Obra - Impressos - Obras (avulsas) - Lírica - Redondilhas | 36;;;;;;;;;;;;;;;;;;;;;;;;;454251;https://purl.pt/44484;https://bndigital.bnportugal.gov.pt//i/?IIIF=/e1/21/7e/9b/e1217e9b-67b0-441e-ac6a-72339cb90315/iiif/cam-387-7-v_0001.tif/full/!300,500/0/default.jpg;Livro impresso;Espanhol;;Memória y cuentas;referentes al año de 1880;;1.ª ed.;Lisboa : Lallemant Fréres;1881;1881;36 p.;;Asociacion Española en Lisboa La Fraternidad;;;;;CAM. 387//7 V.;CAM500;http://id.bnportugal.gov.pt/bib/catbnp/454251;Livre
6551;Celebrações - 1880 - Discussão, programas e relatórios | 481;Celebrações - 1860 - Discussão, programas e relatórios | 449;;;;;;;;;;;;;;;;;;;;;;;;;;;;;;;;;;;;454252;https://purl.pt/44483;https://bndigital.bnportugal.gov.pt//i/?IIIF=/72/8d/cb/0f/728dcb0f-5d6e-426b-8aba-4348cfaaa749/iiif/cam-387-8-v_0001.tif/full/!300,500/0/default.jpg;Livro impresso;Português;;Relatorio e contas da gerencia da Commissão de Beneficencia da Freguezia de Santa Justa e Rufina no anno de 1880;;;1.ª ed.;Lisboa : Typ. da Casa de Inglaterra;1881;1881;8 p;;Comissão de Beneficência da Freguesia de Santa Justa e Rufina;;;;;CAM. 387//8 V.;CAM500;http://id.bnportugal.gov.pt/bib/catbnp/454252;Livre
6552;Recepção criativa - Tematização | 409;;;;;;;;;;;;;;;;;;;;;;;;;;;;;;;;;;;;;367270;https://purl.pt/44550;https://bndigital.bnportugal.gov.pt//i/?IIIF=/88/9c/ac/3b/889cac3b-c6d6-4de2-92e6-afd4cd68d1a0/iiif/cam-444-p_0005.tif/full/!300,500/0/default.jpg;Livro impresso;Italiano;;Dom Luis de Camoens;profilo critico-biografico;;1.ª ed.;Firenze : coi Tipi M. Cellini E.C.;1881;1881;36 p.;Carlo Catanzaro, 1852-?;;;;;;CAM. 153//2 V.;CAM500;http://id.bnportugal.gov.pt/bib/catbnp/367270;Livre
6553;Recepção criativa - Centão [Cintra] | 408;Celebrações - 1880 - Recepção criativa - Centão | 475;;;;;;;;;;;;;;;;;;;;;;;;;;;;;;;;;;;;260046;https://purl.pt/17180;https://bndigital.bnportugal.gov.pt//i/?IIIF=/9b/52/ee/80/9b52ee80-f985-4970-b1fe-d509add36110/iiif/l-81022-p_0000_capa-lomb_t24-C-R0150_000007.tif/full/!300,500/0/default.jpg;Livro impresso;Inglês;Português;Seventy sonnets of Camoens;;;1.ª ed.;London : C. Kegan Paul & Co.;1881;1881;XXIII, 1, 253, 3 p.;Luís de Camões, 1524-1580;;;"John James Aubertin, ca 1878, Nome associado ; Alfredo David, 1863-1930, Encadernador ; António Alberto Marinho Duarte de Sousa, 1896-1950, Antigo possuidor";;;L. 81022 P.;PCulture;http://id.bnportugal.gov.pt/bib/catbnp/260046;Livre
6554;Tradução - Impressos - Obras (conjunto) - Lírica | 182;Tradução - Impressos - Obras (conjunto) - Cartas | 192;Tradução - Impressos - Obras (conjunto) - Épica | 177;Tradução - Impressos - Obras (conjunto) - Teatro | 187;Celebrações - 1880 - Traduções | 476;Tradução - Impressos - Obras (conjunto) - Épica - Paratextos gerais | 178;Tradução - Impressos - Obras (conjunto) - Épica - Paratextos notas | 181;;;;;;;;;;;;;;;;;;;;;;;;;;;;;;;374705;https://purl.pt/44625;https://bndigital.bnportugal.gov.pt//i/?IIIF=/64/39/0c/74/64390c74-d848-4a43-b57f-8fca3accc476/iiif/cam-538-9-p_0001.tif/full/!300,500/0/default.jpg;Livro impresso;Português;;Festas camonianas em Coimbra;ao génio;;1.ª ed.;Coimbra : Imprensa Literária;1881;1881;15 p.;Manuel da Silva Gaio, 1860-1934;;;;;;L. 25872//5 P.;CAM500;http://id.bnportugal.gov.pt/bib/catbnp/374705;Livre
6555;Obra - Impressos - Obras (avulsas) - Épica | 23;Obra - Impressos - Paratextos - Obras (avulsas) - Épica | 103;Celebrações - 1880 - Edições | 468;;;;;;;;;;;;;;;;;;;;;;;;;;;;;;;;;;;454223;https://purl.pt/29351;https://bndigital.bnportugal.gov.pt//i/?IIIF=/75/fd/7e/3e/75fd7e3e-4e12-4f5c-ab28-6e0578d382e5/iiif/454223_0000_capa-capa_t24-C-R0150_000001.tif/full/!300,500/0/default.jpg;Livro impresso;"Português ; Espanhol";;Seis estrophes do episodio do Adamastor, extrahido dos Lusiadas de Camões com a versão hispanhola de D. Patricio de la Escosura inedita ainda: antecedidas de um preambulo do Prof... Pereira Caldas;;;1.ª ed.;Braga : Typographia Lealdade;1881;1881;33 p.;Luís de Camões, 1524-1580;;;"Patricio de la Escosura, Tradutor ; José Joaquim da Silva Pereira Caldas, 1818-1903, Autor da introdução, etc.";;;CAM. 386//7 V.;;http://id.bnportugal.gov.pt/bib/catbnp/454223;Livre
6556;Recepção criativa - Tematização | 409;Celebrações - 1880 - Recepção criativa - Tematização | 474;;;;;;;;;;;;;;;;;;;;;;;;;;;;;;;;;;;;458654;https://purl.pt/44659;https://bndigital.bnportugal.gov.pt//i/?IIIF=/87/e1/da/c8/87e1dac8-1255-4f1e-bd16-9d6917bd3aaa/iiif/cam-544-v_0001.tif/full/!300,500/0/default.jpg;Livro impresso;Português;;Imitação, parodia e centonisação de dez estophes dos Lusiadas de Camões em 1628;;;1.ª ed.;Braga : Tip. de Gouveia;1881;1881;57, IV p.;Cristóvão Osório, 1574-1630;;;José Joaquim da Silva Pereira Caldas, 1818-1903, Autor da introdução, etc.;;;CAM. 544 V.;CAM500;http://id.bnportugal.gov.pt/bib/catbnp/458654;Livre
6557;Vida - Ficção - Narrativa | 15;Obra - Impressos - Paratextos - Obras (avulsas) - Outros | 119;Celebrações - 1880 - Vida | 470;;;;;;;;;;;;;;;;;;;;;;;;;;;;;;;;;;completar subtítulo: notas biográficas;789259;https://purl.pt/44817;https://bndigital.bnportugal.gov.pt//i/?IIIF=/18/7f/ff/72/187fff72-4768-4918-b3f1-0988575e316b/iiif/cam-864-p_0009.tif/full/!300,500/0/default.jpg;Livro impresso;Francês;;Notice sur Luiz de Camoens;;;1.ª ed.;Louvain : Charles Fonteyn;1881;1881;92 p.;Ferdinand de Trocz;;;;;;CAM. 864 P.;CAM500;http://id.bnportugal.gov.pt/bib/catbnp/789259;Livre
6558;Celebrações - 1880 - Actos públicos | 477;Iconografia - Impressos - Retrato de Camões | 372;Iconografia - Impressos - Imagens de Camões | 373;;;;;;;;;;;;;;;;;;;;;;;;;;;;;;;;;;;458662;https://purl.pt/44661;https://bndigital.bnportugal.gov.pt//i/?IIIF=/85/3e/50/18/853e5018-0bae-46f2-bdc5-c368509bdcf8/iiif/cam-554-v_0003.tif/full/!300,500/0/default.jpg;Livro impresso;Português;;Amica veritas;versos no terceiro centenário de Camões;;Terceira edição com uma carta do Sr. Camillo Castello-Branco e o juizo da imprensa...;Porto : J. E. Cruz Coutinho;1881;1881;19, 2 p.;Diogo Souto, ?-1901;;;Camilo Castelo Branco, 1825-1890, Autor da introdução, etc.;;;L. 66081 V.;CAM500;http://id.bnportugal.gov.pt/bib/catbnp/458662;Livre
6559;Obra - Impressos - Antologias - Lírica | 91;Celebrações - 1880 - Edições | 468;Iconografia - Impressos - Retrato de Camões | 372;Iconografia - Impressos - Imagens de Camões | 373;Figuras Femininas - Autoras (produção escrita sobre Camões) | 552;Obra - Impressos - Obras (avulsas) - Lírica - Cantiga | 26;Obra - Impressos - Obras (avulsas) - Lírica - Soneto | 35;Obra - Impressos - Obras (avulsas) - Lírica - Canção | 25;Obra - Impressos - Obras (avulsas) - Lírica - Ode | 32;Obra - Impressos - Obras (avulsas) - Lírica - Elegia | 28;Obra - Impressos - Obras (avulsas) - Lírica - Écloga | 27;Obra - Impressos - Obras (avulsas) - Lírica - Endechas | 29;Obra - Impressos - Obras (avulsas) - Lírica - Mote | 31;;;;;;;;;;;;;;;;;;;;;;;;;459269;https://purl.pt/44673;https://bndigital.bnportugal.gov.pt//i/?IIIF=/f8/f6/e7/3b/f8f6e73b-3209-4c00-b136-9028b57761b9/iiif/cam-601-v_0005.tif/full/!300,500/0/default.jpg;Livro impresso;Português;;Estancias e lições desprezadas e omittidas por Camões na primeira impressão do seu poema;extraídas da edição dos Lusíadas publicada em 1800 por Joaquim Ignacio de Freitas,...;;1.ª ed.;Coimbra : Casa Minerva;1881;1881;51, 2 p.;Luís de Camões, 1524-1580;;;Joaquim Inácio de Freitas, ?-1831, Antecedente bibliográfico;;;CAM. 601 V.;CAM500;http://id.bnportugal.gov.pt/bib/catbnp/459269;Livre
6560;Recepção criativa - Tematização | 409;Recepção criativa - Centão [Cintra] | 408;Celebrações - 1880 - Recepção criativa - Tematização | 474;Celebrações - 1880 - Recepção criativa - Centão | 475;;;;;;;;;;;;;;;;;;;;;;;;;;;;;;;;;;465130;https://purl.pt/44701;https://bndigital.bnportugal.gov.pt//i/?IIIF=/e3/4b/c2/d7/e34bc2d7-e8ea-4d00-a4ae-af320a5ff71f/iiif/cam-623-v_0001.tif/full/!300,500/0/default.jpg;Livro impresso;Português;;Homenagens a Camões em artigos jornalísticos em Braga, no tricentenário do poeta 10 de Junho 1880;;;1.ª ed.;Braga : Typ. Lusitana;1881;1881;16 p.;José Joaquim da Silva Pereira Caldas, 1818-1903;;;;;;CAM. 623 V.;CAM500;http://id.bnportugal.gov.pt/bib/catbnp/465130;Livre
6561;Recepção criativa - Tematização | 409;Vida - Ficção - Poesia | 16;Celebrações - 1880 - Vida | 470;Celebrações - 1880 - Recepção criativa - Tematização | 474;;;;;;;;;;;;;;;;;;;;;;;;;;;;;;;;;;329663;https://purl.pt/37884;https://bndigital.bnportugal.gov.pt//i/?IIIF=/3c/21/0b/d4/3c210bd4-ee33-40df-8783-98f3b4be2743/iiif/cam-385-3-p_0000_000001.tif/full/!300,500/0/default.jpg;Livro impresso;Português;;Glosa da estrophe, estavas linda Ignez posta em socego, de Camões;;;1.ª ed.;Évora : Typ. Minerva de A. F. Barata;1881;1881;14 p.;António Francisco Barata, 1836-1910;;;;;;CAM. 385//3 P.;;http://id.bnportugal.gov.pt/bib/catbnp/329663;Livre
6562;Obra - Impressos - Obras (avulsas) - Épica | 23;Obra - Impressos - Paratextos - Obras (avulsas) - Épica | 103;Celebrações - 1880 - Edições | 468;Iconografia - Impressos - Retrato de Camões | 372;Iconografia - Impressos - Ilustrações da obra | 376;Iconografia - Impressos - Portadas | 392;;;;;;;;;;;;;;;;;;;;;;;;;;;;;;;;418131;https://purl.pt/37397;https://bndigital.bnportugal.gov.pt//i/?IIIF=/91/6e/8c/2f/916e8c2f-ead7-4ecf-aef6-abab48f45334/iiif/cam-285-2-v_0000_000001.tif/full/!300,500/0/default.jpg;Livro impresso;Português;;O tricentenário de Camões em Portugal;;;1.ª ed.;Coimbra : Imprensa Académica;1881;1881;28, 1 br., 1 p.;Rosalino Cândido de Sampaio e Brito;;;;;;H.G. 19554//5 V.;;http://id.bnportugal.gov.pt/bib/catbnp/418131;Livre
6563;Tradução - Impressos - Composições soltas e fragmentos - Épica | 229;Tradução - Impressos - Composições soltas e fragmentos - Épica - Paratextos gerais | 230;Celebrações - 1880 - Traduções | 476;;;;;;;;;;;;;;;;;;;;;;;;;;;;;;;;;;;475377;https://purl.pt/34060;https://bndigital.bnportugal.gov.pt//i/?IIIF=/c3/cb/56/18/c3cb5618-9d2b-458f-b9e9-2cd2bcabeb03/iiif/cam-653-2-v_0000_000001.tif/full/!300,500/0/default.jpg;Livro impresso;Português;;Homenagem a Luiz de Camões;;;1.ª ed.;Coimbra : Associação Liberal;1881;1881;1 f.;Luís de Camões, 1524-1580;;;;;Associação Liberal de Coimbra, Editor comercial;CAM. 653//2 V.;;http://id.bnportugal.gov.pt/bib/catbnp/475377;Livre
6564;Celebrações - 1880 - Periódicos | 471;;;;;;;;;;;;;;;;;;;;;;;;;;;;;;;;;;;;;475379;https://purl.pt/34061;https://bndigital.bnportugal.gov.pt//i/?IIIF=/2e/21/61/3f/2e21613f-8bda-4561-b94d-ca8917b5eb9a/iiif/cam-653-3-v_0000_000001.tif/full/!300,500/0/default.jpg;Livro impresso;Português;;Camões;soneto;;1.ª ed.;Coimbra : Imp. da Universidade;1881;1881;1 f.;Baptista Coimbra, ca 18--;;;;;;CAM. 653//3 V.;;http://id.bnportugal.gov.pt/bib/catbnp/475379;Livre
6565;Obra - Impressos - Antologias - Épica | 88;Obra - Impressos - Obras (avulsas) - Lírica - Soneto | 35;Iconografia - Impressos - Retrato de Camões | 372;Iconografia - Impressos - Figuras históricas | 390;Celebrações - 1880 - Edições | 468;;;;;;;;;;;;;;;;;;;;;;;;;;;;;;;;;475467;https://purl.pt/26367;https://bndigital.bnportugal.gov.pt//i/?IIIF=/8e/b9/68/96/8eb96896-2c5c-4ab4-856b-0610f50b0c15/iiif/475467_0000_000001.tif/full/!300,500/0/default.jpg;Livro impresso;Português;;Alma minha!;melodia para piano e canto;;1.ª ed.;Lisboa : Imp. Nacional;1881;1881;2 f.;Amélia Augusta de Azevedo, 1840-1913;;Luís de Camões, 1524-1580;;;;CAM. 84//3 A.;;http://id.bnportugal.gov.pt/bib/catbnp/475467;Livre
6566;Celebrações - 1880 - Periódicos | 471;Iconografia - Impressos - Retrato de Camões | 372;Celebrações - 1880 - Iconografia | 478;;;;;;;;;;;;;;;;;;;;;;;;;;;;;;;;;;;523218;https://purl.pt/22742;https://bndigital.bnportugal.gov.pt//i/?IIIF=/cb/9a/10/17/cb9a1017-e7e1-4ee8-bfd9-74eccc6a53c2/iiif/523218_0000_capa-capa_t24-C-R0150_000001.tif/full/!300,500/0/default.jpg;Livro impresso;Português;;Carta ao Ill.mo e Ex.mo Sr. Abílio Augusto da Fonseca Pinto depois da leitura do episodio Ignez de Castro de Camões;;;1.ª ed.;Évora : Typ. de A.f. Barata;1881;1881;8 p.;António Francisco Barata, 1836-1910;;;Aníbal Fernandes Tomás, 1849-1911, Editor literário;;;L. 25810//20 P.;;http://id.bnportugal.gov.pt/bib/catbnp/523218;Livre
6567;Bibliografia crítica - Estudo | 418;Celebrações - 1880 - Textos críticos | 469;;;;;;;;;;;;;;;;;;;;;;;;;;;;;;;;;;;;849665;https://purl.pt/37299;https://bndigital.bnportugal.gov.pt//i/?IIIF=/ce/42/42/29/ce424229-5b43-4024-993c-88afc855bf30/iiif/cam-385-2-v_0000_000003.tif/full/!300,500/0/default.jpg;Livro impresso;"Português ; Espanhol";;Encomio a Camões numa poesia hispanhola de D. José Lopez de la Vega em 1855;;;1.ª ed.;Braga : Typ. Lealdade;1881;1881;21 p.;José Lopez de la Vega, fl. 1850;;;José Joaquim da Silva Pereira Caldas, 1818-1903, Autor da introdução, etc.;;;CAM. 123//2 V.;;http://id.bnportugal.gov.pt/bib/catbnp/849665;Livre
6568;Recepção criativa - Tematização | 409;Celebrações - 1880 - Vida | 470;Obra - Impressos - Paratextos - Obras (avulsas) - Outros | 119;Obra - Impressos - Obras (avulsas) - Lírica - Soneto | 35;Obra - Impressos - Obras (avulsas) - Lírica - Redondilhas | 36;Celebrações - 1880 - Recepção criativa - Tematização | 474;;;;;;;;;;;;;;;;;;;;;;;;;;;;;;;;849972;https://purl.pt/39843;https://bndigital.bnportugal.gov.pt//i/?IIIF=/c3/47/c7/37/c347c737-9d85-4d66-be5e-4fb26799ad22/iiif/cam-123-4-v_0000_000001.tif/full/!300,500/0/default.jpg;Livro impresso;Português;;As navegações;versos recitados no Theatro Academico... na vespera da inauguração do monumento a Luiz de Camões;;1.ª ed.;Coimbra : Livr. Central de J. Diogo Pires;1881;1881;19 p.;Luís de Magalhães, 1859-1935;;;;;;CAM. 123//4 V.;;http://id.bnportugal.gov.pt/bib/catbnp/849972;Livre
6569;Recepção criativa - Tematização | 409;Obra - Impressos - Paratextos - Obras (avulsas) - Outros | 119;Celebrações - 1880 - Recepção criativa - Tematização | 474;Celebrações - 1880 - Textos críticos | 469;Celebrações - 1880 - Actos públicos | 477;Iconografia - Impressos - Retrato de Camões | 372;;;;;;;;;;;;;;;;;;;;;;;;;;;;;;;;1072997;https://purl.pt/33951;https://bndigital.bnportugal.gov.pt//i/?IIIF=/d2/41/a8/d1/d241a8d1-b7d3-4feb-848a-c7ba703bf611/iiif/cam-1453-p_0000_000005.tif/full/!300,500/0/default.jpg;Livro impresso;Português;;Camões em Ceuta;;;1.ª ed.;Porto : Imprensa Commercial;1881;1881;16 p.;Alfredo Carvalhais, 1851-1890;;;;;;CAM. 1453 P.;;http://id.bnportugal.gov.pt/bib/catbnp/1072997;Livre
6570;Recepção criativa - Tematização | 409;Celebrações - 1880 - Recepção criativa - Tematização | 474;Iconografia - Impressos - Imagens de Camões | 373;Obra - Impressos - Paratextos - Obras (avulsas) - Outros | 119;;;;;;;;;;;;;;;;;;;;;;;;;;;;;;;;;;26169;https://purl.pt/42937;https://bndigital.bnportugal.gov.pt//i/?IIIF=/08/e3/bd/09/08e3bd09-140b-4567-8c3e-61c604f89588/iiif/cam-550-p_0000_000007.tif/full/!300,500/0/default.jpg;Livro impresso;Português;;Galeria de varões illustres de Portugal;;;1.ª ed.;Lisboa : Empreza Horas Românticas;1880;1880;2 v.;Latino Coelho, 1825-1891;;;;;;J.S. 1220-1;CAM500;http://id.bnportugal.gov.pt/bib/catbnp/26169;Livre
6571;Celebrações - 1880 - Discussão, programas e relatórios | 481;Celebrações - 1880 - Iconografia | 478;Iconografia - Impressos - Portadas | 392;Obra - Impressos - Paratextos - Obras (avulsas) - Outros | 119;Iconografia - Impressos - Lugares de memória | 391;;;;;;;;;;;;;;;;;;;;;;;;;;;;;;;;;87568;https://purl.pt/43790;https://bndigital.bnportugal.gov.pt//i/?IIIF=/e8/03/44/c0/e80344c0-7344-4072-97b4-6a21222417ed/iiif/cam-384-5-v_0000_000001.tif/full/!300,500/0/default.jpg;Livro impresso;Português;;A fome de Camões poema em 4 cantos;;;1.ª ed.;Lisboa : Empreza Litteraria Luso-Brazileira de A. de Souza Pinto e Livraria Industrial de Lisboa;1880;1880;LXIII, 1 br. p.;Gomes Leal, 1848-1921;;;;;;CAM. 384//5 V.;CAM500;http://id.bnportugal.gov.pt/bib/catbnp/87568;Livre
6572;Recepção criativa - Tematização | 409;Celebrações - 1880 - Recepção criativa - Tematização | 474;;;;;;;;;;;;;;;;;;;;;;;;;;;;;;;;;;;;251998;https://purl.pt/43312;https://bndigital.bnportugal.gov.pt//i/?IIIF=/8d/81/e1/1e/8d81e11e-99a4-4e9d-b3b6-7b0ff1fa00a0/iiif/mp-1066-3-a_0000_000001.tif/full/!300,500/0/default.jpg;Livro impresso;Português;;No mar;música e versos;;1.ª ed.;S. l. : s. n.;1880;1880;1 partitura 2 p.;Fernando Caldeira, 1841-1894;;;;;;M.P. 1066//3 A.;CAM500;http://id.bnportugal.gov.pt/bib/catbnp/251998;Livre
6573;Celebrações - 1880 - Vida | 470;Celebrações - 1880 - Textos críticos | 469;Recepção criativa - Tematização | 409;Celebrações - 1880 - Recepção criativa - Tematização | 474;Recepção criativa - Centão [Cintra] | 408;Celebrações - 1880 - Recepção criativa - Centão | 475;Iconografia - Impressos - Retrato de Camões | 372;Figuras Femininas - Autoras (produção escrita sobre Camões) | 552;Obra - Impressos - Obras (avulsas) - Lírica - Soneto | 35;Tradução - Impressos - Composições soltas e fragmentos - Lírica | 234;;;;;;;;;;;;;;;;;;;;;;;;;;;;252452;https://purl.pt/42950;https://bndigital.bnportugal.gov.pt//i/?IIIF=/76/11/4c/8e/76114c8e-ede6-4e37-92fb-91d5436fa2a2/iiif/cam-248-p_0000_000005.tif/full/!300,500/0/default.jpg;Livro impresso;"Português ; Inglês";;Os Lusíadas;;;1.ª ed.;London : Bernard Quaritch;1880;1880;2 v. XIX, 3, 250, 1, 251-471 p.;Luís de Camões, 1524-1580;;;Richard Francis Burton, 1821-1890, Tradutor;;;CAM. 248 P.;CAM500;http://id.bnportugal.gov.pt/bib/catbnp/252452;Livre
6574;Bibliografia crítica - Estudo | 418;Iconografia - Impressos - Retrato de Camões | 372;Celebrações - 1880 - Iconografia | 478;;;;;;;;;;;;;;;;;;;;;;;;;;;;;;;;;;;254903;https://purl.pt/43845;https://bndigital.bnportugal.gov.pt//i/?IIIF=/1e/00/45/73/1e004573-3343-4b38-93d6-92d511678e38/iiif/cam-1632-v_0000_000007.tif/full/!300,500/0/default.jpg;Livro impresso;Português;;A Camões;;;1.ª ed.;Braga : s.n.;1880;1880;16 p.;;;;;;;CAM. 1632 V.;CAM500;http://id.bnportugal.gov.pt/bib/catbnp/254903;Livre
6575;Celebrações - 1880 - Periódicos | 471;Celebrações - 1880 - Recepção criativa - Tematização | 474;Figuras Femininas - Autoras (produção escrita sobre Camões) | 552;;;;;;;;;;;;;;;;;;;;;;;;;;;;;;;;;;;258367;https://purl.pt/42923;https://bndigital.bnportugal.gov.pt//i/?IIIF=/1e/a2/83/77/1ea28377-fcd3-4a6b-9a37-9250034082ea/iiif/cam-174-p_0000_000005.tif/full/!300,500/0/default.jpg;Livro impresso;Português;;Parnaso de Luiz de Camões;;;Edição das poesias lyricas consagrada à commemoração do Centenário de Camões;Porto : Imprensa Internacional;1880;1880;3 vol.;Luís de Camões, 1524-1580;;;"Teófilo Braga, 1843-1924, Autor da introdução, etc. ; Ferreira de Brito, fl. 187--188-, Editor comercial";;Imprensa Internacional, Impressor;CAM. 174 P.;CAM500;http://id.bnportugal.gov.pt/bib/catbnp/258367;Livre
6576;Celebrações - 1880 - Vida | 470;Iconografia - Impressos - Imagens de Camões | 373;Celebrações - 1880 - Textos críticos | 469;Celebrações - 1880 - Iconografia | 478;;;;;;;;;;;;;;;;;;;;;;;;;;;;;;;;;;258528;https://purl.pt/43878;https://bndigital.bnportugal.gov.pt//i/?IIIF=/57/f5/ec/f0/57f5ecf0-c23e-47fc-b710-6ff9f050ff25/iiif/cam-106-4-v_0000_000001.tif/full/!300,500/0/default.jpg;Livro impresso;Português;;Relatorio feito em nome da commissão nomeada por portaria de 30 de Dezembro de 1854 para buscar os ossos de Camões;;;1.ª ed.;Lisboa : Imp. Nacional;1880;1880;31 p.;;Portugal. Comissão para a Localização dos Restos Mortais de Luís de Camões;José Tavares de Macedo, 1801-1890;Ernesto Jardim de Vilhena, 1876-1967, Antigo possuidor;;;O.C. 393//4;CAM500;http://id.bnportugal.gov.pt/bib/catbnp/258528;Livre
6577;Celebrações - 1880 - Periódicos | 471;Celebrações - 1880 - Textos críticos | 469;Figuras Femininas - Autoras (produção escrita sobre Camões) | 552;;;;;;;;;;;;;;;;;;;;;;;;;;;;;;;;;;;258572;https://purl.pt/42610;https://bndigital.bnportugal.gov.pt//i/?IIIF=/fc/41/bb/57/fc41bb57-783d-404b-a938-8b4ad693966f/iiif/cam-340-3-p_0001.tif/full/!300,500/0/default.jpg;Livro impresso;Português;;Homenagem a Camões;;;2ª ed.;Lisboa : A. M.;1880;1880;14 p.;António Cardoso Borges de Figueiredo, 1851?-1890;;;;;;L. 11934//16 V.;CAM500;http://id.bnportugal.gov.pt/bib/catbnp/258572;Livre
6578;Tradução - Impressos - Composições soltas e fragmentos - Épica | 229;Tradução - Impressos - Obras individuais - Épica - Paratextos gerais | 152;Celebrações - 1880 - Traduções | 476;Iconografia - Impressos - Portadas | 392;Celebrações - 1880 - Iconografia | 478;Bibliografia crítica - Estudo | 418;;;;;;;;;;;;;;;;;;;;;;;;;;;;;;;;259407;https://purl.pt/42604;https://bndigital.bnportugal.gov.pt//i/?IIIF=/7f/de/5d/3f/7fde5d3f-0a4a-45dc-ab8c-43fdfbe6e0cd/iiif/cam-346-1-p_0001.tif/full/!300,500/0/default.jpg;Livro impresso;Português;;A primeira viagem de Vasco da Gama á India;em verso heroico;;1.ª ed.;Lisboa;1880;1880;32 p.;João Félix Pereira, 1822-1891;;;Ernesto Jardim de Vilhena, 1876-1967, Antigo possuidor;;;O.C. 293//7;CAM500;http://id.bnportugal.gov.pt/bib/catbnp/259407;Livre
6579;Celebrações - 1880 - Periódicos | 471;;;Vida - Biografia | 13;;;;;;;;;;;;;;;;;;;;;;;;;;;;;;;;;;259746;https://purl.pt/42949;https://bndigital.bnportugal.gov.pt//i/?IIIF=/f0/a5/8a/c5/f0a58ac5-eb24-48c9-90ad-8973de71526c/iiif/cam-261-p_0000_000008.tif/full/!300,500/0/default.jpg;Livro impresso;Alemão;;Luis de Camoens Sämmtliche;;;1.ª ed.;Paderborn : Druck und Verlag von Ferdinand Schöningh;1880;1880;6 v.;Luís de Camões, 1524-1580;;;Wilhelm Storck, 1829-1905, Tradutor;;;CAM. 261 P.;CAM500;http://id.bnportugal.gov.pt/bib/catbnp/259746;Livre
6580;Celebrações - 1880 - Nótulas | 482;Iconografia - Impressos - Retrato de Camões | 372;;;;;;;;;;;;;;;;;;;;;;;;;;;;;;;;;;;Francês e Português;322887;https://purl.pt/43850;https://bndigital.bnportugal.gov.pt//i/?IIIF=/75/34/d4/1e/7534d41e-5b60-46a8-a3bb-a599605724f7/iiif/cam-328-p_0000_000007.tif/full/!300,500/0/default.jpg;Livro impresso;Português;;Os Lusiadas do seculo XIX;;;1.ª ed.;"Lisboa : Typ. da ""Bibliotheca Universal""";1880;1880;XXXII, 1, 279, 1 p.;João Félix Pereira, 1822-1891;;;Ernesto Jardim de Vilhena, 1876-1967, Antigo possuidor;;;L. 25608 P.;CAM500;http://id.bnportugal.gov.pt/bib/catbnp/322887;Livre
6581;Celebrações - 1880 - Vida | 470;Celebrações - 1880 - Textos críticos | 469;Iconografia - Impressos - Retrato de Camões | 372;;;;;;;;;;;;;;;;;;;;;;;;;;;;;;;;;;;323043;https://purl.pt/43230;https://bndigital.bnportugal.gov.pt//i/?IIIF=/f2/5e/db/bd/f25edbbd-988d-454a-804a-5d68271ff8d2/iiif/cam-343-p_0007.tif/full/!300,500/0/default.jpg;Livro impresso;Português;;Camões;;;1.ª ed.;Porto : Imprensa Portuguesa;1880;1880;64 p.;Alfredo Carvalhais, 1851-1890;;;;;;CAM. 343 P.;CAM500;http://id.bnportugal.gov.pt/bib/catbnp/323043;Livre
6582;Celebrações - 1880 - Periódicos | 471;;;;;;;;;;;;;;;;;;;;;;;;;;;;;;;;;;;;Francês;323061;https://purl.pt/43433;https://bndigital.bnportugal.gov.pt//i/?IIIF=/18/0a/f1/57/180af157-446c-46b5-bfe5-5c705aee65b1/iiif/cam-344-p_0007.tif/full/!300,500/0/default.jpg;Livro impresso;Português;;Luiz de Camões;prefacio da setima edição do Camões de Garrett;;1.ª ed.;"Porto ; ; Braga : Livraria Internacional de Ernesto Chardron";1880;1880;78 p.;Camilo Castelo Branco, 1825-1890;;;;;;L. 100950 P.;CAM500;http://id.bnportugal.gov.pt/bib/catbnp/323061;Livre
6583;Celebrações - 1880 - Actos públicos | 477;Recepção criativa - Tematização | 409;Celebrações - 1880 - Recepção criativa - Tematização | 474;;;;;;;;;;;;;;;;;;;;;;;;;;;;;;;;;;;323121;https://purl.pt/42598;https://bndigital.bnportugal.gov.pt//i/?IIIF=/a8/b3/25/49/a8b32549-16d1-4daa-b78c-2c551e998fad/iiif/cam-346-2-p_0000_000001.tif/full/!300,500/0/default.jpg;Livro impresso;Português;;O centenário de Luiz de Camões;breve explicação da commemoração Nacional em 1880;;1.ª ed.;Lisboa : Imprensa de J. G. de Sousa Neves;1880;1880;16 p.;Pinheiro Chagas, 1842-1895;;;;;;L. 25454//19 P.;CAM500;http://id.bnportugal.gov.pt/bib/catbnp/323121;Livre
6584;Obra - Impressos - Recolha epigráfica | 96;Celebrações - 1880 - Actos públicos | 477;;;;;;;;;;;;;;;;;;;;;;;;;;;;;;;;;;;;330575;https://purl.pt/43404;https://bndigital.bnportugal.gov.pt//i/?IIIF=/ce/55/20/27/ce552027-2be0-45f7-9a6b-19b589d068f2/iiif/cam-485-p_0005.tif/full/!300,500/0/default.jpg;Livro impresso;Português;;Poesias lyricas selectas;;;1.ª ed.;Coimbra : Imp. da Universidade;1880;1880;2, XL, 225, 2 p.;Luís de Camões, 1524-1580;;; Vila Maior, 1821-, Comentador (em meio audiovisual);;;CAM. 485 P.;CAM500;http://id.bnportugal.gov.pt/bib/catbnp/330575;Livre
6585;Celebrações - 1880 - Discussão, programas e relatórios | 481;Figuras Femininas - Leitoras (em torno de Camões) | 553;;;;;;;;;;;;;;;;;;;;;;;;;;;;;;;;;;;;331414;https://purl.pt/43838;https://bndigital.bnportugal.gov.pt//i/?IIIF=/4d/33/3e/dd/4d333edd-1912-45d2-8d54-c49a0efa8bcb/iiif/cam-1227-v_0000_000001.tif/full/!300,500/0/default.jpg;Livro impresso;Português;;Lyra Camoneana;;;1.ª ed.;Lisboa : Typographia de Castro Irmão;1880;1880;40 p.;Teixeira Bastos, 1856-1902;;;;;;CAM. 135//10 V.;CAM500;http://id.bnportugal.gov.pt/bib/catbnp/331414;Livre
6586;Celebrações - 1880 - Periódicos | 471;Celebrações - 1972 - Textos críticos | 518;;;;;;;;;;;;;;;;;;;;;;;;;;;;;;;;;;;;359987;https://purl.pt/43411;https://bndigital.bnportugal.gov.pt//i/?IIIF=/39/27/7b/28/39277b28-603e-47aa-be4b-900edbfbf24b/iiif/cam-770-p_0000_000001.tif/full/!300,500/0/default.jpg;Livro impresso;Francês;;Lappel a la postérité;Hommage a Camoens a loccasion du centenaire de 1880;;1.ª ed.;Moulins : Imp. Crépin-Leblond;1880;1880;7 p.;Henri Faure, 1826-1907;;;;;;CAM. 770 P.;CAM500;http://id.bnportugal.gov.pt/bib/catbnp/359987;Livre
6587;Celebrações - 1880 - Actos públicos | 477;;;;;;;;;;;;;;;;;;;;;;;;;;;;;;;;;;;;;381074;https://purl.pt/43747;https://bndigital.bnportugal.gov.pt//i/?IIIF=/7d/bb/9c/38/7dbb9c38-ff88-4f0e-8125-42d713ee62f7/iiif/cam-21-a_0007.tif/full/!300,500/0/default.jpg;Livro impresso;Português;;Os Lusíadas;edição consagrada a comemorar o terceiro centenário do poeta...;;1.ª ed.;Lisboa : Of. de Castro Irmão;1880;1880;XCIII, 422 p., 1 il.;Luís de Camões, 1524-1580;;;"Adolfo Coelho, 1847-1919, Revisor ; Ramalho Ortigão, 1836-1915, Autor da introdução, etc. ; Reinaldo Carlos Montoro, 1831-?, Autor da introdução, etc.";;Gabinete Português de Leitura, Editor literário;L. 94571 V.;CAM500;http://id.bnportugal.gov.pt/bib/catbnp/381074;Livre
6588;Celebrações - 1880 - Periódicos | 471;;;;;;;;;;;;;;;;;;;;;;;;;;;;;;;;;;;;;381714;https://purl.pt/43728;https://bndigital.bnportugal.gov.pt//i/?IIIF=/c3/70/f6/9e/c370f69e-df41-49cd-b95f-00d8060e3f71/iiif/cam-41-a_0007.tif/full/!300,500/0/default.jpg;Livro impresso;Poliglota;Português;Inês de Castro;episódio extraído do terceiro canto do poema épico Os Lusíadas;;1.ª ed.;Lisboa : Imprensa Nacional;1880;1880;;Luís de Camões, 1524-1580;;;;;;CAM. 41 A.;CAM500;http://id.bnportugal.gov.pt/bib/catbnp/381714;Livre
6589;Vida - Biografia | 13;Celebrações - 1880 - Vida | 470;;;;;;;;;;;;;;;;;;;;;;;;;;;;;;;;;;;;381809;https://purl.pt/42620;https://bndigital.bnportugal.gov.pt//i/?IIIF=/20/74/ff/20/2074ff20-ddda-4a00-bf02-38f5c2647a03/iiif/cam-44-1-a_0001.tif/full/!300,500/0/default.jpg;Periódico;Português;;Publicação especial do Grémio Litterário Fayalense para a comemoração do tricentenário do grande épico portuguez;;;1.ª ed.;Horta : Minerva Insulana;1880;1880;;;;;;;Grémio Literário Faialense;CAM. 44//1 A.;CAM500;http://id.bnportugal.gov.pt/bib/catbnp/381809;Livre
6590;Celebrações - 1880 - Actos públicos | 477;;;;;;;;;;;;;;;;;;;;;;;;;;;;;;;;;;;;;381889;https://purl.pt/43659;https://bndigital.bnportugal.gov.pt//i/?IIIF=/5b/91/40/8a/5b91408a-4af1-4a94-bccc-2d03ee894a1c/iiif/cam-44-2-a_0000_000001.tif/full/!300,500/0/default.jpg;Periódico;Português;;Pérolas de Camões;publicação dedicada ao povo;;1.ª ed.;Lisboa : Lallement Fréres;1880;1880;;;;;;;Lallement Frères, Editor comercial;CAM. 44//2 A.;CAM500;http://id.bnportugal.gov.pt/bib/catbnp/381889;Livre
6591;Obra - Impressos - Composições soltas e fragmentos - Épica - Episódio | 67;Celebrações - 1880 - Periódicos | 471;Iconografia - Impressos - Retrato de Camões | 372;;;;;;;;;;;;;;;;;;;;;;;;;;;;;;;;;;;381903;https://purl.pt/42920;https://bndigital.bnportugal.gov.pt//i/?IIIF=/84/00/0c/50/84000c50-b90e-4a7c-aa5e-5cb3dfef4dab/iiif/cam-45-2-a_0000_000001.tif/full/!300,500/0/default.jpg;Periódico;Polaco;;Illustrowane Tygedniowe;;;1.ª ed.;;1880;1880;;;;;;;;CAM. 45//2 A.;CAM500;http://id.bnportugal.gov.pt/bib/catbnp/381903;Livre
6592;Recepção criativa - Tematização | 409;Celebrações - 1880 - Recepção criativa - Tematização | 474;;;;;;;;;;;;;;;;;;;;;;;;;;;;;;;;;;;;382751;https://purl.pt/43814;https://bndigital.bnportugal.gov.pt//i/?IIIF=/e0/0e/fa/06/e00efa06-8716-4476-9d8f-73b5e18a5758/iiif/cam-49-a_0001.tif/full/!300,500/0/default.jpg;Livro impresso;Português;;Memória sobre o exemplar dos Lusíadas da Biblioteca particular de S. M. o Imperador do Brasil;;;1.ª ed.;Rio de Janeiro : Tip. Nacional;1880;1880;;José Feliciano de Castilho, 1810-1879;;;;;;CAM. 258 V.;CAM500;http://id.bnportugal.gov.pt/bib/catbnp/382751;Livre
6593;Recepção criativa - Tematização | 409;Celebrações - 1880 - Recepção criativa - Tematização | 474;;;;;;;;;;;;;;;;;;;;;;;;;;;;;;;;;;;;382844;https://purl.pt/43227;https://bndigital.bnportugal.gov.pt//i/?IIIF=/be/12/df/5e/be12df5e-248d-4e0b-823f-bb93ea5db616/iiif/cam-2058-v_0001.tif/full/!300,500/0/default.jpg;Livro impresso;Português;;A Luiz de Camões;com notas curiosas e tres ineditos do poeta;;1.ª ed.;Evora : Tip. Minerva, de A.F. Barata;1880;1880;24 p.;António Francisco Barata, 1836-1910;;;Luís de Camões, 1524-1580, Antecedente bibliográfico;;;L. 599//32 A.;CAM500;http://id.bnportugal.gov.pt/bib/catbnp/382844;Livre
6594;Recepção criativa - Tematização | 409;Celebrações - 1880 - Recepção criativa - Tematização | 474;;;;;;;;;;;;;;;;;;;;;;;;;;;;;;;;;;;;382955;https://purl.pt/43816;https://bndigital.bnportugal.gov.pt//i/?IIIF=/df/8e/1b/e5/df8e1be5-0f74-4fdb-9b58-5bfa696ca99d/iiif/cam-53-5-a_0001.tif/full/!300,500/0/default.jpg;Livro impresso;Português;;Auto da cunhagem da medalha comemorativa das festas da Grande Comissão Portuense...;;;1.ª ed.;Porto : s. n.;1880;1880;;;Grande Comissão Portuense;;Luís de Camões, 1524-1580, Antecedente bibliográfico;;;CAM. 53//5 A.;CAM500;http://id.bnportugal.gov.pt/bib/catbnp/382955;Livre
6595;Celebrações - 1880 - Discussão, programas e relatórios | 481;;;;;;;;;;;;;;;;;;;;;;;;;;;;;;;;;;;;;382972;https://purl.pt/43819;https://bndigital.bnportugal.gov.pt//i/?IIIF=/80/3b/b9/df/803bb9df-b4de-496a-adbc-25a9d95b3638/iiif/cam-55-a_0007.tif/full/!300,500/0/default.jpg;Livro impresso;Português;;Surrexit;homenagem a Luís de Camões;;1.ª ed.;Lisboa : Imprensa Nacional;1880;1880;;Tomás Ribeiro, 1831-1901;;;;;;CAM. 55 A.;CAM500;http://id.bnportugal.gov.pt/bib/catbnp/382972;Livre
6596;Recepção criativa - Paródia | 407;Celebrações - 1880 - Recepção criativa - Paródia | 473;;;;;;;;;;;;;;;;;;;;;;;;;;;;;;;;;;;;382978;https://purl.pt/43823;https://bndigital.bnportugal.gov.pt//i/?IIIF=/8a/04/06/d1/8a0406d1-dcdf-40af-9ba2-5fa354405f51/iiif/cam-56-a_0001.tif/full/!300,500/0/default.jpg;Livro impresso;Português;;Programa da celebração em Lisboa do terceiro centenário de Luís de Camões;comemoração promovida pela imprensa jornalística auxiliada pela Câmara Municipal;;1.ª ed.;Lisboa : Tip. Universal;1880;1880;8 p.;;;;Luís de Camões, 1524-1580, Antecedente bibliográfico;;;CAM. 134 A.;CAM500;http://id.bnportugal.gov.pt/bib/catbnp/382978;Livre
6597;Recepção criativa - Tematização | 409;Celebrações - 1880 - Recepção criativa - Tematização | 474;;;;;;;;;;;;;;;;;;;;;;;;;;;;;;;;;;;;382988;https://purl.pt/43820;https://bndigital.bnportugal.gov.pt//i/?IIIF=/e7/cb/7b/06/e7cb7b06-25e4-4d41-8f71-2c3e083010c8/iiif/cam-59-a_0007.tif/full/!300,500/0/default.jpg;Livro impresso;Alemão;;Camoens;Ein festgruss nach Portugal zum X Juin MDCCCLXXX;;1.ª ed.;Graz : Buchdruckerei Styria : 1880;1880;1880;;Hugo Schuchardt, 1842-1927;;;;;;CAM. 59 A;CAM500;http://id.bnportugal.gov.pt/bib/catbnp/382988;Livre
6598;Celebrações - 1880 - Discussão, programas e relatórios | 481;;;;;;;;;;;;;;;;;;;;;;;;;;;;;;;;;;;;;385945;https://purl.pt/43873;https://bndigital.bnportugal.gov.pt//i/?IIIF=/ca/5d/8c/c5/ca5d8cc5-b85c-4f76-893f-7de2d31a6d43/iiif/cam-63-a_0000_000007.tif/full/!300,500/0/default.jpg;Livro impresso;Poliglota;Português;Álbum literário comemorativo do terceiro centenário de Luís de Camões;;;1.ª ed.;Porto : Tip. Ocidental;1880;1880;28 p.;;;;Francisco Xavier Esteves, 1864-1944, Editor literário;;;CAM. 133 A.;CAM500;http://id.bnportugal.gov.pt/bib/catbnp/385945;Livre
6599;Celebrações - 1880 - Periódicos | 471;Figuras Femininas - Autoras (produção escrita sobre Camões) | 552;;;;;;;;;;;;;;;;;;;;;;;;;;;;;;;;;;;;385949;https://purl.pt/43866;https://bndigital.bnportugal.gov.pt//i/?IIIF=/06/33/d8/97/0633d897-92cc-4a30-beb0-aa004a6f6470/iiif/cam-64-1-a_0001.tif/full/!300,500/0/default.jpg;Livro impresso;Português;;Homenagem a Camões;Luís de Camões e a nacionalidade portuguesa;;1.ª ed.;São Miguel : s. n.;1880;1880;;;Centro Republicano Federal de Ponta Delgada;;;;;CAM. 64//1 A.;CAM500;http://id.bnportugal.gov.pt/bib/catbnp/385949;Livre
6600;Música - Impressos | 405;Celebrações - 1880 - Música | 479;Iconografia - Impressos - Retrato de Camões | 372;Celebrações - 1880 - Iconografia | 478;Celebrações - 1880 - Periódicos | 471;;;;;;;;;;;;;;;;;;;;;;;;;;;;;;;;;386935;https://purl.pt/43871;https://bndigital.bnportugal.gov.pt//i/?IIIF=/c8/18/91/78/c8189178-5871-4300-9edd-154703c6e75a/iiif/cam-64-3-a_0000_000001.tif/full/!300,500/0/default.jpg;Livro impresso;Português;;Vianna a Camões;comemoração do tricentenário do imortal cantor dos Lusíadas;;1.ª ed.;Viana do Castelo : André Jorge Pereira & Filho;1880;1880;;;;;;;;CAM. 64//3 A.;CAM500;http://id.bnportugal.gov.pt/bib/catbnp/386935;Livre
6601;Música - Impressos | 405;Celebrações - 1880 - Música | 479;Obra - Impressos - Composições soltas e fragmentos - Épica - Estrofes | 66;Iconografia - Impressos - Retrato de Camões | 372;Celebrações - 1880 - Iconografia | 478;Obra - Impressos - Composições soltas e fragmentos - Épica - Estrofes | 66;;;;;;;;;;;;;;;;;;;;;;;;;;;;;;;;386992;https://purl.pt/43661;https://bndigital.bnportugal.gov.pt//i/?IIIF=/0c/53/05/58/0c530558-6907-414a-974d-e379f3070104/iiif/cam-64-4-a_0000_000001.tif/full/!300,500/0/default.jpg;Livro impresso;Português;;Homenagem da Sociedade Amizade, Recreio e Ínstrução;;;1.ª ed.;S. Miguel : Lit. dos Açores;1880;1880;;;;;Luís de Camões, 1524-1580, Antecedente bibliográfico;;Sociedade Amizade Recreio e Ínstrução;CAM. 64//4 A.;CAM500;http://id.bnportugal.gov.pt/bib/catbnp/386992;Livre
6602;Obra - Impressos - Obras (avulsas) - Épica | 23;Obra - Impressos - Paratextos - Obras (avulsas) - Épica | 103;Celebrações - 1880 - Edições | 468;;;;;;;;;;;;;;;;;;;;;;;;;;;;;;;;;;;387528;https://purl.pt/43660;https://bndigital.bnportugal.gov.pt//i/?IIIF=/3d/a8/64/34/3da86434-0f0e-458f-a7d1-39aa8c909fc0/iiif/cam-64-6-a_0000_000001.tif/full/!300,500/0/default.jpg;Livro impresso;Português;;10 de Junho de 1880;;;1.ª ed.;S.l. : s.n.;1880;1880;;;;;Luís de Camões, 1524-1580, Antecedente bibliográfico;;;CAM. 64//6 A.;CAM500;http://id.bnportugal.gov.pt/bib/catbnp/387528;Livre
6603;Celebrações - 1880 - Periódicos | 471;;;;;;;;;;;;;;;;;;;;;;;;;;;;;;;;;;;;;397670;https://purl.pt/43874;https://bndigital.bnportugal.gov.pt//i/?IIIF=/f4/b1/c2/b3/f4b1c2b3-f0bb-4cb4-b767-93d0dae46bc3/iiif/cam-70-v_0000_000007.tif/full/!300,500/0/default.jpg;Livro impresso;"Português ; Francês";;Episodio da Ilha de Venus extrahido dos Lusiadas de Camões;;;1.ª ed.;Braga : Typ. Lealdade : Sociedade Democrática Recreativa;1880;1880;23 p.;Luís de Camões, 1524-1580;;;"José Joaquim da Silva Pereira Caldas, 1818-1903, Autor da introdução, etc. ; Antoine de Cournand, Autor da introdução, etc.";;;L. 5895//9 A;CAM500;http://id.bnportugal.gov.pt/bib/catbnp/397670;Livre
6604;Celebrações - 1880 - Periódicos | 471;;Figuras Femininas - Leitoras (em torno de Camões) | 553;;;;;;;;;;;;;;;;;;;;;;;;;;;;;;;;;;;401652;https://purl.pt/43861;https://bndigital.bnportugal.gov.pt//i/?IIIF=/3c/7f/ba/72/3c7fba72-0a40-4d76-9beb-a69784dd8750/iiif/cam-66-1-a_0001.tif/full/!300,500/0/default.jpg;Livro impresso;Português;;Pernambuco a Camões;;;1.ª ed.;Pernambuco : Tip. Industrial;1880;1880;8 p.;;;;;;;CAM. 66//1 A.;CAM500;http://id.bnportugal.gov.pt/bib/catbnp/401652;Livre
6605;Celebrações - 1880 - Periódicos | 471;Figuras Femininas - Autoras (produção escrita sobre Camões) | 552;Figuras Femininas - Leitoras (em torno de Camões) | 553;;;;;;;;;;;;;;;;;;;;;;;;;;;;;;;;;;;401658;https://purl.pt/43862;https://bndigital.bnportugal.gov.pt//i/?IIIF=/9e/f3/33/17/9ef33317-4c7f-4371-8da7-082d54e2724e/iiif/cam-66-2-a_0001.tif/full/!300,500/0/default.jpg;Livro impresso;Português;;Victor Hugo a Camões no 3º centenário;;;1.ª ed.;Lisboa : J. Camilo Videira;1880;1880;;;;;;;;CAM. 66//2 A.;CAM500;http://id.bnportugal.gov.pt/bib/catbnp/401658;Livre
6606;Celebrações - 1880 - Periódicos | 471;;;;;;;;;;;;;;;;;;;;;;;;;;;;;;;;;;;;;401739;https://purl.pt/43865;https://bndigital.bnportugal.gov.pt//i/?IIIF=/2d/fe/15/07/2dfe1507-1025-44a9-b149-33c026517803/iiif/cam-66-5-a_0001.tif/full/!300,500/0/default.jpg;Livro impresso;Português;;Homenagem ao príncipe dos poetas peninsulares ao reconstrutor da língua portuguesa, a Luís de Camões;;;1.ª ed.;Lisboa : Emp. Dic. Univ. Português;1880;1880;4 p.;;;;;;;CAM. 66//5 A.;CAM500;http://id.bnportugal.gov.pt/bib/catbnp/401739;Livre
6607;Celebrações - 1880 - Periódicos | 471;Figuras Femininas - Autoras (produção escrita sobre Camões) | 552;Figuras Femininas - Leitoras (em torno de Camões) | 553;;;;;;;;;;;;;;;;;;;;;;;;;;;;;;;;;;;401895;https://purl.pt/43896;https://bndigital.bnportugal.gov.pt//i/?IIIF=/8a/8c/04/e4/8a8c04e4-2ff7-4d97-adb9-8b0290d9a045/iiif/cam-66-7-a_0001.tif/full/!300,500/0/default.jpg;Livro impresso;Francês;Português;Correspondance Républicaine;Les fêtes de Camoëns;;1.ª ed.;S. l. : s. n.;1880;1880;1 f.;José da Silva Mendes Leal, 1820-1886;;;Frederico José de Santana Néri, 1848-1901, Tradutor;;;CAM. 66//7 A.;CAM500;http://id.bnportugal.gov.pt/bib/catbnp/401895;Livre
6608;Celebrações - 1880 - Periódicos | 471;Figuras Femininas - Autoras (produção escrita sobre Camões) | 552;Figuras Femininas - Leitoras (em torno de Camões) | 553;;;;;;;;;;;;;;;;;;;;;;;;;;;;;;;;;;;401898;https://purl.pt/43888;https://bndigital.bnportugal.gov.pt//i/?IIIF=/28/e6/38/53/28e63853-1b55-4823-a765-95deb4b6eeaa/iiif/cam-67-1-a_0001.tif/full/!300,500/0/default.jpg;Livro impresso;Português;;Camões entre dous mundos;poesia recitada no Theatro D. Pedro II, perante Suas Magestades Imperiaes, por occasião de festejar-se o tricentenario do grandioso auctor dos Lusiadas;;1.ª ed.;Rio de Janeiro : Typ. e Lith. M. Maximino & C.;1880;1880;1 f.;Rosendo Moniz, 1845-1897;;;;;;CAM. 67//1 A.;CAM500;http://id.bnportugal.gov.pt/bib/catbnp/401898;Livre
6609;Celebrações - 1880 - Periódicos | 471;;;;;;;;;;;;;;;;;;;;;;;;;;;;;;;;;;;;;401900;https://purl.pt/43892;https://bndigital.bnportugal.gov.pt//i/?IIIF=/61/e5/87/90/61e58790-9632-401c-a2e2-d092e9fe004d/iiif/cam-67-2-a_0001.tif/full/!300,500/0/default.jpg;Livro impresso;Português;;Imperial Theatro D. Pedro II;versos extrahidos dos Lusiadas, pintados em tela, em grandes caracteres, e collocados na frente dos camarotes e galeria, por occasião do grande festival commemorativo do Terceiro Centenario de Camões em 10 de Junho de 1880;;1.ª ed.;Rio de Janeiro : s. n.;1880;1880;1 f.;;Gabinete Português de Leitura;;Luís de Camões, 1524-1580, Antecedente bibliográfico;;;CAM. 67//2 A.;CAM500;http://id.bnportugal.gov.pt/bib/catbnp/401900;Livre
6610;Celebrações - 1880 - Periódicos | 471;;;;;;;;;;;;;;;;;;;;;;;;;;;;;;;;;;;;;401902;https://purl.pt/43893;https://bndigital.bnportugal.gov.pt//i/?IIIF=/41/fc/c0/66/41fcc066-47ba-46c7-a80a-18873dc71987/iiif/cam-67-3-a_0001.tif/full/!300,500/0/default.jpg;Livro impresso;Português;;Programma das festas que o Gabinete Portuguez de Leitura no Rio de Janeiro consagra ao Terceiro Centenario de Luiz de Camões...;;;1.ª ed.;Rio de Janeiro : s. n.;1880;1880;1 f.;;Gabinete Português de Leitura;;;;;CAM. 67//3 A.;CAM500;http://id.bnportugal.gov.pt/bib/catbnp/401902;Livre
6611;Celebrações - 1880 - Periódicos | 471;;;;;;;;;;;;;;;;;;;;;;;;;;;;;;;;;;;;Italiano;453324;https://purl.pt/42603;https://bndigital.bnportugal.gov.pt//i/?IIIF=/e9/da/42/2c/e9da422c-d1f6-4f63-9f0e-613ad5f164fb/iiif/cam-374-11-v_0001.tif/full/!300,500/0/default.jpg;Livro impresso;Português;;A mocidade a Camões;numero da revista academica A Mocidade para commemorar o tricentenario de Camões;;1.ª ed.;Porto : Impr. Internacional;1880;1880;2, 12, 2 p.;;;;Augusto Brochado, ca 18---, Director;;;CAM. 374//11 V.;CAM500;http://id.bnportugal.gov.pt/bib/catbnp/453324;Livre
6612;Celebrações - 1880 - Periódicos | 471;;;;;;;;;;;;;;;;;;;;;;;;;;;;;;;;;;;;;453573;https://purl.pt/43759;https://bndigital.bnportugal.gov.pt//i/?IIIF=/fa/60/59/17/fa605917-fe92-40b2-b14c-b999f949ac18/iiif/cam-120-6-v_0000_000001.tif/full/!300,500/0/default.jpg;Livro impresso;Português;;Oração funebre que nas solemnes exequias celebradas pelo clero lisbonense na Sé Cathedral de Lisboa... pelos heroes do Oriente;;;1.ª ed.;Lisboa : Typ. Universal;1880;1880;20 p;José Ferreira Garcia Dinis, 1843-19--;;;;;;R. 10287//6 V.;CAM500;http://id.bnportugal.gov.pt/bib/catbnp/453573;Livre
6613;Celebrações - 1880 - Periódicos | 471;Iconografia - Impressos - Retrato de Camões | 372;;;;;;;;;;;;;;;;;;;;;;;;;;;;;;;;;;;;453714;https://purl.pt/43386;https://bndigital.bnportugal.gov.pt//i/?IIIF=/64/79/9a/24/64799a24-db5d-475c-862e-7080f3827cdc/iiif/cam-1886-v_0000_000011.tif/full/!300,500/0/default.jpg;Livro impresso;Português;;Terceiro centenario de Luiz de Camões;;;Edição especial do Jornal do Commercio no dia 10 de Junho de 1880;Rio de Janeiro : Tip. Imperial e Constitucional;1880;1880;110 p.;;;;;;;CAM. 383//1 V.;CAM500;http://id.bnportugal.gov.pt/bib/catbnp/453714;Livre
6614;Celebrações - 1880 - Periódicos | 471;Iconografia - Impressos - Retrato de Camões | 372;;;;;;;;;;;;;;;;;;;;;;;;;;;;;;;;;;;;453756;https://purl.pt/43761;https://bndigital.bnportugal.gov.pt//i/?IIIF=/19/4f/71/ad/194f71ad-b49c-45c6-9ce3-2bde62dc5332/iiif/cam-383-7-v_0000_000001.tif/full/!300,500/0/default.jpg;Livro impresso;Português;;Vida do grande épico Luiz de Camões;principe dos poetas portugueses;;Ed. popular;Porto : Tip. Viuva Bandeira;1880;1880;1 f.;;;;João Crisóstomo Mackonelt, 1839-1898, Gravador;;;CAM. 383//7 V.;CAM500;http://id.bnportugal.gov.pt/bib/catbnp/453756;Livre
6615;Celebrações - 1880 - Periódicos | 471;Figuras Femininas - Autoras (produção escrita sobre Camões) | 552;Iconografia - Impressos - Retrato de Camões | 372;;;;;;;;;;;;;;;;;;;;;;;;;;;;;;;;;;;453889;https://purl.pt/43791;https://bndigital.bnportugal.gov.pt//i/?IIIF=/62/17/42/16/62174216-090e-4983-bec5-68f9d7c96479/iiif/cam-384-7-v_0000_000001.tif/full/!300,500/0/default.jpg;Livro impresso;Português;;Homenagem a Camões;MDLXXX-MDCCCLXXX;;1.ª ed.;Coimbra : Casa Minerva;1880;1880;9 p.;;;;;;;CAM. 384//7 V.;CAM500;http://id.bnportugal.gov.pt/bib/catbnp/453889;Livre
6616;Celebrações - 1880 - Periódicos | 471;;;;;;;;;;;;;;;;;;;;;;;;;;;;;;;;;;;;;453897;https://purl.pt/43792;https://bndigital.bnportugal.gov.pt//i/?IIIF=/7e/2c/17/63/7e2c1763-4416-4162-88ba-4e958901ed3d/iiif/cam-384-9-v_0000_000001.tif/full/!300,500/0/default.jpg;Livro impresso;Português;;Á memoria de Luiz de Camões no seu tricentenario em 10 de Junho de 1880...;;;1.ª ed.;Braga : Typ. de Gonçalves Gouvea;1880;1880;16 p.;;;;;;;CAM. 384//9 V.;CAM500;http://id.bnportugal.gov.pt/bib/catbnp/453897;Livre
6617;Celebrações - 1880 - Iconografia | 478;Iconografia - Impressos - Imagens de Camões | 373;;;;;;;;;;;;;;;;;;;;;;;;;;;;;;;;;;;;454461;https://purl.pt/43762;https://bndigital.bnportugal.gov.pt//i/?IIIF=/36/0d/f9/ec/360df9ec-a27a-4f7d-9d7c-699e212256dd/iiif/cam-399-2-v_0000_000001.tif/full/!300,500/0/default.jpg;Livro impresso;Português;;A Luiz de Camões na festa do terceiro centenario;;;1.ª ed.;Rio de Janeiro : s.n.;1880;1880;1 f.;Joaquim Augusto da Cunha Porto, 1827-1884;;;;;;CAM. 399//2 V.;CAM500;http://id.bnportugal.gov.pt/bib/catbnp/454461;Livre
6618;Celebrações - 1880 - Iconografia | 478;Iconografia - Impressos - Imagens de Camões | 373;;;;;;;;;;;;;;;;;;;;;;;;;;;;;;;;;;;;454900;https://purl.pt/43763;https://bndigital.bnportugal.gov.pt//i/?IIIF=/99/6f/ed/e9/996fede9-6330-4ba8-9115-0ab184afcd39/iiif/cam-399-10-v_0000_000001.tif/full/!300,500/0/default.jpg;Livro impresso;Português;;Soneto de Antonio Ribeiro Saraiva em 14 dOutubro de 1846 em Londres, encomiando a lingua de Camões;;;1.ª ed.;Braga : s.n.;1880;1880;1 f.;António Ribeiro Saraiva, 1800-1890;;;;;;CAM. 399//10 V.;CAM500;http://id.bnportugal.gov.pt/bib/catbnp/454900;Livre
6619;Celebrações - 1880 - Iconografia | 478;Iconografia - Impressos - Imagens de Camões | 373;;;;;;;;;;;;;;;;;;;;;;;;;;;;;;;;;;;;454903;https://purl.pt/43764;https://bndigital.bnportugal.gov.pt//i/?IIIF=/bc/a3/11/23/bca31123-6d46-48b5-875c-f84d952b2989/iiif/cam-399-11-v_0000_000001.tif/full/!300,500/0/default.jpg;Livro impresso;Português;;Soneto de José Heliodoro de Faria Leal...;comparando Bocage e Camões...;;1.ª ed.;Braga : s.n.;1880;1880;1 f.;José Heliodoro de Faria Leal, 1862-1945;;;;;;CAM. 399//11 V.;CAM500;http://id.bnportugal.gov.pt/bib/catbnp/454903;Livre
6620;Celebrações - 1880 - Iconografia | 478;Iconografia - Impressos - Outros | 393;;;;;;;;;;;;;;;;;;;;;;;;;;;;;;;;;;;;455031;https://purl.pt/43799;https://bndigital.bnportugal.gov.pt//i/?IIIF=/67/42/1c/52/67421c52-29d1-4fc7-b3cf-83ec756a0221/iiif/cam-402-4-v_0000_000001.tif/full/!300,500/0/default.jpg;Livro impresso;Português;;A sociedade portugueza;breves considerações sobre o estado de educação da nossa sociedade e o juizo critico dos festejos para o tri-centenario;;1.ª ed.;Lisboa : Tip. Luso-Espanhola;1880;1880;23 p.;F. Alves, ca 1880;;;;;;CAM. 402//4 V.;CAM500;http://id.bnportugal.gov.pt/bib/catbnp/455031;Livre
6621;Iconografia - Impressos - Retrato de Camões | 372;Iconografia - Impressos - Imagens de Camões | 373;Celebrações - 1880 - Iconografia | 478;Iconografia - Impressos - Portadas | 392;;;;;;;;;;;;;;;;;;;;;;;;;;;;;;;;;;455157;https://purl.pt/43800;https://bndigital.bnportugal.gov.pt//i/?IIIF=/bd/de/0b/68/bdde0b68-b6f5-4bfc-a682-1c2da4623f5f/iiif/cam-402-11-v_0000_000001.tif/full/!300,500/0/default.jpg;Livro impresso;Português;;Gregoreida...;poema em oitava rima;;1.ª ed.;Lisboa : Typ. Portugueza;1880;1880;15 p.;Gregório Antunes Falcão;;;;;;L. 88928 P.;CAM500;http://id.bnportugal.gov.pt/bib/catbnp/455157;Livre
6622;Iconografia - Impressos - Lugares de memória | 391;Celebrações - 1880 - Iconografia | 478;;;;;;;;;;;;;;;;;;;;;;;;;;;;;;;;;;;;455161;https://purl.pt/43802;https://bndigital.bnportugal.gov.pt//i/?IIIF=/cf/8a/3d/de/cf8a3dde-106b-4dbe-8d41-8c5d03de3e3a/iiif/cam-402-19-v_0000_000001.tif/full/!300,500/0/default.jpg;Livro impresso;Português;;A Camões;poesia;;1.ª ed.;Rio de Janeiro : Typ. de A. Marques & C;1880;1880;7, 1 br. p.;J. C. Bandeira de Melo;;;;;;L. 11977//16 V.;CAM500;http://id.bnportugal.gov.pt/bib/catbnp/455161;Livre
6623;Bibliografia crítica - Estudo | 418;Vida - Biografia | 13;Celebrações - 1880 - Textos críticos | 469;Celebrações - 1880 - Vida | 470;;;;;;;;;;;;;;;;;;;;;;;;;;;;;;;;;;455171;https://purl.pt/43803;https://bndigital.bnportugal.gov.pt//i/?IIIF=/16/8e/f4/24/168ef424-b6a1-4981-9761-139d7bb24004/iiif/cam-402-22-v_0000_000001.tif/full/!300,500/0/default.jpg;Livro impresso;Português;;A proposito do centenario;;;1.ª ed.;Lisboa : Typ. Ed. de Mattos Moreira & C;1880;1880;12 p.;;Carvalho & Cª;;;;;CAM. 402//22 V.;CAM500;http://id.bnportugal.gov.pt/bib/catbnp/455171;Livre
6624;Celebrações - 1880 - Periódicos | 471;;;;;;;;;;;;;;;;;;;;;;;;;;;;;;;;;;;;;475295;https://purl.pt/42933;https://bndigital.bnportugal.gov.pt//i/?IIIF=/75/03/86/14/75038614-2bc3-41e3-95b2-b79eca7acdeb/iiif/cam-389-v_0000_000007.tif/full/!300,500/0/default.jpg;Livro impresso;Português;;Camões no seu tricentenáro;artigos de jornais entre Fev. 1880-Jun. 1881;;1.ª ed.;Lisboa : s.n.;1880;1880;2 v.;;;;;;;CAM. 389 V.;CAM500;http://id.bnportugal.gov.pt/bib/catbnp/475295;Livre
6625;Recepção criativa - Tematização | 409;Celebrações - 1880 - Recepção criativa - Tematização | 474;Vida - Ficção - Drama | 17;;;;;;;;;;;;;;;;;;;;;;;;;;;;;;;;;;;475453;https://purl.pt/43768;https://bndigital.bnportugal.gov.pt//i/?IIIF=/57/26/e4/65/5726e465-1ee7-4c62-b7c4-06c930646aa0/iiif/cam-83-1-a_0000_000001.tif/full/!300,500/0/default.jpg;Periódico;Português;;Recreio musical;album de musicas para piano;;1.ª ed.;Lisboa : s.n.;1880;1880;;;;;;;;CAM. 83//1 A.;CAM500;http://id.bnportugal.gov.pt/bib/catbnp/475453;Livre
6626;Celebrações - 1880 - Textos críticos | 469;Iconografia - Impressos - Portadas | 392;;;;;;;;;;;;;;;;;;;;;;;;;;;;;;;;;;;;475458;https://purl.pt/43675;https://bndigital.bnportugal.gov.pt//i/?IIIF=/36/69/d9/d4/3669d9d4-f77b-4fe3-a244-701d17f3e42a/iiif/cam-83-2-a_0000_000001.tif/full/!300,500/0/default.jpg;Livro impresso;Português;;Os Lusíadas;musica para piano e canto;;1.ª ed.;Lisboa : Verol Senior;1880;1880;1 partitura 5 p.;Augusto José de Carvalho, 1848-1910;;Luís de Camões, 1524-1580;;;;C.I.C. 140 A.;PRR2022;http://id.bnportugal.gov.pt/bib/catbnp/475458;Livre
6627;Recepção criativa - Paródia | 407;Celebrações - 1880 - Recepção criativa - Paródia | 473;;;;;;;;;;;;;;;;;;;;;;;;;;;;;;;;;;;;476957;https://purl.pt/43755;https://bndigital.bnportugal.gov.pt//i/?IIIF=/86/6c/46/07/866c4607-1618-436f-b006-ed4e4b3aa2eb/iiif/cam-25-a_0000_000005.tif/full/!300,500/0/default.jpg;Livro impresso;Português;;Os Lusiadas;;;Ed. popular gratuita;Lisboa : Emp. do Diario de Noticias;1880;1880;17, 1 p.;Luís de Camões, 1524-1580;;;;;;CAM. 25 A.;CAM500;http://id.bnportugal.gov.pt/bib/catbnp/476957;Livre
6628;Bibliografia crítica - Estudo | 418;Celebrações - 1880 - Textos críticos | 469;Celebrações - 1880 - Periódicos | 471;;;;;;;;;;;;;;;;;;;;;;;;;;;;;;;;;;;478282;https://purl.pt/42600;https://bndigital.bnportugal.gov.pt//i/?IIIF=/e4/8a/20/89/e48a2089-daf4-4d61-83a6-5d6f97ef925c/iiif/cam-80-38-a_0000_000001.tif/full/!300,500/0/default.jpg;Periódico;Português;;O monsanense;jornal imparcial, recreativo e noticioso;;1.ª ed.;Monsão : Typ. Joaquim Victorino da Cunha;1880;1880;;;;;J. V. da Cunha, ca 18--, Director;;;J. 725//33 A.;CAM500;http://id.bnportugal.gov.pt/bib/catbnp/478282;Livre
6629;Celebrações - 1880 - Periódicos | 471;Figuras Femininas - Autoras (produção escrita sobre Camões) | 552;;;;;;;;;;;;;;;;;;;;;;;;;;;;;;;;;;;;478466;https://purl.pt/43664;https://bndigital.bnportugal.gov.pt//i/?IIIF=/b9/14/36/2d/b914362d-ccc2-41cd-bd81-5a6b96d9282c/iiif/cam-80-47-a_0000_000001.tif/full/!300,500/0/default.jpg;Periódico;Francês;;LEstafette;;;1.ª ed.;Paris : Impr. Jules Boyer;1880;1880;;;;;A. Hustin, ca 1880, Editor literário;;;CAM. 80//47 A.;CAM500;http://id.bnportugal.gov.pt/bib/catbnp/478466;Livre
6630;Recepção criativa - Centão [Cintra] | 408;Recepção criativa - Tematização | 409;Celebrações - 1880 - Recepção criativa - Tematização | 474;Celebrações - 1880 - Recepção criativa - Centão | 475;Iconografia - Impressos - Portadas | 392;;;;;;;;;;;;;;;;;;;;;;;;;;;;;;;;;478634;https://purl.pt/43666;https://bndigital.bnportugal.gov.pt//i/?IIIF=/2d/f2/ca/5d/2df2ca5d-1a19-4f0f-8f81-593fae166c8a/iiif/cam-80-49-a_0000_000001.tif/full/!300,500/0/default.jpg;Periódico;Francês;;Le Centenaire de Camoens à Paris;notícia de Le High-life, journal universel;;1.ª ed.;Paris : s.n.;1880;1880;4 p.;;;;;;;CAM. 80//49 A.;CAM500;http://id.bnportugal.gov.pt/bib/catbnp/478634;Livre
6631;Celebrações - 1880 - Actos públicos | 477;Celebrações - 1880 - Vida | 470;;;Celebrações - 1880 - Recepção criativa - Centão | 475;;;;;;;;;;;;;;;;;;;;;;;;;;;;;;;;;478646;https://purl.pt/43910;https://bndigital.bnportugal.gov.pt//i/?IIIF=/04/65/29/18/04652918-52fc-4826-b1f9-d7f1ab45c6b0/iiif/cam-80-50-a_0001.tif/full/!300,500/0/default.jpg;Periódico;Francês;;La liberté;;;1.ª ed.;Paris : s.n.;1880;1880;;;;;Louis Gal, Director;;;CAM. 80//50 A.;CAM500;http://id.bnportugal.gov.pt/bib/catbnp/478646;Livre
6632;Celebrações - 1880 - Vida | 470;;;;Celebrações - 1880 - Recepção criativa - Centão | 475;;;;;;;;;;;;;;;;;;;;;;;;;;;;;;;;;478882;https://purl.pt/43667;https://bndigital.bnportugal.gov.pt//i/?IIIF=/9e/4f/85/46/9e4f8546-992c-4319-909a-ca58e52feeeb/iiif/cam-80-51-a_0000_000001.tif/full/!300,500/0/default.jpg;Periódico;Francês;;Le mémorial diplomatique;journal international, politique, littéraire & financier;;1.ª ed.;Paris : TYp. Georges Kugelmann;1880;1880;;;;;Édouard Simon, 1842-1897, Director;;;CAM. 80//51 A.;CAM500;http://id.bnportugal.gov.pt/bib/catbnp/478882;Livre
6633;Celebrações - 1880 - Actos públicos | 477;;;;Celebrações - 1880 - Recepção criativa - Centão | 475;;;;;;;;;;;;;;;;;;;;;;;;;;;;;;;;;478908;https://purl.pt/42918;https://bndigital.bnportugal.gov.pt//i/?IIIF=/ae/8c/62/a9/ae8c62a9-2858-4653-93f5-921b40533bac/iiif/cam-80-52-a_0000_000001.tif/full/!300,500/0/default.jpg;Periódico;Francês;;Messager de Vienne;ancien Messager dOrient;;1.ª ed.;Vienne : s.n.;1880;1880;;;;;;;;CAM. 80//52 A.;CAM500;http://id.bnportugal.gov.pt/bib/catbnp/478908;Livre
6634;Recepção criativa - Tematização | 409;Recepção criativa - Centão [Cintra] | 408;Celebrações - 1880 - Actos públicos | 477;Figuras Femininas - Leitoras (em torno de Camões) | 553;Celebrações - 1880 - Recepção criativa - Tematização | 474;Celebrações - 1880 - Recepção criativa - Centão | 475;;;;;;;;;;;;;;;;;;;;;;;;;;;;;;;;479057;https://purl.pt/43669;https://bndigital.bnportugal.gov.pt//i/?IIIF=/d4/5f/87/93/d45f8793-5557-4260-a368-8fc978388614/iiif/cam-80-55-a_0000_000001.tif/full/!300,500/0/default.jpg;Periódico;Francês;;Paris-Journal;;;1.ª ed.;Paris : Impr. Wilhem;1880;1880;;;;;A. Laval, Director;;;CAM. 80//55 A.;CAM500;http://id.bnportugal.gov.pt/bib/catbnp/479057;Livre
6635;Vida - Biografia | 13;Celebrações - 1880 - Vida | 470;;;;;;;;;;;;;;;;;;;;;;;;;;;;;;;;;;;;479062;https://purl.pt/43671;https://bndigital.bnportugal.gov.pt//i/?IIIF=/f6/a2/8f/4c/f6a28f4c-cfd5-4e38-b10b-523c61e9eb7f/iiif/cam-80-58-a_0000_000001.tif/full/!300,500/0/default.jpg;Periódico;Espanhol;;La Epoca;;;1.ª ed.;Madrid : Impr. Fortanet;1880;1880;;;;;;;;CAM. 80//58 A.;CAM500;http://id.bnportugal.gov.pt/bib/catbnp/479062;Livre
6636;Celebrações - 1880 - Actos públicos | 477;;;;;;;;;;;;;;;;;;;;;;;;;;;;;;;;;;;;;479068;https://purl.pt/43672;https://bndigital.bnportugal.gov.pt//i/?IIIF=/d7/42/b8/8c/d742b88c-05a0-4504-ae4f-c4f61109e08f/iiif/cam-80-60-a_0000_000001.tif/full/!300,500/0/default.jpg;Periódico;Italiano;;La Lombardia;giornale politico-commerciale del mattino;;1.ª ed.;Milano : Stab. Giuseppe Civelli;1880;1880;;;;;;;;CAM. 80//60 A.;CAM500;http://id.bnportugal.gov.pt/bib/catbnp/479068;Livre
6637;Celebrações - 1880 - Actos públicos | 477;;;;;;;;;;;;;;;;;;;;;;;;;;;;;;;;;;;;;479072;https://purl.pt/42919;https://bndigital.bnportugal.gov.pt//i/?IIIF=/6a/45/6c/5a/6a456c5a-5315-4c9c-ae82-bccf7927a1b0/iiif/cam-80-61-a_0000_000001.tif/full/!300,500/0/default.jpg;Periódico;Polaco;;Klosy;czasopismo illustrowane tygodnowe;;1.ª ed.;Warszawa : drukarni S. Lewentala;1880;1880;;;;;Wydawca S. Lewental, Director;;;CAM. 80//61 A.;CAM500;http://id.bnportugal.gov.pt/bib/catbnp/479072;Livre
6638;Celebrações - 1880 - Actos públicos | 477;;;;;;;;;;;;;;;;;;;;;;;;;;;;;;;;;;;;;479076;https://purl.pt/42929;https://bndigital.bnportugal.gov.pt//i/?IIIF=/61/6e/1e/85/616e1e85-5eec-40f5-81a2-56ec93537919/iiif/cam-80-63-a_0000_000001.tif/full/!300,500/0/default.jpg;Periódico;Polaco;;Tygodnik Illustrowany;;;1.ª ed.;Warszawa : drukiem J. Ungra;1880;1880;;;;;J. Lenike, Editor literário;;;CAM. 80//63 A.;CAM500;http://id.bnportugal.gov.pt/bib/catbnp/479076;Livre
6639;Recepção criativa - Tematização | 409;Celebrações - 1880 - Recepção criativa - Tematização | 474;;;;;;;;;;;;;;;;;;;;;;;;;;;;;;;;;;;;479079;https://purl.pt/42930;https://bndigital.bnportugal.gov.pt//i/?IIIF=/c5/1b/85/f9/c51b85f9-2522-413e-b7ef-aebc584037d9/iiif/cam-80-65-a_0000_000001.tif/full/!300,500/0/default.jpg;Periódico;Polaco;;Tygodnik Powszechny;;;1.ª ed.;Warszawa : drukarni S. Orgelbrando Synow;1880;1880;;;;;Maurycy Orgelbrand, Editor literário;;;CAM. 80//65 A.;CAM500;http://id.bnportugal.gov.pt/bib/catbnp/479079;Livre
6640;Recepção criativa - Tematização | 409;Celebrações - 1880 - Recepção criativa - Tematização | 474;;;;;;;;;;;;;;;;;;;;;;;;;;;;;;;;;;;;480058;https://purl.pt/43673;https://bndigital.bnportugal.gov.pt//i/?IIIF=/ac/03/49/21/ac034921-8f14-43b9-a5d4-7c9ee7950d1c/iiif/cam-80-71-a_0000_000001.tif/full/!300,500/0/default.jpg;Periódico;Português;;Jornal do Commercio;;;1.ª ed.;Rio de Janeiro : s.n.;1880;1880;;;;;Júlio Constâncio de Villeneuve, Director;;;CAM. 80//71 A.;CAM500;http://id.bnportugal.gov.pt/bib/catbnp/480058;Livre
6641;Recepção criativa - Tematização | 409;Celebrações - 1880 - Recepção criativa - Tematização | 474;Celebrações - 1880 - Actos públicos | 477;;;;;;;;;;;;;;;;;;;;;;;;;;;;;;;;;;;480066;https://purl.pt/43674;https://bndigital.bnportugal.gov.pt//i/?IIIF=/50/43/6b/76/50436b76-a50f-4df8-b4ae-8979481a5ac7/iiif/cam-80-72-a_0000_000001.tif/full/!300,500/0/default.jpg;Periódico;Francês;;Le messager du Brésil;revue pour lEurope;;1.ª ed.;Rio de Janeiro : Typ. da Gazeta de Noticias;1880;1880;;;;;;;;CAM. 80//72 A.;CAM500;http://id.bnportugal.gov.pt/bib/catbnp/480066;Livre
6642;Celebrações - 1880 - Actos públicos | 477;;;;;;;;;;;;;;;;;;;;;;;;;;;;;;;;;;;;;636335;https://purl.pt/5762;https://bndigital.bnportugal.gov.pt//i/?IIIF=/30/ae/32/70/30ae3270-e8f9-4d96-90e0-ec7eacfd7d52/iiif/e-1772-v_0000_000001.tif/full/!300,500/0/default.jpg;Iconografia;Português;;Á memoria do immortal cantor das glorias portuguezas;;;1.ª ed.;Lisboa : s.n.;1880;1880;1 gravura;;;;;;;PURL 5762/0;;http://id.bnportugal.gov.pt/bib/catbnp/636335;Livre
6643;Iconografia - Impressos - Outros | 393;Celebrações - 1880 - Iconografia | 478;;;;;;;;;;;;;;;;;;;;;;;;;;;;;;;;;;;;636337;https://purl.pt/5763;https://bndigital.bnportugal.gov.pt//i/?IIIF=/a1/c7/1e/30/a1c71e30-149f-4d01-a4cd-17eb6386f4ec/iiif/e-1773-v_0000_000001.tif/full/!300,500/0/default.jpg;Iconografia;Português;;10 de Junho de 1880;;;1.ª ed.;Lisboa : s.n.;1880;1880;1 gravura;;;;;;;PURL 5763/0;;http://id.bnportugal.gov.pt/bib/catbnp/636337;Livre
6644;Celebrações - 1880 - Actos públicos | 477;Figuras Femininas - Autoras (produção escrita sobre Camões) | 552;;;;;;;;;;;;;;;;;;;;;;;;;;;;;;;;;;;;636371;https://purl.pt/5756;https://bndigital.bnportugal.gov.pt//i/?IIIF=/4d/33/d1/a8/4d33d1a8-9b14-4816-b086-3bfda8beb020/iiif/e-1775-v_0000_000001.tif/full/!300,500/0/default.jpg;Iconografia;Português;;Camões na gruta de Macau;homenagem do Diario de Portugal a Luiz de Camões;;1.ª ed.;S.l. : s.n.;1880;1880;1 gravura; Cardon, ca 1880;;;Francisco Augusto Metrass, 1825-1861, Antecedente bibliográfico;;;PURL 5756/0;OChina;http://id.bnportugal.gov.pt/bib/catbnp/636371;Livre
6645;Celebrações - 1880 - Iconografia | 478;;;;;;;;;;;;;;;;;;;;;;;;;;;;;;;;;;;;;636389;https://purl.pt/5761;https://bndigital.bnportugal.gov.pt//i/?IIIF=/7e/61/9f/18/7e619f18-7c28-4232-b632-4cb06e6e808f/iiif/e-1776-v_0000_000001.tif/full/!300,500/0/default.jpg;Iconografia;Português;;O tempo levando os Lusíadas à posteridade;;;1.ª ed.;S.l. : s.n.;1880;1880;1 gravura;J. Medeiros, ca. 18- -;;;;;;PURL 5761/0;;http://id.bnportugal.gov.pt/bib/catbnp/636389;Livre
6646;Recepção criativa - Tematização | 409;Celebrações - 1880 - Actos públicos | 477;Celebrações - 1880 - Recepção criativa - Tematização | 474;Iconografia - Impressos - Retrato de Camões | 372;;;;;;;;;;;;;;;;;;;;;;;;;;;;;;;;;;637139;https://purl.pt/4760;https://bndigital.bnportugal.gov.pt//i/?IIIF=/91/93/ef/9e/9193ef9e-3647-4d04-a920-6fce8a1629b8/iiif/e-404-v_0000_000001.tif/full/!300,500/0/default.jpg;Iconografia;Português;;Ao tricentenário de Luiz de Camões;aos 10 de Junho de 1880, Rio de Janeiro;;1.ª ed.;Rio de Janeiro : s.n.;1880;1880;1 gravura;;;;;;Litografia António Lobo & Companhia;PURL 4760/0;;http://id.bnportugal.gov.pt/bib/catbnp/637139;Livre
6647;Celebrações - 1880 - Iconografia | 478;Iconografia - Impressos - Retrato de Camões | 372;;;;;;;;;Obra - Impressos - Obras (conjunto) - Lírica - Elegia | 51;;;;;;;;;;;;;;;;;;;;;;;;;;;665442;https://purl.pt/5904;https://bndigital.bnportugal.gov.pt//i/?IIIF=/10/b0/d1/e1/10b0d1e1-7ca8-4acb-b504-95f8a8017a24/iiif/e-1447-v_0000_000001.tif/full/!300,500/0/default.jpg;Iconografia;;;Tricentenário de Camões;;;1.ª ed.;S.l. : s.n.;1880;1880;1 gravura;;;;;;;PURL 5904/0;;http://id.bnportugal.gov.pt/bib/catbnp/665442;Livre
6648;Celebrações - 1880 - Discussão, programas e relatórios | 481;;;;;;;;;;;;;;;;;;;;;;;;;;;;;;;;;;;;;766871;https://purl.pt/43798;https://bndigital.bnportugal.gov.pt//i/?IIIF=/13/f8/02/51/13f80251-0db5-4cc7-9f97-357f75faaf56/iiif/cam-402-3-v_0000_000001.tif/full/!300,500/0/default.jpg;Livro impresso;Português;;Camões;leitura para todas as classes;;1.ª ed.;Lisboa : Typ. da Bibliotheca Universal;1880;1880;10 p.;;;;F. Alves, ca 1880, Autor da introdução, etc.;;;CAM. 402//3 V.;CAM500;http://id.bnportugal.gov.pt/bib/catbnp/766871;Livre
6649;Recepção criativa - Tematização | 409;Celebrações - 1880 - Actos públicos | 477;Celebrações - 1880 - Recepção criativa - Tematização | 474;;;;;;;;;;;;;;;;;;;;;;;;;;;;;;;;;;;780275;https://purl.pt/43138;https://bndigital.bnportugal.gov.pt//i/?IIIF=/2c/61/d5/11/2c61d511-0de7-48d2-903a-a8f6abb146f8/iiif/cam-379-1-v_0001.tif/full/!300,500/0/default.jpg;Livro impresso;Português;;Á memoria de Luiz de Camões no seu tricentenario em 10 de Junho de 1880;;;1.ª ed.;Braga : O Commercio do Minho;1880;1880;46, 1 p.;;;;;;;CAM. 379//1 V.;CAM500;http://id.bnportugal.gov.pt/bib/catbnp/780275;Livre
6650;Iconografia - Impressos - Retrato de Camões | 372;Celebrações - 1880 - Iconografia | 478;;;;;;;;;;;;;;;;;;;;;;;;;;;;;;;;;;;;789211;https://purl.pt/43422;https://bndigital.bnportugal.gov.pt//i/?IIIF=/3a/9e/30/44/3a9e3044-4b8e-4e5c-9b8f-ae39c77a601a/iiif/cam-861-p_0005.tif/full/!300,500/0/default.jpg;Livro impresso;Português;;Camões em Africa;scena dramatica em verso;;1.ª ed.;Lisboa : Imp. Nacional;1880;1880;19 p.;Xavier de Paiva, 1849-1882;;;"Ernesto Jardim de Vilhena, 1876-1967, Antigo possuidor ; Paulo da Fonseca, ca 18- -, Editor literário";;;L. 11906//13 V.;CAM500;http://id.bnportugal.gov.pt/bib/catbnp/789211;Livre
6651;Música - Impressos | 405;Celebrações - 1880 - Música | 479;;;;;;;;;;;;;;;;;;;;;;;;;;;;;;;;;;;;801047;https://purl.pt/43383;https://bndigital.bnportugal.gov.pt//i/?IIIF=/2e/e7/7c/38/2ee77c38-af9b-4d8d-a30d-6d8e8089f6f3/iiif/cam-1080-p_0003.tif/full/!300,500/0/default.jpg;Livro impresso;Português;;Homenagem a Luís de Camões;tricentenario 10 de Junho de 1880;;1.ª ed.;Lisboa : s.n.;1880;1880;2, XIV p.;J. Estevão de Azevedo, ca 1880;;;;;;CAM. 1080 P.;CAM500;http://id.bnportugal.gov.pt/bib/catbnp/801047;Livre
6652;Música - Manuscritos | 406;Celebrações - 1880 - Música | 479;;;;;;;;;;;;;;;;;;;;;;;;;;;;;;;;;;; Italiano;801387;https://purl.pt/43136;https://bndigital.bnportugal.gov.pt//i/?IIIF=/94/96/92/4a/9496924a-f1ff-45c1-b612-8437e38d789d/iiif/cam-1106-p_0005.tif/full/!300,500/0/default.jpg;Livro impresso;Português;;Quatro chistosas cantigas do fado ao poeta Luiz de Camões;;;1.ª ed.;Lisboa : s.n.;1880;1880;8 p.;;;;;;;CAM. 1106 P.;CAM500;http://id.bnportugal.gov.pt/bib/catbnp/801387;Livre
6653;Música - Manuscritos | 406;Celebrações - 1880 - Música | 479;;;;;;;;;;;;;;;;;;;;;;;;;;;;;;;;;;;;810486;https://purl.pt/43908;https://bndigital.bnportugal.gov.pt//i/?IIIF=/ba/d2/df/d8/bad2dfd8-e891-4606-9768-5e6d3ec7b6e5/iiif/cam-103-v_0007.tif/full/!300,500/0/default.jpg;Livro impresso;Português;;Camões em Alemanha;ensaio critico em memoria do terceiro centenario;;1.ª ed.;Porto : Typographia Occidental;1880;1880;XVI, 3-27, 5 br. p.;Joaquim de Vasconcelos, 1849-1936;;;;;;CAM. 103 V.;CAM500;http://id.bnportugal.gov.pt/bib/catbnp/810486;Livre
6654;Música - Manuscritos | 406;Celebrações - 1880 - Música | 479;Tradução - Manuscritos - Fragmentos - Épica | 308;Tradução - Manuscritos - Fragmentos - Lírica | 313;;;;;;;;;;;;;;;;;;;;;;;;;;;;;;;;;;846006;https://purl.pt/43770;https://bndigital.bnportugal.gov.pt//i/?IIIF=/37/66/8c/fa/37668cfa-088d-4f7f-884b-0826272c99aa/iiif/cam-100-v_0000_000005.tif/full/!300,500/0/default.jpg;Periódico;Português;;Boletim do centenario;revista de assumptos relativos à commemoração do 3. centenario de Luiz de Camões;;1.ª ed.;Porto : Empreza do Jornal de Viagens;1880;1880;;;;;;;Empresa do Jornal de Viagens, Editor comercial;J. 1333 B.;CAM500;http://id.bnportugal.gov.pt/bib/catbnp/846006;Livre
6655;Iconografia - Impressos - Retrato de Camões | 372;;;;;;;;;;;;;;;;;;;;;;;;;;;;;;;;;;;;"Latim; Artista Francês";847196;https://purl.pt/43757;https://bndigital.bnportugal.gov.pt//i/?IIIF=/c6/34/87/47/c6348747-4a91-4fb6-b497-01ffe8b250db/iiif/cam-120-1-v_0000_000001.tif/full/!300,500/0/default.jpg;Livro impresso;Português;;Camões;homenagem aos antigos heróis portuguezes e sobre todos ao seu divino cantor Luís de Camões;;1.ª ed.;Porto : Typ. Nacional;1880;1880;32 p.;Rosalino Cândido de Sampaio e Brito;;;;;;CAM. 120//1 V.;CAM500;http://id.bnportugal.gov.pt/bib/catbnp/847196;Livre
6656;Iconografia - Impressos - Imagens de Camões | 373;Celebrações - 1880 - Iconografia | 478;Iconografia - Impressos - Lugares de memória | 391;;;;;;;;;;;;;;;;;;;;;;;;;;;;;;;;;;"Francês; Português";847198;https://purl.pt/43729;https://bndigital.bnportugal.gov.pt//i/?IIIF=/7c/6d/a4/08/7c6da408-dbf5-4e0d-be8e-f9a4613ffd26/iiif/cam-120-2-v_0001.tif/full/!300,500/0/default.jpg;Livro impresso;Português;;Discurso proferido no sarau em que o Gremio Recreativo de Leiria solemnizou o tricentenario de Camões;;;1.ª ed.;Leiria : Typ. Leiriense;1880;1880;12 p.;António de Campos Júnior, 1850-1917;;;;;;CAM. 120//2 V.;CAM500;http://id.bnportugal.gov.pt/bib/catbnp/847198;Livre
6657;Música - Manuscritos | 406;Celebrações - 1880 - Música | 479;Tradução - Manuscritos - Fragmentos - Lírica | 313;Tradução - Manuscritos - Fragmentos - Lírica - Paratextos notas | 317;Tradução - Manuscritos - Fragmentos - Épica | 308;;;;;;;;;;;;;;;;;;;;;;;;;;;;;;;; Italiano;847205;https://purl.pt/43879;https://bndigital.bnportugal.gov.pt//i/?IIIF=/eb/8b/e4/90/eb8be490-9719-4bcf-96f4-a7d1d0c5964d/iiif/cam-120-4-v_0000_000001.tif/full/!300,500/0/default.jpg;Livro impresso;Português;;Os grandes festejos ao tricentenario de Camões;apropósito em 1 acto e 2 quadros, ornado de diversas musicas conhecidas;;1.ª ed.;Lisboa : Impr. de J. G. de Sousa Neves;1880;1880;40 p.;Miguel Teotónio dos Santos;;;;;;L. 10508//6 V.;CAM500;http://id.bnportugal.gov.pt/bib/catbnp/847205;Livre
6658;Música - Impressos | 405;Celebrações - 1880 - Música | 479;Celebrações - 1880 - Iconografia | 478;;;;;;;;;;;;;;;;;;;;;;;;;;;;;;;;;;;847207;https://purl.pt/43758;https://bndigital.bnportugal.gov.pt//i/?IIIF=/ea/b6/d8/d3/eab6d8d3-aea9-4066-acc5-ef98b43792da/iiif/cam-120-5-v_0000_000001.tif/full/!300,500/0/default.jpg;Livro impresso;Português;;A odyssea camoneana;romagem aos principaes logares que a estada de Luiz de Camões deixou assignalados...;;1.ª ed.;Porto : Impr. Civilisação;1880;1880;34 p.;Pedro Gastão Mesnier, 1846-1884;;;;;;CAM. 120//5 V.;CAM500;http://id.bnportugal.gov.pt/bib/catbnp/847207;Livre
6659;Recepção criativa - Tematização | 409;Celebrações - 1880 - Actos públicos | 477;Celebrações - 1880 - Recepção criativa - Tematização | 474;;;;;;;;;;;;;;;;;;;;;;;;;;;;;;;;;;;847329;https://purl.pt/43229;https://bndigital.bnportugal.gov.pt//i/?IIIF=/c7/af/58/f0/c7af58f0-f7d8-4f23-8f09-f2fd28dd9cb4/iiif/cam-1902-v_0007.tif/full/!300,500/0/default.jpg;Livro impresso;Português;;Homenagem dos poetas;;;1.ª ed.;Porto : Palacio de Cristal Ed.;1880;1880;25 p.;;;Augusto Luso da Silva, 1827-1902, Autor;;;;CAM. 121//1 V.;CAM500;http://id.bnportugal.gov.pt/bib/catbnp/847329;Livre
6660;Música - Manuscritos | 406;Obra - Manuscritos - Textos avulsos e fragmentos - Lírica | 146;Celebrações - 1880 - Música | 479;;;;;;;;;;;;;;;;;;;;;;;;;;;;;;;;;;;848096;https://purl.pt/43723;https://bndigital.bnportugal.gov.pt//i/?IIIF=/dd/ad/51/d5/ddad51d5-b4d8-49eb-a1b8-6a81a754f4d3/iiif/cam-121-3-v_0001.tif/full/!300,500/0/default.jpg;Livro impresso;Português;;Luiz de Camões;esboço biographico;;1.ª ed.;Lisboa : Lallemant Fréres;1880;1880;8 p.;Alberto da Silva, ca 18--;;;;;;CAM. 121//3 V.;CAM500;http://id.bnportugal.gov.pt/bib/catbnp/848096;Livre
6661;Música - Manuscritos | 406;Celebrações - 1880 - Música | 479;;;;;;;;;;;;;;;;;;;;;;;;;;;;;;;;;;;;848103;https://purl.pt/43726;https://bndigital.bnportugal.gov.pt//i/?IIIF=/ec/f8/63/c7/ecf863c7-0a85-4dc5-81f1-d33a68a06c47/iiif/cam-121-5-v_0000_000001.tif/full/!300,500/0/default.jpg;Livro impresso;Português;;Á memoria de Luiz de Camões;principe dos nossos poetas;;1.ª ed.;Lisboa : Typ. Editora;1880;1880;1 f.;Augusto Pereira Forjaz de Sampaio, 1865-1922;;;;;;CAM. 121//5 V.;CAM500;http://id.bnportugal.gov.pt/bib/catbnp/848103;Livre
6662;Bibliografia crítica - Estudo | 418;Celebrações - 1880 - Textos críticos | 469;;;;;;;;;;;;;;;;;;;;;;;;;;;;;;;;;;;;848108;https://purl.pt/43727;https://bndigital.bnportugal.gov.pt//i/?IIIF=/36/aa/9a/e5/36aa9ae5-22fc-438f-9fb6-b4d798c69359/iiif/cam-121-6-v_0000_000001.tif/full/!300,500/0/default.jpg;Livro impresso;Português;;Discurso pronunciado na Escóla do Exercito deante dos alumnos das armas geraes, reunidos em assembléa no dia 6 de Maio de 1880. Em homenagem ao immortal épico Luiz de Camões;;;1.ª ed.;Lisboa : s.n.;1880;1880;4 p.;Justo de Castro Barroso, ca. 18--;;;;;;CAM. 121//6 V.;CAM500;http://id.bnportugal.gov.pt/bib/catbnp/848108;Livre
6663;Bibliografia crítica - Polémica e discussão | 417;Celebrações - 1880 - Discussão, programas e relatórios | 481;Celebrações - 1880 - Periódicos | 471;;;;;;;;;;;;;;;;;;;;;;;;;;;;;;;;;;;848111;https://purl.pt/43778;https://bndigital.bnportugal.gov.pt//i/?IIIF=/33/2d/df/d6/332ddfd6-8789-48e5-afad-21187b9073f8/iiif/cam-121-7-v_0000_000001.tif/full/!300,500/0/default.jpg;Livro impresso;Português;;Discurso dedicado ao immortal cantor dos Luziadas por occasião da inauguração do busto na escóla do Exercito em 9 de Junho de 1880;;;1.ª ed.;Lisboa : s.n.;1880;1880;2 f.;Justo de Castro Barroso, ca. 18--;;;;;;CAM. 121//7 V.;CAM500;http://id.bnportugal.gov.pt/bib/catbnp/848111;Livre
6664;Bibliografias e catálogos - Catálogo | 551;Celebrações - 1880 - Catálogos | 480;;;;;;;;;;;;;;;;;;;;;;;;;;;;;;;;;;;;851346;https://purl.pt/43774;https://bndigital.bnportugal.gov.pt//i/?IIIF=/ab/3d/a8/b0/ab3da8b0-db32-4f80-a598-2c1610048f1c/iiif/cam-130-2-v_0000_000001.tif/full/!300,500/0/default.jpg;Livro impresso;Português;Alemão;A primeira leitura dos Lusiadas;fragmento do romance alemão Camõens;;1.ª ed.;Lisboa : Impr. Nacional;1880;1880;27 p.;Adolf Stern, 1835-1907;;;;;;CAM. 130//2 V.;CAM500;http://id.bnportugal.gov.pt/bib/catbnp/851346;Livre
6665;Bibliografia crítica - Estudo | 418;Celebrações - 1880 - Textos críticos | 469;;;;;;;;;;;;;;;;;;;;;;;;;;;;;;;;;;;;851350;https://purl.pt/43922;https://bndigital.bnportugal.gov.pt//i/?IIIF=/56/14/10/91/56141091-d8f1-4fff-94e5-824215338e69/iiif/cam-130-3-v_0000_000001.tif/full/!300,500/0/default.jpg;Livro impresso;Português;;A leitura dos Lusiadas;;;1.ª ed.;Porto : Imprensa Ferreira de Brito;1880;1880;4 f.;Alfredo Campos, 1847-1906;;;;;;CAM. 130//3 V.;CAM500;http://id.bnportugal.gov.pt/bib/catbnp/851350;Livre
6666;Recepção criativa - Tematização | 409;Celebrações - 1880 - Recepção criativa - Tematização | 474;;;;;;;;;;;;;;;;;;;;;;;;;;;;;;;;;;;;851352;https://purl.pt/43775;https://bndigital.bnportugal.gov.pt//i/?IIIF=/16/d6/18/2d/16d6182d-81a4-46e6-a3cb-a0423cf9f4cb/iiif/cam-130-4-v_0000_000001.tif/full/!300,500/0/default.jpg;Livro impresso;Português;;A Camões;poesia expressamente escripta para ser recitada no sarau litterario do Gabinete Portuguez de Leitura do Rio de Janeiro...;;1.ª ed.;Lisboa : Typographia de Castro Irmão;1880;1880;8 p.;Jaime de Séguier, 1860-1932;;;;;;J.S. 2017;CAM500;http://id.bnportugal.gov.pt/bib/catbnp/851352;Livre
6667;Bibliografias e catálogos - Catálogo | 551;Celebrações - 1880 - Catálogos | 480;;;Celebrações - 1972 - Recepção criativa - Tematização | 523;;;;;;;;;;;;;;;;;;;;;;;;;;;;;;;;;852826;https://purl.pt/43858;https://bndigital.bnportugal.gov.pt//i/?IIIF=/d7/00/4d/46/d7004d46-7e63-4a6a-b2d1-278bea642ff3/iiif/cam-179-v_0000_000007.tif/full/!300,500/0/default.jpg;Livro impresso;Português;;Camões;discurso pronunciado a 10 de Junho de 1880 por parte do Gabinete Portuguez de Leitura;;1.ª ed.;Rio de Janeiro : G. Leuzinger & Filhos;1880;1880;30 p.;Joaquim Nabuco, 1849-1910;;;;;;L. 11934//27 V.;CAM500;http://id.bnportugal.gov.pt/bib/catbnp/852826;Livre
6668;Recepção criativa - Tematização | 409;Celebrações - 1880 - Recepção criativa - Tematização | 474;Vida - Ficção - Poesia | 16;Obra - Impressos - Obras (avulsas) - Lírica - Soneto | 35;Celebrações - 1880 - Vida | 470;;;;;;;;;;;;;;;;;;;;;;;;;;;;;;;;;865410;https://purl.pt/42601;https://bndigital.bnportugal.gov.pt//i/?IIIF=/3c/74/9e/7c/3c749e7c-418e-4e81-93bd-79e9cd23c0b5/iiif/cam-374-9-v_0001.tif/full/!300,500/0/default.jpg;Livro impresso;Português;;O brazão do apellido de Camões;;;1.ª ed.;Coimbra : Impr. Litteraria;1880;1880;;;;;;;;CAM. 289//10 V.;CAM500;http://id.bnportugal.gov.pt/bib/catbnp/865410;Livre
6669;Bibliografia crítica - Edições | 411;Celebrações - 1880 - Textos críticos | 469;;;;;;;;;;;;;;;;;;;;;;;;;;;;;;;;;;;;874190;https://purl.pt/43801;https://bndigital.bnportugal.gov.pt//i/?IIIF=/a6/19/5e/24/a6195e24-2197-4879-8d2a-16f0df60b3f1/iiif/cam-402-13-v_0000_000001.tif/full/!300,500/0/default.jpg;Livro impresso;Português;;Camões e as mulheres portuguezas;;;1.ª ed.;Lisboa : David Corazzi - Empreza Horas Romanticas;1880;1880;36 p.;Margarida Vítor;;;;;;L. 25767//3 P.;CAM500;http://id.bnportugal.gov.pt/bib/catbnp/874190;Livre
6670;Bibliografia crítica - Polémica e discussão | 417;Celebrações - 1880 - Discussão, programas e relatórios | 481;Celebrações - 1880 - Textos críticos | 469;;;;;;;;;;;;;;;;;;;;;;;;;;;;;;;;;;;917387;https://purl.pt/43557;https://bndigital.bnportugal.gov.pt//i/?IIIF=/2d/6c/e2/cf/2d6ce2cf-28e6-40d1-845f-f33a70f941bc/iiif/e-103-r_0000_000001.tif/full/!300,500/0/default.jpg;Iconografia;Português;;Terceiro Centenário de Camões - Botafogo - Rio de Janeiro;;;1.ª ed.;Rio de Janeiro : Com. Promot. do Cent. de Camões;1880;1880;1 gravura;Augusto Off, ˜fl. ca. œ1880;;;;;;E. 103 R.;CAM500;http://id.bnportugal.gov.pt/bib/catbnp/917387;Livre
6671;Vida - Ficção - Poesia | 16;Celebrações - 1880 - Vida | 470;Recepção criativa - Tematização | 409;;;;;;;;;;;;;;;;;;;;;;;;;;;;;;;;;;;1025381;https://purl.pt/43841;https://bndigital.bnportugal.gov.pt//i/?IIIF=/be/78/ab/86/be78ab86-315c-4ba6-b63a-b558416c403f/iiif/cam-1394-p_0000_000003.tif/full/!300,500/0/default.jpg;Livro impresso;Português;;Homenagem a Camões;discursos e poesias recitados pelos alumnos e alumnas das aulas da Ordem Terceira do Carmo por ocasião do tricentenário de Camões;;1.ª ed.;Porto : Typ. Alexandre da Fonseca Vasconcellos;1880;1880;16 p.;;;;Alexandre da Fonseca Vasconcelos, 18--;;;CAM. 1394 P.;CAM500;http://id.bnportugal.gov.pt/bib/catbnp/1025381;Livre
6672;Bibliografia crítica - Estudo | 418;Celebrações - 1880 - Textos críticos | 469;;;;;;;;;;;;;;;;;;;;;;;;;;;;;;;;;;;;1044776;https://purl.pt/43556;https://bndigital.bnportugal.gov.pt//i/?IIIF=/4b/91/7c/2c/4b917c2c-294e-4c16-8a85-8fa86d878cce/iiif/ct-569-v_0000_000001.tif/full/!300,500/0/default.jpg;Iconografia;Português;;Os Lusiadas;dedicado à digna Commissão dos Festejos a Camões em 1880;;1.ª ed.;Lisboa : V. S.;1880;1880;1 cartaz; Verol Sénior, 1814-1898;;;Enrique Casanova, 1850-1913, Técnico gráfico;;;CT. 569 V.;CAM500;http://id.bnportugal.gov.pt/bib/catbnp/1044776;Livre
6673;Recepção criativa - Tematização | 409;Celebrações - 1880 - Actos públicos | 477;Celebrações - 1880 - Recepção criativa - Tematização | 474;Iconografia - Impressos - Imagens de Camões | 373;;;;;;;;;;;;;;;;;;;;;;;;;;;;;;;;;;1056196;https://purl.pt/43231;https://bndigital.bnportugal.gov.pt//i/?IIIF=/14/e4/93/21/14e49321-4143-4819-bdf8-89a6a7652bb5/iiif/cam-243-3-a_0001.tif/full/!300,500/0/default.jpg;Livro impresso;Português;;Relatorio da commissão executiva delegada da Junta Geral do Districto do Porto apresentado na sessão de 1 de Maio de 1880;;;1.ª ed.;Porto : Imprensa Portugueza;1880;1880;LXIX, 68 p.;;Portugal. Junta Geral do Distrito do Porto;;;;;CAM. 243//3 A.;CAM500;http://id.bnportugal.gov.pt/bib/catbnp/1056196;Livre
6674;Recepção criativa - Tematização | 409;Celebrações - 1880 - Recepção criativa - Tematização | 474;;;;;;;;;;;;;;;;;;;;;;;;;;;;;;;;;;;;1075909;https://purl.pt/43380;https://bndigital.bnportugal.gov.pt//i/?IIIF=/56/23/72/68/56237268-5a91-4a29-8033-e6bac0de7e45/iiif/cam-1469-p_0007.tif/full/!300,500/0/default.jpg;Livro impresso;Português;;Luiz de Camões 10 de Junho de 1880;Homenagem ao principe dos épicos portuguezes;;1.ª ed.;Porto : Typ. A. J. da Silva;1880;1880;13 p.;;;;;;;CAM. 1469 P.;CAM500;http://id.bnportugal.gov.pt/bib/catbnp/1075909;Livre
6675;Recepção criativa - Tematização | 409;Celebrações - 1880 - Recepção criativa - Tematização | 474;;;;;;;;;;;;;;;;;;;;;;;;;;;;;;;;;;;;1384320;https://purl.pt/15135;https://bndigital.bnportugal.gov.pt//i/?IIIF=/33/44/56/1d/3344561d-810e-449d-b22a-42940397353a/iiif/e-94-p_0000_000001.tif/full/!300,500/0/default.jpg;Iconografia;Português;;Luiz de Camões;;;1.ª ed.;S.l. : s.n.;1880;1880;1 gravura;;;;;;;E. 94 P.;;http://id.bnportugal.gov.pt/bib/catbnp/1384320;Livre
6676;Recepção criativa - Tematização | 409;Celebrações - 1880 - Recepção criativa - Tematização | 474;;;;;;;;;;;;;;;;;;;;;;;;;;;;;;;;;;;;1578552;https://purl.pt/43552;https://bndigital.bnportugal.gov.pt//i/?IIIF=/0a/3e/d1/a4/0a3ed1a4-6046-4df5-89f8-cb585fe79baa/iiif/cn-127-1-v_0000_000001.tif/full/!300,500/0/default.jpg;Partitura;Português;;Homenagem a Camões;;;1.ª ed.;Lisboa : Augusto Neuparth;1880;1880;1 partitura 14 p.;Guilherme Cossoul, 1828-1880;;;Carlos Augusto Campos, 1827-1888, Autor de arranjo musical;;Portugal. Conservatório Nacional. Escola de Música, Antigo possuidor;C.N. 127//2 V.;CAM500;http://id.bnportugal.gov.pt/bib/catbnp/1578552;Livre
6677;Recepção criativa - Tematização | 409;Celebrações - 1880 - Recepção criativa - Tematização | 474;Figuras Femininas - Autoras (produção escrita sobre Camões) | 552;Iconografia - Impressos - Imagens de Camões | 373;;;;;;;;;;;;;;;;;;;;;;;;;;;;;;;;;;1650766;https://purl.pt/43587;https://bndigital.bnportugal.gov.pt//i/?IIIF=/f5/ec/77/9c/f5ec779c-205c-4240-b1dc-8e43e2e973e7/iiif/1650766_0001.tif/full/!300,500/0/default.jpg;Partitura;Italiano;;Fragmenti di una Cantata a Camoens;Coro, sonetto e Marcia trionfale =Apoteosi;;1.ª ed.;;1880;1880;Partitura;Augusto Machado, 1845-1924;;;;;Portugal. Instituto Português do Património Cultural. Departamento de Musicologia, Antigo possuidor;A.M. 134;CAM500;http://id.bnportugal.gov.pt/bib/catbnp/1650766;Livre
6678;Celebrações - 1880 - Actos públicos | 477;;;;;;;;;;;;;;;;;;;;;;;;;;;;;;;;;;;;;1650797;https://purl.pt/43586;https://bndigital.bnportugal.gov.pt//i/?IIIF=/04/1f/38/5f/041f385f-0c1a-4a12-860d-98508837c282/iiif/1650797_0001.tif/full/!300,500/0/default.jpg;Partitura;Português;;Camões e os Lusíadas;ode sinfónica;;1.ª ed.;;1880;1880;1 partitura 62, 18, 19, 8 p.;Augusto Machado, 1845-1924;;;;;Portugal. Instituto Português do Património Cultural. Departamento de Musicologia, Antigo possuidor;A.M. 135;CAM500;http://id.bnportugal.gov.pt/bib/catbnp/1650797;Livre
6679;Bibliografia crítica - Estudo | 418;Celebrações - 1880 - Actos públicos | 477;;;;;;;;;;;;;;;;;;;;;;;;;;;;;;;;;;;;1650800;https://purl.pt/43603;https://bndigital.bnportugal.gov.pt//i/?IIIF=/8b/70/1f/eb/8b701feb-2f9b-4759-adf3-be4f02be12ad/iiif/1650800_0001.tif/full/!300,500/0/default.jpg;Partitura;Português;;Camões;;;1.ª ed.;Lx;1880;1880;Partitura;Augusto Machado, 1845-1924;;;;;Portugal. Instituto Português do Património Cultural. Departamento de Musicologia, Antigo possuidor;A.M. 136;CAM500;http://id.bnportugal.gov.pt/bib/catbnp/1650800;Livre
6680;Bibliografia crítica - Estudo | 418;Celebrações - 1880 - Actos públicos | 477;;;;;;;;;;;;;;;;;;;;;;;;;;;;;;;;;;;;1651190;https://purl.pt/43564;https://bndigital.bnportugal.gov.pt//i/?IIIF=/69/3f/3b/06/693f3b06-26c3-404a-a10b-2612753e34bf/iiif/e-371-p_0000_000001.tif/full/!300,500/0/default.jpg;Iconografia;Latim;;In utrunque paratus;fama volans cita...;;1.ª ed.;S.l. : s.n.;1880;1880;1 imagem;Jean Charles Allet, ca. 1668-1732?;;;;;;E. 371 P.;CAM500;http://id.bnportugal.gov.pt/bib/catbnp/1651190;Livre
6681;Vida - Biografia | 13;Celebrações - 1880 - Actos públicos | 477;Celebrações - 1880 - Vida | 470;;;;;;;;;;;;;;;;;;;;;;;;;;;;;;;;;;;1669786;https://purl.pt/43566;https://bndigital.bnportugal.gov.pt//i/?IIIF=/66/1d/2b/82/661d2b82-89fe-40d8-82c3-bc5fd993945f/iiif/e-596-p_0000_000001.tif/full/!300,500/0/default.jpg;Iconografia;Francês;;Lisbonne;bronze de Victor Bastos;;1.ª ed.;S.l. : s.n.;1880;1880;1 gravura; E. R., fl. 1880;;;Vítor Bastos, 1831-1894, Antecedente bibliográfico;;;E. 596 P.;CAM500;http://id.bnportugal.gov.pt/bib/catbnp/1669786;Livre
6682;Bibliografia crítica - Estudo | 418;Vida - Biografia | 13;Celebrações - 1880 - Actos públicos | 477;Celebrações - 1880 - Vida | 470;;;;;;;;;;;;;;;;;;;;;;;;;;;;;;;;;;1721598;https://purl.pt/43599;https://bndigital.bnportugal.gov.pt//i/?IIIF=/d9/2c/63/2b/d92c632b-0591-4d77-a870-5aed3ea63d16/iiif/1721598_0001.tif/full/!300,500/0/default.jpg;Partitura;Italiano;;Fragmenti di una Cantata a Camoens;"Índia -Coro, Sonetto ""Alma mia gentile"" e Marcia trionfale - Apotéosi";;1.ª ed.;;1880;1880;Partitura 20 f..;Augusto Machado, 1845-1924;;;Maria Constança Machado Pinheiro da Fonseca, Doador;;;A.M. 331;CAM500;http://id.bnportugal.gov.pt/bib/catbnp/1721598;Livre
6683;Recepção criativa - Tematização | 409;Celebrações - 1880 - Recepção criativa - Tematização | 474;Celebrações - 1880 - Actos públicos | 477;Celebrações - 1880 - Discussão, programas e relatórios | 481;;;;;;;;;;;;;;;;;;;;;;;;;;;;;;;;;;1724855;https://purl.pt/42660;https://bndigital.bnportugal.gov.pt//i/?IIIF=/43/dc/ad/d7/43dcadd7-d5f5-4535-9b8b-5e60b7c0ad16/iiif/cn-1008-a_0000_000001.tif/full/!300,500/0/default.jpg;Partitura;Português;;Fado Camões;Fado para piano;;1.ª ed.;Lisboa : Lith. Palhares T. da Palha 15;1880;1880;Partitura 2 p.;Carlos Augusto Alves Braga, 1842-1888;;;;;"Portugal. Conservatório Nacional. Escola de Música, Antigo possuidor ; Litografia Palhares. Conservatório Nacional. Escola de Música, Impressor";C.N. 1008 A.;CAM500;http://id.bnportugal.gov.pt/bib/catbnp/1724855;Livre
6684;Celebrações - 1880 - Actos públicos | 477;Vida - Biografia | 13;Celebrações - 1880 - Vida | 470;;;;;;;;;;;;;;;;;;;;;;;;;;;;;;;;;;;1725343;https://purl.pt/43390;https://bndigital.bnportugal.gov.pt//i/?IIIF=/19/e6/4a/e6/19e64ae6-8e7e-4efd-8d3d-3862e5aecc3f/iiif/cam-1556-p_0007.tif/full/!300,500/0/default.jpg;Livro impresso;Português;;Versos recitados no Sarau Litterario promovido pela Sociedade Democrática Recreativa;;;1.ª ed.;Braga : Typographia Lealdade;1880;1880;23 p.;Cunha Viana, fl. 1880;;;;;;CAM. 1556 P.;CAM500;http://id.bnportugal.gov.pt/bib/catbnp/1725343;Livre
6685;Celebrações - 1880 - Actos públicos | 477;Vida - Biografia | 13;Recepção criativa - Tematização | 409;Celebrações - 1880 - Recepção criativa - Tematização | 474;Iconografia - Impressos - Imagens de Camões | 373;;;;;;;;;;;;;;;;;;;;;;;;;;;;;;;;;1732784;https://purl.pt/43589;https://bndigital.bnportugal.gov.pt//i/?IIIF=/ed/ad/78/79/edad7879-f6c4-4d6b-be72-2e6b39487b7b/iiif/1732784_0001.tif/full/!300,500/0/default.jpg;Partitura;Português;;Soneto;;;1.ª ed.;;1880;1880;Partitura 2 f.;Augusto Machado, 1845-1924;;;Maria Constança Machado Pinheiro da Fonseca, Doador;;;A.M. 408;CAM500;http://id.bnportugal.gov.pt/bib/catbnp/1732784;Livre
6686;Celebrações - 1880 - Actos públicos | 477;Celebrações - 1880 - Discussão, programas e relatórios | 481;;;;;;;;;;;;;;;;;;;;;;;;;;;;;;;;;;;;1952352;https://purl.pt/29995;https://bndigital.bnportugal.gov.pt//i/?IIIF=/a0/46/35/bd/a04635bd-b21c-4d3e-9fca-5a08e79b3c7e/iiif/1952352_0000_capa-capa_t24-C-R0150_000001.tif/full/!300,500/0/default.jpg;Partitura;Português;;Ignez de Castro;Cantata para Vozes sólo, córos, orchestra e orgão;;1.ª ed.;;1880;1880;2 partituras 167 3, 110  p. e 110 partes;João Arroio, 1861-1930;;;Luís de Camões, 1524-1580, Autor;;Portugal. Teatro Nacional de São Carlos, Antigo possuidor;T.S.C. 300//1;CAM500;http://id.bnportugal.gov.pt/bib/catbnp/1952352;Livre
6687;Bibliografia crítica - Obra | 412;Celebrações - 1880 - Textos críticos | 469;Bibliografias e catálogos - Bibliografia | 550;;;;;;;;;;;;;;;;;;;;;;;;;;;;;;;;;;;382967;https://purl.pt/44598;https://bndigital.bnportugal.gov.pt//i/?IIIF=/b0/bd/33/9f/b0bd339f-8e7e-430e-abe4-12f33dcdc585/iiif/cam-106-6-v_0000_000001.tif/full/!300,500/0/default.jpg;Livro impresso;Português;;Portugal e Camões;homenagem dapátria de Heitor Pinto e Pero da Covilhã;;1.ª ed.;Lisboa : Lallement Fréres;1880;1880;32 p.;;;;;;;L. 5895//8 A.;CAM500;http://id.bnportugal.gov.pt/bib/catbnp/382967;Livre
6688;Recepção criativa - Tematização | 409;Recepção criativa - Centão [Cintra] | 408;Celebrações - 1880 - Actos públicos | 477;Celebrações - 1880 - Recepção criativa - Tematização | 474;Celebrações - 1880 - Recepção criativa - Centão | 475;;;;;;;;;;;;;;;;;;;;;;;;;;;;;;;;;767291;https://purl.pt/44026;https://bndigital.bnportugal.gov.pt//i/?IIIF=/9e/22/a3/c7/9e22a3c7-38ec-4fa9-8706-602eb73e73d6/iiif/cam-117-v_0000_000007.tif/full/!300,500/0/default.jpg;Livro impresso;Português;;Desabafo patriotico e o tricentenario de Camões no Rio de Janeiro;estudo critico e documentado, ou a censura feita aos promotores e orador-official do tricentenario, escripto este dado a lume com antecedencia ao acto;;1.ª ed.;Rio de Janeiro : Typographia Academica;1880;1880;222, 2 p.;Francisco Ferraz de Macedo, 1845-1907;;;;;;CAM. 117 V.;CAM500;http://id.bnportugal.gov.pt/bib/catbnp/767291;Livre
6689;Recepção criativa - Tematização | 409;Celebrações - 1880 - Recepção criativa - Tematização | 474;;;;;;;;;;;;;;;;;;;;;;;;;;;;;;;;;;;;846541;https://purl.pt/43977;https://bndigital.bnportugal.gov.pt//i/?IIIF=/f0/16/0c/cc/f0160ccc-e9ba-494e-a95a-97fcb798ecd1/iiif/cam-118-3-v_0001.tif/full/!300,500/0/default.jpg;Livro impresso;Português;;Catalogo da Exposição Camoneana realizada pela Bibliotheca Nacional do Rio de Janeiro a 10 de Junho de 1880 por occasião do centenario de Camões;;;1.ª ed.;Rio de Janeiro : Typographia Nacional;1880;1880;71, 1 br. p.;;Brasil. Biblioteca Nacional;;;;;CAM. 118//3 V.;CAM500;http://id.bnportugal.gov.pt/bib/catbnp/846541;Livre
6690;Recepção criativa - Tematização | 409;Celebrações - 1880 - Recepção criativa - Tematização | 474;;;;;;;;;;;;;;;;;;;;;;;;;;;;;;;;;;;;847323;https://purl.pt/43976;https://bndigital.bnportugal.gov.pt//i/?IIIF=/a7/b0/98/11/a7b09811-eac5-4f65-8866-50128054945d/iiif/cam-120-7-v_0001.tif/full/!300,500/0/default.jpg;Livro impresso;Português;;O centenario de Camões no Brazil;Portugal em 1580, o Brazil em 1880;;2ª ed.;Rio de Janeiro : António José Gomes Brandão;1880;1880;126, 2 br. p.;Reinaldo Carlos Montoro, 1831-?;;;;;;CAM. 120//7 V.;CAM500;http://id.bnportugal.gov.pt/bib/catbnp/847323;Livre
6691;Celebrações - 1880 - Edições | 468;;;;;;;;;;;;;;;;;;;;;;;;;;;;;;;;;;;;;848115;https://purl.pt/43975;https://bndigital.bnportugal.gov.pt//i/?IIIF=/fa/c3/a1/70/fac3a170-4bfd-4a56-a979-4718dba81bf9/iiif/cam-121-8-v_0001.tif/full/!300,500/0/default.jpg;Livro impresso;Português;;Portugal e Camões;homenagem ao grande épico por ocasião do seu tri-centenario...;;1.ª ed.;Lisboa : Typ. da Bibliotheca Universal;1880;1880;6 p.;Luís de Sequeira Oliva, 1837-1919;;;;;;CAM. 121//8 V.;CAM500;http://id.bnportugal.gov.pt/bib/catbnp/848115;Livre
6692;Celebrações - 1880 - Discussão, programas e relatórios | 481;;;;;;;;;;;;;;;;;;;;;;;;;;;;;;;;;;;;;848120;https://purl.pt/44066;https://bndigital.bnportugal.gov.pt//i/?IIIF=/65/94/b5/ea/6594b5ea-ffc7-4e94-9ba8-7d066b0a7f79/iiif/cam-122-v_0000_000005.tif/full/!300,500/0/default.jpg;Livro impresso;Português;;Bibliographia camoniana servindo de catalogo official da Exposição Camoniana do Centenario coordenada pela Commissão Litteraria das Festas;;;1.ª ed.;Porto : Palacio de Crystal Editor : Typographia Occidental;1880;1880;XXVI, 2, 168, 2 p.;;;;;;;CAM. 122 V.;CAM500;http://id.bnportugal.gov.pt/bib/catbnp/848120;Livre
6693;Recepção criativa - Tematização | 409;Celebrações - 1880 - Recepção criativa - Tematização | 474;;;;;;;;;;;;;;;;;;;;;;;;;;;;;;;;;;;;849977;https://purl.pt/43962;https://bndigital.bnportugal.gov.pt//i/?IIIF=/ee/e1/c2/e1/eee1c2e1-f63a-4a51-8b6f-99d9961f5602/iiif/cam-124-v_0000_000009.tif/full/!300,500/0/default.jpg;Livro impresso;Português;;Catharina de Athayde;poema em tres cantos;;1.ª ed.;Coimbra : Livraria Central de José Diogo Pires;1880;1880;117, 3 p., 1 f. de erratas; Monsaraz, 1852-1913;;;;;;H.G. 18815 V.;CAM500;http://id.bnportugal.gov.pt/bib/catbnp/849977;Livre
6694;Recepção criativa - Tematização | 409;Celebrações - 1880 - Recepção criativa - Tematização | 474;;;;;;;;;;;;;;;;;;;;;;;;;;;;;;;;;;;;849980;https://purl.pt/44002;https://bndigital.bnportugal.gov.pt//i/?IIIF=/ff/7b/86/ff/ff7b86ff-03d0-4f92-b63e-85c46449c9d1/iiif/cam-125-v_0000_000009.tif/full/!300,500/0/default.jpg;Livro impresso;Português;;A primeira edição dos Lusiadas;;;1.ª ed.;Porto e Braga : Livraria Internacional de Ernesto Chardron;1880;1880;87, 9 p.;Tito de Noronha, 1834-1896;;;;;;J.S. 1077;CAM500;http://id.bnportugal.gov.pt/bib/catbnp/849980;Livre
6695;Celebrações - 1880 - Edições | 468;;;;;;;;;;;;;;;;;;;;;;;;;;;;;;;;;;;;;849984;https://purl.pt/44003;https://bndigital.bnportugal.gov.pt//i/?IIIF=/3a/47/32/8a/3a47328a-1daf-4d63-b5cb-2e3f3cc05a61/iiif/cam-127-v_0000_000007.tif/full/!300,500/0/default.jpg;Livro impresso;Português;;Camões e os portuguezes no Brasil;reparos criticos;;1.ª ed.;Rio de Janeiro : Typographia da Gazeta de Noticias;1880;1880;154, 2 p.;Figueiredo de Magalhães, 1838-1895;;;;;;TR. 1189 P.;CAM500;http://id.bnportugal.gov.pt/bib/catbnp/849984;Livre
6696;Vida - Ficção - Poesia | 16;Recepção criativa - Tematização | 409;Celebrações - 1880 - Vida | 470;Celebrações - 1880 - Recepção criativa - Tematização | 474;;;;;;;;;;;;;;;;;;;;;;;;;;;;;;;;;;196323;https://purl.pt/44967;https://bndigital.bnportugal.gov.pt//i/?IIIF=/81/47/5e/f8/81475ef8-a978-4787-ae2c-6fb7aaa3726b/iiif/cam-1295-p_0009.tif/full/!300,500/0/default.jpg;Livro impresso;Português;;Camões;;;1.ª ed.;Porto : Imp. Portugueza;1880;1880;64 p.;Alfredo Carvalhais, 1851-1890;;;José Peres Vieira, ca 18--, Antigo possuidor;;;CAM. 1295 P.;CAM500;http://id.bnportugal.gov.pt/bib/catbnp/196323;Livre
6697;Bibliografias e catálogos - Catálogo | 551;Celebrações - 1880 - Catálogos | 480;;;;;;;;;;;;;;;;;;;;;;;;;;;;;;;;;;;;849990;https://purl.pt/44063;https://bndigital.bnportugal.gov.pt//i/?IIIF=/1c/4c/dd/8a/1c4cdd8a-b1c5-4fc7-b103-3e6d38fd7586/iiif/cam-130-1-v_0001.tif/full/!300,500/0/default.jpg;Livro impresso;Português;;Leitura dum trecho dos Lusiadas;canto decimo;;1.ª ed.;Porto : Typographia Occidental;1880;1880;XXXI, 1 br. p.;Augusto Luso da Silva, 1827-1902;;;;;;CAM. 130//1 V.;CAM500;http://id.bnportugal.gov.pt/bib/catbnp/849990;Livre
6698;Obra - Impressos - Obras (avulsas) - Épica | 23;Obra - Impressos - Paratextos - Obras (avulsas) - Épica | 103;Celebrações - 1880 - Edições | 468;;;;;;;;;;;;;;;;;;;;;;;;;;;;;;;;;;;851957;https://purl.pt/44061;https://bndigital.bnportugal.gov.pt//i/?IIIF=/af/36/c6/fa/af36c6fa-a524-4c56-91e4-8a0ba612dcf4/iiif/cam-135-1-v_0001.tif/full/!300,500/0/default.jpg;Livro impresso;Português;;A Camões;poesia recitada pelo actor Salazar no Theatro da Rua dos Condes;;1.ª ed.;Lisboa : Typ. de Ximenes Leopoldino Corrêa;1880;1880;8 p.;Joaquim dos Anjos, 1856-1918;;;;;;CAM. 135//1 V.;CAM500;http://id.bnportugal.gov.pt/bib/catbnp/851957;Livre
6699;Bibliografia crítica - Tradução | 413;Tradução - Impressos - Composições soltas e fragmentos - Épica | 229;Celebrações - 1880 - Textos críticos | 469;;;;;;;;;;;;;;;;;;;;;;;;;;;;;;;;;;;852037;https://purl.pt/44078;https://bndigital.bnportugal.gov.pt//i/?IIIF=/73/9b/87/2a/739b872a-6078-4a5c-b426-80d7538bf002/iiif/cam-135-15-v_0001.tif/full/!300,500/0/default.jpg;Livro impresso;Francês;;Épitre à mon excellent ami Mr. Antonio de Assis Teixeira de Magalhães... à loccasion du troisième centenaire de la mort de Camoens;;;1.ª ed.;Coimbre : Imprimerie de l'Université;1880;1880;6 p.;Thomas Blanc, 1806?-1892;;;;;;CAM. 135//15 V.;CAM500;http://id.bnportugal.gov.pt/bib/catbnp/852037;Livre
6700;Vida - Ficção - Poesia | 16;Celebrações - 1880 - Vida | 470;Recepção criativa - Tematização | 409;Celebrações - 1880 - Recepção criativa - Tematização | 474;;;;;;;;;;;;;;;;;;;;;;;;;;;;;;;;;;852042;https://purl.pt/44076;https://bndigital.bnportugal.gov.pt//i/?IIIF=/78/3d/d2/ad/783dd2ad-f72d-4244-8ed5-bccc66dac7fe/iiif/cam-135-16-v_0001.tif/full/!300,500/0/default.jpg;Livro impresso;Francês;;A La mémoire de Camoëns;10 juin 1880;;1.ª ed.;S.l. : s.n.;1880;1880;III, 1 br. p.;Léonce Lagarde, 1860-1936;;;;;;CAM. 135//16 V.;CAM500;http://id.bnportugal.gov.pt/bib/catbnp/852042;Livre
6701;Vida - Biografia | 13;Celebrações - 1880 - Vida | 470;Bibliografia crítica - Estudo | 418;Celebrações - 1880 - Textos críticos | 469;;;;;;;;;;;;;;;;;;;;;;;;;;;;;;;;;;852054;https://purl.pt/44077;https://bndigital.bnportugal.gov.pt//i/?IIIF=/d4/0a/7c/88/d40a7c88-4535-49e8-b0e8-68c34d9e4988/iiif/cam-135-17-v_0001.tif/full/!300,500/0/default.jpg;Livro impresso;"Francês ; Latim";;Troisième Centenaire de Camoens;poésie latine;;1.ª ed.;Paris : Ernest Thorin;1880;1880;4 p.;Arthur Loiseau, 1830-1903;;;;;;CAM. 135//17 V.;CAM500;http://id.bnportugal.gov.pt/bib/catbnp/852054;Livre
6702;Vida - Biografia | 13;Celebrações - 1880 - Vida | 470;Recepção criativa - Tematização | 409;Recepção criativa - Centão [Cintra] | 408;Celebrações - 1880 - Recepção criativa - Tematização | 474;Celebrações - 1880 - Recepção criativa - Centão | 475;;;;;;;;;;;;;;;;;;;;;;;;;;;;;;;;780308;https://purl.pt/44064;https://bndigital.bnportugal.gov.pt//i/?IIIF=/95/68/63/55/95686355-3599-4dd5-88c6-b9d7a520c66b/iiif/cam-135-6-v_0001.tif/full/!300,500/0/default.jpg;Livro impresso;Português;;Homenagem a Luiz de Camões;;;1.ª ed.;Lisboa : Typographia Coelho & Irmão;1880;1880;18 p.;Antónia Gertrudes Pusich, 1805-1883;;;;;;CAM. 135//6 V.;CAM500;http://id.bnportugal.gov.pt/bib/catbnp/780308;Livre
6703;Vida - Ficção - Poesia | 16;Celebrações - 1880 - Vida | 470;Recepção criativa - Tematização | 409;Celebrações - 1880 - Recepção criativa - Tematização | 474;;;;;;;;;;;;;;;;;;;;;;;;;;;;;;;;;;852059;https://purl.pt/44082;https://bndigital.bnportugal.gov.pt//i/?IIIF=/7e/89/0d/cf/7e890dcf-baa2-4a5a-ae9b-e2c2ca6ad36f/iiif/cam-136-1-v_0001.tif/full/!300,500/0/default.jpg;Livro impresso;Português;;Amor e genio;allocução recitada em Leiria por occasião do tricentenario de Camões no dia 10 de Junho de 1880;;1.ª ed.;Leiria : Typographia Leiriense;1880;1880;8 p.;Francisco Guilherme José Faure, 1819-1898;;;;;;CAM. 136//1 V.;CAM500;http://id.bnportugal.gov.pt/bib/catbnp/852059;Livre
6704;Recepção criativa - Paródia | 407;Celebrações - 1880 - Recepção criativa - Paródia | 473;;;;;;;;;;;;;;;;;;;;;;;;;;;;;;;;;;;;852064;https://purl.pt/44080;https://bndigital.bnportugal.gov.pt//i/?IIIF=/cd/a8/16/ce/cda816ce-f7c6-43b1-8224-24607ad523b0/iiif/cam-136-2-v_0001.tif/full/!300,500/0/default.jpg;Livro impresso;Português;;Origens e caracter da epopeia portugueza;conferencia proferida em a noite de 10 de Junho do anno corrente no sarau litterario promovido pelo Instituto;;1.ª ed.;Coimbra : Livraria Central de J. Diogo Pires;1880;1880;31, 1 br. p.;Augusto Rocha, 1849-1901;;;;;;CAM. 136//2 V.;CAM500;http://id.bnportugal.gov.pt/bib/catbnp/852064;Livre
6705;Bibliografia crítica - Estudo | 418;Celebrações - 1880 - Textos críticos | 469;;;;;;;;;;;;;;;;;;;;;;;;;;;;;;;;;;;;259555;https://purl.pt/44083;https://bndigital.bnportugal.gov.pt//i/?IIIF=/65/de/b3/89/65deb389-57a9-45ed-bc08-8af6a3fc1a38/iiif/cam-136-3-v_0001.tif/full/!300,500/0/default.jpg;Livro impresso;Português;;Camões e os Lusiadas;discurso recitado na sessão solemne da associação dos melhoramentos das classes laboriosas, no dia 7 de junho para a inauguração do retrato de Camões;;1.ª ed.;Lisboa : Typographia Universal de Thomaz Quintino Antunes;1880;1880;15, 1 br. p.;Brito Aranha, 1833-1914;;;Ernesto Jardim de Vilhena, 1876-1967, Antigo possuidor;;Associação dos Melhoramentos das Classes Laboriosas, Organizador de conferência;O.C. 349//2;CAM500;http://id.bnportugal.gov.pt/bib/catbnp/259555;Livre
6706;Recepção criativa - Tematização | 409;Celebrações - 1880 - Recepção criativa - Tematização | 474;;;;;;;;;;;;;;;;;;;;;;;;;;;;;;;;;;;;852067;https://purl.pt/44079;https://bndigital.bnportugal.gov.pt//i/?IIIF=/00/d3/8e/c3/00d38ec3-3984-441b-9f28-ea963ea2acf7/iiif/cam-136-4-v_0001.tif/full/!300,500/0/default.jpg;Livro impresso;Português;;Discurso recitado no dia 9 de Junho de 1880 por occasião das festas do tricentenario de Camões no Collegio de Maria Santissima Immaculada em Campolide;;;1.ª ed.;Coimbra : Imprensa da Universidade;1880;1880;8 p.;João Jardim, ca 18--;;;;;;CAM. 136//4 V.;CAM500;http://id.bnportugal.gov.pt/bib/catbnp/852067;Livre
6707;Bibliografias e catálogos - Catálogo | 551;Celebrações - 1880 - Catálogos | 480;;;;;;;;;;;;;;;;;;;;;;;;;;;;;;;;;;;;852070;https://purl.pt/44081;https://bndigital.bnportugal.gov.pt//i/?IIIF=/83/43/0f/24/83430f24-f419-4bad-b482-3d494225373f/iiif/cam-136-5-v_0001.tif/full/!300,500/0/default.jpg;Livro impresso;Português;;Discurso do Illmo. e Exmo. Snr. Thomaz Ribeiro... pronunciado no sarau litterario a 11 de Junho;;;1.ª ed.;Porto : Palacio de Crystal Editor;1880;1880;25, 1 br. p.;Tomás Ribeiro, 1831-1901;;;Júlio de Castilho, 1840-1919, Antigo possuidor;;;CAM. 136//5 V.;CAM500;http://id.bnportugal.gov.pt/bib/catbnp/852070;Livre
6708;Obra - Impressos - Antologias - Épica - Estrofes | 89;Obra - Impressos - Antologias - Épica - Cantos | 90;Obra - Impressos - Antologias - Lírica | 91;Tradução - Impressos - Antologia - Épica - Paratextos gerais | 204;Tradução - Impressos - Antologia - Lírica - Paratextos gerais | 209;Celebrações - 1880 - Edições | 468;;;;;;;;;;;;;;;;;;;;;;;;;;;;;;;;852073;https://purl.pt/44096;https://bndigital.bnportugal.gov.pt//i/?IIIF=/76/ce/e8/af/76cee8af-3b58-48ec-96e0-7b32604a29ec/iiif/cam-136-6-v_0001.tif/full/!300,500/0/default.jpg;Livro impresso;Português;;Tricentenario de Luiz de Camões;discursos pronunciados em sessão solemne do dia 13 de Junho de 1880;;1.ª ed.;Porto : Typographia Central;1880;1880;8, 91, 1 br. p.;;Sociedade Nova Euterpe;;;;;CAM. 136//6 V.;CAM500;http://id.bnportugal.gov.pt/bib/catbnp/852073;Livre
6709;Recepção criativa - Centão [Cintra] | 408;Celebrações - 1880 - Recepção criativa - Centão | 475;;;;;;;;;;;;;;;;;;;;;;;;;;;;;;;;;;;;852078;https://purl.pt/44098;https://bndigital.bnportugal.gov.pt//i/?IIIF=/a0/d6/64/76/a0d66476-6e62-4450-ac73-ca0e9fbfe92b/iiif/cam-136-7-v_0001.tif/full/!300,500/0/default.jpg;Livro impresso;Português;;Panegyrico de Luiz de Camões lido na sessão solemne da Academia Real das Sciencias de Lisboa em 9 de Junho de 1880;;;1.ª ed.;Lisboa : Typographia da Academia;1880;1880;20 p.;Latino Coelho, 1825-1891;;;;;;L. 11933//8 V.;CAM500;http://id.bnportugal.gov.pt/bib/catbnp/852078;Livre
6710;Bibliografias e catálogos - Catálogo | 551;Celebrações - 1880 - Catálogos | 480;;;;;;;;;;;;;;;;;;;;;;;;;;;;;;;;;;;;852081;https://purl.pt/44095;https://bndigital.bnportugal.gov.pt//i/?IIIF=/e9/00/22/b5/e90022b5-8e26-4699-867a-f2772727a5b8/iiif/cam-136-8-v_0001.tif/full/!300,500/0/default.jpg;Livro impresso;Português;;Homenagem a Luiz de Camões;sessão solemne da Associação Typographica Lisbonense para commemorar o Tricentenario;;1.ª ed.;Lisboa : Imprensa Nacional;1880;1880;51, 1 br. p., 1 estampa;;;;"Vítor Bastos, 1831-1894, Artista ; Joaquim Pedro de Sousa, 1822-1878, Gravador em metal";;;CAM. 136//8 V.;CAM500;http://id.bnportugal.gov.pt/bib/catbnp/852081;Livre
6711;Bibliografia crítica - Estudo | 418;;;;;;;;;;;;;;;;;;;;;;;;;;;;;;;;;;;; Italiano;761882;https://purl.pt/44101;https://bndigital.bnportugal.gov.pt//i/?IIIF=/5f/80/9f/7d/5f809f7d-40ba-45bf-a1e7-d99db0476501/iiif/cam-136-9-v_0001.tif/full/!300,500/0/default.jpg;Livro impresso;Português;;Sessão publica da Academia Real das Sciencias de Lisboa em 9 de Junho de 1880;allocução do vice-presidente interino João de Andrade Corvo e relatorio dos trabalhos da Academia pelo secretario geral interino José Maria Latino Coelho;;1.ª ed.;Lisboa : Typographia da Academia;1880;1880;XLVIII, 95, 1 br. p.;João de Andrade Corvo, 1824-1890;;Latino Coelho, 1825-1891, Autor;António Costa Lobo, 1840-1913, Antigo possuidor;Portugal. Academia das Ciências de Lisboa, Autor;;H.G. 12034 V.;CAM500;http://id.bnportugal.gov.pt/bib/catbnp/761882;Livre
6712;Obra - Impressos - Obras (avulsas) - Épica | 23;Obra - Impressos - Paratextos - Obras (avulsas) - Épica | 103;Obra - Impressos - Paratextos - Obras (avulsas) - Épica - Vida | 104;Obra - Impressos - Paratextos - Obras (avulsas) - Épica - Argumentos | 105;Celebrações - 1880 - Edições | 468;Iconografia - Impressos - Retrato de Camões | 372;Iconografia - Impressos - Outros | 393;;;;;;;;;;;;;;;;;;;;;;;;;;;;;;;852088;https://purl.pt/44099;https://bndigital.bnportugal.gov.pt//i/?IIIF=/1e/86/89/fa/1e8689fa-3610-42aa-b1cf-8f809fa1747e/iiif/cam-137-v_0009.tif/full/!300,500/0/default.jpg;Livro impresso;Português;;Bibliographia camoniana;;;1.ª ed.;Lisboa : Imprensa de Christovão A. Rodrigues;1880;1880;253, 3 p.;Teófilo Braga, 1843-1924;;;Joaquim António de Sousa Teles de Matos, 1843-?, Antigo possuidor;;;F. 263;CAM500;http://id.bnportugal.gov.pt/bib/catbnp/852088;Livre
6713;Bibliografia crítica - Tradução | 413;Figuras Femininas - Autoras (produção escrita sobre Camões) | 552;Vida - Biografia | 13;;;;;;;;;;;;;;;;;;;;;;;;;;;;;;;;;; Italiano;852090;https://purl.pt/44004;https://bndigital.bnportugal.gov.pt//i/?IIIF=/72/87/dc/28/7287dc28-a03b-4c7f-919a-c5c4be73d4bf/iiif/cam-139-v_0000_000001.tif/full/!300,500/0/default.jpg;Livro impresso;Português;;Preito a Camões;;;1.ª ed.;Rio de Janeiro : Typographia e Lithographia de Moreira Maximino & C....;1880;1880;51, 1 br. p.;Rosendo Moniz, 1845-1897;;;;;;CAM. 139 V.;CAM500;http://id.bnportugal.gov.pt/bib/catbnp/852090;Livre
6714;Obra - Impressos - Obras (conjunto) - Teatro | 61;Celebrações - 1880 - Edições | 468;;;;;;;;;;;;;;;;;;;;;;;;;;;;;;;;;;;;458619;https://purl.pt/44135;https://bndigital.bnportugal.gov.pt//i/?IIIF=/81/d0/ac/bb/81d0acbb-f95f-41ed-8170-e62848a4556e/iiif/cam-139-11-a_0001.tif/full/!300,500/0/default.jpg;Livro impresso;Espanhol;;A Camoens;soneto;;1.ª ed.;Madrid : s.n.;1880;1880;1 f.;Antonio Alcalde Valadares;;;;;;CAM. 139//11 A.;CAM500;http://id.bnportugal.gov.pt/bib/catbnp/458619;Livre
6715;Celebrações - 1880 - Textos críticos | 469;;;Celebrações - 1880 - Recepção criativa - Centão | 475;;;;;;;;;;;;;;;;;;;;;;;;;;;;;;;;;;458621;https://purl.pt/44159;https://bndigital.bnportugal.gov.pt//i/?IIIF=/f5/d5/ba/60/f5d5ba60-b84e-4011-ba2a-cd3a28c56324/iiif/cam-139-13-a_0001.tif/full/!300,500/0/default.jpg;Livro impresso;Português;;Soneto dedicado a Camões;;;1.ª ed.;Lisboa : s.n.;1880;1880;1 f.;António Roberto Campbell;;;;;;CAM. 139//13 A.;CAM500;http://id.bnportugal.gov.pt/bib/catbnp/458621;Livre
6716;Vida - Ficção - Poesia | 16;Recepção criativa - Tematização | 409;Celebrações - 1880 - Vida | 470;Celebrações - 1880 - Recepção criativa - Tematização | 474;;;;;;;;;;;;;;;;;;;;;;;;;;;;;;;;;;458633;https://purl.pt/44154;https://bndigital.bnportugal.gov.pt//i/?IIIF=/b9/9b/d8/14/b99bd814-f73e-480e-ac74-6c639769d3a4/iiif/cam-139-17-a_0001.tif/full/!300,500/0/default.jpg;Livro impresso;Português;;Grande edição manuscrita dos Lusiadas;prospecto;;1.ª ed.;Lisboa : Typ. Elzeviriana;1880;1880;1 f.;;;;;;;CAM. 139//17 A.;CAM500;http://id.bnportugal.gov.pt/bib/catbnp/458633;Livre
6717;Celebrações - 1880 - Actos públicos | 477;Recepção criativa - Tematização | 409;Celebrações - 1880 - Recepção criativa - Tematização | 474;;;;;;;;;;;;;;;;;;;;;;;;;;;;;;;;;;;458610;https://purl.pt/44132;https://bndigital.bnportugal.gov.pt//i/?IIIF=/95/ec/70/c7/95ec70c7-f555-47f7-8b5e-9a01d34a2d0b/iiif/cam-139-6-a_0001.tif/full/!300,500/0/default.jpg;Livro impresso;Português;;Festa publica oferecida pela empreza do Bairro de Camões à muito nobre e sempre leal cidade de Lisboa na noute de 11 de Junho de 1880;programa;;1.ª ed.;Lisboa : Typ. Lallement Fréres;1880;1880;2 f.;;;;;;;CAM. 139//6 A.;CAM500;http://id.bnportugal.gov.pt/bib/catbnp/458610;Livre
6718;Bibliografia crítica - Tradução | 413;Celebrações - 1880 - Textos críticos | 469;;;;;;;;;;;;;;;;;;;;;;;;;;;;;;;;;;;;458612;https://purl.pt/44133;https://bndigital.bnportugal.gov.pt//i/?IIIF=/07/36/0d/c0/07360dc0-69e8-4169-b234-941b54841aa8/iiif/cam-139-7-a_0001.tif/full/!300,500/0/default.jpg;Livro impresso;Francês;;Á Louis de Camões;au poéte des gloires portugaises...;;1.ª ed.;Lisboa : Lallement Fréres;1880;1880;1 f.;;;;;;;L. 5903//10 A.;CAM500;http://id.bnportugal.gov.pt/bib/catbnp/458612;Livre
6719;Vida - Biografia | 13;Celebrações - 1880 - Vida | 470;;;;;;;;;;;;;;;;;;;;;;;;;;;;;;;;;;;;458614;https://purl.pt/44134;https://bndigital.bnportugal.gov.pt//i/?IIIF=/4f/11/4f/4f/4f114f4f-4595-40d6-b0e3-086a57b1896f/iiif/cam-139-8-a_0001.tif/full/!300,500/0/default.jpg;Livro impresso;Português;;Mote à memoria de Camões;glosa;;1.ª ed.;Rio de Janeiro : s.n.;1880;1880;1 f.;Manuel Margarida;;;;;;CAM. 139//8 A.;CAM500;http://id.bnportugal.gov.pt/bib/catbnp/458614;Livre
6720;Celebrações - 1880 - Actos públicos | 477;Recepção criativa - Tematização | 409;Celebrações - 1880 - Recepção criativa - Tematização | 474;Iconografia - Impressos - Retrato de Camões | 372;;;;;;;;;;;;;;;;;;;;;;;;;;;;;;;;;;458959;https://purl.pt/44128;https://bndigital.bnportugal.gov.pt//i/?IIIF=/3c/8f/0a/25/3c8f0a25-f2be-4cc4-be3d-e94644eb09ae/iiif/cam-139-9-a_0001.tif/full/!300,500/0/default.jpg;Livro impresso;Português;;Os Lusiadas, poema epico de Luiz de Camões, precedido de um juizo critico por José Maria Latino Coelho;prospecto;;1.ª ed.;Lisboa : David Corazzi;1880;1880;1 f.;;;;;;;CAM. 139//9 A.;CAM500;http://id.bnportugal.gov.pt/bib/catbnp/458959;Livre
6721;Celebrações - 1880 - Textos críticos | 469;Figuras Femininas - Autoras (produção escrita sobre Camões) | 552;;;;;;;;;;;;;;;;;;;;;;;;;;;;;;;;;;;;766885;https://purl.pt/45001;https://bndigital.bnportugal.gov.pt//i/?IIIF=/81/6e/0f/a7/816e0fa7-85bc-4e3e-a63f-8e0d64da6b35/iiif/cam-1409-p_0009.tif/full/!300,500/0/default.jpg;Livro impresso;Português;;O naufragio de Camões;no tricentenario do poeta;;1.ª ed.;Porto : Typographia Occidental;1880;1880;16 p.;Abílio Maia, ca. 18--;;;;;;H.G. 25691//6 P.;CAM500;http://id.bnportugal.gov.pt/bib/catbnp/766885;Livre
6722;Música - Manuscritos | 406;Tradução - Manuscritos - Fragmentos - Lírica | 313;;;;;;;;;;;;;;;;;;;;;;;;;;;;;;;;;;;;811649;https://purl.pt/45000;https://bndigital.bnportugal.gov.pt//i/?IIIF=/27/d0/d7/91/27d0d791-86c3-4235-80a9-f1ac57c70860/iiif/cam-1423-p_0005.tif/full/!300,500/0/default.jpg;Livro impresso;Português;;Centenario de Camões;catalogo resumido duma collecção camoneana exposta na Biblioteca Publica de Ponta Delgada, por occasião desta solemnidade nacional. 10 de Junho de 1880;;1.ª ed.;São Miguel : Typ. Archivo dos Açores;1880;1880;2, 62, 2 p.;;;;;;;CAM. 114//2 V.;CAM500;http://id.bnportugal.gov.pt/bib/catbnp/811649;Livre
6723;Celebrações - 1880 - Periódicos | 471;;;;;;;;;;;;;;;;;;;;;;;;;;;;;;;;;;;;;120404;https://purl.pt/44155;https://bndigital.bnportugal.gov.pt//i/?IIIF=/83/4a/f6/cb/834af6cb-91ac-473c-9481-541d30350a4c/iiif/cam-143-a_0001.tif/full/!300,500/0/default.jpg;Livro impresso;Português;;Os Lusíadas;;;Ed. popular gratuita;Lisboa : Diário de Notícias;1880;1880;17, 1 p.;Luís de Camões, 1524-1580;;;;;;L. 5907//23 A.;CAM500;http://id.bnportugal.gov.pt/bib/catbnp/120404;Livre
6724;Bibliografia crítica - Polémica e discussão | 417;Celebrações - 1880 - Discussão, programas e relatórios | 481;;;;;;;;;;;;;;;;;;;;;;;;;;;;;;;;;;;;397714;https://purl.pt/44201;https://bndigital.bnportugal.gov.pt//i/?IIIF=/c4/ec/24/7e/c4ec247e-bc70-41df-a66b-2a72ca42cf72/iiif/cam-143-v_0000_000007.tif/full/!300,500/0/default.jpg;Livro impresso;Espanhol;;Estudio crítico-analitico sobre las versiones españolas de Los Lusíadas canto primero;;;1.ª ed.;Lisboa : Typographia de J. H. Verde;1880;1880;106 p.;Luís de Camões, 1524-1580;;;Nicolas de Goyri, Editor literário;;;CAM. 143 V.;CAM500;http://id.bnportugal.gov.pt/bib/catbnp/397714;Livre
6725;Celebrações - 1880 - Actos públicos | 477;;;;;;;;;;;;;;;;;;;;;;;;;;;;;;;;;;;;;852023;https://purl.pt/45007;https://bndigital.bnportugal.gov.pt//i/?IIIF=/7e/e1/b9/c1/7ee1b9c1-8f2f-4d8f-ae76-8682c0943f19/iiif/cam-1435-p_0011.tif/full/!300,500/0/default.jpg;Livro impresso;Português;;Partida de Camões para o desterro dAfrica;poesia no tricentenario do epico;;Nova ed. correcta;Porto : J. E. da Cruz Coutinho;1880;1880;15 p.;Alfredo Carvalhais, 1851-1890;;;Ernesto Jardim de Vilhena, 1876-1967, Antigo possuidor;;;L. 25453//4 P.;CAM500;http://id.bnportugal.gov.pt/bib/catbnp/852023;Livre
6726;Bibliografia crítica - Estudo | 418;Celebrações - 1880 - Textos críticos | 469;;;;;;;;;;;;;;;;;;;;;;;;;;;;;;;;;;;;766917;https://purl.pt/45005;https://bndigital.bnportugal.gov.pt//i/?IIIF=/2d/c5/1b/41/2dc51b41-e53d-4645-8e3a-e2c6af3de1d1/iiif/cam-1437-p_0007.tif/full/!300,500/0/default.jpg;Livro impresso;Português;;Homenagem de um brazileiro, ao grande representante da nacionalidade portugueza Luiz de Camões;;;1.ª ed.;"S. Paulo : Typ. da ""Constituinte""";1880;1880;35 p.;J. de Paula Sousa;;;;;;CAM. 531//11 P.;CAM500;http://id.bnportugal.gov.pt/bib/catbnp/766917;Livre
6727;Recepção criativa - Tematização | 409;Celebrações - 1880 - Recepção criativa - Tematização | 474;;;;;;;;;;;;;;;;;;;;;;;;;;;;;;;;;;;;380827;https://purl.pt/44994;https://bndigital.bnportugal.gov.pt//i/?IIIF=/ce/94/c0/ba/ce94c0ba-06bf-4448-af16-a47e84187456/iiif/cam-1441-p_0005.tif/full/!300,500/0/default.jpg;Livro impresso;Português;;Museu Camoneano coordenado por José Carneiro de Mello e Lindorphoo Bettencourt... com o fim de comemorar o tricentenário do autor dos Lusiadas;;;1.ª ed.;Porto : Typographia Nacional;1880;1880;134, 1 p.;;;;"Lindorfoo Bettencourt, Editor literário ; José Carneiro de Melo Bettencourt, Editor literário";;;L. 13483 P.;CAM500;http://id.bnportugal.gov.pt/bib/catbnp/380827;Livre
6728;Recepção criativa - Tematização | 409;Recepção criativa - Paródia | 407;Celebrações - 1880 - Recepção criativa - Tematização | 474;Celebrações - 1880 - Recepção criativa - Paródia | 473;Celebrações - 1880 - Textos críticos | 469;Vida - Biografia | 13;Celebrações - 1880 - Vida | 470;;;;;;;;;;;;;;;;;;;;;;;;;;;;;;;1074512;https://purl.pt/45028;https://bndigital.bnportugal.gov.pt//i/?IIIF=/b2/b3/dd/66/b2b3dd66-dc70-43c0-9552-6e55534aca2d/iiif/cam-1446-p_0000_000001.tif/full/!300,500/0/default.jpg;Livro impresso;Português;;Partida de Camões para o desterro dAfrica;;;1.ª ed.;Porto : Typ. Ocidental;1880;1880;XXIX p.;Alfredo Carvalhais, 1851-1890;;;;;;CAM. 1446 P.;CAM500;http://id.bnportugal.gov.pt/bib/catbnp/1074512;Livre
6729;Celebrações - 1880 - Periódicos | 471;;;;;;;;;;;;;;;;;;;;;;;;;;;;;;;;;;;;;329018;https://purl.pt/45042;https://bndigital.bnportugal.gov.pt//i/?IIIF=/ce/18/c8/55/ce18c855-4547-4578-af03-faeda70047bc/iiif/cam-1450-p_0005.tif/full/!300,500/0/default.jpg;Livro impresso;Português;;Paródia ao primeiro canto dos Lusíadas de Camões;;;1.ª ed.;Lisboa : Typ. de G. M. Martins;1880;1880;X, 36 p.;;;"Manuel do Vale de Moura, ca 1564-1650, Autor ; Bartolomeu Varela, fl. 1589, Autor ; Manuel Luís Mendes de Vasconcelos, Autor";;;;L. 8243//2 P.;CAM500;http://id.bnportugal.gov.pt/bib/catbnp/329018;Livre
6730;Obra - Impressos - Obras (avulsas) - Épica | 23;Obra - Impressos - Paratextos - Obras (avulsas) - Épica | 103;Celebrações - 1880 - Edições | 468;Iconografia - Impressos - Retrato de Camões | 372;;;;;;;;;;;;;;;;;;;;;;;;;;;;;;;;;;330035;https://purl.pt/45037;https://bndigital.bnportugal.gov.pt//i/?IIIF=/e2/5b/5c/fe/e25b5cfe-00d7-4d13-94aa-b18cf20c78e3/iiif/cam-1459-p_0007.tif/full/!300,500/0/default.jpg;Livro impresso;Português;;Camões e o povo português;estudo histórico crítico;;1.ª ed.;Lisboa : Typ. Silvana;1880;1880;14 p.;Matias José de Oliveira dos Santos Firmo, 1841-1886;;;;;;F.R. 814;CAM500;http://id.bnportugal.gov.pt/bib/catbnp/330035;Livre
6731;Tradução - Impressos - Obras individuais - Épica | 151;Tradução - Impressos - Obras individuais - Épica - Paratextos gerais | 152;Tradução - Impressos - Obras individuais - Épica - Paratextos vida | 153;Tradução - Impressos - Obras individuais - Épica - Paratextos argumentos | 154;Tradução - Impressos - Obras individuais - Épica - Paratextos notas | 155;Celebrações - 1880 - Traduções | 476;;;;;;;;;;;;;;;;;;;;;;;;;;;;;;; Italiano;1076082;https://purl.pt/45025;https://bndigital.bnportugal.gov.pt//i/?IIIF=/fc/f8/ba/f8/fcf8baf8-dd9b-41fb-8ae5-4e6ded020235/iiif/cam-1468-p_0007.tif/full/!300,500/0/default.jpg;Livro impresso;Português;;A Voz do Povo;canto dedicado ao grande epico o immortal principe dos poetas Luiz de Camões;;1.ª ed.;Rio de Janeiro : Typ. doTagarella;1880;1880;8 p.;;;;;;;CAM. 1468 P.;CAM500;http://id.bnportugal.gov.pt/bib/catbnp/1076082;Livre
6732;Celebrações - 1880 - Discussão, programas e relatórios | 481;;;;;;;;;;;;;;;;;;;;;;;;;;;;;;;;;;;;;852100;https://purl.pt/44179;https://bndigital.bnportugal.gov.pt//i/?IIIF=/fe/f8/a0/30/fef8a030-7c38-48cf-bd66-928f00614a36/iiif/cam-147-v_0005.tif/full/!300,500/0/default.jpg;Livro impresso;Português;;Camoneana da Biblioteca Nacional de Lisboa;;;1.ª ed.;Lisboa : Tip. da Academia Real das Ciências;1880;1880;56 p.;;;;;;;CAM. 147 V.;CAM500;http://id.bnportugal.gov.pt/bib/catbnp/852100;Livre
6733;Celebrações - 1880 - Discussão, programas e relatórios | 481;Celebrações - 1880 - Actos públicos | 477;Celebrações - 1880 - Vida | 470;Recepção criativa - Tematização | 409;Celebrações - 1880 - Recepção criativa - Tematização | 474;Obra - Impressos - Composições soltas e fragmentos - Épica - Estrofes | 66;Obra - Impressos - Composições soltas e fragmentos - Épica - Episódio | 67;;;;;;;;;;;;;;;;;;;;;;;;;;;;;;;1725340;https://purl.pt/45031;https://bndigital.bnportugal.gov.pt//i/?IIIF=/62/f8/3f/fe/62f83ffe-215e-4578-ad4c-18619c0218f7/iiif/cam-1543-p_0003.tif/full/!300,500/0/default.jpg;Livro impresso;Português;;Excerptos das obras de Luiz de Camões publicados por subscrição promovida entre a Classe Academica de Lisboa;;;1.ª ed.;Lisboa : typ. de Mattos Moreira & C.;1880;1880;4, 191, 3 p.;;;Afonso Vargas, 1859-?, Autor;;;;CAM. 1543 P.;CAM500;http://id.bnportugal.gov.pt/bib/catbnp/1725340;Livre
6734;Obra - Impressos - Antologias - Lírica | 91;;Celebrações - 1880 - Edições | 468;Iconografia - Impressos - Imagens de Camões | 373;Iconografia - Impressos - Em torno de Camões | 374;;;;;;;;;;;;;;;;;;;;;;;;;;;;;;;;;458658;https://purl.pt/44027;https://bndigital.bnportugal.gov.pt//i/?IIIF=/0e/e5/87/c0/0ee587c0-5779-47fa-8d33-6adf6579b393/iiif/cam-160-a_0000_000006.tif/full/!300,500/0/default.jpg;Livro impresso;Português;;Camoneana;homenagem a Camões no dia do anniversario 304 da morte do poeta;;1.ª ed.;Porto : s.n.;1880;1880;1 f.;Ernesto Pires, 1857-1884;;;;;;CAM. 160 A.;CAM500;http://id.bnportugal.gov.pt/bib/catbnp/458658;Livre
6735;Celebrações - 1880 - Discussão, programas e relatórios | 481;;;;;;;;;;;;;;;;;;;;;;;;;;;;;;;;;;;;;197691;https://purl.pt/44210;https://bndigital.bnportugal.gov.pt//i/?IIIF=/cd/ad/0a/7b/cdad0a7b-3540-443e-8642-d8bc410f1b34/iiif/cam-162-1-v_0000_000001.tif/full/!300,500/0/default.jpg;Livro impresso;Português;;Catalogo da Camoneana da Bibliotheca Publica Municipal do Porto;;;1.ª ed.;Porto : Typographia de Manoel José Pereira;1880;1880;69 p.;;Porto. Biblioteca Pública Municipal;;;;;B. 2832//17 P.;CAM500;http://id.bnportugal.gov.pt/bib/catbnp/197691;Livre
6736;Recepção criativa - Tematização | 409;Celebrações - 1880 - Recepção criativa - Tematização | 474;;;;;;;;;;;;;;;;;;;;;;;;;;;;;;;;;;;;196530;https://purl.pt/45084;https://bndigital.bnportugal.gov.pt//i/?IIIF=/ef/51/40/82/ef514082-7bed-4df9-ba15-e287a353ab98/iiif/cam-1708-v_0001.tif/full/!300,500/0/default.jpg;Livro impresso;Italiano;;Le scoperte portoghesi nel secolo XV e Vasco da Gama;;;1.ª ed.;Roma : Tipografia Barbèra;1880;1880;p. 351-361;Augusto Zeri, 18---19--;;;;;;CAM. 1708 V.;CAM500;http://id.bnportugal.gov.pt/bib/catbnp/196530;Livre
6737;Obra - Impressos - Antologias - Épica | 88;Obra - Impressos - Antologias - Lírica | 91;Celebrações - 1880 - Edições | 468;;;;;;;;;;;;;;;;;;;;;;;;;;;;;;;;;;;257404;https://purl.pt/44311;https://bndigital.bnportugal.gov.pt//i/?IIIF=/6b/54/86/8e/6b54868e-971b-4084-8b03-1e9e5c9d7749/iiif/cam-171-p_0005.tif/full/!300,500/0/default.jpg;Livro impresso;Português;;Os Lusiadas;;;Nova edição com um Diccionario dos nomes proprios usados no mesmo poema;Porto : em Casa de A. R. da Cruz Coutinho;1880;1880;VIII, 477, 1 br., 2 p.;Luís de Camões, 1524-1580;;;"João Franco Barreto, 1600-post. 1674, Editor literário ; A. R. da Cruz Coutinho, 1815-1885, Editor comercial";;;CAM. 171 P.;CAM500;http://id.bnportugal.gov.pt/bib/catbnp/257404;Livre
6738;Recepção criativa - Tematização | 409;Celebrações - 1880 - Recepção criativa - Tematização | 474;;;;;;;;;;;;;;;;;;;;;;;;;;;;;;;;;;;;196467;https://purl.pt/45081;https://bndigital.bnportugal.gov.pt//i/?IIIF=/53/d1/3c/8c/53d13c8c-7878-455c-a314-74cc3170c50a/iiif/cam-1712-v_0001.tif/full/!300,500/0/default.jpg;Livro impresso;Italiano;Português;I Lusiadi poema di Luigi di Camoens, tradotto dalla lingua portuguese da Felice Bellotti;;;1.ª ed.;S.l. : s.n.;1880;1880;p. 569-591;Giacomo Zanella, 1820-1888;;;Luís de Camões, 1524-1580, Antecedente bibliográfico;;;CAM. 1712 V.;CAM500;http://id.bnportugal.gov.pt/bib/catbnp/196467;Livre
6739;Celebrações - 1880 - Actos públicos | 477;;;;;;;;;;;;;;;;;;;;;;;;;;;;;;;;;;;;;257406;https://purl.pt/44310;https://bndigital.bnportugal.gov.pt//i/?IIIF=/a5/9a/06/74/a59a0674-2df4-457d-aec4-d72705540bad/iiif/cam-173-p_0007.tif/full/!300,500/0/default.jpg;Livro impresso;Português;;Comedias de Luiz de Camões;;;1.ª ed.;Lisboa : A. L. Leitão;1880;1880;4, 99 p.;Luís de Camões, 1524-1580;;;A. L. Leitão, fl. 1880, Editor comercial;;Tipografia Luso-Espanhola, Impressor;F.A. 1927;CAM500;http://id.bnportugal.gov.pt/bib/catbnp/257406;Livre
6740;Bibliografia crítica - Comentários | 414;Celebrações - 1880 - Textos críticos | 469;;;;;;;;;;;;;;;;;;;;;;;;;;;;;;;;;;;;382849;https://purl.pt/45080;https://bndigital.bnportugal.gov.pt//i/?IIIF=/0e/a3/16/52/0ea31652-fab1-4350-b121-b9d0d8934352/iiif/cam-1830-v_0003.tif/full/!300,500/0/default.jpg;Livro impresso;Português;;A descoberta da Índia ordenada em tapeçaria por mandado de El-Rei D. Manuel;documento inédito do seculo XVI publicado em commemoração do terceiro centenario de Camões;;1.ª ed.;Coimbra : Imp. Académica;1880;1880;15 p.;;;;"Ernesto Jardim de Vilhena, 1876-1967, Antigo possuidor ; João Augusto da Graça Barreto, 1845-1885, Editor literário";;;CAM. 383//3 V.;CAM500;http://id.bnportugal.gov.pt/bib/catbnp/382849;Livre
6741;Tradução - Impressos - Composições soltas e fragmentos - Épica - Paratextos gerais | 230;Celebrações - 1880 - Traduções | 476;Bibliografia crítica - Estudo | 418;Celebrações - 1880 - Textos críticos | 469;Obra - Impressos - Composições soltas e fragmentos - Épica - Episódio | 67;Recepção criativa - Tematização | 409;Celebrações - 1880 - Recepção criativa - Tematização | 474;;;;;;;;;;;;;;;;;;;;;;;;;;;;;;;188938;https://purl.pt/45074;https://bndigital.bnportugal.gov.pt//i/?IIIF=/5c/1b/09/49/5c1b0949-03dc-4a22-a410-7991d563839d/iiif/cam-1842-v_0005.tif/full/!300,500/0/default.jpg;Livro impresso;Português;;A fome de Camões;poema em 4 cantos;;1.ª ed.;Lisboa : Empreza Litteraria Luso-Brasileira de A. Souza Pinto : Livraria Industrial;1880;1880;LXIII, 4 p.;Gomes Leal, 1848-1921;;;;;;J.S. 6167;CAM500;http://id.bnportugal.gov.pt/bib/catbnp/188938;Livre
6742;Obra - Impressos - Obras (avulsas) - Épica | 23;Obra - Impressos - Paratextos - Obras (avulsas) - Épica | 103;Obra - Impressos - Paratextos - Obras (avulsas) - Épica - Vida | 104;Obra - Impressos - Paratextos - Obras (avulsas) - Épica - Notas | 106;;;;;;;;;;;;;;;;;;;;;;;;;;;;;;;;;;874186;https://purl.pt/45085;https://bndigital.bnportugal.gov.pt//i/?IIIF=/89/50/70/22/89507022-62ce-495d-bfb4-5033c88eee6b/iiif/cam-1885-v_0005.tif/full/!300,500/0/default.jpg;Livro impresso;Português;;Tricentenario de Luiz de Camões;discursos pronunciados em sessão solemne do dia 13 de Junho de 1880;;1.ª ed.;Porto : Typographia Central;1880;1880;91 p.;;Sociedade Nova Euterpe;;;;;CAM. 388//2 V.;CAM500;http://id.bnportugal.gov.pt/bib/catbnp/874186;Livre
6743;Celebrações - 1880 - Actos públicos | 477;Figuras Femininas - Autoras (produção escrita sobre Camões) | 552;Recepção criativa - Tematização | 409;Celebrações - 1880 - Recepção criativa - Tematização | 474;;;;;;;;;;;;;;;;;;;;;;;;;;;;;;;;;;453764;https://purl.pt/45073;https://bndigital.bnportugal.gov.pt//i/?IIIF=/a3/a9/0a/3d/a3a90a3d-4d90-4834-b63f-dac1a3754311/iiif/cam-1888-v_0005.tif/full/!300,500/0/default.jpg;Livro impresso;Espanhol;;Estudio critico-analitico sobre las versiones españolas de los Lusiadas;;;1.ª ed.;Lisboa : Typ. de J. H. Verde;1880;1880;VIII, 106 p.;Nicolas de Goyri;;;;;;CAM. 383//9 V.;CAM500;http://id.bnportugal.gov.pt/bib/catbnp/453764;Livre
6744;Bibliografia crítica - Estudo | 418;Celebrações - 1880 - Textos críticos | 469;;;;;;;;;;;;;;;;;;;;;;;;;;;;;;;;;;;;865326;https://purl.pt/45078;https://bndigital.bnportugal.gov.pt//i/?IIIF=/9e/c5/00/aa/9ec500aa-b115-43a3-bae1-64040ee17eef/iiif/cam-1889-v_0007.tif/full/!300,500/0/default.jpg;Livro impresso;Espanhol;;Camoens;apuntamientos biográficos;;1.ª ed.;Madrid : Impr. de Aribau y C;1880;1880;12, 1 p.;Luis Vidart, 1833-1897;;;;;;CAM. 286//6 V.;CAM500;http://id.bnportugal.gov.pt/bib/catbnp/865326;Livre
6745;Recepção criativa - Tematização | 409;Celebrações - 1880 - Recepção criativa - Tematização | 474;Vida - Ficção - Poesia | 16;;;;;;;;;;;;;;;;;;;;;;;;;;;;;;;;;;;382847;https://purl.pt/45100;https://bndigital.bnportugal.gov.pt//i/?IIIF=/73/ca/76/c7/73ca76c7-4e5e-416c-ac00-7db7ae9a8ec5/iiif/cam-1903-v_0011.tif/full/!300,500/0/default.jpg;Livro impresso;Português;;Camoneana Académica;a Camões, os estudantes do Porto em Junho de 1880...;;1.ª ed.;Porto : Imp. Comercial;1880;1880;56 p.;;;;;;;CAM. 383//6 V.;CAM500;http://id.bnportugal.gov.pt/bib/catbnp/382847;Livre
6746;Bibliografia crítica - Estudo | 418;Vida - Biografia | 13;Celebrações - 1880 - Textos críticos | 469;Celebrações - 1880 - Vida | 470;;;;;;;;;;;;;;;;;;;;;;;;;;;;;;;;;;1075889;https://purl.pt/45118;https://bndigital.bnportugal.gov.pt//i/?IIIF=/a5/32/cd/a6/a532cda6-fdfc-48b5-9686-3fabb332801f/iiif/cam-1921-v_0007.tif/full/!300,500/0/default.jpg;Livro impresso;Português;;Homenagem a Camões;;;1.ª ed.;Lisboa : s.n.;1880;1880;8 p.;Angelina Vidal, 1853-1917;;"Rafael do Vale, ca 18--, Autor ; Hugo Leal, ca 1878, Autor ; Teófilo Braga, 1843-1924, Autor";;;;CAM. 1921 V.;CAM500;http://id.bnportugal.gov.pt/bib/catbnp/1075889;Livre
6747;Celebrações - 1880 - Actos públicos | 477;Recepção criativa - Tematização | 409;Celebrações - 1880 - Recepção criativa - Tematização | 474;Celebrações - 1880 - Discussão, programas e relatórios | 481;;;;;;;;;;;;;;;;;;;;;;;;;;;;;;;;;;475369;https://purl.pt/44345;https://bndigital.bnportugal.gov.pt//i/?IIIF=/d5/85/ee/af/d585eeaf-1488-41a7-91c8-3d937322948c/iiif/cam-196-v_0000_000001.tif/full/!300,500/0/default.jpg;Partitura;Inglês;;Camoens;sonnet XIX;;1.ª ed.;;1880;1880;Partitura 50 f. + 1 parte 2 f.;Luís de Camões, 1524-1580;;Ernest Walker, 1870-1949;"Richard Francis Burton, 1821-1890, Tradutor ; Edgar Prestage, 1869-1951, Antigo possuidor";;;CAM. 196 V.;CAM500;http://id.bnportugal.gov.pt/bib/catbnp/475369;Livre
6748;Celebrações - 1880 - Periódicos | 471;Figuras Femininas - Autoras (produção escrita sobre Camões) | 552;;;;;;;;;;;;;;;;;;;;;;;;;;;;;;;;;;;;1725320;https://purl.pt/45101;https://bndigital.bnportugal.gov.pt//i/?IIIF=/8b/ae/50/85/8bae5085-c96e-4f2f-9cdb-6c739a9c367c/iiif/cam-2033-v_0003.tif/full/!300,500/0/default.jpg;Livro impresso;Português;;Á memoria de Luiz de Camões no seu Tricentenario em 10 de Junho de 1880;;;1.ª ed.;Braga : Typographia Lusitana;1880;1880;46, 1 p.;;;;;;;H.G. 18801//1 P.;CAM500;http://id.bnportugal.gov.pt/bib/catbnp/1725320;Livre
6749;Recepção criativa - Tematização | 409;Celebrações - 1880 - Recepção criativa - Tematização | 474;Celebrações - 1880 - Actos públicos | 477;;;;;;;;;;;;;;;;;;;;;;;;;;;;;;;;;;;1725124;https://purl.pt/45105;https://bndigital.bnportugal.gov.pt//i/?IIIF=/5f/6b/88/9f/5f6b889f-6bb3-4b88-8d58-ec4e619ad49e/iiif/cam-2034-v_0001.tif/full/!300,500/0/default.jpg;Livro impresso;Português;;A inepcia em acção ou uma pagina para a historia dos festejos promovidos em HongKong pela Commissão do Tricentenário de Camões;;;1.ª ed.;Macau : Typographia Mercantil;1880;1880;42 p.;António Joaquim Bastos Júnior, fl. 1873-1881;;;Ernesto Jardim de Vilhena, 1876-1967, Antigo possuidor;;;CAM. 2034 V.;CAM500;http://id.bnportugal.gov.pt/bib/catbnp/1725124;Livre
6750;Vida - Biografia | 13;Celebrações - 1880 - Vida | 470;Iconografia - Impressos - Imagens de Camões | 373;;;;;;;;;;;;;;;;;;;;;;;;;;;;;;;;;;;1725326;https://purl.pt/45103;https://bndigital.bnportugal.gov.pt//i/?IIIF=/c3/f0/e9/62/c3f0e962-5232-4300-ae52-12b46c000ead/iiif/cam-2035-v_0005.tif/full/!300,500/0/default.jpg;Livro impresso;Português;;Discurso inaugural do Ill.mo e Ex.mo Snr. Conde de Samodães... na Sociedade Nacional Camoniana;;;1.ª ed.;Porto : Sociedade Nacional Camoniana;1880;1880;; Samodães, 1828-1918;;;;;;CAM. 2035 V.;CAM500;http://id.bnportugal.gov.pt/bib/catbnp/1725326;Livre
6751;Obra - Impressos - Composições soltas e fragmentos - Épica - Estrofes | 66;;Celebrações - 1880 - Edições | 468;;;;;;;;;;;;;;;;;;;;;;;;;;;;;;;;;;;1725344;https://purl.pt/43989;https://bndigital.bnportugal.gov.pt//i/?IIIF=/f1/06/85/3c/f106853c-a769-4dae-b68e-b63264baa1f4/iiif/cam-2036-v_0001.tif/full/!300,500/0/default.jpg;Livro impresso;Português;;O sacrificio a Camões;;;1.ª ed.;Braga : Typographia de Gouvea;1880;1880;32 p.;António Feliciano de Castilho, 1800-1875;;;"José Joaquim da Silva Pereira Caldas, 1818-1903, Autor da introdução, etc. ; José Joaquim da Silva Pereira Caldas, 1818-1903, Antigo possuidor";;;CAM. 2036 V.;CAM500;http://id.bnportugal.gov.pt/bib/catbnp/1725344;Livre
6752;Vida - Biografia | 13;Celebrações - 1880 - Vida | 470;Recepção criativa - Centão [Cintra] | 408;Celebrações - 1880 - Recepção criativa - Centão | 475;;;;;;;;;;;;;;;;;;;;;;;;;;;;;;;;;;1725363;https://purl.pt/43984;https://bndigital.bnportugal.gov.pt//i/?IIIF=/52/71/2d/5e/52712d5e-61bf-440c-a21b-385c6bc3ac98/iiif/cam-2037-v_0001.tif/full/!300,500/0/default.jpg;Livro impresso;Português;;A Luiz de Camões;cantata;;1.ª ed.;Porto : Imprensa Commercial;1880;1880;8 p.;Francisco Bernardo Braga, 1852-1921;;;Miguel Ângelo Pereira, 1843-1901, Compositor;;;CAM. 2037 V.;CAM500;http://id.bnportugal.gov.pt/bib/catbnp/1725363;Livre
6753;Vida - Biografia | 13;Celebrações - 1880 - Vida | 470;;;;;;;;;;;;;;;;;;;;;;;;;;;;;;;;;;;;252438;https://purl.pt/44317;https://bndigital.bnportugal.gov.pt//i/?IIIF=/bf/89/eb/26/bf89eb26-5b3e-47b7-9d40-2d548d1b57ae/iiif/cam-213-a_0005.tif/full/!300,500/0/default.jpg;Livro impresso;Português;;O Litterario;homenagem a Camões, 10 de Junho de 1880;;1.ª ed.;Porto : Typ. da Palavra;1880;1880;p. 77 - 84;;;;;;;CAM. 213 A.;CAM500;http://id.bnportugal.gov.pt/bib/catbnp/252438;Livre
6754;Celebrações - 1880 - Periódicos | 471;Vida - Biografia | 13;Bibliografias e catálogos - Bibliografia | 550;;;;;;;;;;;;;;;;;;;;;;;;;;;;;;;;;;;1919817;https://purl.pt/44316;https://bndigital.bnportugal.gov.pt//i/?IIIF=/3f/9c/dc/1b/3f9cdc1b-b256-4f88-a258-e217320b83dc/iiif/cam-217-a_0005.tif/full/!300,500/0/default.jpg;Livro impresso;Português;;As Novidades;ao tricentenario do poeta Luiz de Camões;;1.ª ed.;Porto : s.n.;1880;1880;2 f.;;;;;;;CAM. 217 A.;CAM500;http://id.bnportugal.gov.pt/bib/catbnp/1919817;Livre
6755;Vida - Ficção - Narrativa | 15;Celebrações - 1880 - Vida | 470;;;;;;;;;;;;;;;;;;;;;;;;;;;;;;;;;;;;381381;https://purl.pt/44010;https://bndigital.bnportugal.gov.pt//i/?IIIF=/40/11/2b/50/40112b50-448a-4af8-9acf-f37ad3446f4e/iiif/cam-23-a_0000_000007.tif/full/!300,500/0/default.jpg;Livro impresso;Português;;Os Lusiadas;;;Edição commemorativa do terceiro centenario do poeta, constando de cincoenta e dous exemplares numerados;Lisboa : David Corazzi;1880;1880;XXV, 1 br., 401, 3 p.;Luís de Camões, 1524-1580;;;Latino Coelho, 1825-1891, Autor da introdução, etc.;;;CAM. 23 A.;CAM500;http://id.bnportugal.gov.pt/bib/catbnp/381381;Livre
6756;Recepção criativa - Tematização | 409;Celebrações - 1880 - Recepção criativa - Tematização | 474;Vida - Ficção - Drama | 17;;;;;;;;;;;;;;;;;;;;;;;;;;;;;;;;;;;259505;https://purl.pt/44337;https://bndigital.bnportugal.gov.pt//i/?IIIF=/39/46/b0/8e/3946b08e-83a4-49a9-908a-768402ed3df8/iiif/cam-238-p_0007.tif/full/!300,500/0/default.jpg;Livro impresso;Italiano;;I Lusiadi;;;1.ª ed.;Livorno : Coi Tipi di P. Vannini e F. Editore;1880;1880;327 p.;Luís de Camões, 1524-1580;;;Adriano Bonaretti, 18---19--, Tradutor;;;CAM. 238 P.;CAM500;http://id.bnportugal.gov.pt/bib/catbnp/259505;Livre
6757;Celebrações - 1880 - Actos públicos | 477;;;;;;;;;;;;;;;;;;;;;;;;;;;;;;;;;;;;;1030655;https://purl.pt/44108;https://bndigital.bnportugal.gov.pt//i/?IIIF=/ce/b8/10/0a/ceb8100a-556f-40a6-a869-bc90b648b5dd/iiif/cam-243-1-a_0000_000001.tif/full/!300,500/0/default.jpg;Livro impresso;Português;;Relatorios apresentados pela Commissão Executiva da Junta Geral do Districto dAngra do Heroismo nas sessões do 1º de Novembro de 1879 e 5 de Maio de 1880;;;1.ª ed.;Angra do Heroismo : Typ. Terceirense;1880;1880;80 p.;;Açores. Junta Geral do Distrito de Angra do Heroísmo;;;;Tipografia Terceirense, Impressor;CAM. 243//1 A.;CAM500;http://id.bnportugal.gov.pt/bib/catbnp/1030655;Livre
6758;Celebrações - 1880 - Actos públicos | 477;;;;;;;;;;;;;;;;;;;;;;;;;;;;;;;;;;;;;856594;https://purl.pt/44329;https://bndigital.bnportugal.gov.pt//i/?IIIF=/a2/99/0e/82/a2990e82-5e77-4a12-be6a-5d8127d63751/iiif/cam-252-2-v_0001.tif/full/!300,500/0/default.jpg;Livro impresso;Português;;Memoria dos festejos celebrados em Hongkong por ocasião do tricentenario... Luis de Camões;;;1.ª ed.;Hongkong : Typ. de De Sousa e C;1880;1880;3, 100 p.;;;;;;;H.G. 19630//9 P.;CAM500;http://id.bnportugal.gov.pt/bib/catbnp/856594;Livre
6759;Celebrações - 1880 - Actos públicos | 477;;;;;;;;;;;;;;;;;;;;;;;;;;;;;;;;;;;;;804973;https://purl.pt/44138;https://bndigital.bnportugal.gov.pt//i/?IIIF=/8b/c0/56/bd/8bc056bd-3ac1-47b3-8d81-5e006410c749/iiif/cam-26-v_0000_000013.tif/full/!300,500/0/default.jpg;Livro impresso;Português;;Sonetos;;;Ed. especial do Gabinete Portuguez de Leitura de Pernambuco para commemorar o terceiro centenario do grande epico, em 10 de Junho de 1880, segundo a ed. de Hamburgo de B. Feio e G. Monteiro;Porto : Imprensa Portugueza;1880;1880;XLVIII, 286 p.;Luís de Camões, 1524-1580;;;A. de Sousa Pinto, 1843-?, Autor da introdução, etc.;;Gabinete Português de Leitura, Editor literário;CAM. 26 V.;CAM500;http://id.bnportugal.gov.pt/bib/catbnp/804973;Livre
6760;Bibliografia crítica - Estudo | 418;Celebrações - 1880 - Textos críticos | 469;;;;;;;;;;;;;;;;;;;;;;;;;;;;;;;;;;;;859029;https://purl.pt/44353;https://bndigital.bnportugal.gov.pt//i/?IIIF=/04/d6/98/11/04d69811-1b1d-4cb6-945b-1a2d6c7129ff/iiif/cam-269-v_0005.tif/full/!300,500/0/default.jpg;Livro impresso;Português;;A Luiz de Camões;;;1.ª ed.;Lisboa : Typ. Ed. de Matos Moreira & C;1880;1880;"16 p. ;";;;;;;Companhia de Jesus. Colégio de Campolide, Editor literário;CAM. 254//2 V.;CAM500;http://id.bnportugal.gov.pt/bib/catbnp/859029;Livre
6761;Celebrações - 1880 - Actos públicos | 477;;;;;;;;;;;;;;;;;;;;;;;;;;;;;;;;;;;;;862035;https://purl.pt/44384;https://bndigital.bnportugal.gov.pt//i/?IIIF=/41/49/73/6a/4149736a-192c-43f0-8a31-9c7179ce5d7c/iiif/cam-283-5-v_0001.tif/full/!300,500/0/default.jpg;Livro impresso;Português;;A Luiz de Camões;cantata;;1.ª ed.;Porto : Impr. Commercial;1880;1880;8 p.;Francisco Bernardo Braga, 1852-1921;;;Miguel Ângelo Pereira, 1843-1901, Compositor;;;CAM. 283//5 V.;CAM500;http://id.bnportugal.gov.pt/bib/catbnp/862035;Livre
6762;Recepção criativa - Tematização | 409;Celebrações - 1880 - Recepção criativa - Tematização | 474;Vida - Ficção - Poesia | 16;Obra - Impressos - Composições soltas e fragmentos - Épica - Episódio | 67;Obra - Impressos - Composições soltas e fragmentos - Épica - Estrofes | 66;Obra - Impressos - Obras (avulsas) - Lírica - Oitavas | 33;;;;;;;;;;;;;;;;;;;;;;;;;;;;;;;;259989;https://purl.pt/44383;https://bndigital.bnportugal.gov.pt//i/?IIIF=/9f/21/40/22/9f214022-2d31-4196-9e41-2a24a74e8f48/iiif/cam-285-p_0007.tif/full/!300,500/0/default.jpg;Livro impresso;Português;;Excerptos das obras de Luis de Camões publicados por subscripção promovida entre a classe académica de Lisboa;;;1.ª ed.;Lisboa : Typographia Editora de Mattos Moreira & C.a;1880;1880;4, 191,2 p.;Luís de Camões, 1524-1580;;;Afonso Vargas, 1859-?, Autor da introdução, etc.;;;CAM. 285 P.;CAM500;http://id.bnportugal.gov.pt/bib/catbnp/259989;Livre
6763;Bibliografias e catálogos - Catálogo | 551;Celebrações - 1880 - Catálogos | 480;;;;;;;;;;;;;;;;;;;;;;;;;;;;;;;;;;;;865296;https://purl.pt/44373;https://bndigital.bnportugal.gov.pt//i/?IIIF=/fc/1d/6a/a2/fc1d6aa2-e839-4b01-bb29-5ede3ba30fc3/iiif/cam-285-12-v_0001.tif/full/!300,500/0/default.jpg;Livro impresso;Português;;Quatro sonetos;em homenagem a Luiz de Camões no seu tricentenario em Braga;;1.ª ed.;Braga : s.n.;1880;1880;6 p.;António José Viale, 1806-1889;;;;;;CAM. 285//12 V.;CAM500;http://id.bnportugal.gov.pt/bib/catbnp/865296;Livre
6764;Recepção criativa - Tematização | 409;Celebrações - 1880 - Recepção criativa - Tematização | 474;;;;;;;;;;;;;;;;;;;;;;;;;;;;;;;;;;;;865245;https://purl.pt/44371;https://bndigital.bnportugal.gov.pt//i/?IIIF=/c9/2f/66/3b/c92f663b-0bd8-4892-830a-da3f64e8b549/iiif/cam-285-3-v_0001.tif/full/!300,500/0/default.jpg;Livro impresso;Português;;Discurso em honra de Luiz de Camões;recitado na noute de 7 de Junho de 1880 no Collegio Parisiense commemorando o tri-centenario da morte do grande epico;;1.ª ed.;Lisboa : Typographia da Casa de Inglaterra;1880;1880;2, 10 p.;A. Pinto da Rocha, ca. 18--;;;;;;CAM. 285//3 V.;CAM500;http://id.bnportugal.gov.pt/bib/catbnp/865245;Livre
6765;Recepção criativa - Tematização | 409;Celebrações - 1880 - Recepção criativa - Tematização | 474;;;;;;;;;;;;;;;;;;;;;;;;;;;;;;;;;;;;382851;https://purl.pt/44368;https://bndigital.bnportugal.gov.pt//i/?IIIF=/d5/1c/83/5e/d51c835e-0ec1-4e21-9759-d7774be8b3af/iiif/cam-290-1-v_0001.tif/full/!300,500/0/default.jpg;Livro impresso;Português;;Homenagem a Camões por ocasião do seu tricentenário a 10 de Junho de 1880;;;1.ª ed.;Lisboa : Tip. Nova Minerva;1880;1880;14 p.;Soares Gomes Júnior, ca 18--;;;;;;CAM. 290//1 V.;CAM500;http://id.bnportugal.gov.pt/bib/catbnp/382851;Livre
6766;Bibliografia crítica - Estudo | 418;Figuras Femininas - Autoras (produção escrita sobre Camões) | 552;;;;;;;;;;;;;;;;;;;;;;;;;;;;;;;;;;;;320558;https://purl.pt/44387;https://bndigital.bnportugal.gov.pt//i/?IIIF=/55/e8/f4/8e/55e8f48e-c31a-460f-bfc3-4d017f67d9b4/iiif/cam-298-p_0009.tif/full/!300,500/0/default.jpg;Livro impresso;Português;;Episodio de Ignez de Castro;extrahido dos Lusiadas de Camões;;1.ª ed.;Porto : Typographia Universal;1880;1880;XXXVI, 1, 30 p.;Luís de Camões, 1524-1580;;;"Francisco de Santo Agostinho de Macedo, 1596-1681, Tradutor ; José Joaquim da Silva Pereira Caldas, 1818-1903, Autor da introdução, etc.";;;L. 11949 V.;CAM500;http://id.bnportugal.gov.pt/bib/catbnp/320558;Livre
6767;Celebrações - 1880 - Actos públicos | 477;;;;;;;;;;;;;;;;;;;;;;;;;;;;;;;;;;;;;865431;https://purl.pt/44386;https://bndigital.bnportugal.gov.pt//i/?IIIF=/5b/7f/23/73/5b7f2373-9b48-49de-961e-d3aae4aa6232/iiif/cam-308-7-v_0001.tif/full/!300,500/0/default.jpg;Livro impresso;Português;;Descrição da festa comemorativa do tricentenario de Camões;;;1.ª ed.;Rio de Janeiro : Tip. de J. D. de Oliveira;1880;1880;;;;;;;;CAM. 308//7 V.;CAM500;http://id.bnportugal.gov.pt/bib/catbnp/865431;Livre
6768;Bibliografia crítica - Tradução | 413;Bibliografia crítica - Obra | 412;;;;;;;;;;;;;;;;;;;;;;;;;;;;;;;;;;;;865431;https://purl.pt/44386;https://bndigital.bnportugal.gov.pt//i/?IIIF=/5b/7f/23/73/5b7f2373-9b48-49de-961e-d3aae4aa6232/iiif/cam-308-7-v_0001.tif/full/!300,500/0/default.jpg;Livro impresso;Português;;Descrição da festa comemorativa do tricentenario de Camões;;;1.ª ed.;Rio de Janeiro : Tip. de J. D. de Oliveira;1880;1880;;;;;;;;CAM. 308//7 V.;CAM500;http://id.bnportugal.gov.pt/bib/catbnp/865431;Livre
6769;Celebrações - 1880 - Discussão, programas e relatórios | 481;;;;;;;;;;;;;;;;;;;;;;;;;;;;;;;;;;;;;323266;https://purl.pt/44402;https://bndigital.bnportugal.gov.pt//i/?IIIF=/74/c4/1b/44/74c41b44-4a07-4607-ba35-a92591f445e6/iiif/cam-356-p_0007.tif/full/!300,500/0/default.jpg;Livro impresso;Francês;;Louis de Camões, la Renaissance et les Lusiades;préface dune nouvelle édition des Lusiades...;;1.ª ed.;Lisbonne : Mattos Moreira & C.ie;1880;1880;150 p.;Ramalho Ortigão, 1836-1915;;;François Frédéric Steenackers, 1830-1917, Tradutor;;;CAM. 356 P.;CAM500;http://id.bnportugal.gov.pt/bib/catbnp/323266;Livre
6770;Bibliografia crítica - Polémica e discussão | 417;Celebrações - 1880 - Discussão, programas e relatórios | 481;Recepção criativa - Paródia | 407;Celebrações - 1880 - Recepção criativa - Paródia | 473;;;;;;;;;;;;;;;;;;;;;;;;;;;;;;;;;;328220;https://purl.pt/44396;https://bndigital.bnportugal.gov.pt//i/?IIIF=/95/b3/84/77/95b38477-0c44-4081-b2cd-bd8b0ad14618/iiif/cam-365-p_0011.tif/full/!300,500/0/default.jpg;Livro impresso;Francês;;Camoens;;;1.ª ed.;Paris : A. Quantin;1880;1880;4, XLV, 1, 221, 2 p.;Almeida Garrett, 1799-1854;;;Henri Faure, 1826-1907, Autor da introdução, etc.;;;CAM. 365 P.;CAM500;http://id.bnportugal.gov.pt/bib/catbnp/328220;Livre
6771;Celebrações - 1880 - Discussão, programas e relatórios | 481;;;;;;;;;;;;;;;;;;;;;;;;;;;;;;;;;;;;;328233;https://purl.pt/44388;https://bndigital.bnportugal.gov.pt//i/?IIIF=/01/af/8d/f0/01af8df0-1e45-4d64-975a-3a813efda538/iiif/cam-367-p_0007.tif/full/!300,500/0/default.jpg;Livro impresso;Francês;;Luis de Camoens;;;1.ª ed.;Paris : Au Siége Central du Positivisme;1880;1880;4, X, 283, 4 p.;Miguel Lemos, 1854-1917;;;;;;CAM. 366 P.;CAM500;http://id.bnportugal.gov.pt/bib/catbnp/328233;Livre
6772;Celebrações - 1880 - Discussão, programas e relatórios | 481;;;;;;;;;;;;;;;;;;;;;;;;;;;;;;;;;;;;;328261;https://purl.pt/44399;https://bndigital.bnportugal.gov.pt//i/?IIIF=/18/07/92/54/18079254-f170-4dfe-a875-f12955cac5e3/iiif/cam-368-p_0007.tif/full/!300,500/0/default.jpg;Livro impresso;Português;;O centenário de Camões em Pernambuco;;;1.ª ed.;Porto : Imprensa Portuguesa;1880;1880;212 p.;;Gabinete Português de Leitura;;;;;L. 25484 P.;CAM500;http://id.bnportugal.gov.pt/bib/catbnp/328261;Livre
6773;Celebrações - 1880 - Discussão, programas e relatórios | 481;;;;;;;;;;;;;;;;;;;;;;;;;;;;;;;;;;;;;328381;https://purl.pt/44394;https://bndigital.bnportugal.gov.pt//i/?IIIF=/16/87/ba/8e/1687ba8e-d0aa-490b-b9c8-3ffce301c403/iiif/cam-371-1-p_0001.tif/full/!300,500/0/default.jpg;Periódico;Português;;Almanach Camões para 1881;;;1.ª ed.;Lisboa : Livr. Portugueza e Franceza da Viuva Campos Junior;1880;1880;;;;;;;;CAM. 371//1 P.;CAM500;http://id.bnportugal.gov.pt/bib/catbnp/328381;Livre
6774;Celebrações - 1880 - Discussão, programas e relatórios | 481;;;;;;;;;;;;;;;;;;;;;;;;;;;;;;;;;;;;;328366;https://purl.pt/44400;https://bndigital.bnportugal.gov.pt//i/?IIIF=/c8/85/91/8d/c885918d-d054-49cc-b446-646a937fee5a/iiif/cam-371-2-p_0001.tif/full/!300,500/0/default.jpg;Livro impresso;Português;;Carmen saeculare;;;1.ª ed.;Porto : Tip. da Rua de Santa Catarina, 78;1880;1880;"2, IV p. ; 16 cm";José Leite de Vasconcelos, 1858-1941;;;;;;L. 957//1 V.;CAM500;http://id.bnportugal.gov.pt/bib/catbnp/328366;Livre
6775;Bibliografia crítica - Polémica e discussão | 417;Celebrações - 1880 - Textos críticos | 469;;;;;;;;;;;;;;;;;;;;;;;;;;;;;;;;;;;;328432;https://purl.pt/44449;https://bndigital.bnportugal.gov.pt//i/?IIIF=/3a/4b/ca/44/3a4bca44-fff5-44fa-88a9-9ef3979004ec/iiif/cam-371-3-p_0001.tif/full/!300,500/0/default.jpg;Livro impresso;Português;;Luís de Camoões o príncipe dos poetas portuguezes;breve notícia sobre a vida e merecimentos...;;1.ª ed.;Lisboa : Typ. Progressista de P. A. Borges;1880;1880;16 p.;;;;Mendes Canuto, Compilador;;;CAM. 371//3 P.;CAM500;http://id.bnportugal.gov.pt/bib/catbnp/328432;Livre
6776;Recepção criativa - Tematização | 409;Celebrações - 1880 - Recepção criativa - Tematização | 474;Vida - Ficção - Drama | 17;Iconografia - Impressos - Em torno de Camões | 374;;;;;;;;;;;;;;;;;;;;;;;;;;;;;;;;;;328453;https://purl.pt/44453;https://bndigital.bnportugal.gov.pt//i/?IIIF=/13/42/a6/06/1342a606-7d2d-42e5-9b25-82a2b815c32b/iiif/cam-371-4-p_0001.tif/full/!300,500/0/default.jpg;Livro impresso;Português;;Memórias do principe dos poetas Luis de Camões cantor das glórias portuguesas;;;1.ª ed.;Lisboa : Typ. de Gonçalves;1880;1880;16 p.;Luís de Camões, 1524-1580;;;;;;CAM. 371//4 P.;CAM500;http://id.bnportugal.gov.pt/bib/catbnp/328453;Livre
6777;Vida - Biografia | 13;Celebrações - 1880 - Vida | 470;;;;;;;;;;;;;;;;;;;;;;;;;;;;;;;;;;;;328491;https://purl.pt/44450;https://bndigital.bnportugal.gov.pt//i/?IIIF=/c4/6f/38/99/c46f3899-37c1-4f25-bc45-8aa38d3e8b5b/iiif/cam-371-5-p_0001.tif/full/!300,500/0/default.jpg;Livro impresso;Português;;A vida de Camões por Thomas Joseph de Aquino... Seguida de uma outra notícia da sua existência;;;1.ª ed.;Porto : Imprensa Comercial;1880;1880;64 p.;Tomás José de Aquino, 1718/20-1804;;Manuel de Faria e Sousa, 1590-1649, Autor;António Hilário da Costa, Antigo possuidor;;;H.G. 25691//3 P.;CAM500;http://id.bnportugal.gov.pt/bib/catbnp/328491;Livre
6778;Celebrações - 1880 - Actos públicos | 477;;;;;;;;;;;;;;;;;;;;;;;;;;;;;;;;;;;;;328855;https://purl.pt/44455;https://bndigital.bnportugal.gov.pt//i/?IIIF=/4e/66/8f/be/4e668fbe-547c-4728-b0ee-d28d1dbd24d7/iiif/cam-371-6-p_0001.tif/full/!300,500/0/default.jpg;Livro impresso;Português;;Resumo histórico da vida do grande poeta Luiz de Camões...;;;1.ª ed.;Lisboa : Typ. do Diário da manhã;1880;1880;16 p.; J. G. C.;;;;;;CAM. 371//6 P.;CAM500;http://id.bnportugal.gov.pt/bib/catbnp/328855;Livre
6779;Bibliografia crítica - Estudo | 418;Celebrações - 1880 - Textos críticos | 469;;;;;;;;;;;;;;;;;;;;;;;;;;;;;;;;;;;;328993;https://purl.pt/44446;https://bndigital.bnportugal.gov.pt//i/?IIIF=/f6/3f/9c/ea/f63f9cea-6e97-4708-b5b3-958aa82e8199/iiif/cam-376-p_0007.tif/full/!300,500/0/default.jpg;Livro impresso;Português;;Luiz de Camões;homenagem da Gazeta de Noticias...;;1.ª ed.;Rio de Janeiro : Gazeta de Notícias;1880;1880;223 p.;;;;;;;L. 25469 P.;CAM500;http://id.bnportugal.gov.pt/bib/catbnp/328993;Livre
6780;Bibliografia crítica - Estudo | 418;Celebrações - 1880 - Textos críticos | 469;;;;;;;;;;;;;;;;;;;;;;;;;;;;;;;;;;;;329013;https://purl.pt/44447;https://bndigital.bnportugal.gov.pt//i/?IIIF=/4b/a2/f1/c0/4ba2f1c0-3b70-45ee-8880-53afbc9e69db/iiif/cam-377-p_0007.tif/full/!300,500/0/default.jpg;Livro impresso;Francês;;Les voyages de Camoens;;;1.ª ed.;Paris : A. Rennwyer;1880;1880;VI, 364 p.;Raoul Navery;;;;;;F.A. 806;CAM500;http://id.bnportugal.gov.pt/bib/catbnp/329013;Livre
6781;Recepção criativa - Tematização | 409;Celebrações - 1880 - Recepção criativa - Tematização | 474;Vida - Ficção - Poesia | 16;Celebrações - 1880 - Vida | 470;;;;;;;;;;;;;;;;;;;;;;;;;;;;;;;;;;325307;https://purl.pt/44457;https://bndigital.bnportugal.gov.pt//i/?IIIF=/4f/a0/84/95/4fa08495-074b-48b4-8bd5-7ec6245eb451/iiif/cam-378-p_0009.tif/full/!300,500/0/default.jpg;Livro impresso;Português;;Camões;drama histórico em 5 actos;;1.ª ed.;Porto : Imprensa Portuguesa;1880;1880;XI, 1, 180 p.;Cipriano Jardim, 1841-1913;;;Teófilo Braga, 1843-1924, Autor da introdução, etc.;;;CAM. 378 P.;CAM500;http://id.bnportugal.gov.pt/bib/catbnp/325307;Livre
6782;Recepção criativa - Tematização | 409;Celebrações - 1880 - Recepção criativa - Tematização | 474;Vida - Ficção - Poesia | 16;;;;;;;;;;;;;;;;;;;;;;;;;;;;;;;;;;;453589;https://purl.pt/44452;https://bndigital.bnportugal.gov.pt//i/?IIIF=/6e/96/cf/fd/6e96cffd-16d4-4208-8a1e-8e59ce44e176/iiif/cam-381-10-v_0001.tif/full/!300,500/0/default.jpg;Livro impresso;Português;;Discurso inaugural... pronunciado na abertura da Exposição Camoniana a 10 de Junho;;;1.ª ed.;Porto : Palacio de Crystal;1880;1880;13 p,; Samodães, 1828-1918;;;;;;CAM. 381//10 V.;CAM500;http://id.bnportugal.gov.pt/bib/catbnp/453589;Livre
6783;Bibliografia crítica - Estudo | 418;Vida - Biografia | 13;Celebrações - 1880 - Vida | 470;Celebrações - 1880 - Textos críticos | 469;Iconografia - Impressos - Retrato de Camões | 372;;;;;;;;;;;;;;;;;;;;;;;;;;;;;;;;;453682;https://purl.pt/44454;https://bndigital.bnportugal.gov.pt//i/?IIIF=/93/7d/d0/4a/937dd04a-58c4-41c2-9127-1d72f8d9c99d/iiif/cam-381-16-v_0001.tif/full/!300,500/0/default.jpg;Livro impresso;Português;;Conferencia sobre phylloxera vastatrix;;;1.ª ed.;Lisboa : Typographia Universal;1880;1880;42 p.;Júlio Mário Viana, ca 18--;;;;;;S.A. 12697//15 V.;CAM500;http://id.bnportugal.gov.pt/bib/catbnp/453682;Livre
6784;Bibliografia crítica - Estudo | 418;Celebrações - 1880 - Textos críticos | 469;;;;;;;;;;;;;;;;;;;;;;;;;;;;;;;;;;;;874179;https://purl.pt/44443;https://bndigital.bnportugal.gov.pt//i/?IIIF=/95/df/14/33/95df1433-b5ea-49ab-b8a8-0a2bdadff127/iiif/cam-381-2-v_0001.tif/full/!300,500/0/default.jpg;Livro impresso;Português;;Discurso pronunciado na solemnidade religiosa mandada celebrar pela Irmandade do Santissimo Sacramento da freguezia da Pena pelo prior da mesma freguezia Francisco da Silva Figueira por occasião do tricentenario do grande epico Luiz de Camões;;;1.ª ed.;Lisboa : Imprensa de J. G. de Sousa Neves;1880;1880;24 p.;Francisco da Silva Figueira, ca. 18--;;;;;;R. 10307//4 V.;CAM500;http://id.bnportugal.gov.pt/bib/catbnp/874179;Livre
6785;Obra - Impressos - Antologias - Épica | 88;Tradução - Impressos - Antologia - Épica | 203;Tradução - Impressos - Antologia - Épica - Paratextos gerais | 204;Tradução - Impressos - Antologia - Épica - Paratextos argumentos | 206;Celebrações - 1880 - Traduções | 476;;;;;;;;;;;;;;;;;;;;;;;;;;;;;;;;;453684;https://purl.pt/44473;https://bndigital.bnportugal.gov.pt//i/?IIIF=/f6/14/7b/05/f6147b05-49aa-4d22-83d1-5a7f72b7c163/iiif/cam-381-23-v_0001.tif/full/!300,500/0/default.jpg;Livro impresso;Português;;Homenagem a Camões por occasião do seu tricentenario...;;;1.ª ed.;Lisboa : Typ. Nova Minerva;1880;1880;14 p.;Soares Romeu Júnior, 1838-?;;;;;;L. 11934//18 V.;CAM500;http://id.bnportugal.gov.pt/bib/catbnp/453684;Livre
6786;Obra - Impressos - Obras (avulsas) - Épica | 23;Obra - Impressos - Paratextos - Obras (avulsas) - Épica | 103;Obra - Impressos - Paratextos - Obras (avulsas) - Épica - Vida | 104;Celebrações - 1880 - Edições | 468;Iconografia - Impressos - Imagens de Camões | 373;Iconografia - Impressos - Ilustrações da obra | 376;;;;;;;;;;;;;;;;;;;;;;;;;;;;;;;;453580;https://purl.pt/44444;https://bndigital.bnportugal.gov.pt//i/?IIIF=/f0/7e/0e/7f/f07e0e7f-0d02-4e4d-8be3-2b64e2de724f/iiif/cam-381-5-v_0001.tif/full/!300,500/0/default.jpg;Livro impresso;Português;;Conferencia sobre Camões ou dissertação didactica em que a uma ligeira analyse das bellezas do poema Os Lusiadas se junta o parallelo entre os dois famosos epicos Torquato Tasso e Camões...;;;1.ª ed.;Lisboa : Typ. de Ximenes Leopoldino Corrêa;1880;1880;16 p.;Manuel Martiniano Marrecas, 1814-1889;;;;;;CAM. 381//5 V.;CAM500;http://id.bnportugal.gov.pt/bib/catbnp/453580;Livre
6787;Tradução - Impressos - Antologia - Lírica | 208;Tradução - Impressos - Antologia - Lírica - Paratextos gerais | 209;Tradução - Impressos - Antologia - Lírica - Paratextos notas | 212;Celebrações - 1880 - Traduções | 476;;;;;;;;;;;;;;;;;;;;;;;;;;;;;;;;;;847335;https://purl.pt/44442;https://bndigital.bnportugal.gov.pt//i/?IIIF=/eb/12/82/35/eb128235-e1ad-403f-8029-8b9d0b95a624/iiif/cam-381-6-v_0001.tif/full/!300,500/0/default.jpg;Livro impresso;Português;;Folheto dedicado à memoria do grande Luiz de Camões...;;;1.ª ed.;Lisboa : Typ. Portugueza;1880;1880;15 p.;Gaspar de Azevedo;;;;;;CAM. 121//2 V.;CAM500;http://id.bnportugal.gov.pt/bib/catbnp/847335;Livre
6788;Tradução - Manuscritos - Antologia - Lírica | 287;Celebrações - 1880 - Traduções | 476;;;;;;;;;;;;;;;;;;;;;;;;;;;;;;;;;;;;197691;https://purl.pt/44210;https://bndigital.bnportugal.gov.pt//i/?IIIF=/cd/ad/0a/7b/cdad0a7b-3540-443e-8642-d8bc410f1b34/iiif/cam-162-1-v_0000_000001.tif/full/!300,500/0/default.jpg;Livro impresso;Português;;Catalogo da Camoneana da Bibliotheca Publica Municipal do Porto;;;1.ª ed.;Porto : Typographia de Manoel José Pereira;1880;1880;69 p.;;Porto. Biblioteca Pública Municipal;;;;;B. 2832//17 P.;CAM500;http://id.bnportugal.gov.pt/bib/catbnp/197691;Livre
6789;Recepção criativa - Tematização | 409;Recepção criativa - Centão [Cintra] | 408;Celebrações - 1880 - Recepção criativa - Tematização | 474;Celebrações - 1880 - Recepção criativa - Centão | 475;Celebrações - 1880 - Actos públicos | 477;;;;;;;;;;;;;;;;;;;;;;;;;;;;;;;;;258560;https://purl.pt/44464;https://bndigital.bnportugal.gov.pt//i/?IIIF=/63/3e/ae/8b/633eae8b-eb0d-4f4c-9de8-2e302b200c9b/iiif/cam-382-3-p_0001.tif/full/!300,500/0/default.jpg;Livro impresso;Português;;A consciencia dos seculos;poema no terceiro centenario de Camões;;1.ª ed.;Porto : Liv. Encadernação de J.P. Vaz;1880;1880;66, 2 p.;José Leite de Vasconcelos, 1858-1941;;;;;;L. 957//10 V.;CAM500;http://id.bnportugal.gov.pt/bib/catbnp/258560;Livre
6790;Celebrações - 1880 - Periódicos | 471;Celebrações - 1880 - Iconografia | 478;Iconografia - Impressos - Retrato de Camões | 372;Iconografia - Impressos - Imagens de Camões | 373;Iconografia - Impressos - Ilustrações da obra | 376;;;;;;;;;;;;;;;;;;;;;;;;;;;;;;;;;258746;https://purl.pt/44462;https://bndigital.bnportugal.gov.pt//i/?IIIF=/ae/fb/7c/80/aefb7c80-cc6c-4e19-aecc-04fc47078c11/iiif/cam-382-4-p_0001.tif/full/!300,500/0/default.jpg;Livro impresso;Português;;Ode a Luiz de Camões em 10 de Junho de 1880;;;1.ª ed.;Lisbos : Typographia da Casa Progresso;1880;1880;13, 1 br. p.;Estácio da Veiga, 1828-1891;;;;;;CAM. 135//11 V.;CAM500;http://id.bnportugal.gov.pt/bib/catbnp/258746;Livre
6791;Celebrações - 1880 - Periódicos | 471;;;;;;;;;;;;;;;;;;;;;;;;;;;;;;;;;;;;;329607;https://purl.pt/44465;https://bndigital.bnportugal.gov.pt//i/?IIIF=/4f/cf/71/ea/4fcf71ea-9ca8-4574-8e5a-d81a73499a1e/iiif/cam-383-2-p_0002.tif/full/!300,500/0/default.jpg;Livro impresso;Português;;Neues zum Buche der Kamonianischen Elegien;;;1.ª ed.;S. l. : s. n.;1880;1880;p. 494-530;Carolina Michaëlis de Vasconcelos, 1851-1925;;;;;;CAM. 383//2 P.;CAM500;http://id.bnportugal.gov.pt/bib/catbnp/329607;Livre
6792;Celebrações - 1880 - Periódicos | 471;;;;;;;;;;;;;;;;;;;;;;;;;;;;;;;;;;;;;272242;https://purl.pt/44474;https://bndigital.bnportugal.gov.pt//i/?IIIF=/35/e8/43/1f/35e8431f-eb2d-4a4d-b594-ff1196510697/iiif/cam-384-3-p_0001.tif/full/!300,500/0/default.jpg;Livro impresso;Português;;Palavras proferidas na festa do centenário de Camões;;;1.ª ed.;Fortaleza : Typ. do Cearense;1880;1880;10 p.;Guilherme Studart, 1856-1938;;;;;;CAM. 285//14 V.;CAM500;http://id.bnportugal.gov.pt/bib/catbnp/272242;Livre
6793;Celebrações - 1880 - Periódicos | 471;;;;;;;;;;;;;;;;;;;;;;;;;;;;;;;;;;;;;453894;https://purl.pt/44463;https://bndigital.bnportugal.gov.pt//i/?IIIF=/84/72/1d/8f/84721d8f-b174-43b0-8e60-4470e6468c26/iiif/cam-384-8-v_0001.tif/full/!300,500/0/default.jpg;Livro impresso;Espanhol;;Os Lusiadas de Camoens y sus traducciones al castellano;;;1.ª ed.;Madrid : Tip. de Manuel G. Hernandez;1880;1880;24 p.;;;;;;;CAM. 384//8 V.;CAM500;http://id.bnportugal.gov.pt/bib/catbnp/453894;Livre
6794;Celebrações - 1880 - Periódicos | 471;;;;;;;;;;;;;;;;;;;;;;;;;;;;;;;;;;;;;454227;https://purl.pt/44472;https://bndigital.bnportugal.gov.pt//i/?IIIF=/d3/11/70/56/d3117056-6ab5-4f36-b8cf-9b6004f9f0d7/iiif/cam-387-1-v_0001.tif/full/!300,500/0/default.jpg;Livro impresso;Português;;Estatutos;;;1.ª ed.;Porto : Impr. Portugueza;1880;1880;23 p.;;Sociedade Nacional Camoneana;;;;;CAM. 387//1 V.;CAM500;http://id.bnportugal.gov.pt/bib/catbnp/454227;Livre
6795;Obra - Impressos - Antologias - Épica - Estrofes | 89;Obra - Impressos - Antologias - Lírica | 91;Recepção criativa - Tematização | 409;Celebrações - 1880 - Recepção criativa - Tematização | 474;Celebrações - 1880 - Actos públicos | 477;;;;;;;;;;;;;;;;;;;;;;;;;;;;;;;;;329695;https://purl.pt/44460;https://bndigital.bnportugal.gov.pt//i/?IIIF=/d4/f1/dd/55/d4f1dd55-5dec-4b1b-acc4-0649a66c3d5c/iiif/cam-387-2-p_0001.tif/full/!300,500/0/default.jpg;Livro impresso;Português;;Este paiz e Camões;prologo ao centenario;;1.ª ed.;Ponte de Lima : Bibliotheca Noites do Minho Editora;1880;1880;31 p.;;;;;;;L. 33171//11 P.;CAM500;http://id.bnportugal.gov.pt/bib/catbnp/329695;Livre
6796;Celebrações - 1880 - Periódicos | 471;;;;;;;;;;;;;;;;;;;;;;;;;;;;;;;;;;;;;454234;https://purl.pt/44471;https://bndigital.bnportugal.gov.pt//i/?IIIF=/5a/56/55/6e/5a56556e-3faf-4e6e-971d-0a1b7f2c7360/iiif/cam-387-3-v_0001.tif/full/!300,500/0/default.jpg;Livro impresso;Português;;Estatutos da Associação dos Jornalistas e Escriptores Portuguezes;;;1.ª ed.;Lisboa : Typ. Universal;1880;1880;27, 4 p.;;Associação dos Jornalistas e Escritores Portugueses;;;;Tipografia Universal, Impressor;J. 1375//3 B.;CAM500;http://id.bnportugal.gov.pt/bib/catbnp/454234;Livre
6797;Bibliografias e catálogos - Catálogo | 551;Celebrações - 1880 - Catálogos | 480;;;;;;;;;;;;;;;;;;;;;;;;;;;;;;;;;;;;453594;https://purl.pt/44491;https://bndigital.bnportugal.gov.pt//i/?IIIF=/10/cc/b8/57/10ccb857-540b-4ff7-b008-4b1d3a89cc7f/iiif/cam-387-4-v_0001.tif/full/!300,500/0/default.jpg;Livro impresso;Português;;Relatório e contas da Direcção no ano social de 1879-1880;;;1.ª ed.;Porto : Typ. Central;1880;1880;91 p.;;Sociedade Nova Euterpe;;;;;S.C. 7742//6 V.;CAM500;http://id.bnportugal.gov.pt/bib/catbnp/453594;Livre
6798;Recepção criativa - Tematização | 409;Celebrações - 1880 - Recepção criativa - Tematização | 474;Vida - Ficção - Poesia | 16;;;;;;;;;;;;;;;;;;;;;;;;;;;;;;;;;;;454241;https://purl.pt/44492;https://bndigital.bnportugal.gov.pt//i/?IIIF=/06/74/67/4b/0674674b-7869-4656-916c-c09dd2a6f5b3/iiif/cam-387-5-v_0001.tif/full/!300,500/0/default.jpg;Livro impresso;Português;;Tricentenario de Camões;desenvolvimento da receita e despeza apresentada aos... subscriptores;;1.ª ed.;Lisboa : s.n.;1880;1880;1 f. desdobr., 8 p.;;Estevão Nunes & Filhos;;;;;CAM. 387//5 V.;CAM500;http://id.bnportugal.gov.pt/bib/catbnp/454241;Livre
6799;Obra - Impressos - Obras (avulsas) - Lírica - Fábula de Narciso | 38;Obra - Impressos - Paratextos - Obras (avulsas) - Lírica | 107;Obra - Impressos - Paratextos - Obras (avulsas) - Lírica - Vida | 108;Recepção criativa - Tematização | 409;Celebrações - 1880 - Recepção criativa - Tematização | 474;Celebrações - 1880 - Edições | 468;;;;;;;;;;;;;;;;;;;;;;;;;;;;;;;;454246;https://purl.pt/44486;https://bndigital.bnportugal.gov.pt//i/?IIIF=/27/fb/dc/ef/27fbdcef-0923-4d27-b28e-97f13dce8e45/iiif/cam-387-6-v_0001.tif/full/!300,500/0/default.jpg;Livro impresso;Português;;Relatorio apresentado à assembléa geral;;;1.ª ed.;Pernambuco : Typ. de Manoel Figueiroa de Faria & Filhos;1880;1880;63 p.;;;;;;Gabinete Português de Leitura, Editor comercial;CAM. 387//6 V.;CAM500;http://id.bnportugal.gov.pt/bib/catbnp/454246;Livre
6800;Obra - Impressos - Antologias - Lírica | 91;Celebrações - 1880 - Edições | 468;;;;;;;;;;;;;;;;;;;;;;;;;;;;;;;;;;;;330079;https://purl.pt/44476;https://bndigital.bnportugal.gov.pt//i/?IIIF=/dd/41/c3/e6/dd41c3e6-0837-449a-8d73-8f92bf2afac6/iiif/cam-397-10-p_0001.tif/full/!300,500/0/default.jpg;Livro impresso;Português;;Os Lusiadas e a conversão preambular;carta a Avelino de Sousa;;1.ª ed.;Lisboa : Typ. Rua Nova dos Martyres,3;1880;1880;14 p.;João de Deus, 1830-1896;;;;;;L. 9568//8 P.;CAM500;http://id.bnportugal.gov.pt/bib/catbnp/330079;Livre
6801;Celebrações - 1880 - Discussão, programas e relatórios | 481;;;;;;;;;;;;;;;;;;;;;;;;;;;;;;;;;;;;;330080;https://purl.pt/44490;https://bndigital.bnportugal.gov.pt//i/?IIIF=/b4/f3/2d/4b/b4f32d4b-a3be-4154-be2e-31d0a5ac19ab/iiif/cam-397-11-p_0001.tif/full/!300,500/0/default.jpg;Livro impresso;Português;;A varanda de Nathercia;;;1.ª ed.;Lisboa : Empresa Litteraria de Lisboa;1880;1880;64 p.;Alberto Pimentel, 1849-1925;;;;;;L. 22914//2 P.;CAM500;http://id.bnportugal.gov.pt/bib/catbnp/330080;Livre
6802;Bibliografia crítica - Obra | 412;Celebrações - 1880 - Textos críticos | 469;;;;;;;;;;;;;;;;;;;;;;;;;;;;;;;;;;;;330132;https://purl.pt/44482;https://bndigital.bnportugal.gov.pt//i/?IIIF=/88/1f/95/c8/881f95c8-5d31-4566-8a21-51b48c5b195e/iiif/cam-397-12-p_0001.tif/full/!300,500/0/default.jpg;Livro impresso;Português;;Vasco da Gama e Luiz de Camões.;;;1.ª ed.;Belem : Typ. Belenense;1880;1880;16 p.;João Luís da Silva Viana, ?-1882;;;;;;F.R. 814;CAM500;http://id.bnportugal.gov.pt/bib/catbnp/330132;Livre
6803;Recepção criativa - Tematização | 409;Celebrações - 1880 - Recepção criativa - Tematização | 474;;;;;;;;;;;;;;;;;;;;;;;;;;;;;;;;;;;;330063;https://purl.pt/44487;https://bndigital.bnportugal.gov.pt//i/?IIIF=/43/83/e4/98/4383e498-9fbe-47e0-b0c2-eae9f7bf78d6/iiif/cam-397-3-p_0001.tif/full/!300,500/0/default.jpg;Livro impresso;Português;;Camões e o século XIX;;;1.ª ed.;Lisboa : Livr. Internacional;1880;1880;36, 4 p.;Hugo Leal, ca 1878;;;;;;F.R. 814;CAM500;http://id.bnportugal.gov.pt/bib/catbnp/330063;Livre
6804;Celebrações - 1880 - Actos públicos | 477;Recepção criativa - Centão [Cintra] | 408;Recepção criativa - Tematização | 409;Celebrações - 1880 - Recepção criativa - Centão | 475;Celebrações - 1880 - Recepção criativa - Tematização | 474;Celebrações - 1880 - Vida | 470;Iconografia - Impressos - Retrato de Camões | 372;;;;;;;;;;;;;;;;;;;;;;;;;;;;;;;325285;https://purl.pt/44481;https://bndigital.bnportugal.gov.pt//i/?IIIF=/93/d6/35/9a/93d6359a-cad3-406e-b1e4-5a22263f4aec/iiif/cam-397-4-p_0001.tif/full/!300,500/0/default.jpg;Livro impresso;Português;;Camões e o seu cantor;;;1.ª ed.;Lisboa : Tip. de Ximenes Leopoldino Corrêa;1880;1880;15 p.;António Maria Baptista, 1822-189?;;;;;;L. 25767//2 P.;CAM500;http://id.bnportugal.gov.pt/bib/catbnp/325285;Livre
6805;Celebrações - 1880 - Actos públicos | 477;;;;;;;;;;;;;;;;;;;;;;;;;;;;;;;;;;;;;320509;https://purl.pt/44480;https://bndigital.bnportugal.gov.pt//i/?IIIF=/75/26/da/23/7526da23-a2cb-40df-9ef4-ac122e7883e1/iiif/cam-397-5-p_0001.tif/full/!300,500/0/default.jpg;Livro impresso;Português;;O centenário de Camões;;;1.ª ed.;Lisboa : Typ. de J. H. Verde;1880;1880;22 p.;Luciano Cordeiro, 1844-1900;;;;;;F.R. 814;CAM500;http://id.bnportugal.gov.pt/bib/catbnp/320509;Livre
6806;Celebrações - 1880 - Actos públicos | 477;;;;;;;;;;;;;;;;;;;;;;;;;;;;;;;;;;;;;330198;https://purl.pt/44529;https://bndigital.bnportugal.gov.pt//i/?IIIF=/9d/4e/12/2b/9d4e122b-cc33-4d98-ac3d-946f8438b4a5/iiif/cam-405-p_0007.tif/full/!300,500/0/default.jpg;Livro impresso;Português;;A velhice de Camoes;;;2.a ed.;Lisboa : Francisco Artur da Silva;1880;1880;"2 vol. em um t.181, 3; 184, 3 p.";Guillaume Joseph Gabriel de La Landelle, 1812-1886;;;João Trigueiros, 1824-1895, Tradutor;;;CAM. 405 P.;CAM500;http://id.bnportugal.gov.pt/bib/catbnp/330198;Livre
6807;Celebrações - 1880 - Vida | 470;Vida - Ficção - Narrativa | 15;;;;;;;;;;;;;;;;;;;;;;;;;;;;;;;;;;;;330426;https://purl.pt/44561;https://bndigital.bnportugal.gov.pt//i/?IIIF=/a6/3d/4b/99/a63d4b99-0980-48c7-ac4e-55d6e2821aac/iiif/cam-425-p_0007.tif/full/!300,500/0/default.jpg;Livro impresso;Francês;;Camoens;poeme;;1.ª ed.;Paris : A. Quantin;1880;1880;4, XLV, 1, 221, 2 p.;Almeida Garrett, 1799-1854;;;Henri Faure, 1826-1907, Autor da introdução, etc.;;;CAM. 425 P.;CAM500;http://id.bnportugal.gov.pt/bib/catbnp/330426;Livre
6808;Recepção criativa - Centão [Cintra] | 408;Celebrações - 1880 - Recepção criativa - Centão | 475;Bibliografia crítica - Estudo | 418;Celebrações - 1880 - Textos críticos | 469;;;;;;;;;;;;;;;;;;;;;;;;;;;;;;;;;;322260;https://purl.pt/44588;https://bndigital.bnportugal.gov.pt//i/?IIIF=/e6/44/0a/f1/e6440af1-b5c6-4b77-9dc3-14e6f3642b6e/iiif/cam-489-p_0001.tif/full/!300,500/0/default.jpg;Livro impresso;Português;;Camões;;;1.ª ed.;S. Paulo : Livr. Popular de Abílio A. S. Marques;1880;1880;IV, 111, 4 p.;Afonso Celso Júnior;;;;;;CAM. 313 P.;CAM500;http://id.bnportugal.gov.pt/bib/catbnp/322260;Livre
6809;Celebrações - 1880 - Actos públicos | 477;;;;;;;;;;;;;;;;;;;;;;;;;;;;;;;;;;;;;369515;https://purl.pt/44589;https://bndigital.bnportugal.gov.pt//i/?IIIF=/f5/0b/f5/34/f50bf534-3fcb-43e3-90b3-e3819bc9f181/iiif/cam-502-p_0005.tif/full/!300,500/0/default.jpg;Livro impresso;Português;;O carácter religioso dos Lusiadas de Luís de Camões;documentos e reflexões de um professor do Colégio de Maria Sacntissima Immaculada em Campolide;;1.ª ed.;Lisboa : Typographia Editora de Mattos Moreira;1880;1880;1, 142 p.;Antonio Onorati, 1829?-1881;;;;;;R. 23619 P.;CAM500;http://id.bnportugal.gov.pt/bib/catbnp/369515;Livre
6810;Vida - Biografia | 13;Celebrações - 1880 - Vida | 470;Bibliografia crítica - Estudo | 418;Celebrações - 1880 - Textos críticos | 469;Iconografia - Impressos - Retrato de Camões | 372;Iconografia - Impressos - Figuras históricas | 390;;;;;;;;;;;;;;;;;;;;;;;;;;;;;;;;808484;https://purl.pt/44020;https://bndigital.bnportugal.gov.pt//i/?IIIF=/4b/43/60/b8/4b4360b8-15f4-46c9-bc0a-e2ba5918a292/iiif/cam-66-v_0000_000007.tif/full/!300,500/0/default.jpg;Livro impresso;"Português ; Francês";Português;Os Lusíadas;cantos 1º, 2º e 3º;;1.ª ed.;Porto : Typ. Central;1880;1880;8º;Luís de Camões, 1524-1580;;;" Palmela, Tradutor ; José Joaquim da Silva Pereira Caldas, 1818-1903, Autor da introdução, etc.";;;CAM. 66 V.;CAM500;http://id.bnportugal.gov.pt/bib/catbnp/808484;Livre
6811;Obra - Impressos - Obras (avulsas) - Épica | 23;Obra - Impressos - Paratextos - Obras (avulsas) - Épica | 103;Obra - Impressos - Paratextos - Obras (avulsas) - Épica - Vida | 104;Obra - Impressos - Paratextos - Obras (avulsas) - Épica - Notas | 106;Recepção criativa - Tematização | 409;Iconografia - Impressos - Retrato de Camões | 372;Iconografia - Impressos - Imagens de Camões | 373;Iconografia - Impressos - Ilustrações da obra | 376;Iconografia - Impressos - Mapas | 387;Celebrações - 1880 - Edições | 468;Celebrações - 1880 - Recepção criativa - Tematização | 474;;;;;;;;;;;;;;;;;;;;;;;;;;;98840;https://purl.pt/44016;https://bndigital.bnportugal.gov.pt//i/?IIIF=/91/d0/b9/e6/91d0b9e6-dade-4731-93db-1f5883f197d7/iiif/cam-595-v_0000_000007.tif/full/!300,500/0/default.jpg;Livro impresso;Português;;Os Lusiadas;;;Edição consagrada a commemorar o terceiro centenario do poeta da nacionalidade portugueza pelo Gabinete Portuguez de Leitura no Rio de Janeiro;Lisboa : na officina de Castro Irmão, Impressor;1880;1880;XCIII, 3, 422, 4 p.;Luís de Camões, 1524-1580;;;"Adolfo Coelho, 1847-1919, Editor literário ; Ramalho Ortigão, 1836-1915, Autor da introdução, etc. ; Reinaldo Carlos Montoro, 1831-?, Autor do posfácio, cólofon, etc.";;Gabinete Português de Leitura, (Obsoleto);CAM. 595 V.;CAM500;http://id.bnportugal.gov.pt/bib/catbnp/98840;Livre
6812;Iconografia - Impressos - Imagens de Camões | 373;Iconografia - Impressos - Retrato de Camões | 372;Celebrações - 1880 - Iconografia | 478;Recepção criativa - Tematização | 409;Celebrações - 1880 - Recepção criativa - Tematização | 474;Vida - Biografia | 13;Celebrações - 1880 - Vida | 470;Obra - Impressos - Recolha epigráfica | 96;;;;;;;;;;;;;;;;;;;;;;;;;;;;;;401879;https://purl.pt/44935;https://bndigital.bnportugal.gov.pt//i/?IIIF=/22/e0/4a/b4/22e04ab4-db58-43fd-9ab9-ef49c6df8216/iiif/cam-984-p_0007.tif/full/!300,500/0/default.jpg;Livro impresso;Alemão;Português;Buch der sonette;;;1.ª ed.;Paderborn : Druck und Verlag von Ferdinand Schoningh;1880;1880;vol.;Luís de Camões, 1524-1580;;;Wilhelm Storck, 1829-1905, Tradutor;;;CAM. 984 P.;CAM500;http://id.bnportugal.gov.pt/bib/catbnp/401879;Livre
6813;Bibliografia crítica - Estudo | 418;Celebrações - 1880 - Textos críticos | 469;Vida - Ficção - Narrativa | 15;Celebrações - 1880 - Vida | 470;;;;;;;;;;;;;;;;;;;;;;;;;;;;;;;;;;475197;https://purl.pt/40136;https://bndigital.bnportugal.gov.pt//i/?IIIF=/75/b5/36/34/75b53634-d5a8-4a32-b5a5-46989eb06eff/iiif/cam-61-2-v_0000_000003.tif/full/!300,500/0/default.jpg;Livro manuscrito;Polaco;;Ttumocczenic wierszem noc jezyk Polski nicktorych Sones - i piesni Ludivika Camoensa;;;1.ª ed.;;1880;1880;13 f.;;;;"Luís de Camões, 1524-1580, Antecedente bibliográfico ; Dionizy Piotrowski, fl. 1880, Tradutor";;;CAM. 61//2 V.;;http://id.bnportugal.gov.pt/bib/catbnp/475197;Livre
6814;Celebrações - 1880 - Discussão, programas e relatórios | 481;Celebrações - 1880 - Iconografia | 478;;;;;;;;;;;;;;;;;;;;;;;;;;;;;;;;;;;;475386;https://purl.pt/34066;https://bndigital.bnportugal.gov.pt//i/?IIIF=/7b/ea/48/81/7bea4881-9971-4ba1-bb34-ba1a9d98ae86/iiif/cam-653-10-v_0000_000001.tif/full/!300,500/0/default.jpg;Livro impresso;Português;;A Camões;soneto;;1.ª ed.;Coimbra : Imp. da Universidade;1880;1880;1 f.;Jaime Vítor, 1855-1924;;;;;;CAM. 653//10 V.;;http://id.bnportugal.gov.pt/bib/catbnp/475386;Livre
6815;Recepção criativa - Tematização | 409;Celebrações - 1880 - Textos críticos | 469;Celebrações - 1880 - Discussão, programas e relatórios | 481;Celebrações - 1880 - Recepção criativa - Tematização | 474;Celebrações - 1880 - Nótulas | 482;;;;;;;;;;;;;;;;;;;;;;;;;;;;;;;;;478277;https://purl.pt/16331;https://bndigital.bnportugal.gov.pt//i/?IIIF=/7b/e1/4f/72/7be14f72-c733-43fd-9638-a8c651f1c769/iiif/478277_1880-06-10_0001_rosto_t24-C-R0150.tif/full/!300,500/0/default.jpg;Periódico;Português;;Portugal a Camões;publicação extraordinaria do jornal de viagens commemorando o tricentenario do cantor dos Lusiadas;;1.ª ed.;Porto : Impr. Int. de Ferreira de Brito & A. Monteiro;1880;1880;;;;;"Benigno Joaquim Martinez, fl. 1886, Director ; Emidio de Oliveira, 1853-?, Director";;;J. 1662//17 V.;;http://id.bnportugal.gov.pt/bib/catbnp/478277;Livre
6816;Celebrações - 1880 - Actos públicos | 477;;;;;;;;;;;;;;;;;;;;;;;;;;;;;;;;;;;;;2186716;https://purl.pt/43583;https://bndigital.bnportugal.gov.pt//i/?IIIF=/34/15/80/96/34158096-8213-4bbc-9ed1-900a4e8c3786/iiif/cam-80-11-a_0000_000001.tif/full/!300,500/0/default.jpg;Livro impresso;Português;;Camões e as festas;folhetim do centenário camoniano;;1.ª ed.;Lisboa,;1880;1880;4 p.;Júlio César Machado, 1835-1890;;;;;;CAM. 80//11 A.;;http://id.bnportugal.gov.pt/bib/catbnp/2186716;Livre
6817;Bibliografias e catálogos - Catálogo | 551;;;;;;;;;;;;;;;;;;;;;;;;;;;;;;;;;;;;;2194813;https://purl.pt/43899;https://bndigital.bnportugal.gov.pt//i/?IIIF=/cd/74/72/44/cd747244-4edb-43a8-b47a-c90386660876/iiif/cam-80-5-a_0001.tif/full/!300,500/0/default.jpg;Livro impresso;Português;;Textos sobre Camões e a sua obra, no tricentenário camoniano;;;1.ª ed.;Lisboa : Typ. do Futuro;1880;1880;2 f.;;;;;;;CAM. 80//5 A.;;http://id.bnportugal.gov.pt/bib/catbnp/2194813;Livre
6818;Celebrações - 1880 - Nótulas | 482;;;;;;;;;;;;;;;;;;;;;;;;;;;;;;;;;;;;;2195036;https://purl.pt/43936;https://bndigital.bnportugal.gov.pt//i/?IIIF=/0a/13/93/d4/0a1393d4-9213-4b2a-bcd4-fcccad9c174f/iiif/cam-80-32-a_0000_000001.tif/full/!300,500/0/default.jpg;Livro impresso;Português;;Luís de Camões;"número camoniano da ""Correspondencia de Coimbra""";;1.ª ed.;Coimbra : Imprensa Academica;1880;1880;2 f.;;;;;;;CAM. 80//32 A.;;http://id.bnportugal.gov.pt/bib/catbnp/2195036;Livre
6819;Obra - Impressos - Obras (avulsas) - Lírica - Soneto | 35;Celebrações - 1880 - Edições | 468;;;;;;;;;;;;;;;;;;;;;;;;;;;;;;;;;;;;2195040;https://purl.pt/44168;https://bndigital.bnportugal.gov.pt//i/?IIIF=/17/bd/c8/9a/17bdc89a-f7a2-4c68-baa5-b06004d144a8/iiif/cam-80-33-a_0000_000001.tif/full/!300,500/0/default.jpg;Livro impresso;Português;;Luís de Camões;"número camoniano do ""Ecco Michaelense""";;1.ª ed.;Ponta Delgada : Typ. do Defensor da Patria;1880;1880;2 f.;;;;;;;CAM. 80//33 A.;;http://id.bnportugal.gov.pt/bib/catbnp/2195040;Livre
6820;Recepção criativa - Tematização | 409;Celebrações - 1880 - Actos públicos | 477;Celebrações - 1880 - Recepção criativa - Tematização | 474;;;;;;;;;;;;;;;;;;;;;;;;;;;;;;;;;;;808488;https://purl.pt/44193;https://bndigital.bnportugal.gov.pt//i/?IIIF=/7d/47/99/ed/7d4799ed-8bfa-4b2a-a724-7079ed045840/iiif/cam-73-v_0000_000005.tif/full/!300,500/0/default.jpg;Livro impresso;Português;;Colecção de poesias distribuidas no Imperial Teatro D. Pedro II por ocasião do festival comemorativo;;;1.ª ed.;Rio de Janeiro : Tip. e Lit. Moreira Maximino e C;1880;1880;49 f.;;;;;;Real Gabinete Português de Leitura do Rio de Janeiro, Editor literário;CAM. 73 V.;CAM500;http://id.bnportugal.gov.pt/bib/catbnp/808488;Livre
6821;Recepção criativa - Tematização | 409;Vida - Ficção - Poesia | 16;Celebrações - 1880 - Actos públicos | 477;Celebrações - 1880 - Recepção criativa - Tematização | 474;;;;;;;;;;;;;;;;;;;;;;;;;;;;;;;;;;478151;https://purl.pt/43898;https://bndigital.bnportugal.gov.pt//i/?IIIF=/7d/dc/6a/e7/7ddc6ae7-2765-4676-955b-b1215aeeb64f/iiif/cam-80-28-a_0001.tif/full/!300,500/0/default.jpg;Periódico;Português;;O amigo do povo;periodico bracarense;;1.ª ed.;Braga : Typ. de Gonçalves Gouvea;1880;1880;;;;;;;;CAM. 80//28 A.;CAM500;http://id.bnportugal.gov.pt/bib/catbnp/478151;Livre
6822;Recepção criativa - Tematização | 409;Celebrações - 1880 - Actos públicos | 477;Celebrações - 1880 - Recepção criativa - Tematização | 474;;;;;;;;;;;;;;;;;;;;;;;;;;;;;;;;;;;197686;https://purl.pt/44732;https://bndigital.bnportugal.gov.pt//i/?IIIF=/45/5c/fb/7c/455cfb7c-1d3a-44e5-853a-876e894fac36/iiif/cam-644-v_0001.tif/full/!300,500/0/default.jpg;Livro impresso;Português;;Catálogo resumido duma collecção camoneana;;;1.ª ed.;São Miguel : Typ. do Archivo dos Açores;1880;1880;69 p.;;Ponta Delgada. Biblioteca Pública e Arquivo Distrital;;;;;B. 7479 V.;CAM500;http://id.bnportugal.gov.pt/bib/catbnp/197686;Livre
6823;Recepção criativa - Tematização | 409;Celebrações - 1880 - Actos públicos | 477;Celebrações - 1880 - Recepção criativa - Tematização | 474;;;;;;;;;;;;;;;;;;;;;;;;;;;;;;;;;;;251864;https://purl.pt/44795;https://bndigital.bnportugal.gov.pt//i/?IIIF=/74/f8/6c/67/74f86c67-c5bc-4318-b5c1-1cd5bde706e1/iiif/cam-718-p_0009.tif/full/!300,500/0/default.jpg;Livro impresso;Português;;Camões;;;7a. ed.;"Porto ; Braga : Liv. de Ernesto Chardron";1880;1880;LXXXIV, 273, 2 p.;Almeida Garrett, 1799-1854;;;"Camilo Castelo Branco, 1825-1890, Autor da introdução, etc. ; J. Gabriel B. Fernandes, 1850-1914, Antigo possuidor";;;CAM. 364 P.;CAM500;http://id.bnportugal.gov.pt/bib/catbnp/251864;Livre
6824;Recepção criativa - Tematização | 409;Celebrações - 1880 - Actos públicos | 477;Celebrações - 1880 - Recepção criativa - Tematização | 474;;;;;;;;;;;;;;;;;;;;;;;;;;;;;;;;;;;252584;https://purl.pt/44933;https://bndigital.bnportugal.gov.pt//i/?IIIF=/ed/45/b6/6e/ed45b66e-e8d2-4ac1-8584-95c8935768b3/iiif/cam-990-p_0013.tif/full/!300,500/0/default.jpg;Livro impresso;Português;;A fábula de Narciso;;;1.ª ed.;Porto : Imprensa Internacional;1880;1880;32 p.;Luís de Camões, 1524-1580;;;Ferreira de Brito, fl. 187--188-, Editor literário;;;CAM. 306//1 P.;CAM500;http://id.bnportugal.gov.pt/bib/catbnp/252584;Livre
6825;Recepção criativa - Tematização | 409;Celebrações - 1880 - Actos públicos | 477;Celebrações - 1880 - Recepção criativa - Tematização | 474;;;;;;;;;;;;;;;;;;;;;;;;;;;;;;;;;;;370691;https://purl.pt/44628;https://bndigital.bnportugal.gov.pt//i/?IIIF=/80/26/01/1a/8026011a-b3a3-40ec-8677-e50093e3c66f/iiif/cam-527-p_0007.tif/full/!300,500/0/default.jpg;Livro impresso;Português;;Poesias lyricas;;;1.ª ed.;Rio de Janeiro : s.n.;1880;1880;159 p.;Luís de Camões, 1524-1580;;;;;;L. 25600 P.;CAM500;http://id.bnportugal.gov.pt/bib/catbnp/370691;Livre
6826;Obra - Impressos - Composições soltas e fragmentos - Épica - Episódio | 67;Celebrações - 1880 - Edições | 468;;;;;;;;;;;;;;;;;;;;;;;;;;;;;;;;;;;;403411;https://purl.pt/44656;https://bndigital.bnportugal.gov.pt//i/?IIIF=/fd/ec/98/8d/fdec988d-42e2-40f6-a5da-d0e226fdf553/iiif/cam-578-v_0001.tif/full/!300,500/0/default.jpg;Livro impresso;Português;;O centenário de Camões;;;1.ª ed.;Porto : Imprensa Commercial;1880;1880;;Teófilo Braga, 1843-1924;;;;;;CAM. 578 V.;CAM500;http://id.bnportugal.gov.pt/bib/catbnp/403411;Livre
6827;Bibliografia crítica - Estudo | 418;Celebrações - 1880 - Textos críticos | 469;Obra - Impressos - Composições soltas e fragmentos - Épica - Episódio | 67;Recepção criativa - Tematização | 409;Celebrações - 1880 - Recepção criativa - Tematização | 474;Iconografia - Impressos - Figuras históricas | 390;;;;;;;;;;;;;;;;;;;;;;;;;;;;;;;;431017;https://purl.pt/44629;https://bndigital.bnportugal.gov.pt//i/?IIIF=/72/7d/57/85/727d5785-74f6-4924-9f1f-3546e75df22c/iiif/cam-530-v_0007.tif/full/!300,500/0/default.jpg;Livro impresso;Português;;Flora dos Lusíadas;;;1.ª ed.;Lisboa : Academia Real das Sciencias;1880;1880;99, 3 p.; Ficalho, 1837-1903;;;Ernesto Jardim de Vilhena, 1876-1967, Antigo possuidor;;;H.G. 10655//1 P.;CAM500;http://id.bnportugal.gov.pt/bib/catbnp/431017;Livre
6828;Celebrações - 1880 - Actos públicos | 477;;;;;;;;;;;;;;;;;;;;;;;;;;;;;;;;;;;;;453696;https://purl.pt/44697;https://bndigital.bnportugal.gov.pt//i/?IIIF=/7c/01/82/ad/7c0182ad-5876-4e4b-b111-3467232c6552/iiif/cam-626-v_0001.tif/full/!300,500/0/default.jpg;Livro impresso;Português;;Homenagem a Camões;Junho de 1880;;1.ª ed.;Lisboa : s.n.;1880;1880;8 p.;António Cardoso Borges de Figueiredo, 1851?-1890;;;;;;CAM. 381//26 V.;CAM500;http://id.bnportugal.gov.pt/bib/catbnp/453696;Livre
6829;Celebrações - 1880 - Periódicos | 471;Iconografia - Impressos - Retrato de Camões | 372;Celebrações - 1880 - Iconografia | 478;Iconografia - Impressos - Ilustrações da obra | 376;Iconografia - Impressos - Lugares de memória | 391;;;;;;;;;;;;;;;;;;;;;;;;;;;;;;;;;458381;https://purl.pt/44583;https://bndigital.bnportugal.gov.pt//i/?IIIF=/af/b1/dd/2a/afb1dd2a-13d1-4982-88e4-3eb01615ec44/iiif/cam-520-v_0007.tif/full/!300,500/0/default.jpg;Livro impresso;Português;;Sarau literario em comemoração do tri-centenario de Luiz de Camões 1580-1880;;;1.ª ed.;Coimbra : Imprensa da Universidade;1880;1880;119, 2 p.;;;;;;;CAM. 520 V.;CAM500;http://id.bnportugal.gov.pt/bib/catbnp/458381;Livre
6830;Celebrações - 1880 - Periódicos | 471;;;;;;;;;;;;;;;;;;;;;;;;;;;;;;;;;;;;;458536;https://purl.pt/44636;https://bndigital.bnportugal.gov.pt//i/?IIIF=/88/08/58/4e/8808584e-e2bc-464c-ac27-e5e89b5769a9/iiif/cam-524-v_0005.tif/full/!300,500/0/default.jpg;Livro impresso;Português;;Paralello entre Virgilio e Camões;conferencia pronunciada em sessão solemne da sociedade Nova Euterpe, a 13 de Junho de 1880;;1.ª ed.;Porto : Tip. Lusitana;1880;1880;22 p.;Emílio Dantas;;;" Virgílio, 70-19 a.C., Antecedente bibliográfico ; Luís de Camões, 1524-1580, Antecedente bibliográfico";;;CAM. 524 V.;CAM500;http://id.bnportugal.gov.pt/bib/catbnp/458536;Livre
6831;Celebrações - 1880 - Periódicos | 471;;;;;;;;;;;;;;;;;;;;;;;;;;;;;;;;;;;;;458664;https://purl.pt/44664;https://bndigital.bnportugal.gov.pt//i/?IIIF=/76/6a/5d/e3/766a5de3-6cbd-4b9c-9d6f-ae3ef1c84503/iiif/cam-557-v_0001.tif/full/!300,500/0/default.jpg;Livro impresso;Português;;Publicação em beneficio do Asylo de Invalidos denominado Asylo Camões, iniciado... em commemoração do tricentenario do immortal épico portuguez;poesia;;1.ª ed.;Ponte de Lima : Tip. Comercial;1880;1880;5 f.;A. Xavier Sousa Cordeiro, 1844-1903;;;;;;L. 5903//14 A.;CAM500;http://id.bnportugal.gov.pt/bib/catbnp/458664;Livre
6832;Celebrações - 1880 - Periódicos | 471;Iconografia - Impressos - Retrato de Camões | 372;;;;;;;;;;;;;;;;;;;;;;;;;;;;;;;;;;;;766896;https://purl.pt/44626;https://bndigital.bnportugal.gov.pt//i/?IIIF=/b2/24/5f/03/b2245f03-3bff-489d-b11a-6bbcefb34b77/iiif/cam-531-5-p_0001.tif/full/!300,500/0/default.jpg;Livro impresso;Português;;O centenario de Camões;;;1.ª ed.;Rio de Janeiro : Typ. da Escola de Serafim José Alves;1880;1880;8 p.;F. de Figueiredo, ca. 1880;;;;;;CAM. 531//5 P.;CAM500;http://id.bnportugal.gov.pt/bib/catbnp/766896;Livre
6833;Celebrações - 1880 - Periódicos | 471;;;;;;;;;;;;;;;;;;;;;;;;;;;;;;;;;;;;;788695;https://purl.pt/44833;https://bndigital.bnportugal.gov.pt//i/?IIIF=/a0/14/95/a6/a01495a6-233f-4244-9cee-c5cb948117f5/iiif/cam-833-p_0005.tif/full/!300,500/0/default.jpg;Livro impresso;Português;;Sonetos centonicos do seculo seiscentista em versos de Camões;;;1.ª ed.;Braga : s.n.;1880;1880;5, 2 p.;Manuel do Sepulcro, 1596-1674;;André Nunes da Silva, 1630-1705, Autor;José Joaquim da Silva Pereira Caldas, 1818-1903, Autor da introdução, etc.;;;CAM. 833 P.;CAM500;http://id.bnportugal.gov.pt/bib/catbnp/788695;Livre
6834;Celebrações - 1880 - Periódicos | 471;;;;;;;;;;;;;;;;;;;;;;;;;;;;;;;;;;;;;788846;https://purl.pt/44825;https://bndigital.bnportugal.gov.pt//i/?IIIF=/50/5f/c5/89/505fc589-5b98-4eb2-ad2d-ab8759afe82f/iiif/cam-837-p_0005.tif/full/!300,500/0/default.jpg;Livro impresso;Português;;Discurso laudatorio... em honra de Camões;;;1.ª ed.;Évora : Tip. Eborense;1880;1880;8 p.;Jerónimo de Gouveia Gama Freixo, 1861-1936;;;;;;CAM. 402//17 V.;CAM500;http://id.bnportugal.gov.pt/bib/catbnp/788846;Livre
6835;Celebrações - 1880 - Periódicos | 471;;;;;;;;;;;;;;;;;;;;;;;;;;;;;;;;;;;;;798873;https://purl.pt/44930;https://bndigital.bnportugal.gov.pt//i/?IIIF=/fd/07/3b/25/fd073b25-f776-432d-95b0-d26cd417aa0a/iiif/cam-988-p_0003.tif/full/!300,500/0/default.jpg;Livro impresso;Português;;Camões e os Lusíadas;estudo crítico publicado por ocasião do tricentenário;;1.ª ed.;Lisboa : Nova Livr. Internacional;1880;1880;XX p.;Teófilo Braga, 1843-1924;;;;;;CAM. 988 P.;CAM500;http://id.bnportugal.gov.pt/bib/catbnp/798873;Livre
6836;Celebrações - 1880 - Periódicos | 471;Iconografia - Impressos - Imagens de Camões | 373;Iconografia - Impressos - Em torno de Camões | 374;;;;;;;;;;;;;;;;;;;;;;;;;;;;;;;;;;;381189;https://purl.pt/19851;https://bndigital.bnportugal.gov.pt//i/?IIIF=/35/3a/f7/86/353af786-af35-4823-aad5-6c0473e49078/iiif/cam-248-a_0000_capa-capa_t24-C-R0150_000001.tif/full/!300,500/0/default.jpg;Livro impresso;Português;;Os Lusíadas de Luiz de Camões;edição critica-commemorativa do Terceiro Centenario da Morte do Grande Poeta;;1.ª ed.;Leipzig : Giesecke & Devrient;1880;1880;8, LVI, 375, XCII p.;Luís de Camões, 1524-1580;;José da Silva Mendes Leal, 1820-1886, Autor;"Emílio Biel, 1838-1915, Editor literário ; Ludwig Burger, 1825-1884, Ilustrador";;Instituto Alemão, Antigo possuidor;L. 6236 A.;;http://id.bnportugal.gov.pt/bib/catbnp/381189;Livre
6837;Celebrações - 1880 - Periódicos | 471;;;;;;;;;;;;;;;;;;;;;;;;;;;;;;;;;;;;;384309;https://purl.pt/15053;https://bndigital.bnportugal.gov.pt//i/?IIIF=/0b/b8/6e/1a/0bb86e1a-6e26-412b-ba9e-b1628b9813bf/iiif/384309_0000_capa-capa_t24-C-R0150_000005.tif/full/!300,500/0/default.jpg;Livro impresso;Espanhol;;Corona poetica y literaria dedicada a Luiz de Camões en la conmemoracion del tricentenario de su muerte por la literatura y artes de España;;;1.ª ed.;Lisboa : Tip. Luso-Hespanhola de D. Gumersindo de la Rosa : 1880;1880;1880;12 p.;;;;;;;CAM. 138 A.;;http://id.bnportugal.gov.pt/bib/catbnp/384309;Livre
6838;Celebrações - 1880 - Periódicos | 471;Iconografia - Impressos - Retrato de Camões | 372;Figuras Femininas - Autoras (produção escrita sobre Camões) | 552;;;;;;;;;;;;;;;;;;;;;;;;;;;;;;;;;;;409017;https://purl.pt/32636;https://bndigital.bnportugal.gov.pt//i/?IIIF=/0a/91/d9/df/0a91d9df-bd05-4359-991a-8f72d07d091d/iiif/cam-101-v_0000_000007.tif/full/!300,500/0/default.jpg;Livro impresso;Português;;Fragmentos duma tentativa de estudo scoliastico da epopeia portugueza;;;1.ª ed.;Lisboa : Livreiros Depositários;1880;1880;80 p.;Guilherme de Vasconcelos Abreu, 1842-1907;;;Ernesto Jardim de Vilhena, 1876-1967, Antigo possuidor;;;L. 29940 V.;;http://id.bnportugal.gov.pt/bib/catbnp/409017;Livre
6839;Celebrações - 1880 - Periódicos | 471;;;;;;;;;;;;;;;;;;;;;;;;;;;;;;;;;;;;;410603;https://purl.pt/25652;https://bndigital.bnportugal.gov.pt//i/?IIIF=/6f/8f/50/7a/6f8f507a-72f3-43c7-911d-22a32c990847/iiif/cam-89-a_0000_capa-capa_t24-C-R0150_000013.tif/full/!300,500/0/default.jpg;Livro impresso;Português;;Programa da celebração em Lisboa do Tricentenário de Luís de Camões;;;1.ª ed.;Lisboa : Tip. Universal;1880;1880;8 p.;;;;;;;CAM. 89 A.;;http://id.bnportugal.gov.pt/bib/catbnp/410603;Livre
6840;Celebrações - 1880 - Periódicos | 471;;;;;;;;;;;;;;;;;;;;;;;;;;;;;;;;;;;;;453338;https://purl.pt/35761;https://bndigital.bnportugal.gov.pt//i/?IIIF=/18/b2/ef/89/18b2ef89-2784-43e1-ab04-5e0521cfd992/iiif/453338_0000_000001.tif/full/!300,500/0/default.jpg;Livro impresso;Português;;Homenagem a Camões;10 de Junho de 1880;;1.ª ed.;Faro : Tip. do Districto de Faro;1880;1880;54 p.;;;;;;;CAM. 379//2 V.;;http://id.bnportugal.gov.pt/bib/catbnp/453338;Livre
6841;Celebrações - 1880 - Periódicos | 471;;;;;;;;;;;;;;;;;;;;;;;;;;;;;;;;;;;;;464848;https://purl.pt/20766;https://bndigital.bnportugal.gov.pt//i/?IIIF=/01/ce/e3/f4/01cee3f4-68c2-4448-b09c-85e1601149d7/iiif/cam-613-v_0000_capa-capa_t24-C-R0150_000005.tif/full/!300,500/0/default.jpg;Livro impresso;Português;;Discurso recitado no Theatro Michaelense na recita de caridade... dramática Camões e o Jao...;;;1.ª ed.;Ponta Delgada : s.n.;1880;1880;22 p.;Manuel Pereira Cabral de Lacerda, ?-1914;;;;;;CAM. 613 V.;;http://id.bnportugal.gov.pt/bib/catbnp/464848;Livre
6842;Celebrações - 1880 - Periódicos | 471;;;;;;;;;;;;;;;;;;;;;;;;;;;;;;;;;;;;;465383;https://purl.pt/27192;https://bndigital.bnportugal.gov.pt//i/?IIIF=/ba/5e/2b/75/ba5e2b75-85a9-40d1-b31c-4bea94701a69/iiif/cam-652-v_0000_capa-capa_t24-C-R0150_000001.tif/full/!300,500/0/default.jpg;Livro impresso;Português;;Descripção da Camoneana que pertenceu ao fallecido senhor José Gomes Monteiro;;;1.ª ed.;Porto : Typ. Alexandre da Fonseca Vasconcellos;1880;1880;19 p.;;;;;;;CAM. 652 V.;;http://id.bnportugal.gov.pt/bib/catbnp/465383;Livre
6843;Celebrações - 1880 - Periódicos | 471;;;;;;;;;;;;;;;;;;;;;;;;;;;;;;;;;;;;;475192;https://purl.pt/39803;https://bndigital.bnportugal.gov.pt//i/?IIIF=/ad/ad/f3/9b/adadf39b-99f4-4a09-9040-ee3f75546a3e/iiif/cam-61-1-v_0000_000001.tif/full/!300,500/0/default.jpg;Livro manuscrito;Francês;;"Carta dirigida a António José Viale acusando a recepção de outra deste em agradecimento pela oferta de uma tradução para polaco de ""Os Lusíadas"" feita pelo autor";;;1.ª ed.;Londres,;1880;1880;2 f.;Dionizy Piotrowski, fl. 1880;;;António José Viale, 1806-1889, Antecedente bibliográfico;;;CAM. 61//1 V.;;http://id.bnportugal.gov.pt/bib/catbnp/475192;Livre
6844;Celebrações - 1880 - Periódicos | 471;;;;;;;;;;;;;;;;;;;;;;;;;;;;;;;;;;;;;475373;https://purl.pt/34059;https://bndigital.bnportugal.gov.pt//i/?IIIF=/b0/c5/f1/55/b0c5f155-f2bf-4632-9c5e-d8da43272b14/iiif/cam-653-1-v_0000_000001.tif/full/!300,500/0/default.jpg;Livro impresso;Português;;Alma minha gentil, que te partiste...;soneto;;1.ª ed.;Coimbra : Commissão Academica do Tricentenario;1880;1880;1 cartão;Luís de Camões, 1524-1580;;;;;;CAM. 653//1 V.;;http://id.bnportugal.gov.pt/bib/catbnp/475373;Livre
6845;Celebrações - 1880 - Periódicos | 471;;;;;;;;;;;;;;;;;;;;;;;;;;;;;;;;;;;;;475380;https://purl.pt/34062;https://bndigital.bnportugal.gov.pt//i/?IIIF=/90/06/c4/39/9006c439-3194-4488-a5bf-73226ad5d55f/iiif/cam-653-4-v_0000_000001.tif/full/!300,500/0/default.jpg;Livro impresso;Português;;Soneto a Camões;;;1.ª ed.;Coimbra : Imp. da Universidade;1880;1880;1 f.;João de Deus, 1830-1896;;;;;;CAM. 653//4 V.;;http://id.bnportugal.gov.pt/bib/catbnp/475380;Livre
6846;Celebrações - 1880 - Periódicos | 471;;;;;;;;;;;;;;;;;;;;;;;;;;;;;;;;;;;;;475383;https://purl.pt/34063;https://bndigital.bnportugal.gov.pt//i/?IIIF=/d7/9a/f2/1b/d79af21b-3a11-45f8-94a4-0f783dab9c72/iiif/cam-653-6-v_0000_000001.tif/full/!300,500/0/default.jpg;Livro impresso;Português;;Fragmento do poema Catharina dAthayde;;;1.ª ed.;Coimbra : Imp. da Universidade;1880;1880;1 f.; Monsaraz, 1852-1913;;;;;;CAM. 653//6 V.;;http://id.bnportugal.gov.pt/bib/catbnp/475383;Livre
6847;Celebrações - 1880 - Periódicos | 471;;;;;;;;;;;;;;;;;;;;;;;;;;;;;;;;;;;;;475384;https://purl.pt/34064;https://bndigital.bnportugal.gov.pt//i/?IIIF=/a6/83/4c/be/a6834cbe-876a-4286-a5a3-4b3a234cf137/iiif/cam-653-7-v_0000_000001.tif/full/!300,500/0/default.jpg;Livro impresso;Português;;Soneto a Camões;;;1.ª ed.;Coimbra : Imp. da Universidade;1880;1880;1 f.;Luís Osório, 1860-1900;;;;;;CAM. 653//7 V.;;http://id.bnportugal.gov.pt/bib/catbnp/475384;Livre
6848;Celebrações - 1880 - Periódicos | 471;Figuras Femininas - Autoras (produção escrita sobre Camões) | 552;;;;;;;;;;;;;;;;;;;;;;;;;;;;;;;;;;;;475385;https://purl.pt/34065;https://bndigital.bnportugal.gov.pt//i/?IIIF=/d1/55/1f/9a/d1551f9a-dc05-453d-8d0c-f71ebcc92d25/iiif/cam-653-9-v_0000_000001.tif/full/!300,500/0/default.jpg;Livro impresso;Português;;A Camões;soneto;;1.ª ed.;Coimbra : Imp. da Universidade;1880;1880;1 f.;António Feijó, 1859-1917;;;;;;CAM. 653//9 V.;;http://id.bnportugal.gov.pt/bib/catbnp/475385;Livre
6849;Celebrações - 1880 - Periódicos | 471;;;;;;;;;;;;;;;;;;;;;;;;;;;;;;;;;;;;;475387;https://purl.pt/34067;https://bndigital.bnportugal.gov.pt//i/?IIIF=/93/27/cf/29/9327cf29-37b9-48cf-8fe1-f2c34409e176/iiif/cam-653-11-v_0000_000001.tif/full/!300,500/0/default.jpg;Livro impresso;Português;;A leitura dos Lusíadas;soneto;;1.ª ed.;Coimbra : Imp. da Universidade;1880;1880;1 f.;Gonçalves Crespo, 1846-1883;;;;;;CAM. 653//11 V.;;http://id.bnportugal.gov.pt/bib/catbnp/475387;Livre
6850;Celebrações - 1880 - Periódicos | 471;;;;;;;;;;;;;;;;;;;;;;;;;;;;;;;;;;;;;475425;https://purl.pt/34068;https://bndigital.bnportugal.gov.pt//i/?IIIF=/3b/57/80/49/3b578049-ea00-44c7-a8cb-fc2fd8c2d7b4/iiif/cam-653-13-v_0000_000001.tif/full/!300,500/0/default.jpg;Livro impresso;Português;;Os Lusíadas;poema;;1.ª ed.;Coimbra : Imp. da Universidade;1880;1880;1 f.;João de Deus, 1830-1896;;;;;;CAM. 653//13 V.;;http://id.bnportugal.gov.pt/bib/catbnp/475425;Livre
6851;Celebrações - 1880 - Periódicos | 471;Iconografia - Impressos - Retrato de Camões | 372;;;;;;;;;;;;;;;;;;;;;;;;;;;;;;;;;;;;475428;https://purl.pt/34069;https://bndigital.bnportugal.gov.pt//i/?IIIF=/1a/ca/ae/50/1acaae50-9433-4a46-9331-910286d233fd/iiif/cam-653-15-v_0000_000001.tif/full/!300,500/0/default.jpg;Livro impresso;Português;;Os Lusíadas;os Doze de Inglaterra;;1.ª ed.;Lisboa : Typ. e Lith. Moreira Maximino & C.;1880;1880;1 f.;Luís de Camões, 1524-1580;;;;;;CAM. 653//15 V.;;http://id.bnportugal.gov.pt/bib/catbnp/475428;Livre
6852;Celebrações - 1880 - Discussão, programas e relatórios | 481;;;;;;;;;;;;;;;;;;;;;;;;;;;;;;;;;;;;;808818;https://purl.pt/15027;https://bndigital.bnportugal.gov.pt//i/?IIIF=/e2/02/20/0f/e202200f-f988-4c56-a1a4-5c5385b99931/iiif/cam-1801-v_0000_capa-capa_t24-C-R0150_000011.tif/full/!300,500/0/default.jpg;Livro impresso;Português;;Inês de Castro;tricentenário de Camões;;1.ª ed.;Lisboa : Tip. Castro & Irmão;1880;1880;135 p.;Aníbal Fernandes Tomás, 1849-1911;;;"Luís de Camões, 1524-1580, Antecedente bibliográfico ; Eduardo Freire de Oliveira, 1841-1916, Antigo possuidor";;;CAM. 97 V.;;http://id.bnportugal.gov.pt/bib/catbnp/808818;Livre
6853;Celebrações - 1880 - Discussão, programas e relatórios | 481;;;;;;;;;;;;;;;;;;;;;;;;;;;;;;;;;;;;;846012;https://purl.pt/34352;https://bndigital.bnportugal.gov.pt//i/?IIIF=/b1/4c/26/09/b14c2609-a4c8-4e7b-87e3-5bc2b50ca325/iiif/sa-11389-10-p_0000_000001.tif/full/!300,500/0/default.jpg;Livro impresso;Português;;Estudos botânicos;conferencia pronunciada no Instituto Geral de Agricultura no dia 5 de Junho de 1880;;1.ª ed.;Lisboa : Typographia Universal de Thomaz Quintino Antunes...;1880;1880;48 p.;Henrique de Mendia, 1858-1901;;;;;;S.A. 11057//6 V.;;http://id.bnportugal.gov.pt/bib/catbnp/846012;Livre
6854;Celebrações - 1880 - Periódicos | 471;Bibliografia crítica - Polémica e discussão | 417;Iconografia - Impressos - Retrato de Camões | 372;Iconografia - Impressos - Imagens de Camões | 373;Iconografia - Impressos - Lugares de memória | 391;Celebrações - 1880 - Recepção criativa - Paródia | 473;;;;;;;;;;;;;;;;;;;;;;;;;;;;;;;;2194758;https://purl.pt/44208;https://bndigital.bnportugal.gov.pt//i/?IIIF=/73/3c/1c/5c/733c1c5c-a790-4c10-b49a-316f3e4f9508/iiif/cam-80-2-a_0000_000001.tif/full/!300,500/0/default.jpg;Livro impresso;Português;;A Camões, 10 de Junho de 1580-10 de Junho de 1880;"número de homenagem de ""O Atlântico"" no tricentenário de Camões";;1.ª ed.;Lisboa : Empreza do Jornal da Noite;1880;1880;2 f.;;;;;;;CAM. 80//2 A.;;http://id.bnportugal.gov.pt/bib/catbnp/2194758;Livre
6855;Celebrações - 1880 - Periódicos | 471;;;;;;;;;;;;;;;;;;;;;;;;;;;;;;;;;;;;;2194769;https://purl.pt/43937;https://bndigital.bnportugal.gov.pt//i/?IIIF=/c4/ed/56/70/c4ed5670-00b9-4ee0-aed1-cc939a97e939/iiif/cam-80-3-a_0000_000001.tif/full/!300,500/0/default.jpg;Livro impresso;Português;;Notícias nacionais e internacionais sobre o tricentenário de Camões;;;1.ª ed.;Lisboa : J. A. Santos;1880;1880;2 f.;;;;;;;CAM. 80//3 A.;;http://id.bnportugal.gov.pt/bib/catbnp/2194769;Livre
6856;Celebrações - 1880 - Periódicos | 471;Iconografia - Impressos - Retrato de Camões | 372;;;;;;;;;;;;;;;;;;;;;;;;;;;;;;;;;;;;2194786;https://purl.pt/43895;https://bndigital.bnportugal.gov.pt//i/?IIIF=/ed/24/b7/f6/ed24b7f6-5eeb-4cdc-889d-cb417254f157/iiif/cam-80-4-a_0001.tif/full/!300,500/0/default.jpg;Livro impresso;Português;;Homenagem a Camões, 1580-1880;;;1.ª ed.;Lisboa : A. J. Rodrigues Loureiro;1880;1880;2 f.;;;;;;;CAM. 80//4 A.;;http://id.bnportugal.gov.pt/bib/catbnp/2194786;Livre
6857;Celebrações - 1880 - Periódicos | 471;;;;;;;;;;;;;;;;;;;;;;;;;;;;;;;;;;;;;2194827;https://purl.pt/43905;https://bndigital.bnportugal.gov.pt//i/?IIIF=/69/83/b5/dc/6983b5dc-136f-4e94-a447-f95cffae4d91/iiif/cam-80-6-a_0001.tif/full/!300,500/0/default.jpg;Livro impresso;Português;;Homenagem a Camões;"número inaugural do ""Diario Civilisador""";;1.ª ed.;Lisboa : João Wager Russell Junior;1880;1880;2 f.;;;;;;;CAM. 80//6 A.;;http://id.bnportugal.gov.pt/bib/catbnp/2194827;Livre
6858;Celebrações - 1880 - Periódicos | 471;;;;;;;;;;;;;;;;;;;;;;;;;;;;;;;;;;;;;2194832;https://purl.pt/43904;https://bndigital.bnportugal.gov.pt//i/?IIIF=/f7/25/2f/18/f7252f18-fc26-4a1f-b5e0-83e3ac5f2ef8/iiif/cam-80-7-a_0001.tif/full/!300,500/0/default.jpg;Livro impresso;Português;;Tricentenário de Camões;;;1.ª ed.;Lisboa : Typographia Largo dos Canos;1880;1880;2 f.;Gomes Leal, 1848-1921;;;;;;CAM. 80//7 A.;;http://id.bnportugal.gov.pt/bib/catbnp/2194832;Livre
6859;Celebrações - 1880 - Periódicos | 471;;;;;;;;;;;;;;;;;;;;;;;;;;;;;;;;;;;;;2194842;https://purl.pt/44205;https://bndigital.bnportugal.gov.pt//i/?IIIF=/bf/8c/be/74/bf8cbe74-3b15-4e47-a126-818c2957b757/iiif/cam-80-10-a_0000_000001.tif/full/!300,500/0/default.jpg;Livro impresso;Português;;O Centenário de Camões;;;1.ª ed.;Lisboa : Typ. J. G. de Sousa Neves;1880;1880;2 f.;;;;;;;CAM. 80//10 A.;;http://id.bnportugal.gov.pt/bib/catbnp/2194842;Livre
6860;Celebrações - 1880 - Periódicos | 471;;;;;;;;;;;;;;;;;;;;;;;;;;;;;;;;;;;;;2194846;https://purl.pt/43846;https://bndigital.bnportugal.gov.pt//i/?IIIF=/2f/06/12/6e/2f06126e-606d-4363-a768-a2f7256f92da/iiif/cam-80-12-a_0000_000001.tif/full/!300,500/0/default.jpg;Livro impresso;Português;;Luís de Camões;centenário;;1.ª ed.;Lisboa : Typographia Lusitana;1880;1880;2 f.;;;;;;;CAM. 80//12 A.;;http://id.bnportugal.gov.pt/bib/catbnp/2194846;Livre
6861;Celebrações - 1880 - Actos públicos | 477;;;;;;;;;;;;;;;;;;;;;;;;;;;;;;;;;;;;;2194848;https://purl.pt/43900;https://bndigital.bnportugal.gov.pt//i/?IIIF=/c3/56/a2/12/c356a212-9f6a-41c7-9c7d-c1ed76da821e/iiif/cam-80-13-a_0001.tif/full/!300,500/0/default.jpg;Livro impresso;Português;;Tricentenário de Camões;"número dedicado do ""Diario de Portugal""";;1.ª ed.;Lisboa : Typ. de Cristovão A. Rodrigues;1880;1880;2 f.;;;;;;;CAM. 80//13 A.;;http://id.bnportugal.gov.pt/bib/catbnp/2194848;Livre
6862;Celebrações - 1880 - Periódicos | 471;Bibliografia crítica - Polémica e discussão | 417;;;;;;;;;;;;;;;;;;;;;;;;;;;;;;;;;;;;2194855;https://purl.pt/43881;https://bndigital.bnportugal.gov.pt//i/?IIIF=/f2/ae/39/75/f2ae3975-c528-4bf4-9e49-dc2ae0ed5b0c/iiif/cam-80-14-a_0000_000001.tif/full/!300,500/0/default.jpg;Livro impresso;Português;;Tricentenário de Camões;;;1.ª ed.;Lisboa : Typographia do Jornal do Comercio;1880;1880;2 f.;;;;;;;CAM. 80//14 A.;;http://id.bnportugal.gov.pt/bib/catbnp/2194855;Livre
6863;Recepção criativa - Paródia | 407;Recepção criativa - Tematização | 409;Vida - Ficção - Poesia | 16;Celebrações - 1880 - Recepção criativa - Paródia | 473;Celebrações - 1880 - Recepção criativa - Tematização | 474;;;;;;;;;;;;;;;;;;;;;;;;;;;;;;;;;2194859;https://purl.pt/44169;https://bndigital.bnportugal.gov.pt//i/?IIIF=/df/17/3c/4f/df173c4f-bfb9-48bb-924f-c7704fd3f213/iiif/cam-80-17-a_0000_000001.tif/full/!300,500/0/default.jpg;Livro impresso;Português;;Homenagem a Luís de Camões;"número dedicado do jornal ""O Partido do Povo""";;1.ª ed.;"Lisboa : Typ. do ""Partido do Povo""";1880;1880;2 f.;;;;;;;CAM. 80//17 A.;;http://id.bnportugal.gov.pt/bib/catbnp/2194859;Livre
6864;Celebrações - 1880 - Discussão, programas e relatórios | 481;Figuras Femininas - Autoras (produção escrita sobre Camões) | 552;;;;;;;;;;;;;;;;;;;;;;;;;;;;;;;;;;;;2194870;https://purl.pt/43903;https://bndigital.bnportugal.gov.pt//i/?IIIF=/f5/2f/c2/0d/f52fc20d-1916-4568-8064-db0ac0a211a1/iiif/cam-80-20-a_0001.tif/full/!300,500/0/default.jpg;Livro impresso;Português;;Homenagem a Luís de Camões, o imortal cantor das glórias portuguesas, por ocasião do tricentenário em 10 de Junho de 1880;"folha extraordinária de ""Rebeca do Diabo Junior""";;1.ª ed.;Lisboa : Typographia rua do Norte;1880;1880;4 p.;;;;;;;CAM. 80//20 A.;;http://id.bnportugal.gov.pt/bib/catbnp/2194870;Livre
6865;Tradução - Impressos - Composições soltas e fragmentos - Épica - Paratextos gerais | 230;Celebrações - 1880 - Traduções | 476;;;;;;;;;;;;;;;;;;;;;;;;;;;;;;;;;;;;2194873;https://purl.pt/43933;https://bndigital.bnportugal.gov.pt//i/?IIIF=/81/59/cf/c4/8159cfc4-599b-415d-9ecb-122bbbc56b05/iiif/cam-80-21-a_0000_000001.tif/full/!300,500/0/default.jpg;Livro impresso;Português;;Centenário de Camões, 10 de Junho de 1880;;;1.ª ed.;Lisboa : Typ. Luso-Hespanhola;1880;1880;4, 2 p.;;;;;;;CAM. 80//21 A.;;http://id.bnportugal.gov.pt/bib/catbnp/2194873;Livre
6866;Vida - Documentação | 19;Iconografia - Impressos - Retrato de Camões | 372;Celebrações - 1880 - Vida | 470;Vida - Biografia | 13;;;;;;;;;;;;;;;;;;;;;;;;;;;;;;;;;;2194875;https://purl.pt/43776;https://bndigital.bnportugal.gov.pt//i/?IIIF=/d7/68/50/00/d7685000-b179-43f1-a55d-ee4c7203a70e/iiif/cam-80-27-a_0000_000001.tif/full/!300,500/0/default.jpg;Livro impresso;Português;;Ao Centenário de Luís de Camões, festa da nacionalidade portuguesa;;;1.ª ed.;Porto : Imprensa Portugueza;1880;1880;2 f.;Teófilo Braga, 1843-1924;;;;;;CAM. 80//27 A.;;http://id.bnportugal.gov.pt/bib/catbnp/2194875;Livre
6867;Celebrações - 1880 - Actos públicos | 477;;;;;;;;;;;;;;;;;;;;;;;;;;;;;;;;;;;;;2194878;https://purl.pt/43934;https://bndigital.bnportugal.gov.pt//i/?IIIF=/68/63/cf/ce/6863cfce-449e-41a5-b989-c06e138c1e0e/iiif/cam-80-29-a_0000_000001.tif/full/!300,500/0/default.jpg;Livro impresso;Português;;Luís de Camões, 1580-1880;;;1.ª ed.;Viana do Castelo : A. P. de Sousa;1880;1880;2 f.;;;;;;;CAM. 80//29 A.;;http://id.bnportugal.gov.pt/bib/catbnp/2194878;Livre
6868;Recepção criativa - Tematização | 409;Celebrações - 1880 - Recepção criativa - Tematização | 474;;;;;;;;;;;;;;;;;;;;;;;;;;;;;;;;;;;;2194879;https://purl.pt/43935;https://bndigital.bnportugal.gov.pt//i/?IIIF=/ae/75/b1/6d/ae75b16d-567d-4412-b1ad-f3e71cb0af99/iiif/cam-80-30-a_0000_000001.tif/full/!300,500/0/default.jpg;Livro impresso;Português;;Luís de Camões, 1580-1880;;;1.ª ed.;Coimbra : Imprensa de E. Trovão;1880;1880;4 p.;;;;;;;CAM. 80//30 A.;;http://id.bnportugal.gov.pt/bib/catbnp/2194879;Livre
6869;Vida - Biografia | 13;Iconografia - Impressos - Retrato de Camões | 372;Celebrações - 1880 - Vida | 470;;;;;;;;;;;;;;;;;;;;;;;;;;;;;;;;;;;2195048;https://purl.pt/43848;https://bndigital.bnportugal.gov.pt//i/?IIIF=/b1/56/f7/0c/b156f70c-50f0-470f-a8b8-48fb6ee4802c/iiif/cam-80-34-a_0000_000001.tif/full/!300,500/0/default.jpg;Livro impresso;Português;;Centenário de Camões;;;1.ª ed.;Horta : Typ. de J. J. da Graça;1880;1880;2 f.;;;;;;;CAM. 80//34 A.;;http://id.bnportugal.gov.pt/bib/catbnp/2195048;Livre
6870;Celebrações - 1880 - Discussão, programas e relatórios | 481;Bibliografias e catálogos - Bibliografia | 550;;;;;;;;;;;;;;;;;;;;;;;;;;;;;;;;;;;;2195057;https://purl.pt/44141;https://bndigital.bnportugal.gov.pt//i/?IIIF=/21/a7/6d/fa/21a76dfa-4ba2-472e-b3cf-4fe335a886bc/iiif/cam-80-35-a_0000_000001.tif/full/!300,500/0/default.jpg;Livro impresso;Português;;Tributo dedicado à memória de Luís de Camões por ocasião do terceiro centenário do passamento deste grande poeta, solenizado em 10 de Junho de 1880;;;1.ª ed.;Setúbal : Typ. de José Augusto Rocha;1880;1880;2 f.;Manuel Maria Portela, 1833-1906;;;;;;CAM. 80//35 A.;;http://id.bnportugal.gov.pt/bib/catbnp/2195057;Livre
6871;Celebrações - 1880 - Discussão, programas e relatórios | 481;;;Iconografia - Impressos - Ilustrações da obra | 376;;;;;;;;;;;;;;;;;;;;;;;;;;;;;;;;;;2195072;https://purl.pt/44600;https://bndigital.bnportugal.gov.pt//i/?IIIF=/d7/9a/ac/44/d79aac44-f96c-4a52-928c-5f5988db74f2/iiif/cam-80-40-a_0000_000001.tif/full/!300,500/0/default.jpg;Livro impresso;Português;;À memoria do immortal Luiz de Camões em 10 de Junho de 1880;O Povo de Braga, semanario bracarense;;1.ª ed.;Braga : Typographia Lealdade;1880;1880;16 p.;;;;;;;CAM. 80//40 A.;;http://id.bnportugal.gov.pt/bib/catbnp/2195072;Livre
6872;Celebrações - 1880 - Discussão, programas e relatórios | 481;;;Iconografia - Impressos - Ilustrações da obra | 376;;;;;;;;;;;;;;;;;;;;;;;;;;;;;;;;;;2195077;https://purl.pt/44206;https://bndigital.bnportugal.gov.pt//i/?IIIF=/a2/c9/5a/f7/a2c95af7-c5e7-440d-8a6b-507cef69de5c/iiif/cam-80-41-a_0000_000001.tif/full/!300,500/0/default.jpg;Livro impresso;Português;;À memoria de Luiz de Camões no seu tricentenario em 10 de Junho de 1880;A Sentinella, semanario bracarense;;1.ª ed.;Braga : Typographia de Gonçalves Gouvea;1880;1880;16 p., 1 grav. extratexto;;;;;;;CAM. 80//41 A.;;http://id.bnportugal.gov.pt/bib/catbnp/2195077;Livre
6873;Bibliografia crítica - Estudo | 418;Celebrações - 1880 - Textos críticos | 469;;;;;;;;;;;;;;;;;;;;;;;;;;;;;;;;;;;Italiano;2195081;https://purl.pt/43907;https://bndigital.bnportugal.gov.pt//i/?IIIF=/98/ff/8c/1a/98ff8c1a-60a1-4863-8f1d-3ad47812bb04/iiif/cam-80-42-a_0001.tif/full/!300,500/0/default.jpg;Livro impresso;Português;;Tricentenário de Luís de Camões;;;1.ª ed.;Coimbra : Bento Leão da Cunha Carvalhaes;1880;1880;4 p.;;;;;;;CAM. 80//42 A.;;http://id.bnportugal.gov.pt/bib/catbnp/2195081;Livre
6874;Celebrações - 1872 - Discussão, programas e relatórios | 465;Iconografia - Impressos - Portadas | 392;;Tradução - Impressos - Obras (conjunto) - Lírica - Paratextos vida | 184;;;;;;;;;;;;;;;;;;;;;;;;;;;;;;;;;;2195084;https://purl.pt/43882;https://bndigital.bnportugal.gov.pt//i/?IIIF=/5c/01/0b/1b/5c010b1b-ef07-4619-ba9e-fe49a3b8131c/iiif/cam-80-45-a_0000_000001.tif/full/!300,500/0/default.jpg;Livro impresso;Português;;Tricentenário de Luís de Camões;;;1.ª ed.;Velas : Typ. do Velense;1880;1880;2 f.;;;;;;;CAM. 80//45 A.;;http://id.bnportugal.gov.pt/bib/catbnp/2195084;Livre
6875;Bibliografia crítica - Estudo | 418;Celebrações - 1880 - Actos públicos | 477;Celebrações - 1880 - Traduções | 476;Tradução - Impressos - Composições soltas e fragmentos - Épica | 229;Recepção criativa - Tematização | 409;Bibliografias e catálogos - Catálogo | 551;;;;;;;;;;;;;;;;;;;;;;;;;;;;;;;;2195085;https://purl.pt/44170;https://bndigital.bnportugal.gov.pt//i/?IIIF=/92/f3/95/0f/92f3950f-e34e-4283-aebd-b2d020d19679/iiif/cam-80-69-a_0000_000001.tif/full/!300,500/0/default.jpg;Livro impresso;Português;;Tricentenário de Camões;;;1.ª ed.;Campinas : Typ. do Diario de Campinas;1880;1880;4 p.;;;;;;;CAM. 80//69 A.;;http://id.bnportugal.gov.pt/bib/catbnp/2195085;Livre
6876;Celebrações - 1880 - Actos públicos | 477;;;;;;;;;;;;;;;;;;;;;;;;;;;;;;;;;;;;;2195086;https://purl.pt/43942;https://bndigital.bnportugal.gov.pt//i/?IIIF=/13/b0/42/81/13b04281-b30d-4915-aa48-27d6dc8b0180/iiif/cam-80-70-a_0000_000001.tif/full/!300,500/0/default.jpg;Livro impresso;Português;;Luiz de Camões;homenagem da Gazeta de Noticias;;1.ª ed.;Rio de Janeiro : Typographia da Gazeta de Noticias;1880;1880;4 p.;;;;;;;CAM. 80//70 A.;;http://id.bnportugal.gov.pt/bib/catbnp/2195086;Livre
6877;Celebrações - 1880 - Discussão, programas e relatórios | 481;;;;;;;;;;;;;;;;;;;;;;;;;;;;;;;;;;;;;2195087;https://purl.pt/44142;https://bndigital.bnportugal.gov.pt//i/?IIIF=/62/69/c9/af/6269c9af-9d38-403a-8cb8-7e5bb4be2804/iiif/cam-137-1-a_0000_000001.tif/full/!300,500/0/default.jpg;Livro impresso;Português;;Relatorio da Directoria do Gabinete Portuguez de Leitura no Rio de Janeiro em 1879;;;1.ª ed.;Rio de Janeiro : Typ. e Lith. Moreira, Maximino & Cia.;1880;1880;23, 5, 14, 4, 2, 2, 2, 14, 8 p.;;Gabinete Português de Leitura;;;;;CAM. 137//1 A.;;http://id.bnportugal.gov.pt/bib/catbnp/2195087;Livre
6878;Celebrações - 1880 - Actos públicos | 477;;;;;;;;;;;;;;;;;;;;;;;;;;;;;;;;;;;;;2195088;https://purl.pt/44207;https://bndigital.bnportugal.gov.pt//i/?IIIF=/22/f0/d3/43/22f0d343-1d50-4fa1-98c9-e7abf267dc0e/iiif/cam-137-3-a_0000_000001.tif/full/!300,500/0/default.jpg;Livro impresso;Português;;Relatorio e contas da Direcção do Albergue dos Invalidos do Trabalho respectivos ao anno economico de 1879-1880;;;1.ª ed.;Lisboa : Imprensa Nacional;1880;1880;15, 1 p.;;Albergue dos Inválidos do Trabalho;;;;;CAM. 137//3 A.;;http://id.bnportugal.gov.pt/bib/catbnp/2195088;Livre
6879;Celebrações - 1880 - Actos públicos | 477;;;Celebrações - 1872 - Textos críticos | 453;;;;;;;;;;;;;;;;;;;;;;;;;;;;;;;;;;2195089;https://purl.pt/44323;https://bndigital.bnportugal.gov.pt//i/?IIIF=/d1/5c/d3/d1/d15cd3d1-0b97-4546-8c65-ecbbe940e0a2/iiif/cam-215-a_0005.tif/full/!300,500/0/default.jpg;Livro impresso;Português;;O Sorvete á Camões;;;1.ª ed.;Porto : Imprensa Litterario-Commercial;1880;1880;4 f.;;;;"Sebastião de Sousa Sanhudo, 1851-1901, Editor comercial ; Sá de Albergaria, 1850-1922, Editor literário";;;CAM. 215 A.;;http://id.bnportugal.gov.pt/bib/catbnp/2195089;Livre
6880;Recepção criativa - Tematização | 409;Celebrações - 1880 - Actos públicos | 477;;;;;;;;;;;;;;;;;;;;;;;;;;;;;;;;;;;;2195090;https://purl.pt/44318;https://bndigital.bnportugal.gov.pt//i/?IIIF=/fe/12/45/12/fe124512-72d5-4d7b-8499-b7f4fbaddfe8/iiif/cam-218-a_0001.tif/full/!300,500/0/default.jpg;Livro impresso;Português;;Tricentenário de Luís de Camões;"número dedicado de ""O Commercio do Porto""";;1.ª ed.;Porto : Typographia do Commercio;1880;1880;2 f.;;;;;;;CAM. 218 A.;;http://id.bnportugal.gov.pt/bib/catbnp/2195090;Livre
6881;Vida - Ficção - Poesia | 16;Recepção criativa - Tematização | 409;Celebrações - 1880 - Vida | 470;Celebrações - 1880 - Recepção criativa - Tematização | 474;;;;;;;;;;;;;;;;;;;;;;;;;;;;;;;;;;2195091;https://purl.pt/44319;https://bndigital.bnportugal.gov.pt//i/?IIIF=/f5/16/73/6d/f516736d-f1fc-4cc2-9f8c-7549be243c15/iiif/cam-219-a_0005.tif/full/!300,500/0/default.jpg;Livro impresso;Português;;Tricentenário de Luís de Camões;"número dedicado de ""O Dez de Março""";;1.ª ed.;Porto : Typ. Fraga Lamares;1880;1880;2 f.;;;;;;;CAM. 219 A.;;http://id.bnportugal.gov.pt/bib/catbnp/2195091;Livre
6882;Celebrações - 1880 - Discussão, programas e relatórios | 481;;;;;;;;;;;;;;;;;;;;;;;;;;;;;;;;;;;;;2195173;https://purl.pt/44630;https://bndigital.bnportugal.gov.pt//i/?IIIF=/36/f8/8e/1e/36f88e1e-abc7-4192-a5ee-03b947d75706/iiif/cam-531-13-p_0001.tif/full/!300,500/0/default.jpg;Livro impresso;Português;;Almanach dos Teatros para 1881;6.º anno;;1.ª ed.;Lisboa : dep. Livraria Pacheco & Carmo;1880;1880;32, 48 p.;;;;"Raphael Bordallo Pinheiro, 1846-1905, Responsável pela concepção da capa e sobrecapa ; Leonildo de Mendonça e Costa, 1849-1923, Editor literário";;;CAM. 531//13 P.;;http://id.bnportugal.gov.pt/bib/catbnp/2195173;Livre
6883;Celebrações - 1880 - Discussão, programas e relatórios | 481;;;;;;;;;;;;;;;;;;;;;;;;;;;;;;;;;;;;;2195186;https://purl.pt/44439;https://bndigital.bnportugal.gov.pt//i/?IIIF=/ce/10/d6/f7/ce10d6f7-53bb-498f-8192-aa76326a79d6/iiif/cam-379-3-v_0001.tif/full/!300,500/0/default.jpg;Livro impresso;Português;;Centenário de Camões, 10 de Junho de 1880;"textos no ""Archivo dos Açores""";;1.ª ed.;Ponta Delgada : Typ. do Archivo dos Açores;1880;1880;95, 1 p.;;;;;;;CAM. 379//3 V.;;http://id.bnportugal.gov.pt/bib/catbnp/2195186;Livre
6884;Celebrações - 1880 - Discussão, programas e relatórios | 481;;;;;;;;;;;;;;;;;;;;;;;;;;;;;;;;;;;;;2195195;https://purl.pt/44448;https://bndigital.bnportugal.gov.pt//i/?IIIF=/b4/41/7b/63/b4417b63-c2ca-4ced-bdff-195e21472ee0/iiif/cam-379-4-v_0001.tif/full/!300,500/0/default.jpg;Livro impresso;Português;;"O Tricentenário de Luís de Camões no ""Boletim Oficial do Grande Oriente Lusitano Unido""";;;1.ª ed.;Lisboa : Imprensa de Joaquim Germano de Sousa Neves;1880;1880;P. 41-108;;Maçonaria Portuguesa. Grande Oriente Lusitano Unido;;;;;CAM. 379//4 V.;;http://id.bnportugal.gov.pt/bib/catbnp/2195195;Livre
6885;Celebrações - 1880 - Discussão, programas e relatórios | 481;;;;;;;;;;;;;;;;;;;;;;;;;;;;;;;;;;;;;2195202;https://purl.pt/44440;https://bndigital.bnportugal.gov.pt//i/?IIIF=/46/2c/79/4c/462c794c-c012-4856-97ee-3e53e1aff49d/iiif/cam-379-5-v_0001.tif/full/!300,500/0/default.jpg;Livro impresso;Português;;"O Tricentenário de Luís de Camões no ""Repertorio das Camaras, periodico municipal""";;;1.ª ed.;Lisboa : Typ. de Salles;1880;1880;P. 49-72, 17-24;;;;;;;CAM. 379//5 V.;;http://id.bnportugal.gov.pt/bib/catbnp/2195202;Livre
6886;Celebrações - 1880 - Discussão, programas e relatórios | 481;;;;;;;;;;;;;;;;;;;;;;;;;;;;;;;;;;;;;2195211;https://purl.pt/44445;https://bndigital.bnportugal.gov.pt//i/?IIIF=/eb/b2/bf/21/ebb2bf21-476a-41a8-9530-c140fc242fce/iiif/cam-379-6-v_0001.tif/full/!300,500/0/default.jpg;Livro impresso;Português;;"O Tricentenário de Luís de Camões nos ""Annaes do Club Militar Naval""";;;1.ª ed.;Lisboa : Typ. Universal;1880;1880;P. 205-228;;;;;;;CAM. 379//6 V.;;http://id.bnportugal.gov.pt/bib/catbnp/2195211;Livre
6887;Celebrações - 1880 - Discussão, programas e relatórios | 481;;;;;;;;;;;;;;;;;;;;;;;;;;;;;;;;;;;;;2195231;https://purl.pt/43947;https://bndigital.bnportugal.gov.pt//i/?IIIF=/de/92/a9/9d/de92a99d-eb92-4d20-8314-0715fbc20300/iiif/cam-402-7-v_0000_000001.tif/full/!300,500/0/default.jpg;Livro impresso;Português;;"O Tricentenário de Luís de Camões nas páginas da revista ""Vespas"", de Eduardo de Barros Lobo";;;1.ª ed.;Porto : Typ. de Antonio José da Silva Teixeira;1880;1880;64 p.;;;;Eduardo de Barros Lobo, 1857-1893, Editor literário;;;CAM. 402//7 V.;;http://id.bnportugal.gov.pt/bib/catbnp/2195231;Livre
6888;Celebrações - 1880 - Actos públicos | 477;;;;;;;;;;;;;;;;;;;;;;;;;;;;;;;;;;;;;259807;https://purl.pt/43393;https://bndigital.bnportugal.gov.pt//i/?IIIF=/5a/5d/8c/a7/5a5d8ca7-2abb-4a16-8e9b-a5ff633e9f1c/iiif/cam-269-p_0007.tif/full/!300,500/0/default.jpg;Livro impresso;Alemão;;Die Lusiaden;aus dem Portugiesischen mit Kristischen, Historischen, Geographischen und mythologischen von Dr. A. E. Wollheim da Fonseca;;1.ª ed.;Leipzig : Druck und Verlag von Philipp Reclam;1879;1879;300 p.;Luís de Camões, 1524-1580;;;A. E. Wollheim da Fonseca, Tradutor;;;CAM. 269 P.;CAM500;http://id.bnportugal.gov.pt/bib/catbnp/259807;Livre
6889;Recepção criativa - Centão [Cintra] | 408;Celebrações - 1880 - Recepção criativa - Centão | 475;;;;;;;;;;;;;;;;;;;;;;;;;;;;;;;;;;;;397876;https://purl.pt/43825;https://bndigital.bnportugal.gov.pt//i/?IIIF=/de/b5/45/9c/deb5459c-316c-4583-bb29-fa7038aaebdc/iiif/cam-59-v_0009.tif/full/!300,500/0/default.jpg;Livro impresso;Francês;Português;Sonnets choisis;;;1.ª ed.;Paris : Plon;1879;1879;VII, 40 p.;Luís de Camões, 1524-1580;;;Léonce Cazaubon, Tradutor;;;CAM. 59 V.;CAM500;http://id.bnportugal.gov.pt/bib/catbnp/397876;Livre
6890;Recepção criativa - Tematização | 409;Celebrações - 1880 - Recepção criativa - Tematização | 474;;;;;;;;;;;;;;;;;;;;;;;;;;;;;;;;;;;;453315;https://purl.pt/42607;https://bndigital.bnportugal.gov.pt//i/?IIIF=/b2/65/91/8e/b265918e-9c5e-44cd-b44d-bec378c0b28c/iiif/cam-374-2-v_0001.tif/full/!300,500/0/default.jpg;Livro impresso;Alemão;;Luiz de Camoens Portugals grösster Dichter gest 1579;;;1.ª ed.;Leipzig : Verlag von Hermann Foltz;1879;1879;55 p.;Robert Christian Berthold Avé Lallemant, 1812-1884;;;;;;CAM. 374//2 V.;CAM500;http://id.bnportugal.gov.pt/bib/catbnp/453315;Livre
6891;Recepção criativa - Tematização | 409;Celebrações - 1880 - Recepção criativa - Tematização | 474;Celebrações - 1880 - Actos públicos | 477;;;;;;;;;;;;;;;;;;;;;;;;;;;;;;;;;;;479055;https://purl.pt/43668;https://bndigital.bnportugal.gov.pt//i/?IIIF=/f8/e5/14/c4/f8e514c4-2e8d-4c03-b2a0-b0795770406d/iiif/cam-80-54-a_0000_000001.tif/full/!300,500/0/default.jpg;Periódico;Francês;;La Paix;journal républicain quotidien;;1.ª ed.;Paris : s.n.;1879;1879;;;;;Gaston Carle, Director;;;CAM. 80//54 A.;CAM500;http://id.bnportugal.gov.pt/bib/catbnp/479055;Livre
6892;Recepção criativa - Tematização | 409;Vida - Ficção - Poesia | 16;Celebrações - 1880 - Actos públicos | 477;Celebrações - 1880 - Vida | 470;Celebrações - 1880 - Recepção criativa - Tematização | 474;;;;;;;;;;;;;;;;;;;;;;;;;;;;;;;;;769738;https://purl.pt/43805;https://bndigital.bnportugal.gov.pt//i/?IIIF=/97/24/67/c9/972467c9-6037-437e-9365-846758182b6a/iiif/cam-603-5-p_0000_000001.tif/full/!300,500/0/default.jpg;Livro impresso;Alemão;;Camoens in Deutschland;Bibliographische Beiträge zur Gedächinesfeier des Lusienängers;;1.ª ed.;Kolozsvár : Universitätsbuchdruckerei Johann Stein;1879;1879;45, 2 p.;Wilhelm Storck, 1829-1905;;;;;;CAM. 603//5 P.;CAM500;http://id.bnportugal.gov.pt/bib/catbnp/769738;Livre
6893;Recepção criativa - Tematização | 409;Celebrações - 1880 - Actos públicos | 477;Celebrações - 1880 - Recepção criativa - Tematização | 474;;;;;;;;;;;;;;;;;;;;;;;;;;;;;;;;;;;849987;https://purl.pt/43920;https://bndigital.bnportugal.gov.pt//i/?IIIF=/2a/d0/50/0c/2ad0500c-cd5e-4972-afaa-bba6b56cb998/iiif/cam-128-v_0000_000009.tif/full/!300,500/0/default.jpg;Livro impresso;Alemão;;Luiz de Camoens;eine festschrift zur Gedächtnissfeier der 300ften Wiederfehr feines Todesjahres;;1.ª ed.;Leipzig : verlag von Hermann Foltz;1879;1879;55, 1 p.;Robert Christian Berthold Avé Lallemant, 1812-1884;;;;;;CAM. 128 V.;CAM500;http://id.bnportugal.gov.pt/bib/catbnp/849987;Livre
6894;Celebrações - 1880 - Actos públicos | 477;;;;;;;;;;;;;;;;;;;;;;;;;;;;;;;;;;;;;330201;https://purl.pt/44519;https://bndigital.bnportugal.gov.pt//i/?IIIF=/73/31/96/2a/7331962a-f4ba-4343-a68f-8398ad85209c/iiif/cam-406-1-p_0002.tif/full/!300,500/0/default.jpg;Livro impresso;Alemão;;Luiz de Camoens der sänger der Lusiaden;biographische Skizze;;Zweite auflage;Leipzig : Verlag des Hausfreudes;1879;1879;69, 2 p.;Karl von Reinhardstöttner, 1847-1909;;;;;;CAM. 406//1 P.;CAM500;http://id.bnportugal.gov.pt/bib/catbnp/330201;Livre
6895;Celebrações - 1880 - Actos públicos | 477;;;;;;;;;;;;;;;;;;;;;;;;;;;;;;;;;;;;;464840;https://purl.pt/44702;https://bndigital.bnportugal.gov.pt//i/?IIIF=/d8/b3/4a/96/d8b34a96-c79c-492c-8a16-4fb618931ccc/iiif/cam-612-v_0001.tif/full/!300,500/0/default.jpg;Livro impresso;Espanhol;;Camoens;drama lírico en un acto original y en verso;;1.ª ed.;Madrid : Est. Tip. E. Cuesta;1879;1879;39 p.;Marcos Zapata;;; Marqués, Autor de arranjo musical;;;CAM. 612 V.;CAM500;http://id.bnportugal.gov.pt/bib/catbnp/464840;Livre
6896;Celebrações - 1880 - Discussão, programas e relatórios | 481;;;;;;;;;;;;;;;;;;;;;;;;;;;;;;;;;;;;;464971;https://purl.pt/44696;https://bndigital.bnportugal.gov.pt//i/?IIIF=/4c/b4/0b/67/4cb40b67-54b2-447f-9db4-186f0b67c7b8/iiif/cam-616-v_0013.tif/full/!300,500/0/default.jpg;Livro impresso;Português;;Lusiadas de Luis de Camões. Canto terceiro;;;1.ª ed.;Lisboa : s.n.;1879;1879;5 f.;Luís de Camões, 1524-1580;;;;;;CAM. 616 V.;CAM500;http://id.bnportugal.gov.pt/bib/catbnp/464971;Livre
6897;Bibliografia crítica - Polémica e discussão | 417;Celebrações - 1880 - Discussão, programas e relatórios | 481;;;;;;;;;;;;;;;;;;;;;;;;;;;;;;;;;;;;780599;https://purl.pt/44733;https://bndigital.bnportugal.gov.pt//i/?IIIF=/09/d5/fd/c4/09d5fdc4-e572-4f39-99ea-00281c02b4a9/iiif/cam-694-p_0001.tif/full/!300,500/0/default.jpg;Livro impresso;Português;;Os Lusíadas;poema épico;;Ed. publ. pelo Dr. Abílo Cesar Borges;Bruxelas : Tip. E. Guyot;1879;1879;XXV, 334 P.;Luís de Camões, 1524-1580;;;Abílio César Borges, Editor literário;;;CAM. 694 P.;CAM500;http://id.bnportugal.gov.pt/bib/catbnp/780599;Livre
6898;Obra - Impressos - Obras (avulsas) - Épica | 23;Obra - Impressos - Paratextos - Obras (avulsas) - Épica | 103;Obra - Impressos - Paratextos - Obras (avulsas) - Épica - Vida | 104;Obra - Impressos - Paratextos - Obras (avulsas) - Épica - Argumentos | 105;Celebrações - 1880 - Edições | 468;Iconografia - Impressos - Retrato de Camões | 372;;;;;;;;;;;;;;;;;;;;;;;;;;;;;;;;303896;https://purl.pt/42842;https://bndigital.bnportugal.gov.pt//i/?IIIF=/f3/c7/47/8a/f3c7478a-10f9-45c8-905f-f5291d4eda5d/iiif/cam-52-v_0000_000011.tif/full/!300,500/0/default.jpg;Livro impresso;"Inglês ; Português";;The Lusiads of Camoens;;;1.ª ed.;London : C. Kegan Paul;1878;1878;2 v.;Luís de Camões, 1524-1580;;;John James Aubertin, ca 1878, Tradutor;;;L. 37084 V.;CAM500;http://id.bnportugal.gov.pt/bib/catbnp/303896;Livre
6899;Obra - Impressos - Obras (avulsas) - Épica | 23;Obra - Impressos - Paratextos - Obras (avulsas) - Épica | 103;Obra - Impressos - Paratextos - Obras (avulsas) - Épica - Vida | 104;Celebrações - 1880 - Edições | 468;Iconografia - Impressos - Retrato de Camões | 372;Iconografia - Impressos - Figuras históricas | 390;;;;;;;;;;;;;;;;;;;;;;;;;;;;;;;;336429;https://purl.pt/43867;https://bndigital.bnportugal.gov.pt//i/?IIIF=/1a/c2/57/2b/1ac2572b-d86b-4e84-8ee9-08aa4b7ae493/iiif/cam-63-v_0008.tif/full/!300,500/0/default.jpg;Livro impresso;Português;;Alguns excerptos dos Lusíadas;;;1.ª ed.;Lisboa : Imprensa Nacional;1878;1878;78 p.;Luís de Camões, 1524-1580;;;"António José Viale, 1806-1889, Tradutor ; José Manuel Rodrigues, Antigo possuidor";;;CAM. 63 V.;CAM500;http://id.bnportugal.gov.pt/bib/catbnp/336429;Livre
6900;Celebrações - 1880 - Discussão, programas e relatórios | 481;;;;;;;;;;;;;;;;;;;;;;;;;;;;;;;;;;;;;478371;https://purl.pt/42917;https://bndigital.bnportugal.gov.pt//i/?IIIF=/e8/48/64/19/e8486419-d728-4b6c-a94b-ced66b4fb04b/iiif/cam-80-43-a_0000_000001.tif/full/!300,500/0/default.jpg;Periódico;Português;;A união;folha semanal dedicada a todos os interesses sociaes;;1.ª ed.;Horta : Typ. de Mello;1878;1878;;;;;J. de Melo e Simas, Editor literário;;;J. 523//3 M.;CAM500;http://id.bnportugal.gov.pt/bib/catbnp/478371;Livre
6901;Obra - Impressos - Obras (avulsas) - Épica | 23;Obra - Impressos - Paratextos - Obras (avulsas) - Épica | 103;Obra - Impressos - Paratextos - Obras (avulsas) - Épica - Notas | 106;Celebrações - 1880 - Edições | 468;;;;;;;;;;;;;;;;;;;;;;;;;;;;;;;;;;479061;https://purl.pt/43906;https://bndigital.bnportugal.gov.pt//i/?IIIF=/e0/1f/6d/f3/e01f6df3-2623-49f5-add5-e9740d4eda21/iiif/cam-80-57-a_0001.tif/full/!300,500/0/default.jpg;Periódico;Francês;;Le Voltaire;;;1.ª ed.;Paris : Schiller;1878;1878;;;;;Jules Laffitte, Director;;;CAM. 80//57 A.;CAM500;http://id.bnportugal.gov.pt/bib/catbnp/479061;Livre
6902;Celebrações - 1880 - Actos públicos | 477;;;;;;;;;;;;;;;;;;;;;;;;;;;;;;;;;;;; Italiano;479557;https://purl.pt/42940;https://bndigital.bnportugal.gov.pt//i/?IIIF=/89/44/59/c8/894459c8-2b9c-41f2-a490-0f801fc6ef65/iiif/cam-80-67-a_0000_000001.tif/full/!300,500/0/default.jpg;Periódico;Português;;Cruzeiro;;;2. ed;Rio de Janeiro : s.n.;1878;1878;;;;;;;;CAM. 80//67 A.;CAM500;http://id.bnportugal.gov.pt/bib/catbnp/479557;Livre
6903;Recepção criativa - Tematização | 409;Celebrações - 1880 - Recepção criativa - Tematização | 474;Celebrações - 1880 - Actos públicos | 477;;;;;;;;;;;;;;;;;;;;;;;;;;;;;;;;;;;709106;https://purl.pt/6901;https://bndigital.bnportugal.gov.pt//i/?IIIF=/c6/65/ed/04/c665ed04-906d-47be-afa9-f49402d8909b/iiif/e-271-a_0000_000001.tif/full/!300,500/0/default.jpg;Iconografia;Português;;Luiz de Camões;;;1.ª ed.;S.l. : s.n.;1878;1878;1 gravura; Grossi, ca 1880;;;;;;PURL 6901/0;;http://id.bnportugal.gov.pt/bib/catbnp/709106;Livre
6904;Bibliografia crítica - Estudo | 418;Celebrações - 1880 - Textos críticos | 469;Recepção criativa - Tematização | 409;Celebrações - 1880 - Recepção criativa - Tematização | 474;;;;;;;;;;;;;;;;;;;;;;;;;;;;;;;;;;381496;https://purl.pt/37776;https://bndigital.bnportugal.gov.pt//i/?IIIF=/bd/4d/db/1a/bd4ddb1a-3a0d-4237-b40a-a0aa6e20c004/iiif/cam-110-a_0000_000011.tif/full/!300,500/0/default.jpg;Livro impresso;"Português ; Francês";;Os Lusíadas;poema épico em dez cantos...;;1.ª ed.;Lisboa : Imprensa Nacional;1878;1878;XXXVIII, 337 p.;Luís de Camões, 1524-1580;;;"Fernando de Azevedo e Silva, 1845-1924, Tradutor ; Pinheiro Chagas, 1842-1895, Autor da introdução, etc. ; Soares dos Reis, 1847-1889, Ilustrador ; Aristides Abranches, 1832-1892, Director ; Duarte Joaquim dos Santos, ?-1855, Director ; João Pedroso, 1823-1890, Gravador (aguafortista)";;;CAM. 34 A.;;http://id.bnportugal.gov.pt/bib/catbnp/381496;Livre
6905;Celebrações - 1880 - Discussão, programas e relatórios | 481;;;;;;;;;;;;;;;;;;;;;;;;;;;;;;;;;;;;;257302;https://purl.pt/42922;https://bndigital.bnportugal.gov.pt//i/?IIIF=/49/c7/d6/70/49c7d670-66b9-4175-99cc-6c5218ce8176/iiif/cam-165-p_0000_000005.tif/full/!300,500/0/default.jpg;Livro impresso;Português;;Obras completas de Luiz de Camões;;;Edição critica com as mais notaveis variantes;Porto : Imprensa Portugueza;1877;1877;3 t. em 7 vol.;Luís de Camões, 1524-1580;;;Anselmo de Morais, 1847-1900, Editor comercial;;Imprensa Portuguesa, Impressor;J.S. 6482;CAM500;http://id.bnportugal.gov.pt/bib/catbnp/257302;Livre
6906;Celebrações - 1880 - Discussão, programas e relatórios | 481;;;;;;;;;;;;;;;;;;;;;;;;;;;;;;;;;;;;;807289;https://purl.pt/43397;https://bndigital.bnportugal.gov.pt//i/?IIIF=/ad/61/ac/0b/ad61ac0b-adde-4d83-a6af-6214667bc3ab/iiif/cam-40-v_0000_000007.tif/full/!300,500/0/default.jpg;Livro impresso;"Francês ; Português";Português;Les Lusiades;;;Seconde ed. revue et corrigée;Paris : Libr. de V e J. P. Aillaud, Guillard et C i e;1877;1877;4, XVI, 589, 2 p.;Luís de Camões, 1524-1580;;;Fernando de Azevedo e Silva, 1845-1924, Tradutor;;;CAM. 40 V.;CAM500;http://id.bnportugal.gov.pt/bib/catbnp/807289;Livre
6907;Celebrações - 1880 - Actos públicos | 477;;;;;;;;;;;;;;;;;;;;;;;;;;;;;;;;;;;;;372105;https://purl.pt/44998;https://bndigital.bnportugal.gov.pt//i/?IIIF=/61/e6/5a/2d/61e65a2d-4c4d-4782-89ce-ee4b1960e994/iiif/cam-1440-p_0007.tif/full/!300,500/0/default.jpg;Livro impresso;Alemão;;Glosas und voltas des Luis de Camoens;;;1.ª ed.;Klausenburg : Zeitschrift für vergleichende Litteratur;1877;1877;14 p.;Luís de Camões, 1524-1580;;;Wilhelm Storck, 1829-1905, Tradutor;;;CAM. 538//7 P.;CAM500;http://id.bnportugal.gov.pt/bib/catbnp/372105;Livre
6908;Recepção criativa - Tematização | 409;Celebrações - 1880 - Recepção criativa - Tematização | 474;Vida - Ficção - Drama | 17;Celebrações - 1880 - Actos públicos | 477;;;;;;;;;;;;;;;;;;;;;;;;;;;;;;;;;;331426;https://purl.pt/44334;https://bndigital.bnportugal.gov.pt//i/?IIIF=/78/8d/44/e2/788d44e2-f40b-4e8c-b164-b9b0dbdb5e56/iiif/cam-247-p_0002.tif/full/!300,500/0/default.jpg;Livro impresso;Inglês;;The Lusiad or the discovery of India;an epic poem;;5th. ed. rev. by E. Richmond Hodges...;London : George Bell and Sons;1877;1877;XCII, 358 p.;Luís de Camões, 1524-1580;;;"E. Richmond Hodges, Editor literário ; William Julius Mickle, 1734-1788, Tradutor";;;CAM. 247 P.;CAM500;http://id.bnportugal.gov.pt/bib/catbnp/331426;Livre
6909;Recepção criativa - Paródia | 407;;;;;;;;;;;;;;;;;;;;;;;;;;;;;;;;;;;;;329046;https://purl.pt/44456;https://bndigital.bnportugal.gov.pt//i/?IIIF=/e3/7f/7e/f7/e37f7ef7-deda-4e61-ba87-d8301804d24e/iiif/cam-380-p_0007.tif/full/!300,500/0/default.jpg;Livro impresso;Alemão;;Luiz de Camoens, der sänger der Lusiaden;biographische skizze;;Zweite Auflage;Leipzig : Carl Hildebrandt & C-;1877;1877;6, 69 p.;Karl von Reinhardstöttner, 1847-1909;;;;;;CAM. 380 P.;CAM500;http://id.bnportugal.gov.pt/bib/catbnp/329046;Livre
6910;Recepção criativa - Tematização | 409;Celebrações - 1880 - Recepção criativa - Tematização | 474;;;;;;;;;;;;;;;;;;;;;;;;;;;;;;;;;;;;120121;https://purl.pt/30409;https://bndigital.bnportugal.gov.pt//i/?IIIF=/54/83/d6/b9/5483d6b9-40b8-493b-9d61-f313e62ce257/iiif/j-2462-8-v_1877-08-31_0001_1_t24-C-R0150.tif/full/!300,500/0/default.jpg;Periódico;Português;;Os Dois Mundos;illustração para Portugal e Brazil;;1.ª ed.;Paris : Salomon Saragga;1877;1877;;;;;"Salomão Sáragga, 1842-1900, Editor comercial ; David Corazzi, 1843-1896, Editor comercial ; Serafim José Alves, Editor comercial";;;J. 2462//8 V.;JORNAIS19;http://id.bnportugal.gov.pt/bib/catbnp/120121;Livre
6911;Celebrações - 1880 - Discussão, programas e relatórios | 481;;;;;;;;;;;;;;;;;;;;;;;;;;;;;;;;;;;;;397850;https://purl.pt/43742;https://bndigital.bnportugal.gov.pt//i/?IIIF=/ae/33/5a/17/ae335a17-527b-44d3-a74d-54a56c16af2c/iiif/cam-39-v_0007.tif/full/!300,500/0/default.jpg;Livro impresso;Francês;Português;Les Lusiades;;;1.ª ed.;Rio de Janeiro : Typ. G. Leuzinger & Filhos;1876;1876;XVI, 308 p.;Luís de Camões, 1524-1580;;;A. de Cool, Tradutor;;;CAM. 39 V.;CAM500;http://id.bnportugal.gov.pt/bib/catbnp/397850;Livre
6912;Celebrações - 1880 - Discussão, programas e relatórios | 481;;;;;;;;;;;;;;;;;;;;;;;;;;;;;;;;;;;;;475211;https://purl.pt/43767;https://bndigital.bnportugal.gov.pt//i/?IIIF=/0b/63/58/38/0b635838-1822-4f3e-aee0-d73b0343e73c/iiif/cam-74-6-v_0000_000001.tif/full/!300,500/0/default.jpg;Livro impresso;Latim;Português;Imitação da estancias 118ª e 199ª do livro terceiro dos Lusiadas;immortal poema;;1.ª ed.;Coimbra : Imp. Litteraria;1876;1876;8 p.;Luís de Camões, 1524-1580;;;Francisco de Paula Santa Clara, 1836-1902, Tradutor;;;CAM. 74//6 V.;CAM500;http://id.bnportugal.gov.pt/bib/catbnp/475211;Livre
6913;Celebrações - 1880 - Discussão, programas e relatórios | 481;;;;;;;;;;;;;;;;;;;;;;;;;;;;;;;;;;;;;257368;https://purl.pt/44309;https://bndigital.bnportugal.gov.pt//i/?IIIF=/cc/d6/c1/b6/ccd6c1b6-7bb0-4449-8fd1-613484f17ec2/iiif/cam-170-p_0007.tif/full/!300,500/0/default.jpg;Livro impresso;Português;;Os Lusiadas;;;Nova edição cuidadosamente revista e conforme ás de 1572, precedida da biographia do poeta e seguida de um diccionario dos nomes proprios;Lisboa : Livraria de Antonio Maria Pereira;1876;1876;XVIII, 457, 1 br., 6 p., 1 grav.;Luís de Camões, 1524-1580;;;"João Franco Barreto, 1600-post. 1674, Editor literário ; António Maria Pereira, 1856-1898, Editor comercial";;Portugal. Imprensa Nacional, Impressor;CAM. 170 P.;CAM500;http://id.bnportugal.gov.pt/bib/catbnp/257368;Livre
6914;Vida - Biografia | 13;;;;;;;;;;;;;;;;;;;;;;;;;;;;;;;;;;;; Italiano;259994;https://purl.pt/44382;https://bndigital.bnportugal.gov.pt//i/?IIIF=/b0/7d/81/9c/b07d819c-0929-4e74-adcd-ad7d28a014ce/iiif/cam-286-p_0007.tif/full/!300,500/0/default.jpg;Livro impresso;Português;;Poesias lyricas selectas;;;1.ª ed.;Coimbra : Imp. da Universidade;1876;1876;2, XL, 225, 2 p.;Luís de Camões, 1524-1580;;; Vila Maior, 1821-, Comentador (em meio audiovisual);;;CAM. 286 P.;CAM500;http://id.bnportugal.gov.pt/bib/catbnp/259994;Livre
6915;Tradução - Impressos - Antologia - Lírica | 208;Tradução - Impressos - Antologia - Lírica - Paratextos gerais | 209;Celebrações - 1880 - Traduções | 476;;;;;;;;;;;;;;;;;;;;;;;;;;;;;;;;;;;320556;https://purl.pt/44392;https://bndigital.bnportugal.gov.pt//i/?IIIF=/78/d8/20/85/78d82085-05bf-4471-9575-4f6d61e23592/iiif/cam-297-3-p_0001.tif/full/!300,500/0/default.jpg;Livro impresso;Português;;Episódio do Gigante Adamastor;excerpto do canto V dos Lusíadas;;1.ª ed.;Lisboa : Lallemant Fréres;1876;1876;27, 6 p.;Luís de Camões, 1524-1580;;;António José Viale, 1806-1889, Tradutor;;;L. 11941//1 V.;CAM500;http://id.bnportugal.gov.pt/bib/catbnp/320556;Livre
6916;Recepção criativa - Tematização | 409;Celebrações - 1880 - Recepção criativa - Tematização | 474;;;;;;;;;;;;;;;;;;;;;;;;;;;;;;;;;;;;767226;https://purl.pt/43749;https://bndigital.bnportugal.gov.pt//i/?IIIF=/78/25/d5/43/7825d543-ad3b-43c0-9034-6398ee47951b/iiif/cam-566-p_0000_000005.tif/full/!300,500/0/default.jpg;Livro impresso;Português;;Os Lusiadas;poema épico...;;Nova ed. cuidadosamente revista e conforme às de 1572, precedida da biografia do poeta e seguida de um dicionário dos nomes próprios;Lisboa : Livr. António Maria Pereira;1875;1875;XVIII, 457, 6 p.;Luís de Camões, 1524-1580;;;;;;CAM. 566 P.;CAM500;http://id.bnportugal.gov.pt/bib/catbnp/767226;Livre
6917;Bibliografia crítica - Tradução | 413;Tradução - Impressos - Composições soltas e fragmentos - Épica | 229;Tradução - Impressos - Composições soltas e fragmentos - Épica - Paratextos gerais | 230;Obra - Impressos - Composições soltas e fragmentos - Épica - Episódio | 67;Celebrações - 1880 - Traduções | 476;;;;;;;;;;;;;;;;;;;;;;;;;;;;;;;;;335455;https://purl.pt/44992;https://bndigital.bnportugal.gov.pt//i/?IIIF=/d5/26/45/b7/d52645b7-46a4-45c2-b462-b49e7fcf1746/iiif/cam-1242-p_0009.tif/full/!300,500/0/default.jpg;Livro impresso;Português;;As primaveras;;;Novissima ed. accrescentada de novas poesias...;Lisboa : Imp. de J.G. de Sousa Neves;1875;1875;240 p., 1 f. il.;Casimiro de Abreu, 1839-1860;;;"Pinheiro Chagas, 1842-1895, Autor da introdução, etc. ; Sara Primo da Costa, Nome associado";;;L. 67815 P.;CAM500;http://id.bnportugal.gov.pt/bib/catbnp/335455;Livre
6918;Bibliografia crítica - Estudo | 418;Celebrações - 1880 - Textos críticos | 469;Recepção criativa - Paródia | 407;Celebrações - 1880 - Recepção criativa - Paródia | 473;;;;;;;;;;;;;;;;;;;;;;;;;;;;;;;;;;320515;https://purl.pt/45012;https://bndigital.bnportugal.gov.pt//i/?IIIF=/1d/37/8b/16/1d378b16-3a3e-40cb-83e6-a8ba10128b0a/iiif/cam-1418-p_0005.tif/full/!300,500/0/default.jpg;Livro impresso;Português;;O episódio de D. Inez de Castro;excerpto do Canto III dos Lusíadas;;1.ª ed.;Lisboa : Lallemant Fréres;1875;1875;15, 1 p.;Luís de Camões, 1524-1580;;;António José Viale, 1806-1889, Investigador;;;H.G. 21230 P.;CAM500;http://id.bnportugal.gov.pt/bib/catbnp/320515;Livre
6919;Vida - Biografia | 13;Celebrações - 1880 - Vida | 470;Bibliografia crítica - Estudo | 418;;;;;;;;;;;;;;;;;;;;;;;;;;;;;;;;;;;257364;https://purl.pt/44312;https://bndigital.bnportugal.gov.pt//i/?IIIF=/cc/fe/f2/58/ccfef258-11b8-4760-b05c-b8905393207f/iiif/cam-169-p_0007.tif/full/!300,500/0/default.jpg;Livro impresso;Português;;Os Lusiadas;;;Nova edição popular conforme á segunda de 1572 augmentada com a vida do poeta e com um glossario dos nomes proprios;Lisboa : Rolland & Semiond;1875;1875;XIX, 1 br., 460 p., 1 grav.;Luís de Camões, 1524-1580;;;"João Franco Barreto, 1600-post. 1674, Editor literário ; J. G. de Sousa Neves, fl. 1844-1881, Impressor";;Rolland e Semiond, Editor comercial;CAM. 169 P.;CAM500;http://id.bnportugal.gov.pt/bib/catbnp/257364;Livre
6920;Bibliografia crítica - Polémica e discussão | 417;Celebrações - 1880 - Discussão, programas e relatórios | 481;Recepção criativa - Tematização | 409;Celebrações - 1880 - Recepção criativa - Tematização | 474;;;;;;;;;;;;;;;;;;;;;;;;;;;;;;;;;;277515;https://purl.pt/44217;https://bndigital.bnportugal.gov.pt//i/?IIIF=/0a/e2/5b/82/0ae25b82-9f91-4725-b06f-88317ff44913/iiif/cam-297-2-p_0000_000001.tif/full/!300,500/0/default.jpg;Livro impresso;Português;;Três excerptos dos Lusíadas;;;Ed. bilingue português latim frente a frente;Lisboa : Lallemant Fréres;1875;1875;XVI, 19 p.;Luís de Camões, 1524-1580;;;António José Viale, 1806-1889, Tradutor;;;L. 3672//6 P.;CAM500;http://id.bnportugal.gov.pt/bib/catbnp/277515;Livre
6921;Obra - Impressos - Estrofes rejeitadas d’Os Lusíadas | 86;Celebrações - 1880 - Edições | 468;;;;;;;;;;;;;;;;;;;;;;;;;;;;;;;;;;;;322059;https://purl.pt/43945;https://bndigital.bnportugal.gov.pt//i/?IIIF=/af/6f/c6/29/af6fc629-508b-42b0-8473-7a19929e0144/iiif/cam-310-2-p_0000_000001.tif/full/!300,500/0/default.jpg;Livro impresso;Português;;Imitação do episodio do canto terceiro dos Lusiadas, immortal poema de Luiz de Camões, em versos latinos;;;1.ª ed.;Coimbra : Imprensa Litteraria;1875;1875;64 p.;Francisco de Paula Santa Clara, 1836-1902;;;"Tomé de Faria, 1558-1628, Tradutor ; João Felix, Tradutor ; Francisco de Santo Agostinho de Macedo, 1596-1681, Tradutor";;;CAM. 310//2 P.;CAM500;http://id.bnportugal.gov.pt/bib/catbnp/322059;Livre
6922;Celebrações - 1880 - Textos críticos | 469;Celebrações - 1880 - Periódicos | 471;;;;;;;;;;;;;;;;;;;;;;;;;;;;;;;;;;;;798865;https://purl.pt/44934;https://bndigital.bnportugal.gov.pt//i/?IIIF=/86/a1/4f/9a/86a14f9a-5c5f-4726-b3b0-d8fbe83682b0/iiif/cam-979-p_0009.tif/full/!300,500/0/default.jpg;Livro impresso;Português;;Os Lusiadas;;;Ed. reproduzida da 2ª de 1572;Porto : Impr. Portuguesa;1875;1875;VII, 455 p.;Luís de Camões, 1524-1580;;;Teófilo Braga, 1843-1924, Revisor;;;CAM. 979 P.;CAM500;http://id.bnportugal.gov.pt/bib/catbnp/798865;Livre
6923;Recepção criativa - Centão [Cintra] | 408;Celebrações - 1880 - Recepção criativa - Centão | 475;;;;;;;;;;;;;;;;;;;;;;;;;;;;;;;;;;;;784624;https://purl.pt/44799;https://bndigital.bnportugal.gov.pt//i/?IIIF=/d0/40/39/a0/d04039a0-2f3d-4ed0-b37a-da8ae9ef2104/iiif/cam-725-p_0009.tif/full/!300,500/0/default.jpg;Livro impresso;Português;;Os Lusíadas;poema épico;;Nova ed. conforme à de 1817, in 4º;Paris : V J. P. Aillaud;1875;1875;536 p.;Luís de Camões, 1524-1580;;;"Morgado de Mateus, 1758-1825, Editor literário ; Paulino de Sousa, ca. 18--, Editor comercial";;;CAM. 725 P.;CAM500;http://id.bnportugal.gov.pt/bib/catbnp/784624;Livre
6924;Celebrações - 1880 - Discussão, programas e relatórios | 481;;;;;;;;;;;;;;;;;;;;;;;;;;;;;;;;;;;;;401948;https://purl.pt/43847;https://bndigital.bnportugal.gov.pt//i/?IIIF=/ea/97/3e/c2/ea973ec2-f267-4a0c-9dd8-636878a7bcc3/iiif/cam-1388-p_0000_000001.tif/full/!300,500/0/default.jpg;Livro impresso;Português;;Obras completas;;;1.ª ed.;Porto : Imp. Portugueza;1874;1874;3 v.;Luís de Camões, 1524-1580;;;;;;CAM. 1388 P.;CAM500;http://id.bnportugal.gov.pt/bib/catbnp/401948;Livre
6925;Obra - Impressos - Obras (avulsas) - Lírica - Soneto | 35;Celebrações - 1880 - Edições | 468;;;;;;;;;;;;;;;;;;;;;;;;;;;;;;;;;;;;771040;https://purl.pt/43807;https://bndigital.bnportugal.gov.pt//i/?IIIF=/64/8c/2b/e8/648c2be8-9a4d-4358-9369-63af00a45010/iiif/cam-656-2-p_0000_000001.tif/full/!300,500/0/default.jpg;Livro impresso;Português;;Noticia biographica de Luiz de Camões;;;1.ª ed.;S.l. : s.n.;1874;1874;XVIII p.;;;;;;;CAM. 656//2 P.;CAM500;http://id.bnportugal.gov.pt/bib/catbnp/771040;Livre
6926;Recepção criativa - Tematização | 409;Vida - Ficção - Poesia | 16;Celebrações - 1880 - Actos públicos | 477;Celebrações - 1880 - Recepção criativa - Tematização | 474;;;;;;;;;;;;;;;;;;;;;;;;;;;;;;;;;;788411;https://purl.pt/42948;https://bndigital.bnportugal.gov.pt//i/?IIIF=/c1/aa/3e/75/c1aa3e75-02ef-462a-8bf1-91a6e6021da2/iiif/cam-815-p_0000_000007.tif/full/!300,500/0/default.jpg;Livro impresso;Português;;Obras completas;;;Ed. critica com as mais notaveis variantes;Porto : Impr. Portuguesa;1874;1874;4 v.;Luís de Camões, 1524-1580;;;;;;CAM. 815 P.;CAM500;http://id.bnportugal.gov.pt/bib/catbnp/788411;Livre
6927;Música - Impressos | 405;Celebrações - 1880 - Música | 479;Obra - Impressos - Obras (avulsas) - Lírica - Soneto | 35;Celebrações - 1880 - Iconografia | 478;Figuras Femininas - Autoras (produção escrita sobre Camões) | 552;;;;;;;;;;;;;;;;;;;;;;;;;;;;;;;;;259984;https://purl.pt/44381;https://bndigital.bnportugal.gov.pt//i/?IIIF=/86/d0/0e/80/86d00e80-18af-45f3-9074-e564ff7f0e53/iiif/cam-284-p_0007.tif/full/!300,500/0/default.jpg;Livro impresso;Alemão;;Sämmtliche Canzonen;;;Zum ersten male deutsch von Wilhelm Storck;Paderborn : druck und Verlag von Ferdinand Schöninghn;1874;1874;XXIII, 1, 156 p.;Luís de Camões, 1524-1580;;;Wilhelm Storck, 1829-1905, Tradutor;;;CAM. 284 P.;CAM500;http://id.bnportugal.gov.pt/bib/catbnp/259984;Livre
6928;Bibliografia crítica - Tradução | 413;Celebrações - 1880 - Nótulas | 482;;;;;;;;;;;;;;;;;;;;;;;;;;;;;;;;;;;;258798;https://purl.pt/37882;https://bndigital.bnportugal.gov.pt//i/?IIIF=/78/02/d7/04/7802d704-62e3-4579-87a6-9e8ed05b0134/iiif/cam-208-p_0000_000007.tif/full/!300,500/0/default.jpg;Livro impresso;Espanhol;;Los Lusiadas;;;1.ª ed.;Barcelona : Empresa Editorial La Ilustracion;1874;1874;266 i.e. 296, LXI, 1 p.;Luís de Camões, 1524-1580;;;"Manuel Aranda y Sanjuan, Tradutor ; Ferdinand Denis, 1798-1890, Colaborador ; Caetano Lopes de Moura, 1780-1860, Editor literário";;;CAM. 208 P.;;http://id.bnportugal.gov.pt/bib/catbnp/258798;Livre
6929;Recepção criativa - Tematização | 409;Celebrações - 1880 - Recepção criativa - Tematização | 474;Bibliografia crítica - Estudo | 418;Celebrações - 1880 - Textos críticos | 469;;;;;;;;;;;;;;;;;;;;;;;;;;;;;;;;;;259867;https://purl.pt/23660;https://bndigital.bnportugal.gov.pt//i/?IIIF=/8c/86/49/d5/8c8649d5-2aa2-44c3-a944-9b921529fad1/iiif/cam-274-p_0000_capa-capa_t24-C-R0150_000005.tif/full/!300,500/0/default.jpg;Livro impresso;Magiar;Português;Lusiádája;;;Második kiadás;Budapest : az Athenaeum Tulajdona;1874;1874;4, 378, 2 p.;Luís de Camões, 1524-1580;;;;;;CAM. 274 P.;;http://id.bnportugal.gov.pt/bib/catbnp/259867;Livre
6930;Recepção criativa - Tematização | 409;Celebrações - 1880 - Recepção criativa - Tematização | 474;Celebrações - 1880 - Actos públicos | 477;;;;;;;;;;;;;;;;;;;;;;;;;;;;;;;;;;;782742;https://purl.pt/44738;https://bndigital.bnportugal.gov.pt//i/?IIIF=/24/13/93/47/24139347-fc15-498f-ba60-fe497a04e675/iiif/cam-705-p_0007.tif/full/!300,500/0/default.jpg;Livro impresso;Português;;Os Lusiadas;poema épico;;Nova ed. cuidadosamente revista, e conforme à de 1572;Lisboa : Livr. de António Maria Pereira;1874;1874;XVIII, 457 p.;Luís de Camões, 1524-1580;;;;;;CAM. 705 P.;CAM500;http://id.bnportugal.gov.pt/bib/catbnp/782742;Livre
6931;Recepção criativa - Tematização | 409;Celebrações - 1880 - Recepção criativa - Tematização | 474;Vida - Ficção - Poesia | 16;Celebrações - 1880 - Vida | 470;;;;;;;;;;;;;;;;;;;;;;;;;;;;;;;;;;257292;https://purl.pt/42832;https://bndigital.bnportugal.gov.pt//i/?IIIF=/a1/e8/29/5a/a1e8295a-ce2a-46d5-a94f-fb545f21b212/iiif/cam-162-p_0000_000007.tif/full/!300,500/0/default.jpg;Livro impresso;Português;;Obras completas de Luiz de Camões;;;Edição critica com as mais notaveis variantes;Porto : Imprensa Portugueza;1873;1873;3 t. em 7 vol.;Luís de Camões, 1524-1580;;;Anselmo de Morais, 1847-1900, Editor comercial;;Imprensa Portuguesa, Impressor;CAM. 162 P.;CAM500;http://id.bnportugal.gov.pt/bib/catbnp/257292;Livre
6932;Tradução - Impressos - Obras individuais - Épica | 151;Iconografia - Impressos - Portadas | 392;Tradução - Impressos - Obras individuais - Épica - Paratextos vida | 153;Tradução - Impressos - Obras individuais - Épica - Paratextos argumentos | 154;Tradução - Impressos - Obras individuais - Épica - Paratextos notas | 155;;;;;;;;;;;;;;;;;;;;;;;;;;;;;;;;Italiano;330209;https://purl.pt/42941;https://bndigital.bnportugal.gov.pt//i/?IIIF=/20/e2/74/9d/20e2749d-b695-491a-afa1-775dbc88d31d/iiif/cam-353-p_0000_000009.tif/full/!300,500/0/default.jpg;Livro impresso;Português;;Historia de Camões;;;1.ª ed.;Porto : Imprensa Portuguesa;1873;1873;"3 vol. VIII, 441, 2; 6,318; 592, 1 p.";Teófilo Braga, 1843-1924;;;;;;F.A. 3632;CAM500;http://id.bnportugal.gov.pt/bib/catbnp/330209;Livre
6933;Tradução - Impressos - Composições soltas e fragmentos - Épica - Paratextos gerais | 230;Tradução - Impressos - Composições soltas e fragmentos - Épica - Paratextos notas | 233;Obra - Impressos - Obras (avulsas) - Lírica - Fábula de Narciso | 38;Obra - Impressos - Recolha epigráfica | 96;;;;;;;;;;;;;;;;;;;;;;;;;;;;;;;;;;381468;https://purl.pt/43745;https://bndigital.bnportugal.gov.pt//i/?IIIF=/e0/20/89/c0/e02089c0-dfb3-4507-bf34-b897aa5b2b44/iiif/cam-33-a_0009.tif/full/!300,500/0/default.jpg;Livro impresso;Espanhol;Português;Os Lusiadas Los Portugueses;;;Edicion acompañada del legitimo texto portugues y de copiosas notas y noticias biograficas sobre el insigne poeta ibero;Badajoz : Establecimiento Tipográfico de José Santamaría;1873;1873;263, 1 p.;Luís de Camões, 1524-1580;;;Carlos Soler y Arqués, 1836-1896, Tradutor;;;CAM. 33 A.;CAM500;http://id.bnportugal.gov.pt/bib/catbnp/381468;Livre
6934;Bibliografia crítica - Estudo | 418;Celebrações - 1880 - Actos públicos | 477;;;;;;;;;;;;;;;;;;;;;;;;;;;;;;;;;;;;381701;https://purl.pt/43724;https://bndigital.bnportugal.gov.pt//i/?IIIF=/58/a8/a6/57/58a8a657-7fb2-4700-9b55-408036c37806/iiif/cam-40-a_0001.tif/full/!300,500/0/default.jpg;Livro impresso;Poliglota;Português;Inês de Castro;episódio extraído do canto terceiro do poema épico Os Lusíadas;;1.ª ed.;Lisboa : Imprensa Nacional;1873;1873;76 p.;Luís de Camões, 1524-1580;;;;;;CAM. 40 A.;CAM500;http://id.bnportugal.gov.pt/bib/catbnp/381701;Livre
6935;Bibliografia crítica - Obra | 412;Celebrações - 1880 - Textos críticos | 469;;;;;;;;;;;;;;;;;;;;;;;;;;;;;;;;;;;;410449;https://purl.pt/43911;https://bndigital.bnportugal.gov.pt//i/?IIIF=/37/17/31/09/37173109-2f71-495e-bea5-e4ca2470680c/iiif/cam-96-a_0007.tif/full/!300,500/0/default.jpg;Livro impresso;Espanhol;Português;Os Lusiadas Los Portugueses;;;Edicion acompañada del legitimo texto portugues y de copiosas notas y noticias biograficas sobre el insigne poeta ibero;Badajoz : Establecimiento Tipográfico de José Santamaría;1873;1873;263, 1 p.;Luís de Camões, 1524-1580;;;Carlos Soler y Arqués, 1836-1896, Tradutor;;;CAM. 96 A.;CAM500;http://id.bnportugal.gov.pt/bib/catbnp/410449;Livre
6936;Celebrações - 1880 - Periódicos | 471;Figuras Femininas - Autoras (produção escrita sobre Camões) | 552;Iconografia - Impressos - Retrato de Camões | 372;Iconografia - Impressos - Figuras históricas | 390;;;;;;;;;;;;;;;;;;;;;;;;;;;;;;;;;"Português; Espanhol; Francês; Italiano";614521;https://purl.pt/1127;https://bndigital.bnportugal.gov.pt//i/?IIIF=/97/cc/bc/96/97ccbc96-a88e-42be-92ff-c6a0010e4a17/iiif/e-3548-p_0000_000001.tif/full/!300,500/0/default.jpg;Iconografia;Português;;Luiz de Camões;;;1.ª ed.;Lisboa : Imprensa Nacional;1873;1873;1 gravura;Joaquim Pedro de Sousa, 1822-1878;;;;;;PURL 1127/0;;http://id.bnportugal.gov.pt/bib/catbnp/614521;Livre
6937;Vida - Ficção - Poesia | 16;Recepção criativa - Tematização | 409;;;;;;;;;;;;;;;;;;;;;;;;;;;;;;;;;;;;810381;https://purl.pt/43913;https://bndigital.bnportugal.gov.pt//i/?IIIF=/79/72/60/1d/7972601d-e856-49df-bc77-f7e76667a402/iiif/cam-96-v_0007.tif/full/!300,500/0/default.jpg;Livro impresso;Espanhol;;Sesion de la Real Academia Española à que asistió S. M. el Emperador del Brasil;;;1.ª ed.;Madrid : Imprenta y Estereotipia de M. Rivadeneyra;1873;1873;177, 1 br. p.;Leopoldo Augusto de Cueto, 1815-1901;;Juan Valera, 1824-1905, Autor;;;Real Academia Española, Editor literário;CAM. 96 V.;CAM500;http://id.bnportugal.gov.pt/bib/catbnp/810381;Livre
6938;Vida - Ficção - Poesia | 16;Vida - Ficção - Drama | 17;Recepção criativa - Tematização | 409;;;;;;;;;;;;;;;;;;;;;;;;;;;;;;;;;; Italiano;810933;https://purl.pt/43972;https://bndigital.bnportugal.gov.pt//i/?IIIF=/24/be/b1/eb/24beb1eb-37fb-4998-ac93-6ae6da129d99/iiif/cam-106-3-v_0001.tif/full/!300,500/0/default.jpg;Livro impresso;Português;;Os novos criticos de Camões;;;1.ª ed.;Porto : Impr. Portugueza;1873;1873;22 p.;Teófilo Braga, 1843-1924;;;;;;CAM. 106//3 V.;CAM500;http://id.bnportugal.gov.pt/bib/catbnp/810933;Livre
6939;Obra - Impressos - Obras (avulsas) - Épica | 23;Obra - Impressos - Paratextos - Obras (avulsas) - Épica | 103;Obra - Impressos - Paratextos - Obras (avulsas) - Épica - Vida | 104;Celebrações - 1880 - Edições | 468;Iconografia - Impressos - Retrato de Camões | 372;Iconografia - Impressos - Figuras históricas | 390;;;;;;;;;;;;;;;;;;;;;;;;;;;;;;;;1073796;https://purl.pt/45004;https://bndigital.bnportugal.gov.pt//i/?IIIF=/be/98/5a/ab/be985aab-79ce-4619-b26f-0ab8fd223720/iiif/cam-1422-p_0005.tif/full/!300,500/0/default.jpg;Livro impresso;Italiano;;Camoens;Dramma Storico in quatro atti in versi;;1.ª ed.;Napoli : Editori Vincenzo e Salvatore de Angelis;1873;1873;47 p.;Domenico Bolognese, 1819-1881;;;;;;CAM. 1422 P.;CAM500;http://id.bnportugal.gov.pt/bib/catbnp/1073796;Livre
6940;Obra - Impressos - Obras (avulsas) - Épica | 23;Obra - Impressos - Paratextos - Obras (avulsas) - Épica | 103;Obra - Impressos - Paratextos - Obras (avulsas) - Épica - Vida | 104;Obra - Impressos - Paratextos - Obras (avulsas) - Épica - Argumentos | 105;Iconografia - Impressos - Retrato de Camões | 372;Iconografia - Impressos - Portadas | 392;;;;;;;;;;;;;;;;;;;;;;;;;;;;;;;;256620;https://purl.pt/44315;https://bndigital.bnportugal.gov.pt//i/?IIIF=/09/b8/1d/4f/09b81d4f-79e9-4153-a037-9eaca02940a4/iiif/cam-161-p_0005.tif/full/!300,500/0/default.jpg;Livro impresso;Português;;Os Lusiadas;;;Nova edição conforme á de 1817, in-4º de Dom José de Souza Botelho Morgado de Matteus;Pariz : em Casa de V J-P. Aillaud, Guillard e C 47, Rua Saint-André-des-Arts, 47;1873;1873;8, 536 p., 1 estampa;Luís de Camões, 1524-1580;;;"Torquato Tasso, 1544-1595, Autor ; Paulino de Sousa, ca. 18--, Editor literário ; Tomás José de Aquino, 1718/20-1804, Editor literário ; João Franco Barreto, 1600-post. 1674, Editor literário ; Morgado de Mateus, 1758-1825, Editor literário ; Félicie Schneider, 1831-1888, Ilustrador ; Félicie Fournier, 1797-1879, Gravador ; Lucien François Penet, 1834-1901, Ilustrador ; Alfred Louis Sargent, 1828-?, Gravador em madeira ; Frédéric Théodore Lix, 1830-1897, Ilustrador ;  Lehuger, fl. 186-, Gravador em madeira ; A. Bouret, fl. 186-, Impressor ; William Graham, 1853-?, Antigo possuidor";;"Aillaud, Guillard. e Cª, Livreiro ; Imprimerie Simon Raçon. e Cª, Impressor";L. 53408 P.;CAM500;http://id.bnportugal.gov.pt/bib/catbnp/256620;Livre
6941;Obra - Impressos - Obras (avulsas) - Épica | 23;Obra - Impressos - Paratextos - Obras (avulsas) - Épica | 103;Obra - Impressos - Paratextos - Obras (avulsas) - Épica - Vida | 104;Obra - Impressos - Paratextos - Obras (avulsas) - Épica - Argumentos | 105;Iconografia - Impressos - Retrato de Camões | 372;Iconografia - Impressos - Outros | 393;;;;;;;;;;;;;;;;;;;;;;;;;;;;;;;;256601;https://purl.pt/44560;https://bndigital.bnportugal.gov.pt//i/?IIIF=/ca/a9/94/85/caa99485-6ddc-4e77-803f-f9ee4eb467e2/iiif/cam-482-p_0005.tif/full/!300,500/0/default.jpg;Livro impresso;Português;;Os Lusíadas;;;"Nova edição segundo a do Visconde de Juromenha conforme á segunda publicada em vida do poeta; com as estancias desprezadas e omittidas na primeira impressão do poema e com lições varias e notas";Leipzig : F. A. Brockhaus;1873;1873;XVI, 266 p.;Luís de Camões, 1524-1580;;;;;F. A. Brockhaus, Editor comercial;CAM. 159 P.;CAM500;http://id.bnportugal.gov.pt/bib/catbnp/256601;Livre
6942;Bibliografias e catálogos - Catálogo | 551;Celebrações - 1880 - Catálogos | 480;;;;;;;;;;;;;;;;;;;;;;;;;;;;;;;;;;;;1730019;https://purl.pt/43140;https://bndigital.bnportugal.gov.pt//i/?IIIF=/6e/30/26/6d/6e30266d-f421-40c6-9843-90f4114e9c1e/iiif/cam-2045-v_0001.tif/full/!300,500/0/default.jpg;Livro impresso;Neerlandês;;"Camoëns en zijn Heldendicht: ""De Lusiade."" Rede van A. Beeloo, bij de opening van de Algemeene vergadering der Hollandsche maatsschappij van fraaij kunsten en wetenschappen, Gehouden te Amsterdam, 20 september 1872";;;1.ª ed.;Amsterdam : Snelpers-Drukkerij-Van Bonga en Comp.;1872;1872;22 p.;Adriaan Beeloo, fl. 1872;;;Luís de Camões, 1524-1580, Antecedente bibliográfico;;;CAM. 2045 V.;CAM500;http://id.bnportugal.gov.pt/bib/catbnp/1730019;Livre
6943;Bibliografia crítica - Estudo | 418;Tradução - Impressos - Composições soltas e fragmentos - Épica - Paratextos notas | 233;Tradução - Impressos - Composições soltas e fragmentos - Épica - Paratextos gerais | 230;;;;;;;;;;;;;;;;;;;;;;;;;;;;;;;;;;;811200;https://purl.pt/43996;https://bndigital.bnportugal.gov.pt//i/?IIIF=/95/e9/78/cf/95e978cf-394a-4199-8df3-04e39b757532/iiif/cam-110-v_0000_000007.tif/full/!300,500/0/default.jpg;Livro impresso;Português;;Camões e os Lusiadas;ensaio historico-critico-litterario;;1.ª ed.;Lisboa : Livraria de A. M. Pereira, Editor;1872;1872;315, 5 p.;Francisco Evaristo Leoni, 1803-1874;;;;;;CAM. 110 V.;CAM500;http://id.bnportugal.gov.pt/bib/catbnp/811200;Livre
6944;Bibliografias e catálogos - Bibliografia | 550;;;;;;;;;;;;;;;;;;;;;;;;;;;;;;;;;;;;;466860;https://purl.pt/45003;https://bndigital.bnportugal.gov.pt//i/?IIIF=/86/20/3c/84/86203c84-6128-4125-a40b-5f0a26bc764b/iiif/cam-1428-p_0005.tif/full/!300,500/0/default.jpg;Livro impresso;Alemão;;Beitraege zur textkritik der Lusiadas des Camões;;;1.ª ed.;Munchen : Akademische Buchdruckerei von F. Straub;1872;1872;46 p.;Karl von Reinhardstöttner, 1847-1909;;;;;;CAM. 1428 P.;CAM500;http://id.bnportugal.gov.pt/bib/catbnp/466860;Livre
6945;Vida - Biografia | 13;Celebrações - 1880 - Vida | 470;;;;;;;;;;;;;;;;;;;;;;;;;;;;;;;;;;;;1076121;https://purl.pt/45026;https://bndigital.bnportugal.gov.pt//i/?IIIF=/c9/29/0f/dc/c9290fdc-d5f2-4c34-bd1a-84a0ef25cc9d/iiif/cam-1447-p_0005.tif/full/!300,500/0/default.jpg;Livro impresso;Francês;;Le Camoëns;drame historique en un acte et en vers;;1.ª ed.;Paris : Hachette et Cie, Libraires-Éditeurs;1872;1872;36 p.;Vitor Perdoux, 18--;;;;;;CAM. 1447 P.;CAM500;http://id.bnportugal.gov.pt/bib/catbnp/1076121;Livre
6946;Tradução - Impressos - Composições soltas e fragmentos - Lírica - Paratextos gerais | 235;Obra - Impressos - Obras (avulsas) - Lírica - Soneto | 35;Celebrações - 1880 - Traduções | 476;;;;;;;;;;;;;;;;;;;;;;;;;;;;;;;;;;;1076059;https://purl.pt/45034;https://bndigital.bnportugal.gov.pt//i/?IIIF=/6a/04/a2/d4/6a04a2d4-cff4-4f82-a52e-caaafddf1f64/iiif/cam-1452-p_0007.tif/full/!300,500/0/default.jpg;Livro impresso;Italiano;;Camöens;drama lirico in 4 atti;;1.ª ed.;Napoli : Tip. del Commend. G. Nobile;1872;1872;40 p.;Enrico Golisciani, 1848-1918;;;Pietro Musone, 18--, Músico;;;CAM. 1452 P.;CAM500;http://id.bnportugal.gov.pt/bib/catbnp/1076059;Livre
6947;Bibliografia crítica - Estudo | 418;;;;;;;;;;;;;;;;;;;;;;;;;;;;;;;;;;;;;854013;https://purl.pt/45071;https://bndigital.bnportugal.gov.pt//i/?IIIF=/42/44/ac/c5/4244acc5-0bbb-4bc2-a45b-24f45b788817/iiif/cam-1771-v_0007.tif/full/!300,500/0/default.jpg;Livro impresso;Português;;Camões e os Lusiadas;ensaio historico-critico-litterario;;1.ª ed.;Lisboa : A. M. Pereira;1872;1872;315, 5, últ. br. p.;Francisco Evaristo Leoni, 1803-1874;;;;;;CAM. 1771 V.;CAM500;http://id.bnportugal.gov.pt/bib/catbnp/854013;Livre
6948;Recepção criativa - Centão [Cintra] | 408;Recepção criativa - Tematização | 409;;;;;;;;;;;;;;;;;;;;;;;;;;;;;;;;;;;;258791;https://purl.pt/44276;https://bndigital.bnportugal.gov.pt//i/?IIIF=/22/82/26/d0/228226d0-268d-460e-9d03-2d54154d7534/iiif/cam-207-p_0005.tif/full/!300,500/0/default.jpg;Livro impresso;Espanhol;;Los Lusiadas;poema epico;;1.ª ed.;Madrid : Imprenta de D. António Perez Dubrull;1872;1872;396, 5 p.;Luís de Camões, 1524-1580;;; Cheste, Tradutor;;;CAM. 207 P.;CAM500;http://id.bnportugal.gov.pt/bib/catbnp/258791;Livre
6949;Bibliografia crítica - Estudo | 418;Figuras Femininas - Autoras (produção escrita sobre Camões) | 552;;;;;;;;;;;;;;;;;;;;;;;;;;;;;;;;;;;;253978;https://purl.pt/44478;https://bndigital.bnportugal.gov.pt//i/?IIIF=/18/3c/68/a5/183c68a5-d036-4fad-970e-a7e97e238d2d/iiif/cam-400-p_0009.tif/full/!300,500/0/default.jpg;Livro impresso;Português;;Os Lusíadas;ensaio sobre Camões e a sua obra em relação à sociedade portugueza e ao movimento da Renascença;;1.ª ed.;Porto : Imprensa Portugueza;1872;1872;210, 1 p.;Oliveira Martins, 1845-1894;;;;;;F. 8;CAM500;http://id.bnportugal.gov.pt/bib/catbnp/253978;Livre
6950;Recepção criativa - Paródia | 407;;;;;;;;;;;;;;;;;;;;;;;;;;;;;;;;;;;;;370694;https://purl.pt/44624;https://bndigital.bnportugal.gov.pt//i/?IIIF=/b4/03/66/24/b4036624-9d61-46d3-aaba-d40ac6b40a93/iiif/cam-528-p_0005.tif/full/!300,500/0/default.jpg;Livro impresso;Português;;Camões e os Lusíadas;;;1.ª ed.;Rio de Janeiro : Typografia do Imperial Instituto Artístico;1872;1872;286, V, 2 p.;Joaquim Nabuco, 1849-1910;;;;;;CAM. 528 P.;CAM500;http://id.bnportugal.gov.pt/bib/catbnp/370694;Livre
6951;Recepção criativa - Paródia | 407;;;;;;;;;;;;;;;;;;;;;;;;;;;;;;;;;;;;;478469;https://purl.pt/43665;https://bndigital.bnportugal.gov.pt//i/?IIIF=/21/35/dd/50/2135dd50-deed-4e90-b8d7-df593a95db03/iiif/cam-80-48-a_0000_000001.tif/full/!300,500/0/default.jpg;Periódico;Francês;;Le Globe;;;1.ª ed.;Paris : s.n.;1871;1871;;;;;;;;CAM. 80//48 A.;CAM500;http://id.bnportugal.gov.pt/bib/catbnp/478469;Livre
6952;Celebrações - 1880 - Actos públicos | 477;Celebrações - 1880 - Discussão, programas e relatórios | 481;Celebrações - 1880 - Vida | 470;Celebrações - 1880 - Recepção criativa - Tematização | 474;;;;;;;;;;;;;;;;;;;;;;;;;;;;;;;;;;1076114;https://purl.pt/45040;https://bndigital.bnportugal.gov.pt//i/?IIIF=/3d/90/f0/5d/3d90f05d-2708-46dd-9a6b-7fdafb05dca8/iiif/cam-1464-p_0005.tif/full/!300,500/0/default.jpg;Livro impresso;Espanhol;;Camoens;cuadro dramático, original, en un acto y en verso;;1.ª ed.;Madrid : Imprenta de S. Landáburu;1871;1871;24 p.;Manuel Ossorio y Bernard, ca 18--;;Lucio Viñas y Deza, ca. 18, Autor;;;;CAM. 1464 P.;CAM500;http://id.bnportugal.gov.pt/bib/catbnp/1076114;Livre
6953;Tradução - Impressos - Composições soltas e fragmentos - Lírica | 234;Obra - Impressos - Obras (avulsas) - Lírica - Soneto | 35;;;;;;;;;;;;;;;;;;;;;;;;;;;;;;;;;;;;256593;https://purl.pt/44801;https://bndigital.bnportugal.gov.pt//i/?IIIF=/42/a3/74/17/42a37417-f7ba-4ef9-b43b-0f14f1657192/iiif/cam-711-p_0007.tif/full/!300,500/0/default.jpg;Livro impresso;Português;;Os Lusiadas;;;Nova edição contendo: Breve noticia da vida do author, Noticia ácerca de Vasco da Gama e da sua viagem á India e o Diccionario dos nomes proprios usados no mesmo poema;Porto : em Casa de Cruz Coutinho Editor;1871;1871;XXIV, 360 p.;Luís de Camões, 1524-1580;;;"João Franco Barreto, 1600-post. 1674, Editor literário ; Tomás José de Aquino, 1718/20-1804, Editor literário ; Damião de Góis, 1502-1574, Autor ; A. R. da Cruz Coutinho, 1815-1885, Editor comercial";;Tipografia do Jornal do Porto, Impressor;CAM. 524 P.;CAM500;http://id.bnportugal.gov.pt/bib/catbnp/256593;Livre
6954;Recepção criativa - Tematização | 409;Celebrações - 1880 - Recepção criativa - Tematização | 474;;;;;;;;;;;;;;;;;;;;;;;;;;;;;;;;;;;;782740;https://purl.pt/44737;https://bndigital.bnportugal.gov.pt//i/?IIIF=/e2/d8/e3/da/e2d8e3da-feac-4242-841c-a7c397ba6cf7/iiif/cam-704-p_0009.tif/full/!300,500/0/default.jpg;Livro impresso;Português;;Os Lusiadas;poema épico;;Nova ed. popular conforme às ed. clássicas de 1572;Lisboa : Tip. de F. X. de Sousa & Filho;1871;1871;XXIII, 395 p.;Luís de Camões, 1524-1580;;;;;;CAM. 704 P.;CAM500;http://id.bnportugal.gov.pt/bib/catbnp/782740;Livre
6955;Recepção criativa - Tematização | 409;Recepção criativa - Centão [Cintra] | 408;Celebrações - 1880 - Recepção criativa - Tematização | 474;Celebrações - 1880 - Recepção criativa - Centão | 475;Figuras Femininas - Autoras (produção escrita sobre Camões) | 552;Iconografia - Impressos - Retrato de Camões | 372;;;;;;;;;;;;;;;;;;;;;;;;;;;;;;;;397849;https://purl.pt/43743;https://bndigital.bnportugal.gov.pt//i/?IIIF=/14/e9/2d/b5/14e92db5-8913-4f19-839e-f58994d4437d/iiif/cam-38-v_0009.tif/full/!300,500/0/default.jpg;Livro impresso;"Francês ; Português";;Les Lusiades...;traduction nouvelle annotée et acompagnée du texte portugais;;1.ª ed.;Paris : Lib. V. e J. : Aillaud : Guillard;1870;1870;XVI, 589 p.;Luís de Camões, 1524-1580;;;Fernando de Azevedo e Silva, 1845-1924, Tradutor;;;CAM. 38 V.;CAM500;http://id.bnportugal.gov.pt/bib/catbnp/397849;Livre
6956;Tradução - Impressos - Composições soltas e fragmentos - Lírica | 234;Celebrações - 1880 - Traduções | 476;Obra - Impressos - Obras (avulsas) - Lírica - Soneto | 35;;;;;;;;;;;;;;;;;;;;;;;;;;;;;;;;;;;426512;https://purl.pt/43588;https://bndigital.bnportugal.gov.pt//i/?IIIF=/ed/9c/ac/ac/ed9cacac-104b-435c-b7cc-8aa38ac8bca3/iiif/426512_0001.tif/full/!300,500/0/default.jpg;Livro impresso;Português;;Homenagem a Camões;melodia para piano;;1.ª ed.;Lisboa : s.n.;1870;1870;1 partitura 2 p.;Maria Cornélia de Melo de Castro Pacheco;;;;;;C.I.C. 142 A.;PRR2022;http://id.bnportugal.gov.pt/bib/catbnp/426512;Livre
6957;Bibliografia crítica - Obra | 412;Obra - Impressos - Paratextos - Obras (avulsas) - Outros | 119;;;;;;;;;;;;;;;;;;;;;;;;;;;;;;;;;;;;798864;https://purl.pt/43423;https://bndigital.bnportugal.gov.pt//i/?IIIF=/c7/62/23/de/c76223de-5f31-4030-a77d-a7706d53fa5f/iiif/cam-978-p_0007.tif/full/!300,500/0/default.jpg;Livro impresso;Português;;Os Lusiadas;epopeia;;Ed. popular, conforme a 2ª de 1572 com um prospecto chronologico da vida do poeta, as variações e estâncias omittidas;Porto : Impr. Portuguesa;1870;1870;XXIV, 449 p.;Luís de Camões, 1524-1580;;;;;;CAM. 978 P.;CAM500;http://id.bnportugal.gov.pt/bib/catbnp/798864;Livre
6958;Recepção criativa - Paródia | 407;Iconografia - Impressos - Ilustrações da obra | 376;;;;;;;;;;;;;;;;;;;;;;;;;;;;;;;;;;;"Francês; completar título: parodie en vers burlesques, grotesques et sérieux ";1073966;https://purl.pt/43388;https://bndigital.bnportugal.gov.pt//i/?IIIF=/ea/d2/7f/fb/ead27ffb-1a01-4efb-bc04-cab1055acc6e/iiif/cam-1474-p_0005.tif/full/!300,500/0/default.jpg;Livro impresso;Italiano;;Il Maestro del Signorino;commedia in un atto;;1.ª ed.;Milano : Amalia Bettoni;1870;1870;56 p.;Francesco Coletti, 1821-1873;;;;;;CAM. 1474 P.;CAM500;http://id.bnportugal.gov.pt/bib/catbnp/1073966;Livre
6959;Bibliografia crítica - Estudo | 418;Celebrações - 1880 - Textos críticos | 469;Recepção criativa - Tematização | 409;;;;;;;;;;;;;;;;;;;;;;;;;;;;;;;;;;;1718418;https://purl.pt/32817;https://bndigital.bnportugal.gov.pt//i/?IIIF=/a1/70/7e/52/a1707e52-7a21-4019-9844-bcd1b4aa3b5e/iiif/cn-1144-a_0000_000001.tif/full/!300,500/0/default.jpg;Partitura;Português;;Supplica dAmor;;;1.ª ed.;Lisboa : Lith. Castro R. Douradores 10;1870;1870;Partitura 4 p.;José Heliodoro Vargas Júnior, 1835-1920;;;Luís de Camões, 1524-1580, Autor;;Portugal. Conservatório Nacional. Escola de Música, Antigo possuidor;C.N. 1144 A.;CAM500;http://id.bnportugal.gov.pt/bib/catbnp/1718418;Livre
6960;Iconografia - Impressos - Mapas | 387;;;;;;;;;;;;;;;;;;;;;;;;;;;;;;;;;;;;;329068;https://purl.pt/44459;https://bndigital.bnportugal.gov.pt//i/?IIIF=/65/f1/71/96/65f17196-cef9-4dbe-a62b-09b243d2bca6/iiif/cam-381-p_0009.tif/full/!300,500/0/default.jpg;Livro impresso;Português;;Album de homenagens a Luiz de Camões;;;Nova edição dos principais escriptos em verso e prosa publicados pela imprensa periodica por occasião de se erigir o monumento que à memoria do egrégio poeta ...;Lisboa : Lallemant Fréres;1870;1870;6, XV, 1, 332, 3 p.;;;;António Maria de Almeida Neto, 1836-?, Editor literário;;;CAM. 381 P.;CAM500;http://id.bnportugal.gov.pt/bib/catbnp/329068;Livre
6961;Recepção criativa - Paródia | 407;;;;;;;;;;;;;;;;;;;;;;;;;;;;;;;;;;;;;788401;https://purl.pt/44797;https://bndigital.bnportugal.gov.pt//i/?IIIF=/85/90/da/27/8590da27-3f74-4a7d-9509-c59cbc45097f/iiif/cam-803-p_0007.tif/full/!300,500/0/default.jpg;Livro impresso;Francês;Português;Les Lusiades;;;1.ª ed.;Paris : Ernest Flammarion;1870;1870;318 p.;Luís de Camões, 1524-1580;;;Fernando de Azevedo e Silva, 1845-1924, Tradutor;;;CAM. 803 P.;CAM500;http://id.bnportugal.gov.pt/bib/catbnp/788401;Livre
6962;Bibliografia crítica - Estudo | 418;;;;;;;;;;;;;;;;;;;;;;;;;;;;;;;;;;;;;782738;https://purl.pt/44727;https://bndigital.bnportugal.gov.pt//i/?IIIF=/53/96/60/6e/5396606e-746e-45a4-acca-09d74fd70fad/iiif/cam-701-p_0007.tif/full/!300,500/0/default.jpg;Livro impresso;Português;;Os Lusíadas;poema épico;;Nova ed. popular conforme às ed. clássicas de 1572;Lisboa : Tip. de F. X. de Sousa & Filho;1870;1870;395 p.;Luís de Camões, 1524-1580;;;;;;CAM. 701 P.;CAM500;http://id.bnportugal.gov.pt/bib/catbnp/782738;Livre
6963;Recepção criativa - Centão [Cintra] | 408;Recepção criativa - Tematização | 409;;;;;;;;;;;;;;;;;;;;;;;;;;;;;;;;;;;;256592;https://purl.pt/44006;https://bndigital.bnportugal.gov.pt//i/?IIIF=/e3/a6/f8/c7/e3a6f8c7-a533-4d47-9010-c5ef4ecb7cfa/iiif/cam-157-p_0000_000007.tif/full/!300,500/0/default.jpg;Livro impresso;Português;;Os Lusiadas;;;Edição popular, conforme a 2ª de 1572, com um prospecto chronologico da vida do poeta, e um retrato;Porto : Imprensa Portugueza;1869;1869;XXIV, 449, i. é. 451, 1 p., 1 estampa;Luís de Camões, 1524-1580;;;"João Franco Barreto, 1600-post. 1674, Editor literário ; Manuel de Faria e Sousa, 1590-1649, Editor literário ; José Arnaldo Nogueira Molarinho, 1828-1907, Gravador em metal";;Imprensa Portuguesa, Impressor;CAM. 157 P.;CAM500;http://id.bnportugal.gov.pt/bib/catbnp/256592;Livre
6964;Tradução - Impressos - Composições soltas e fragmentos - Lírica - Paratextos gerais | 235;Celebrações - 1880 - Traduções | 476;Iconografia - Impressos - Portadas | 392;;;;;;;;;;;;;;;;;;;;;;;;;;;;;;;;;;;259731;https://purl.pt/44356;https://bndigital.bnportugal.gov.pt//i/?IIIF=/c9/6a/ed/db/c96aeddb-85b1-406f-a926-a7c4d7647ad1/iiif/cam-260-p_0007.tif/full/!300,500/0/default.jpg;Livro impresso;Alemão;;Die Lusiaden;;;Dritte vielfach verbesserte Auflage;Leipzig : Fues's Verlag;1869;1869;XIV, 2, 410, 2 p.;Luís de Camões, 1524-1580;;;Johann Jacob Christian Donner, 1799-1875, Tradutor;;;CAM. 260 P.;CAM500;http://id.bnportugal.gov.pt/bib/catbnp/259731;Livre
6965;Bibliografia crítica - Estudo | 418;Recepção criativa - Centão [Cintra] | 408;;;;;;;;;;;;;;;;;;;;;;;;;;;;;;;;;;;;790177;https://purl.pt/44830;https://bndigital.bnportugal.gov.pt//i/?IIIF=/be/44/08/f5/be4408f5-1fe9-4aee-b109-68b0e7c4745c/iiif/cam-878-p_0007.tif/full/!300,500/0/default.jpg;Livro impresso;Alemão;Português;Die Lusiaden;heroisch-epiches Gedicht;;1.ª ed.;Hildburghausen : Verlag des Bibliographishen Instituts;1869;1869;261 p.;Luís de Camões, 1524-1580;;;Karl Eitner, 1805-1884, Tradutor;;;CAM. 878 P.;CAM500;http://id.bnportugal.gov.pt/bib/catbnp/790177;Livre
6966;Vida - Ficção - Poesia | 16;Recepção criativa - Tematização | 409;Celebrações - 1880 - Vida | 470;Celebrações - 1880 - Recepção criativa - Tematização | 474;;;;;;;;;;;;;;;;;;;;;;;;;;;;;;;;;;798869;https://purl.pt/44939;https://bndigital.bnportugal.gov.pt//i/?IIIF=/47/4a/53/40/474a5340-73e7-4773-ad1b-fabdab8f6a2b/iiif/cam-985-p_0005.tif/full/!300,500/0/default.jpg;Livro impresso;Alemão;Português;Sämmtliche Idyllen;;;1.ª ed.;Münster : Adolph Ruffell's Verlag;1869;1869;XXIII, 253 p.;Luís de Camões, 1524-1580;;;"C. Schlüter, ca. 18, Tradutor ; Wilhelm Storck, 1829-1905, Tradutor";;;CAM. 985 P.;CAM500;http://id.bnportugal.gov.pt/bib/catbnp/798869;Livre
6967;Vida - Ficção - Poesia | 16;Celebrações - 1880 - Vida | 470;Recepção criativa - Tematização | 409;Celebrações - 1880 - Recepção criativa - Tematização | 474;;;;;;;;;;;;;;;;;;;;;;;;;;;;;;;;;;322001;https://purl.pt/43830;https://bndigital.bnportugal.gov.pt//i/?IIIF=/ce/ba/df/ab/cebadfab-48bf-40fe-bbfd-2b80fac563eb/iiif/cam-310-1-p_0000_000001.tif/full/!300,500/0/default.jpg;Livro impresso;Latim;;Amaryllidos Dircaei;in latinum sermonem translata ad usum Scholarum brasiliensium;;1.ª ed.;PotamopoliRio de Janeiro : ex typis Quirini & Fratis;1868;1868;4, IV, 4, 68 p.;Castro Lopes, 1848-?;;;;;;CAM. 310//1 P.;CAM500;http://id.bnportugal.gov.pt/bib/catbnp/322001;Livre
6968;Celebrações - 1880 - Periódicos | 471;;;;Celebrações - 1880 - Traduções | 476;;;;;;;;;;;;;;;;;;;;;;;;;;;;;;;;;636385;https://purl.pt/5757;https://bndigital.bnportugal.gov.pt//i/?IIIF=/77/c8/5e/5a/77c85e5a-2edc-447a-be9f-e3b9247fe8a1/iiif/e-1774-v_0000_000001.tif/full/!300,500/0/default.jpg;Iconografia;Português;;Monumento a Camões;;;1.ª ed.;S.l. : s.n.;1868;1868;1 gravura;Joaquim Pedro de Sousa, 1822-1878;;;Silêncio Cristão de Barros, 1798-1867, Impressor de ilustrações em chapa gravada;;;PURL 5757/0;CAM500;http://id.bnportugal.gov.pt/bib/catbnp/636385;Livre
6969;Bibliografias e catálogos - Catálogo | 551;;;;;;;;;;;;;;;;;;;;;;;;;;;;;;;;;;;;;369142;https://purl.pt/44585;https://bndigital.bnportugal.gov.pt//i/?IIIF=/a3/fd/88/fc/a3fd88fc-d9b1-4bb7-8dc7-6fb1888b2704/iiif/cam-483-p_0007.tif/full/!300,500/0/default.jpg;Livro impresso;Português;;Os Lusiadas;poema epico de Luis de Camões;;Nova edição para uso das escolas feita debaixo das vistas da mais acurada crítica em presença das duas edições primordiais...;Rio de Janeiro : Em casa dos Editores Eduardo & Henrique Laemmert;1868;1868;1 f.,441 p.;Luís de Camões, 1524-1580;;;;;;CAM. 483 P.;CAM500;http://id.bnportugal.gov.pt/bib/catbnp/369142;Livre
6970;Obra - Impressos - Composições soltas e fragmentos - Épica - Episódio | 67;Obra - Impressos - Paratextos - Obras (avulsas) - Outros | 119;Iconografia - Impressos - Ilustrações da obra | 376;;;;;;;;;;;;;;;;;;;;;;;;;;;;;;;;;;;397797;https://purl.pt/44736;https://bndigital.bnportugal.gov.pt//i/?IIIF=/9b/d6/f2/01/9bd6f201-e699-4b5f-9323-5597a62561fa/iiif/cam-706-p_0005.tif/full/!300,500/0/default.jpg;Livro impresso;Português;;Os Lusíadas;poema epico ...;;Nova ed;Lisboa : Typ. de L.C. da Cunha;1868;1868;397 p.;Luís de Camões, 1524-1580;;;;;;CAM. 706 P.;CAM500;http://id.bnportugal.gov.pt/bib/catbnp/397797;Livre
6971;Bibliografias e catálogos - Bibliografia | 550;;;;;;;;;;;;;;;;;;;;;;;;;;;;;;;;;;;;;258484;https://purl.pt/43877;https://bndigital.bnportugal.gov.pt//i/?IIIF=/c6/d0/e6/87/c6d0e687-d880-4096-bb37-0872eb31b1fc/iiif/cam-106-1-v_0000_000001.tif/full/!300,500/0/default.jpg;Livro impresso;Português;;Breve resumo da vida de Luis de Camões extraida de diversos authores e noticia do monumento...;estudo;;1.ª ed.;Lisboa : Typ. de Coelho & Irmão;1867;1867;"4, 12 p. ;";João Crisóstomo Mackonelt, 1839-1898;;;;;;H.G. 14939//9 P.;CAM500;http://id.bnportugal.gov.pt/bib/catbnp/258484;Livre
6972;Iconografia - Impressos - Retrato de Camões | 372;Celebrações - 1880 - Iconografia | 478;;;;;;;;;;;;;;;;;;;;;;;;;;;;;;;;;;;;401731;https://purl.pt/43864;https://bndigital.bnportugal.gov.pt//i/?IIIF=/29/bd/6a/e8/29bd6ae8-dd29-41c8-a28e-7e3cfe65a8f1/iiif/cam-66-4-a_0001.tif/full/!300,500/0/default.jpg;Livro impresso;Português;;A Luís de Camões;poesia;;1.ª ed.;Lisboa : Imp. Nacional;1867;1867;;Eduardo Augusto Vidal, 1841-1907;;;;;;L. 5895//7 A.;CAM500;http://id.bnportugal.gov.pt/bib/catbnp/401731;Livre
6973;Recepção criativa - Tematização | 409;Celebrações - 1880 - Recepção criativa - Tematização | 474;Vida - Ficção - Poesia | 16;Celebrações - 1880 - Actos públicos | 477;;;;;;;;;;;;;;;;;;;;;;;;;;;;;;;;;;1726958;https://purl.pt/43253;https://bndigital.bnportugal.gov.pt//i/?IIIF=/8c/86/fd/c0/8c86fdc0-b78b-44ec-9ee9-017cf81924ce/iiif/cam-1547-p_0001.tif/full/!300,500/0/default.jpg;Livro impresso;Português;;Biographia de Luiz de Camões principe dos poetas portuguezes;;;1.ª ed.;Lisboa : s.n.;1867;1867;9, 1 p.;;;;Luís de Camões, 1524-1580, Antecedente bibliográfico;;;CAM. 1547 P.;CAM500;http://id.bnportugal.gov.pt/bib/catbnp/1726958;Livre
6974;Obra - Impressos - Composições soltas e fragmentos - Épica - Estrofes | 66;Obra - Impressos - Paratextos - Obras (avulsas) - Épica | 103;Obra - Impressos - Paratextos - Obras (avulsas) - Épica - Argumentos | 105;Celebrações - 1880 - Edições | 468;Figuras Femininas - Autoras (produção escrita sobre Camões) | 552;Figuras Femininas - Leitoras (em torno de Camões) | 553;Iconografia - Impressos - Imagens de Camões | 373;Iconografia - Impressos - Ilustrações da obra | 376;;;;;;;;;;;;;;;;;;;;;;;;;;;;;;1915110;https://purl.pt/38119;https://bndigital.bnportugal.gov.pt//i/?IIIF=/3f/ed/05/26/3fed0526-7a12-406e-b0a2-09f1a0c89145/iiif/fcr-280-a_0000_000001.tif/full/!300,500/0/default.jpg;Partitura;Francês;;Souvenir de Camões;suite de valses pour piano;;1.ª ed.;Lisboa : Lence & V. Canongia;1867;1867;;Manoel Marti, 1819-1873;;;Joaquim Pedro de Sousa, 1822-1878, Gravador;;"Lence e Viúva Canongia. Instituto Português do Património Cultural. Departamento de Musicologia, Editor comercial ; Portugal. Instituto Português do Património Cultural. Departamento de Musicologia, Antigo possuidor ; Lence. Instituto Português do Património Cultural. Departamento de Musicologia";F.C.R. 280 A.;CAM500;http://id.bnportugal.gov.pt/bib/catbnp/1915110;Livre
6975;Tradução - Impressos - Obras individuais - Épica - Paratextos gerais | 152;Tradução - Impressos - Obras individuais - Épica - Paratextos notas | 155;Iconografia - Impressos - Portadas | 392;;;;;;;;;;;;;;;;;;;;;;;;;;;;;;;;;;;1073963;https://purl.pt/45039;https://bndigital.bnportugal.gov.pt//i/?IIIF=/a3/b2/23/a1/a3b223a1-2968-4af9-a530-a703534d77e5/iiif/cam-1470-p_0007.tif/full/!300,500/0/default.jpg;Livro impresso;Português;;Poesia dedicada á inauguração do monumento do insigne poeta Luiz de Camões;e ao campo de instrucção e manobras;;1.ª ed.;Porto : Typ. União;1867;1867;14 p.;António Marcolino Pimental, 18--;;;;;;CAM. 1470 P.;CAM500;http://id.bnportugal.gov.pt/bib/catbnp/1073963;Livre
6976;Bibliografia crítica - Estudo | 418;Celebrações - 1880 - Textos críticos | 469;Recepção criativa - Tematização | 409;Celebrações - 1880 - Recepção criativa - Tematização | 474;;;;;;;;;;;;;;;;;;;;;;;;;;;;;;;;;;856599;https://purl.pt/44330;https://bndigital.bnportugal.gov.pt//i/?IIIF=/ec/55/35/24/ec553524-581f-4ecd-a068-548dc48bcd1b/iiif/cam-252-9-v_0001.tif/full/!300,500/0/default.jpg;Livro impresso;Português;;O monumento a Camões e o caso espantoso sucedido na noite de 20 de Outubro;;;1.ª ed.;Lisboa : Tip. L. E. da Cunha;1867;1867;;Costa Godolfim, 1842-1912;;;;;;H.G. 10592 V.;CAM500;http://id.bnportugal.gov.pt/bib/catbnp/856599;Livre
6977;Bibliografia crítica - Estudo | 418;Celebrações - 1880 - Textos críticos | 469;;;;;;;;;;;;;;;;;;;;;;;;;;;;;;;;;;;;330282;https://purl.pt/44526;https://bndigital.bnportugal.gov.pt//i/?IIIF=/31/1c/22/58/311c2258-3915-4fdf-89ba-0fccbef09dc6/iiif/cam-419-5-p_0001.tif/full/!300,500/0/default.jpg;Livro impresso;Português;;Biografia de Luiz de Camões principe dos poetas portuguezes;;;1.ª ed.;Lisboa : Typ. Rua do Paço do Bemformoso,153;1867;1867;9 p.;;;;;;;CAM. 419//5 P.;CAM500;http://id.bnportugal.gov.pt/bib/catbnp/330282;Livre
6978;Tradução - Impressos - Composições soltas e fragmentos - Épica | 229;Tradução - Impressos - Composições soltas e fragmentos - Épica - Paratextos gerais | 230;Obra - Impressos - Composições soltas e fragmentos - Épica - Estrofes | 66;Iconografia - Impressos - Retrato de Camões | 372;;;;;;;;;;;;;;;;;;;;;;;;;;;;;;;;;;789260;https://purl.pt/44816;https://bndigital.bnportugal.gov.pt//i/?IIIF=/73/51/67/77/73516777-da1f-4f2e-bdd1-3584f1867f98/iiif/cam-865-p_0009.tif/full/!300,500/0/default.jpg;Livro impresso;Francês;;Biographie de Camoens telle quelle figurera dans les colonnes du Grand Dictionnaire;;;1.ª ed.;Paris : V.ve J. P. Aillaud, Guillard et C.ie;1867;1867;15 p.;Pierre Larousse, 1817-1875;;;;;;CAM. 865 P.;CAM500;http://id.bnportugal.gov.pt/bib/catbnp/789260;Livre
6979;Bibliografia crítica - Polémica e discussão | 417;;;;;;;;;;;;;;;;;;;;;;;;;;;;;;;;;;;;;798610;https://purl.pt/44829;https://bndigital.bnportugal.gov.pt//i/?IIIF=/fc/07/fe/5d/fc07fe5d-24b8-4877-904a-ace1de2d9176/iiif/cam-954-p_0005.tif/full/!300,500/0/default.jpg;Livro impresso;Português;;Os Lusiadas;poema epico;;Nova ed;Lisboa : s.n.;1867;1867;397 p.;Luís de Camões, 1524-1580;;;;;;CAM. 954 P.;CAM500;http://id.bnportugal.gov.pt/bib/catbnp/798610;Livre
6980;Tradução - Impressos - Composições soltas e fragmentos - Épica | 229;Tradução - Impressos - Composições soltas e fragmentos - Épica - Paratextos gerais | 230;Obra - Impressos - Composições soltas e fragmentos - Épica - Estrofes | 66;Iconografia - Impressos - Retrato de Camões | 372;Celebrações - 1880 - Traduções | 476;Celebrações - 1880 - Nótulas | 482;;;;;;;;;;;;;;;;;;;;;;;;;;;;;;;;2186705;https://purl.pt/43582;https://bndigital.bnportugal.gov.pt//i/?IIIF=/f5/7b/4e/98/f57b4e98-afd8-4d5e-a925-ee472a48647e/iiif/cam-60-1-3-a_0000_000001.tif/full/!300,500/0/default.jpg;Livro impresso;Português;;Miscelânea camoniana;artigos de imprensa sobre Camões, 1867;;1.ª ed.;Lisboa,;1867;1867;6 f.;;;;;;;CAM. 60//1-3 A.;;http://id.bnportugal.gov.pt/bib/catbnp/2186705;Livre
6981;Recepção criativa - Tematização | 409;Celebrações - 1880 - Recepção criativa - Tematização | 474;Bibliografia crítica - Estudo | 418;Celebrações - 1880 - Textos críticos | 469;;;;;;;;;;;;;;;;;;;;;;;;;;;;;;;;;;767013;https://purl.pt/44633;https://bndigital.bnportugal.gov.pt//i/?IIIF=/ed/0d/4a/14/ed0d4a14-464d-41ba-8369-6f9322e5a875/iiif/cam-539-8-p_0001.tif/full/!300,500/0/default.jpg;Livro impresso;Português;;A estátua de Camões;poesia à inauguração do monumento ao grande poeta;;1.ª ed.;Lisboa : Typ. da Viuva Pires Marinho;1867;1867;7 p.;A. da Silva Carvalho, ca 18--;;;;;;H.G. 21220//9 P.;CAM500;http://id.bnportugal.gov.pt/bib/catbnp/767013;Livre
6982;Recepção criativa - Centão [Cintra] | 408;;;;;;;;;;;;;;;;;;;;;;;;;;;;;;;;;;;;;256563;https://purl.pt/42831;https://bndigital.bnportugal.gov.pt//i/?IIIF=/8f/3a/ef/1c/8f3aef1c-26e4-4603-8a31-70bb7b76bf5b/iiif/cam-156-1-p_0000_000011.tif/full/!300,500/0/default.jpg;Livro impresso;Português;;Os Lusiadas;;;Nova edição feita debaixo das vistas da mais accurada critica em presença das duas edições primordiaes e das posteriores de maior credito e reputação: seguida de annotações criticas, historicas e mythologicas;Rio de Janeiro : em casa dos Editores Eduardo & Henrique Laemmert;1866;1866;2 t. XVI, 234, 287 p., 12 estampas;Luís de Camões, 1524-1580;;;"João Franco Barreto, 1600-post. 1674, Editor literário ; Francisco Freire de Carvalho, 1779-1854, Editor literário";;Laemmert, Editor comercial;CAM. 156//1 P.;CAM500;http://id.bnportugal.gov.pt/bib/catbnp/256563;Livre
6983;Obra - Impressos - Obras (avulsas) - Lírica - Ode | 32;;;;;;;;;;;;;;;;;;;;;;;;;;;;;;;;;;;;;959409;https://purl.pt/27596;https://bndigital.bnportugal.gov.pt//i/?IIIF=/1a/06/71/22/1a067122-e60e-4b4e-bef4-aecdf1f01e1c/iiif/e-360-r_0000_000001.tif/full/!300,500/0/default.jpg;Iconografia;Português;;Camões na gruta de Macau;5.º anno;;1.ª ed.;Lisboa : s.n.;1866;1866;1 gravura;Francisco Augusto Metrass, 1825-1861;;;"Joaquim Pedro de Sousa, 1822-1878, Litógrafo ; Domingos Francisco Lopes, fl. 1835-ca 1874, Impressor";;Sociedade Promotora das Belas Artes em Portugal, Nome associado;E. 360 R.;OChina;http://id.bnportugal.gov.pt/bib/catbnp/959409;Livre
6984;Tradução - Impressos - Obras individuais - Épica | 151;Tradução - Impressos - Obras individuais - Épica - Paratextos gerais | 152;Celebrações - 1880 - Traduções | 476;Iconografia - Impressos - Retrato de Camões | 372;Tradução - Impressos - Obras individuais - Épica - Paratextos notas | 155;;Iconografia - Impressos - Mapas - Rota de Gama | 388;;;;;;;;;;;;;;;;;;;;;;;;;;;;;;;1752559;https://purl.pt/25720;https://bndigital.bnportugal.gov.pt//i/?IIIF=/1a/e2/14/14/1ae21414-7a32-4a7d-89b1-c58db9a772ee/iiif/d-327-p_0000_000001.tif/full/!300,500/0/default.jpg;Iconografia;Português;;A morte de Camões;;;1.ª ed.;;1866;1866;1 desenho;Joaquim Pedro de Sousa, 1822-1878;;;;;;D. 327 P.;CAM500;http://id.bnportugal.gov.pt/bib/catbnp/1752559;Livre
6985;Obra - Impressos - Obras (avulsas) - Lírica - Ode | 32;Obra - Impressos - Paratextos - Obras (avulsas) - Lírica | 107;Celebrações - 1880 - Edições | 468;;;;;;;;;;;;;;;;;;;;;;;;;;;;;;;;;;;196521;https://purl.pt/45075;https://bndigital.bnportugal.gov.pt//i/?IIIF=/76/71/52/20/76715220-a68e-471a-b2aa-1a30c7c5e2cc/iiif/cam-1710-v_0003.tif/full/!300,500/0/default.jpg;Livro impresso;Italiano;;I portoghesi e il Camoens;lettura fatta;;1.ª ed.;Milano : s.n.;1866;1866;21 p.;Pietro Giuseppe Maggi;;;Pietro Giuseppe Maggi, Nome associado;;;CAM. 1710 V.;CAM500;http://id.bnportugal.gov.pt/bib/catbnp/196521;Livre
6986;Obra - Impressos - Obras (avulsas) - Lírica - Soneto | 35;Celebrações - 1880 - Edições | 468;;;;;;;;;;;;;;;;;;;;;;;;;;;;;;;;;;;;528994;https://purl.pt/44980;https://bndigital.bnportugal.gov.pt//i/?IIIF=/c2/9b/34/96/c29b3496-af4d-4339-991c-923629d9d09d/iiif/cam-1359-v_0005.tif/full/!300,500/0/default.jpg;Livro impresso;Português;;Os Lusiadas do seculo XIX;poema heroi-comico parodia;;1.ª ed.;Lisboa : Typ. da Sociedade Typographica Franco-Portugueza;1865;1865;206 p.;;;;Francisco de Almeida, 1838-1918, Adaptador;;;CAM. 1359 V.;CAM500;http://id.bnportugal.gov.pt/bib/catbnp/528994;Livre
6987;Celebrações - 1880 - Periódicos | 471;Celebrações - 1880 - Discussão, programas e relatórios | 481;;;;;;;;;;;;;;;;;;;;;;;;;;;;;;;;;;;;256557;https://purl.pt/44275;https://bndigital.bnportugal.gov.pt//i/?IIIF=/a2/94/11/07/a2941107-f894-4efd-832f-2bd62b5b364a/iiif/cam-154-p_0005.tif/full/!300,500/0/default.jpg;Livro impresso;Português;;Os Lusiadas;;;Nova edição;Lisboa : na Typographia Rollandiana;1865;1865;397 p.;Luís de Camões, 1524-1580;;;João Franco Barreto, 1600-post. 1674, Editor literário;;Tipografia Rolandiana, Impressor;CAM. 154 P.;CAM500;http://id.bnportugal.gov.pt/bib/catbnp/256557;Livre
6988;Tradução - Impressos - Composições soltas e fragmentos - Lírica | 234;Tradução - Impressos - Composições soltas e fragmentos - Lírica - Paratextos gerais | 235;;;;;;;;;;;;;;;;;;;;;;;;;;;;;;;;;;;;256560;https://purl.pt/44314;https://bndigital.bnportugal.gov.pt//i/?IIIF=/e3/79/81/09/e3798109-27bc-49ed-bfeb-9a79c1254c59/iiif/cam-155-p_0009.tif/full/!300,500/0/default.jpg;Livro impresso;Português;;Os Lusiadas;;;Nova edição conforme á de 1817, in-4º, de Dom José de Souza-Botelho Morgado de Matteus;Paris : em Casa de V J.-P. Aillaud, Guillard e C 47, Rua Saint-André-des-Arts, 47;1865;1865;12, 536 p., 1 estampa;Luís de Camões, 1524-1580;;;"Torquato Tasso, 1544-1595, Autor ; Paulino de Sousa, ca. 18--, Editor literário ; Tomás José de Aquino, 1718/20-1804, Editor literário ; João Franco Barreto, 1600-post. 1674, Editor literário ; Morgado de Mateus, 1758-1825, Editor literário ; Félicie Schneider, 1831-1888, Ilustrador ; Félicie Fournier, 1797-1879, Gravador ; Lucien François Penet, 1834-1901, Ilustrador ; Alfred Louis Sargent, 1828-?, Gravador em madeira ; Frédéric Théodore Lix, 1830-1897, Ilustrador ;  Lehuger, fl. 186-, Gravador em madeira ; A. Bouret, fl. 186-, Impressor";;Aillaud, Guillard. e Cª, Livreiro;CAM. 155 P.;CAM500;http://id.bnportugal.gov.pt/bib/catbnp/256560;Livre
6989;Recepção criativa - Tematização | 409;Recepção criativa - Centão [Cintra] | 408;Celebrações - 1880 - Recepção criativa - Tematização | 474;Celebrações - 1880 - Recepção criativa - Centão | 475;;;;;;;;;;;;;;;;;;;;;;;;;;;;;;;;;;189268;https://purl.pt/44164;https://bndigital.bnportugal.gov.pt//i/?IIIF=/6c/3e/4c/92/6c3e4c92-d1b3-40c7-a316-feeed498b93b/iiif/cam-71-v_0000_000007.tif/full/!300,500/0/default.jpg;Livro impresso;"Português ; Francês";;Episodios de Ignez de Castro e Adamastor;extrahidos dos cantos III e V dos Lusíadas;;1.ª ed.;Lisboa : Imp. Nacional;1865;1865;38 p.;Luís de Camões, 1524-1580;;;"Ernesto Jardim de Vilhena, 1876-1967, Antigo possuidor ; Jean-Arnaud Escodeca de Boisse, 1802-1865, Tradutor";;;L. 36351 V.;CAM500;http://id.bnportugal.gov.pt/bib/catbnp/189268;Livre
6990;Bibliografia crítica - Estudo | 418;;;;;;;;;;;;;;;;;;;;;;;;;;;;;;;;;;;;;259864;https://purl.pt/23650;https://bndigital.bnportugal.gov.pt//i/?IIIF=/7d/ec/a0/34/7deca034-b6d7-4996-ad6c-71874749445f/iiif/cam-273-p_0000_capa-capa_t24-C-R0150_000005.tif/full/!300,500/0/default.jpg;Livro impresso;Magiar;Português;A Luziáda Camoenstöl;;;1.ª ed.;Pest : Nyomatott Emich Gustáv Magy : Akad Nyomadásznál;1865;1865;XXXI, 1 br., 449, 1 p.;Luís de Camões, 1524-1580;;;Gyula Greguss, Tradutor;;;CAM. 273 P.;;http://id.bnportugal.gov.pt/bib/catbnp/259864;Livre
6991;Bibliografia crítica - Estudo | 418;;;;;;;;;;;;;;;;;;;;;;;;;;;;;;;;;;;;;258505;https://purl.pt/44281;https://bndigital.bnportugal.gov.pt//i/?IIIF=/81/96/1b/89/81961b89-8274-492f-ad1a-20e4ddda8f38/iiif/cam-188-p_0003.tif/full/!300,500/0/default.jpg;Livro impresso;Português;;Os Lusiadas;;;Nova edição;Lisboa : Typ. de L. C. da Cunha;1864;1864;397 p.;Luís de Camões, 1524-1580;;;"João Franco Barreto, 1600-post. 1674, Editor literário ; Luís Correia da Cunha, 18--, Impressor ; J. P. M. Lavado, 18--, Livreiro";;;CAM. 188 P.;CAM500;http://id.bnportugal.gov.pt/bib/catbnp/258505;Livre
6992;Tradução - Impressos - Composições soltas e fragmentos - Lírica - Paratextos gerais | 235;Tradução - Impressos - Antologia - Épica - Paratextos gerais | 204;Tradução - Impressos - Antologia - Épica - Paratextos notas | 207;Celebrações - 1880 - Traduções | 476;;;;;;;;;;;;;;;;;;;;;;;;;;;;;;;;;" Italiano; Português";328182;https://purl.pt/42942;https://bndigital.bnportugal.gov.pt//i/?IIIF=/e1/d4/c7/30/e1d4c730-fc4d-4790-a977-37d11546f9d4/iiif/cam-360-p_0000_000007.tif/full/!300,500/0/default.jpg;Livro impresso;Português;;Camões;estudo Historico-Poetico liberrimamente fundado sobre um drama francez dos senhores Victor Perrot e Armand du Mesnil;;2ª ed. copiosamente accrescentada nas notas;Lisboa : Typ. da Soc. Typographica Franco Portuguesa;1863;1863;"T.III XIV, 259 ; 248 p.";António Feliciano de Castilho, 1800-1875;;;;;;L. 19144 P.;CAM500;http://id.bnportugal.gov.pt/bib/catbnp/328182;Livre
6993;Recepção criativa - Tematização | 409;Bibliografia crítica - Estudo | 418;;;;;;;;;;;;;;;;;;;;;;;;;;;;;;;;;;;;256547;https://purl.pt/44274;https://bndigital.bnportugal.gov.pt//i/?IIIF=/2e/52/c6/ba/2e52c6ba-89d9-49ed-bfd3-7689878f43e7/iiif/cam-153-p_0007.tif/full/!300,500/0/default.jpg;Livro impresso;Português;;Os Lusiadas;;;Nova edição;Lisboa : na Typographia Rollandiana;1863;1863;397 p.;Luís de Camões, 1524-1580;;;"João Franco Barreto, 1600-post. 1674, Editor literário ; Maria Amália Teles Mota, Antigo possuidor ; Luís de Sousa Gonzaga, Antigo possuidor";;Tipografia Rolandiana, Impressor;CAM. 153 P.;CAM500;http://id.bnportugal.gov.pt/bib/catbnp/256547;Livre
6994;Bibliografias e catálogos - Catálogo | 551;Celebrações - 1880 - Catálogos | 480;Iconografia - Impressos - Retrato de Camões | 372;;;;;;;;;;;;;;;;;;;;;;;;;;;;;;;;;;Poliglota;260058;https://purl.pt/44375;https://bndigital.bnportugal.gov.pt//i/?IIIF=/0b/3a/fd/80/0b3afd80-c3bd-4225-8bf6-ff13c58f31f2/iiif/cam-290-p_0005.tif/full/!300,500/0/default.jpg;Livro impresso;Português;;Selecta camoniana ou excerptos dos Lusiadas;;;1.ª ed.;Lisboa : Liv. da V. Bertrand & Filhos;1863;1863;8, 314 i. é. 308 p.;;;;António José Viale, 1806-1889, Comentador de texto escrito;;;L. 8897 P.;CAM500;http://id.bnportugal.gov.pt/bib/catbnp/260058;Livre
6995;Recepção criativa - Centão [Cintra] | 408;Bibliografia crítica - Estudo | 418;;;;;;;;;;;;;;;;;;;;;;;;;;;;;;;;;;;;367311;https://purl.pt/44552;https://bndigital.bnportugal.gov.pt//i/?IIIF=/11/af/73/8e/11af738e-fb24-4ca1-ba47-8d842728b8d9/iiif/cam-449-p_0005.tif/full/!300,500/0/default.jpg;Livro impresso;Português;;Confirmação da censura feita à inscripção latina, introduzida no alicerce do monumento a Camões e refutação de todas as objecções...;;;1.ª ed.;Lisboa : Typographia de José Baptista Morando;1863;1863;70 p.;António Caetano Pereira, 1799-1867;;;;;;H.G. 10927 V.;CAM500;http://id.bnportugal.gov.pt/bib/catbnp/367311;Livre
6996;Bibliografia crítica - Estudo | 418;Recepção criativa - Centão [Cintra] | 408;;;;;;;;;;;;;;;;;;;;;;;;;;;;;;;;;;;;252714;https://purl.pt/44800;https://bndigital.bnportugal.gov.pt//i/?IIIF=/ab/d4/12/ef/abd412ef-f3c1-48c7-b3c4-52aed7a371ec/iiif/cam-714-p_0007.tif/full/!300,500/0/default.jpg;Livro impresso;Português;;Camões;;;6.a ed.;Lisboa : Viuva Bertrand e Filhos;1863;1863;271, 2 p.;Almeida Garrett, 1799-1854;;;;;;CAM. 363 P.;CAM500;http://id.bnportugal.gov.pt/bib/catbnp/252714;Livre
6997;Bibliografias e catálogos - Bibliografia | 550;;;;;;;;;;;;;;;;;;;;;;;;;;;;;;;;;;;;;807561;https://purl.pt/43817;https://bndigital.bnportugal.gov.pt//i/?IIIF=/69/f7/a5/f4/69f7a5f4-1a20-4ce9-85d3-24b8134a9685/iiif/cam-47-v_0005.tif/full/!300,500/0/default.jpg;Livro impresso;Italiano;Português;I Lusiadi;poema;;1.ª ed.;Milano : presso Carlo Branca;1862;1862;13, XXXIX, 471, 1 p.;Luís de Camões, 1524-1580;;;"Felice Bellotti, Tradutor ; Giovanni Antonio Maggi, Autor da introdução, etc.";;;CAM. 47 V.;CAM500;http://id.bnportugal.gov.pt/bib/catbnp/807561;Livre
6998;Obra - Impressos - Recolha epigráfica | 96;Tradução - Impressos - Composições soltas e fragmentos - Lírica - Paratextos gerais | 235;Figuras Femininas - Autoras (produção escrita sobre Camões) | 552;;;;;;;;;;;;;;;;;;;;;;;;;;;;;;;;;;;259295;https://purl.pt/44336;https://bndigital.bnportugal.gov.pt//i/?IIIF=/c2/5e/a5/4c/c25ea54c-8e35-4429-b013-9d389abb5e26/iiif/cam-227-p_0007.tif/full/!300,500/0/default.jpg;Livro impresso;Francês;;Les Lusiades ou les portugais;poéme en dix chants;;1.ª ed.;Paris : Charpentier;1862;1862;4, LIX, 1, 367, 1 p.;Luís de Camões, 1524-1580;;;"Jean Baptiste Joseph Millié, 1772-1826, Tradutor ; Charles Magnin, 1793-1862, Autor da introdução, etc.";;;CAM. 227 P.;CAM500;http://id.bnportugal.gov.pt/bib/catbnp/259295;Livre
6999;Bibliografia crítica - Estudo | 418;Celebrações - 1880 - Textos críticos | 469;Celebrações - 1880 - Vida | 470;;;;;;;;;;;;;;;;;;;;;;;;;;;;;;;;;;;330719;https://purl.pt/44018;https://bndigital.bnportugal.gov.pt//i/?IIIF=/c9/f4/79/4a/c9f4794a-8a44-4445-8cc5-4a0e358bc51d/iiif/cam-665-p_0000_000001.tif/full/!300,500/0/default.jpg;Livro impresso;Português;;Luiz de Camões;drama em cinco actos;;1.ª ed.;Rio de Janeiro : Eduardo & Henrique Laemmert;1862;1862;125, 2 p.;Luís António Burgain, 1812-?;;;;;;CAM. 665 P.;CAM500;http://id.bnportugal.gov.pt/bib/catbnp/330719;Livre
7000;Bibliografia crítica - Estudo | 418;Tradução - Impressos - Composições soltas e fragmentos - Épica - Paratextos gerais | 230;;;;;;;;;;;;;;;;;;;;;;;;;;;;;;;;;;;" Português; Italiano";700487;https://purl.pt/6771;https://bndigital.bnportugal.gov.pt//i/?IIIF=/f1/a9/3d/d6/f1a93dd6-7849-41fe-998c-148d7cb7b2dd/iiif/e-41-a_0000_000001.tif/full/!300,500/0/default.jpg;Iconografia;Português;;Camões no leito de morte;;;1.ª ed.;Lisboa : s.n.;1861;1861;1 gravura; Cupertino, fl. 1860;;;;;;PURL 6771/0;;http://id.bnportugal.gov.pt/bib/catbnp/700487;Livre
7001;Obra - Impressos - Obras (avulsas) - Épica | 23;Obra - Impressos - Paratextos - Obras (avulsas) - Épica | 103;Obra - Impressos - Paratextos - Obras (avulsas) - Épica - Vida | 104;Obra - Impressos - Paratextos - Obras (avulsas) - Épica - Argumentos | 105;Iconografia - Impressos - Retrato de Camões | 372;;;;;;;;;;;;;;;;;;;;;;;;;;;;;;;;;397796;https://purl.pt/44821;https://bndigital.bnportugal.gov.pt//i/?IIIF=/3c/e0/d8/5c/3ce0d85c-9110-4e5c-9e9c-9fd4583fc710/iiif/cam-958-p_0005.tif/full/!300,500/0/default.jpg;Livro impresso;Português;;Os Lusíadas;poema epico ...;;1.ª ed.;Rio de Janeiro : Domingos José Gomes Brandäo;1861;1861;397 p.;Luís de Camões, 1524-1580;;;;;;CAM. 958 P.;CAM500;http://id.bnportugal.gov.pt/bib/catbnp/397796;Livre
7002;Bibliografia crítica - Estudo | 418;Celebrações - 1880 - Textos críticos | 469;;;;;;;;;;;;;;;;;;;;;;;;;;;;;;;;;;;;453566;https://purl.pt/43434;https://bndigital.bnportugal.gov.pt//i/?IIIF=/41/a1/c3/9e/41a1c39e-9cd9-465c-a54f-fbdfacd2532e/iiif/cam-379-8-v_0001.tif/full/!300,500/0/default.jpg;Periódico;Português;;Archivo municipal de Lisboa;;;1.ª ed.;Lisboa : Camara Municipal;1860;1860;;;;;;;Lisboa. Câmara Municipal, Editor comercial;J. 969//9 P.;CAM500;http://id.bnportugal.gov.pt/bib/catbnp/453566;Livre
7003;Obra - Impressos - Composições soltas e fragmentos - Épica - Estrofes | 66;Tradução - Impressos - Composições soltas e fragmentos - Épica | 229;Tradução - Impressos - Composições soltas e fragmentos - Épica - Paratextos gerais | 230;;;;;;;;;;;;;;;;;;;;;;;;;;;;;;;;;;;454853;https://purl.pt/43795;https://bndigital.bnportugal.gov.pt//i/?IIIF=/e8/87/0d/68/e8870d68-c36d-4f7d-a4ca-cc3f4a97a830/iiif/cam-399-6-v_0000_000001.tif/full/!300,500/0/default.jpg;Livro impresso;Português;;Monumentos a Luiz de Camões;;;1.ª ed.;Lisboa : s.n.;1860;1860;;Estácio da Veiga, 1828-1891;;;;;;CAM. 399//6 V.;CAM500;http://id.bnportugal.gov.pt/bib/catbnp/454853;Livre
7004;Obra - Impressos - Composições soltas e fragmentos - Épica - Estrofes | 66;;;;;;;;;;;;;;;;;;;;;;;;;;;;;;;;;;;;;601741;https://purl.pt/1066;https://bndigital.bnportugal.gov.pt//i/?IIIF=/50/1e/d4/2a/501ed42a-3de0-4cf9-821c-15ebd89b7023/iiif/e-3415-p_0000_000001.tif/full/!300,500/0/default.jpg;Iconografia;Francês;;Camoens;;;1.ª ed.;La Haye : van Lier fréres;1860;1860;1 gravura;;;;;;;PURL 1066/0;;http://id.bnportugal.gov.pt/bib/catbnp/601741;Livre
7005;Recepção criativa - Tematização | 409;Celebrações - 1880 - Recepção criativa - Tematização | 474;Bibliografia crítica - Estudo | 418;Celebrações - 1880 - Textos críticos | 469;;;;;;;;;;;;;;;;;;;;;;;;;;;;;;;;;;804731;https://purl.pt/42825;https://bndigital.bnportugal.gov.pt//i/?IIIF=/c9/5c/2d/80/c95c2d80-0139-4149-b238-327b510e0b9a/iiif/cam-17-v_0000_000011.tif/full/!300,500/0/default.jpg;Livro impresso;Português;;Obras de Luiz de Camões;precedidas de um ensaio biographico, no qual se relatam alguns factos não conhecidos da sua vida augmentadas com algumas composições ineditas do poeta pelo Visconde de Juromenha;;1.ª ed.;Lisboa : Imprensa Nacional;1860;1860;6 vol.;Luís de Camões, 1524-1580;;; Juromenha, 1807-1887, Autor da introdução, etc.;;;L. 11176 V.;CAM500;http://id.bnportugal.gov.pt/bib/catbnp/804731;Livre
7006;Tradução - Impressos - Composições soltas e fragmentos - Lírica | 234;Bibliografia crítica - Estudo | 418;;;;;;;;;;;;;;;;;;;;;;;;;;;;;;;;;;; Italiano;380833;https://purl.pt/45035;https://bndigital.bnportugal.gov.pt//i/?IIIF=/e0/7c/3d/86/e07c3d86-152d-4e26-a710-2905f5ba6c07/iiif/cam-1463-p_0009.tif/full/!300,500/0/default.jpg;Livro impresso;Português;;Os últimos momentos de Camões;poema dramático;;1.ª ed.;Lisboa : Typographia Universal;1860;1860;38 p.;Leone Fortis, 1824?-1898;;;José da Silva Mendes Leal, 1820-1886, Tradutor;;;L. 17417//7 P.;CAM500;http://id.bnportugal.gov.pt/bib/catbnp/380833;Livre
7007;Tradução - Impressos - Composições soltas e fragmentos - Épica | 229;Celebrações - 1880 - Traduções | 476;Obra - Impressos - Composições soltas e fragmentos - Épica - Estrofes | 66;Bibliografia crítica - Estudo | 418;;;;;;;;;;;;;;;;;;;;;;;;;;;;;;;;;;256526;https://purl.pt/44182;https://bndigital.bnportugal.gov.pt//i/?IIIF=/40/ec/df/2e/40ecdf2e-2986-4e69-8d6f-51a18b105896/iiif/cam-151-p_0007.tif/full/!300,500/0/default.jpg;Livro impresso;Português;;Os Lusiadas;;;Nova edição;Lisboa : na Typographia Rollandiana;1860;1860;397 p.;Luís de Camões, 1524-1580;;;"João Franco Barreto, 1600-post. 1674, Editor literário ; António Costa Lobo, 1840-1913, Antigo possuidor";;"Tipografia Rolandiana. Colégio do Barro, Impressor ; Companhia de Jesus. Colégio do Barro, Antigo possuidor";CAM. 151 P.;CAM500;http://id.bnportugal.gov.pt/bib/catbnp/256526;Livre
7008;Tradução - Impressos - Composições soltas e fragmentos - Lírica - Paratextos gerais | 235;Figuras Femininas - Autoras (produção escrita sobre Camões) | 552;;;;;;;;;;;;;;;;;;;;;;;;;;;;;;;;;;;;256539;https://purl.pt/44183;https://bndigital.bnportugal.gov.pt//i/?IIIF=/99/43/5f/8e/99435f8e-d5b8-475e-b054-7dfe2b35831e/iiif/cam-152-p_0001.tif/full/!300,500/0/default.jpg;Livro impresso;Português;;Os Lusiadas;;;Nova edição;Lisboa : Typ. de L. C. da Cunha;1860;1860;397 p.;Luís de Camões, 1524-1580;;;"João Franco Barreto, 1600-post. 1674, Editor literário ; Luís Correia da Cunha, 18--, Impressor";;;CAM. 152 P.;CAM500;http://id.bnportugal.gov.pt/bib/catbnp/256539;Livre
7009;Obra - Impressos - Obras (avulsas) - Lírica - Soneto | 35;Recepção criativa - Tematização | 409;Bibliografia crítica - Estudo | 418;;;;;;;;;;;;;;;;;;;;;;;;;;;;;;;;;;;852127;https://purl.pt/44273;https://bndigital.bnportugal.gov.pt//i/?IIIF=/0f/b8/6b/56/0fb86b56-b779-43d0-8052-25187b8f43c2/iiif/cam-155-5-v_0001.tif/full/!300,500/0/default.jpg;Livro impresso;Português;;Camões e Vasco da Gama;poesia;;1.ª ed.;Lisboa : Joaquim Eusébio dos Santos;1860;1860;8 p.;Luís Augusto Palmeirim, 1825-1893;;António Mendes Leal, 1831-1871, Autor;;;;CAM. 155//5 V.;CAM500;http://id.bnportugal.gov.pt/bib/catbnp/852127;Livre
7010;Tradução - Impressos - Antologia - Lírica | 208;Tradução - Impressos - Antologia - Lírica - Paratextos gerais | 209;Tradução - Impressos - Antologia - Lírica - Paratextos notas | 212;;;;;;;;;;;;;;;;;;;;;;;;;;;;;;;;;;;465618;https://purl.pt/43948;https://bndigital.bnportugal.gov.pt//i/?IIIF=/bf/b6/3d/46/bfb63d46-93a4-4efa-b8f7-39b8e4a2a3c0/iiif/cam-678-v_0000_000005.tif/full/!300,500/0/default.jpg;Livro impresso;Português;;A velhice de Camoes;;;1.ª ed.;Lisboa : Typ. Lisbonense d'Aguiar Vianna;1860;1860;2 tomos em 1 v.;Guillaume Joseph Gabriel de La Landelle, 1812-1886;;;João Trigueiros, 1824-1895, Tradutor;;;CAM. 678 V.;CAM500;http://id.bnportugal.gov.pt/bib/catbnp/465618;Livre
7011;Celebrações - 1880 - Actos públicos | 477;;;;;;;;;;;;;;;;;;;;;;;;;;;;;;;;;;;;;782735;https://purl.pt/44728;https://bndigital.bnportugal.gov.pt//i/?IIIF=/ee/74/51/ad/ee7451ad-c3eb-4656-aea0-b2a6f599626d/iiif/cam-697-p_0011.tif/full/!300,500/0/default.jpg;Livro impresso;Português;;Luís de Camões levantando o seu monumento ou a história de Portugal justificada pelos Lusiadas;;;1.ª ed.;Rio de Janeiro : Eduardo & Henrique Laemmert;1860;1860;IV, 93, 2 p.;Melo de Morais;;;;;;CAM. 697 P.;CAM500;http://id.bnportugal.gov.pt/bib/catbnp/782735;Livre
7012;Recepção criativa - Tematização | 409;Bibliografia crítica - Estudo | 418;;;;;;;;;;;;;;;;;;;;;;;;;;;;;;;;;;;;322999;https://purl.pt/45716;https://bndigital.bnportugal.gov.pt//i/?IIIF=/74/b8/87/97/74b88797-a25b-451f-aced-cb9bea2c251d/iiif/cam-337-p_0000_000005.tif/full/!300,500/0/default.jpg;Livro impresso;Português;;Analyse dos Lusíadas de Luiz de Camões dividida por seus cantos com observações criticas sobre cada um delles;;;1.ª ed.;Coimbra : Imprensa da Universidade;1859;1859;114, 24 p.;Jerónimo Soares Barbosa, 1737-1816;;;;;;L. 18849 P.;CAM500;http://id.bnportugal.gov.pt/bib/catbnp/322999;Livre
7013;Tradução - Impressos - Composições soltas e fragmentos - Épica | 229;;;;;;;;;;;;;;;;;;;;;;;;;;;;;;;;;;;;;256449;https://purl.pt/44187;https://bndigital.bnportugal.gov.pt//i/?IIIF=/80/ab/f2/4b/80abf24b-ebf9-4eb6-a45d-e90968f7b95e/iiif/cam-150-p_0009.tif/full/!300,500/0/default.jpg;Livro impresso;Português;;Os Lusiadas;;;Nova edição segundo a do Morgado Matteus com as notas e vida do autor pelo mesmo corrigida segundo as edições de Hamburgo e de Lisboa e enrequecida de novas notas e duma prefação;Pariz : na Officina Typographica de Firmin Didot impressor do Instituto Rio de Janeiro Rua da Quitanda, 97;1859;1859;4, II, 415 p.;Luís de Camões, 1524-1580;;;"Morgado de Mateus, 1758-1825, Editor literário ; Caetano Lopes de Moura, 1780-1860, Autor da introdução, etc. ; Ambroise Firmin-Didot, 1790-1876, Impressor ; José Feliciano de Castilho, 1810-1879, Antigo possuidor ; Júlio de Castilho, 1840-1919, Antigo possuidor";;;CAM. 150 P.;CAM500;http://id.bnportugal.gov.pt/bib/catbnp/256449;Livre
7014;Obra - Impressos - Composições soltas e fragmentos - Épica - Episódio | 67;Bibliografia crítica - Estudo | 418;;;;;;;;;;;;;;;;;;;;;;;;;;;;;;;;;;;;403852;https://purl.pt/45113;https://bndigital.bnportugal.gov.pt//i/?IIIF=/b6/cf/e4/d6/b6cfe4d6-badd-41db-8fa1-d0593eec9d53/iiif/cam-1897-v_0007.tif/full/!300,500/0/default.jpg;Livro impresso;Italiano;Português;Le ultime ore di Camoens allo spedale di Lisbona;scena dramatica in versi;;1.ª ed.;Lisboa : Tip. Lisbonense de Aguiar Viana;1859;1859;21 p.;Leone Fortis, 1824?-1898;;;José da Silva Mendes Leal, 1820-1886, Tradutor;;;L. 5734//2 P.;CAM500;http://id.bnportugal.gov.pt/bib/catbnp/403852;Livre
7015;Recepção criativa - Tematização | 409;Recepção criativa - Centão [Cintra] | 408;Vida - Biografia | 13;Celebrações - 1880 - Vida | 470;Vida - Ficção - Poesia | 16;Celebrações - 1880 - Textos críticos | 469;Figuras Femininas - Autoras (produção escrita sobre Camões) | 552;Celebrações - 1880 - Recepção criativa - Tematização | 474;Celebrações - 1880 - Recepção criativa - Centão | 475;;;;;;;;;;;;;;;;;;;;;;;;;;;;;259273;https://purl.pt/44338;https://bndigital.bnportugal.gov.pt//i/?IIIF=/66/3b/8a/1e/663b8a1e-3fe9-4378-940d-c2fe59ca9149/iiif/cam-226-p_0005.tif/full/!300,500/0/default.jpg;Livro impresso;Francês;;Les Lusiades;;;1.ª ed.;Paris : Gosse et Marchal;1859;1859;371, 1 p.;Luís de Camões, 1524-1580;;;Émile Albert, Tradutor;;;CAM. 226 P.;CAM500;http://id.bnportugal.gov.pt/bib/catbnp/259273;Livre
7016;Tradução - Impressos - Composições soltas e fragmentos - Épica - Paratextos gerais | 230;Tradução - Impressos - Composições soltas e fragmentos - Épica - Paratextos notas | 233;;;;;;;;;;;;;;;;;;;;;;;;;;;;;;;;;;;" Português; Italiano";464811;https://purl.pt/44713;https://bndigital.bnportugal.gov.pt//i/?IIIF=/35/b8/a5/60/35b8a560-baf3-4c9e-ba05-30da3e5e5b8c/iiif/cam-608-v_0007.tif/full/!300,500/0/default.jpg;Livro impresso;Francês;;Les poétes les plus célébres français, italiens, allemands, anglais, espagnols, portugais;;;1.ª ed.;Lille : L. Lefort;1859;1859;287, 1 p.;Maxime de Montrond;;;"Guillaume-Alphonse Harang Cabasson, 1814-1884, Ilustrador ; L. Lefort, 18- -, Impressor";;;CAM. 608 V.;CAM500;http://id.bnportugal.gov.pt/bib/catbnp/464811;Livre
7017;Recepção criativa - Tematização | 409;Vida - Ficção - Poesia | 16;;;;;;;;;;;;;;;;;;;;;;;;;;;;;;;;;;;;798861;https://purl.pt/44823;https://bndigital.bnportugal.gov.pt//i/?IIIF=/e6/3c/2a/9c/e63c2a9c-47dd-451b-a545-05c303b656b3/iiif/cam-972-p_0007.tif/full/!300,500/0/default.jpg;Livro impresso;Francês;;Anthologie universelle;choix des meilleures poésies lyriques de diverses nations dans les langues originales;;1.ª ed.;Leipzig : F. A. Brockhaus;1859;1859;XXVIII, 944 p.;Joaquim Gomes de Sousa, ca 18- -;;;;;;CAM. 972 P.;CAM500;http://id.bnportugal.gov.pt/bib/catbnp/798861;Livre
7018;Obra - Impressos - Estrofes rejeitadas d’Os Lusíadas | 86;;;;;;;;;;;;;;;;;;;;;;;;;;;;;;;;;;;;;322989;https://purl.pt/43398;https://bndigital.bnportugal.gov.pt//i/?IIIF=/39/a8/d4/69/39a8d469-8e7d-4252-bd18-b547c0e0cb90/iiif/cam-336-p_0000_000010.tif/full/!300,500/0/default.jpg;Livro impresso;Português;;Os Lusiadas e o cosmos ou Camões considerado por Humboldt como admiravel pintor da natureza;;;2ª ed. correcta e augmentada;Lisboa : Imprensa Nacional;1858;1858;IX, 1, 123 p.;José Silvestre Ribeiro, 1807-1891;;;Ernesto Jardim de Vilhena, 1876-1967, Antigo possuidor;;;O.C. 7//2;CAM500;http://id.bnportugal.gov.pt/bib/catbnp/322989;Livre
7019;Vida - Ficção - Poesia | 16;Recepção criativa - Tematização | 409;;;;;;;;;;;;;;;;;;;;;;;;;;;;;;;;;;;;458241;https://purl.pt/44587;https://bndigital.bnportugal.gov.pt//i/?IIIF=/20/cb/99/1c/20cb991c-0f7f-4d6f-b15b-3789aa7f3e6c/iiif/cam-504-v_0005.tif/full/!300,500/0/default.jpg;Livro impresso;Português;;Acerca da sepultura de Camões..;;;1.ª ed.;Porto : Circulo Camoneano;1858;1858;12 p.;António Feliciano de Castilho, 1800-1875;;;;;;CAM. 504 V.;CAM500;http://id.bnportugal.gov.pt/bib/catbnp/458241;Livre
7020;Vida - Ficção - Poesia | 16;Recepção criativa - Tematização | 409;Recepção criativa - Centão [Cintra] | 408;;;;;;;;;;;;;;;;;;;;;;;;;;;;;;;;;;;330864;https://purl.pt/17;https://bndigital.bnportugal.gov.pt//i/?IIIF=/37/1c/fa/b2/371cfab2-5855-4caf-a2e7-fdba5512cd1a/iiif/l-24827-p_0000_1-318_t24-C-R0150_000007.tif/full/!300,500/0/default.jpg;Livro impresso;Português;;Camões;;;5ª ed;Lisboa : Viúva Bertrand e Filhos;1858;1858;XXi, 1, 271, 2 p.;Almeida Garrett, 1799-1854;;;;;;PURL 17/0;;http://id.bnportugal.gov.pt/bib/catbnp/330864;Livre
7021;Bibliografias e catálogos - Catálogo | 551;;;;;;;;;;;;;;;;;;;;;;;;;;;;;;;;;;;;;471392;https://purl.pt/43854;https://bndigital.bnportugal.gov.pt//i/?IIIF=/f2/8b/c2/cc/f28bc2cc-79a2-4081-ab33-b9fabce3fa4a/iiif/cam-1451-v_0000_000005.tif/full/!300,500/0/default.jpg;Livro impresso;Italiano;;Camões;musica;;1.ª ed.;Lisboa : s.n.;1857;1857;36 p.;Luigi Farina;;;;;;CAM. 1451 V.;CAM500;http://id.bnportugal.gov.pt/bib/catbnp/471392;Livre
7022;Recepção criativa - Tematização | 409;;;;;;;;;;;;;;;;;;;;;;;;;;;;;;;;;;;;;256437;https://purl.pt/44186;https://bndigital.bnportugal.gov.pt//i/?IIIF=/64/15/bd/7c/6415bd7c-e747-4088-b1c0-627056d1c750/iiif/cam-149-p_0005.tif/full/!300,500/0/default.jpg;Livro impresso;Português;;Os Lusiadas;;;Nova edição;Lisboa : na Typographia Rollandiana;1857;1857;397 p.;Luís de Camões, 1524-1580;;;João Franco Barreto, 1600-post. 1674, Editor literário;;Tipografia Rolandiana, Impressor;CAM. 149 P.;CAM500;http://id.bnportugal.gov.pt/bib/catbnp/256437;Livre
7023;Tradução - Impressos - Antologia - Lírica | 208;Tradução - Impressos - Antologia - Lírica - Paratextos gerais | 209;;;;;;;;;;;;;;;;;;;;;;;;;;;;;;;;;;;;784630;https://purl.pt/44791;https://bndigital.bnportugal.gov.pt//i/?IIIF=/ec/1a/56/e8/ec1a56e8-d308-4e64-b5e8-0aeef0723e2b/iiif/cam-730-p_0005.tif/full/!300,500/0/default.jpg;Livro impresso;Português;;Os Lusiadas;poema épico;;1.ª ed.;Paris : Tip. de Vandeil;1857;1857;252 p.;Luís de Camões, 1524-1580;;;;;;CAM. 730 P.;CAM500;http://id.bnportugal.gov.pt/bib/catbnp/784630;Livre
7024;Recepção criativa - Tematização | 409;;;;;;;;;;;;;;;;;;;;;;;;;;;;;;;;;;;;;256432;https://purl.pt/42839;https://bndigital.bnportugal.gov.pt//i/?IIIF=/78/ac/3f/9f/78ac3f9f-3806-4888-be59-73a913e27b8b/iiif/cam-148-1-p_0000_000005.tif/full/!300,500/0/default.jpg;Livro impresso;Português;;Os Lusiadas;;;Nova edição feita debaixo das vistas da mais accurada critica em presença das duas edições primordiaes e das posteriores de maior credito e reputação: seguida de annotações criticas, historicas e mythologicas;Rio de Janeiro : em casa dos Editores Eduardo & Henrique Laemmert;1856;1856;2 t. XV, 1 br., 234, 287 p., 12 estampas;Luís de Camões, 1524-1580;;;"João Franco Barreto, 1600-post. 1674, Editor literário ; Francisco Freire de Carvalho, 1779-1854, Editor literário";;Laemmert, Editor comercial;CAM. 148//1 P.;CAM500;http://id.bnportugal.gov.pt/bib/catbnp/256432;Livre
7025;Tradução - Impressos - Obras individuais - Teatro | 161;Tradução - Impressos - Obras individuais - Teatro - Paratextos gerais | 162;Tradução - Impressos - Obras individuais - Teatro - Paratextos notas | 165;;;;;;;;;;;;;;;;;;;;;;;;;;;;;;;;;;;475441;https://purl.pt/43657;https://bndigital.bnportugal.gov.pt//i/?IIIF=/4d/3c/34/0c/4d3c340c-7249-4acd-af03-b94f263f537d/iiif/cam-82-a_0000_000009.tif/full/!300,500/0/default.jpg;Partitura;Português;;As lagrimas de Camões;sinfonia;;1.ª ed.;;1856;1856;1 partitura 12 f.;Dionísio Vega;;;"António Feliciano de Castilho, 1800-1875, Antecedente bibliográfico ; Júlio de Castilho, 1840-1919, Antigo possuidor";;;CAM. 82 A.;CAM500;http://id.bnportugal.gov.pt/bib/catbnp/475441;Livre
7026;Recepção criativa - Tematização | 409;Recepção criativa - Centão [Cintra] | 408;Bibliografia crítica - Estudo | 418;Celebrações - 1880 - Textos críticos | 469;Celebrações - 1880 - Vida | 470;Celebrações - 1880 - Recepção criativa - Tematização | 474;Celebrações - 1880 - Recepção criativa - Centão | 475;;;;;;;;;;;;;;;;;;;;;;;;;;;;;;;335235;https://purl.pt/44973;https://bndigital.bnportugal.gov.pt//i/?IIIF=/d7/8c/1c/eb/d78c1ceb-b6f5-4939-a0f3-caae1f03afb5/iiif/cam-1225-p_0007.tif/full/!300,500/0/default.jpg;Livro impresso;Português;;Os Lusiadas;poema epico;;Nova edição...;Rio de Janeiro : Eduardo & Henrique Laemmert;1856;1856;"2 tomos em 1 vol. XV, 234; 287 p.";Luís de Camões, 1524-1580;;;José Caetano Mazziotti Salema Garção, 1886-1961, Antigo possuidor;;;CAM. 1225 P.;CAM500;http://id.bnportugal.gov.pt/bib/catbnp/335235;Livre
7027;Recepção criativa - Tematização | 409;Recepção criativa - Centão [Cintra] | 408;Celebrações - 1880 - Recepção criativa - Tematização | 474;;;;;;;;;;;;;;;;;;;;;;;;;;;;;;;;;;;217530;https://purl.pt/13395;https://bndigital.bnportugal.gov.pt//i/?IIIF=/29/b4/dc/af/29b4dcaf-65cb-4caf-99cc-111aae8dfcb2/iiif/e-1179-a_0000_000001.tif/full/!300,500/0/default.jpg;Iconografia;Português;;Luiz de Camões;;;1.ª ed.;Lisboa : Diogo José de Oliveira da Cunha;1855;1855;1 gravura;Ignaz Fertig, 1809-1858;;;;;Litografia de Lopes & Bastos, Impressor;PURL 13395/0;;http://id.bnportugal.gov.pt/bib/catbnp/217530;Livre
7028;Recepção criativa - Tematização | 409;Vida - Ficção - Poesia | 16;;;;;;;;;;;;;;;;;;;;;;;;;;;;;;;;;;;;256426;https://purl.pt/44185;https://bndigital.bnportugal.gov.pt//i/?IIIF=/53/22/2b/d9/53222bd9-72fa-478f-bef6-2b0dc193ac70/iiif/cam-147-p_0005.tif/full/!300,500/0/default.jpg;Livro impresso;Português;;Os Lusiadas;;;Edição publicada por Agra & Irmão;Rio de Janeiro : vende-se em casa de Agra & Irmão;1855;1855;397 p., 1 estampa;Luís de Camões, 1524-1580;;;João Franco Barreto, 1600-post. 1674, Editor literário;;Tipografia Brasiliense, Impressor;CAM. 147 P.;CAM500;http://id.bnportugal.gov.pt/bib/catbnp/256426;Livre
7029;Bibliografias e catálogos - Catálogo | 551;Obra - Impressos - Paratextos - Obras (avulsas) - Outros | 119;;;Celebrações - 1872 | 451;;;;;;;;;;;;;;;;;;;;;;;;;;;;;;;;"Cf. Título e subtítulo parecem estar invertidos: catalogue d'une collection camoniana; Luiz de Camões, Sa Vie, ses Oeuvres et sa Littérature, Catalogued'une collection importante d'éditions originales de ses poesies, de traductions et d'ouvrages sur sa vie et ses œuvres";382969;https://purl.pt/43813;https://bndigital.bnportugal.gov.pt//i/?IIIF=/60/01/14/c4/600114c4-43d1-40df-bf17-4e01fd4bb1dd/iiif/cam-54-a_0009.tif/full/!300,500/0/default.jpg;Livro impresso;Português;;Apontamentos biographicos sobre o nosso insigne poeta Luiz de Camões...;;;1.ª ed.;Coimbra : Imprensa da Universidade;1854;1854;11 p.;Miguel Ribeiro de Vasconcelos, 1798-1861;;;;;;H.G. 6884//4 V.;CAM500;http://id.bnportugal.gov.pt/bib/catbnp/382969;Livre
7030;Celebrações - 1880 - Discussão, programas e relatórios | 481;;;Vida - Biografia | 13;;;;;;;;;;;;;;;;;;;;;;;;;;;;;;;;;;798614;https://purl.pt/43421;https://bndigital.bnportugal.gov.pt//i/?IIIF=/9a/4f/fc/07/9a4ffc07-96b7-4a90-8728-685e045c56cf/iiif/cam-955-p_0007.tif/full/!300,500/0/default.jpg;Livro impresso;Inglês;Português;The Lusiad;;;1.ª ed.;London : T. & W. Boone;1854;1854;310 p.;Luís de Camões, 1524-1580;;;T. Livingston Mitchell, Tradutor;;;CAM. 955 P.;CAM500;http://id.bnportugal.gov.pt/bib/catbnp/798614;Livre
7031;Bibliografia crítica - Estudo | 418;;;;;;;;;;;;;;;;;;;;;;;;;;;;;;;;;;;;;256424;https://purl.pt/44184;https://bndigital.bnportugal.gov.pt//i/?IIIF=/dc/4a/61/d4/dc4a61d4-40fc-47e4-bf91-c0f6d3af504b/iiif/cam-145-p_0005.tif/full/!300,500/0/default.jpg;Livro impresso;Português;;Os Lusiadas;;;Nova edição;Lisboa : na Typographia Rollandiana;1854;1854;397 p.;Luís de Camões, 1524-1580;;;"João Franco Barreto, 1600-post. 1674, Editor literário ; Tomás Norton, 1804-1860, Antigo possuidor";;Tipografia Rolandiana, Impressor;CAM. 145 P.;CAM500;http://id.bnportugal.gov.pt/bib/catbnp/256424;Livre
7032;Celebrações - 1880 - Periódicos | 471;;;;;;;;;;;;;;;;;;;;;;;;;;;;;;;;;;;;;259614;https://purl.pt/44365;https://bndigital.bnportugal.gov.pt//i/?IIIF=/04/d1/9d/f6/04d19df6-e82d-44ac-acff-fa6136899404/iiif/cam-258-p_0001.tif/full/!300,500/0/default.jpg;Livro impresso;Alemão;;Die Lusiaden;epische díchtung;;1.ª ed.;Leipzig : Arnoldische Buchhandung;1854;1854;LXXXVIII, 532 p., 2 f. il.;Luís de Camões, 1524-1580;;;José da Fonseca, 1788-1866, Compilador;;;CAM. 258 P.;CAM500;http://id.bnportugal.gov.pt/bib/catbnp/259614;Livre
7033;Celebrações - 1880 - Periódicos | 471;Celebrações - 1880 - Textos críticos | 469;;;;;;;;;;;;;;;;;;;;;;;;;;;;;;;;;;;;259721;https://purl.pt/44355;https://bndigital.bnportugal.gov.pt//i/?IIIF=/ae/db/44/e3/aedb44e3-d31a-4075-a54b-c4abd99678b1/iiif/cam-259-p_0002.tif/full/!300,500/0/default.jpg;Livro impresso;Alemão;;Die Lusiaden;;;Zweite Ausgabe;Stuttgart & Sigmaringen : Verlag von H.W. Beck;1854;1854;XVI, 416, 2 p.;Luís de Camões, 1524-1580;;;Johann Jacob Christian Donner, 1799-1875, Tradutor;;;CAM. 259 P.;CAM500;http://id.bnportugal.gov.pt/bib/catbnp/259721;Livre
7034;Recepção criativa - Tematização | 409;;;;;;;;;;;;;;;;;;;;;;;;;;;;;;;;;;;;Português e Inglês [sonetos];264232;https://purl.pt/43394;https://bndigital.bnportugal.gov.pt//i/?IIIF=/fa/a1/bb/23/faa1bb23-36d3-4bcd-9c3e-48f2179ed565/iiif/cam-295-p_0019.tif/full/!300,500/0/default.jpg;Livro impresso;Inglês;;The Lusiad of Luis de Camoens;books I to V;;1.ª ed.;London : Edward Moxon;1853;1853;XII, 4, 207, 1 p.;Luís de Camões, 1524-1580;;;William Skelton, 1763-1848, Ilustrador;;;CAM. 295 P.;CAM500;http://id.bnportugal.gov.pt/bib/catbnp/264232;Livre
7035;Obra - Impressos - Composições soltas e fragmentos - Épica - Estrofes | 66;Obra - Impressos - Paratextos - Obras (avulsas) - Épica | 103;Iconografia - Impressos - Portadas | 392;;;;;;;;;;;;;;;;;;;;;;;;;;;;;;;;;;;322954;https://purl.pt/43431;https://bndigital.bnportugal.gov.pt//i/?IIIF=/67/5a/92/38/675a9238-8a14-4289-899f-c737cbe28197/iiif/cam-335-p_0009.tif/full/!300,500/0/default.jpg;Livro impresso;Português;;Os Lusiadas e o cosmos ou Camões considerado por Humboldt como admiravel pintor da natureza;;;1.ª ed.;Lisboa : Imprensa Nacional;1853;1853;IX, 1, 98 p.;José Silvestre Ribeiro, 1807-1891;;;;;;F.R. 473;CAM500;http://id.bnportugal.gov.pt/bib/catbnp/322954;Livre
7036;Obra - Impressos - Obras (avulsas) - Lírica - Fábula de Narciso | 38;Obra - Impressos - Recolha epigráfica | 96;;;;;;;;;;;;;;;;;;;;;;;;;;;;;;;;;;;;637243;https://purl.pt/5610;https://bndigital.bnportugal.gov.pt//i/?IIIF=/7e/81/ed/6b/7e81ed6b-ad6f-41f9-98f5-7ebb6103562a/iiif/e-405-v_0000_000001.tif/full/!300,500/0/default.jpg;Iconografia;Português;;Luiz de Camões;;;1.ª ed.;Lisboa : s.n.;1853;1853;1 gravura;Ignaz Fertig, 1809-1858;;;;;;PURL 5610/0;;http://id.bnportugal.gov.pt/bib/catbnp/637243;Livre
7037;Tradução - Impressos - Antologia - Lírica - Paratextos gerais | 209;Tradução - Impressos - Antologia - Lírica - Paratextos notas | 212;;;;;;;;;;;;;;;;;;;;;;;;;;;;;;;;;;;Algumas epígrafes estão em Português, Francês e Latim, embora a obra esteja maioritariamente em Inglês.;330193;https://purl.pt/44520;https://bndigital.bnportugal.gov.pt//i/?IIIF=/45/4e/71/af/454e71af-d9ea-447a-aef1-5ad309c7fbae/iiif/cam-403-p_0007.tif/full/!300,500/0/default.jpg;Livro impresso;Português;;Estudo moral e politico sobre os Lusiadas;;;1.ª ed.;Lisboa : Imprensa nacional;1853;1853;XI, 1, 236, 3 p.;José Silvestre Ribeiro, 1807-1891;;;;;;S.A. 8917 V.;CAM500;http://id.bnportugal.gov.pt/bib/catbnp/330193;Livre
7038;Vida - Ficção - Poesia | 16;Recepção criativa - Tematização | 409;;;;;;;;;;;;;;;;;;;;;;;;;;;;;;;;;;;;506797;https://purl.pt/44559;https://bndigital.bnportugal.gov.pt//i/?IIIF=/4f/16/2a/77/4f162a77-fc0d-43c3-a28e-ea604666427f/iiif/cam-458-p_0005.tif/full/!300,500/0/default.jpg;Livro impresso;"Português ; Italiano";;Album italo portuguez;;;1.ª ed.;Lisboa : Imp. Nacional;1853;1853;1 v.;A. Galleano Ravara;;;António Feliciano de Castilho, 1800-1875, Autor da introdução, etc.;;;L. 3699 P.;CAM500;http://id.bnportugal.gov.pt/bib/catbnp/506797;Livre
7039;Vida - Ficção - Poesia | 16;Recepção criativa - Tematização | 409;Celebrações - 1880 - Vida | 470;Celebrações - 1880 - Recepção criativa - Tematização | 474;;;;;;;;;;;;;;;;;;;;;;;;;;;;;;;;;;256405;https://purl.pt/42944;https://bndigital.bnportugal.gov.pt//i/?IIIF=/45/ff/1d/14/45ff1d14-bbdc-4ca4-a69c-95b3eb1160c2/iiif/cam-519-p_0000_000005.tif/full/!300,500/0/default.jpg;Livro impresso;Português;;Obras de Luiz de Camões;;;1.ª ed.;Lisboa : Escritporio da Bibliotheca Portuguesa, Rua Augusta n 110;1852;1852;3 t.;Luís de Camões, 1524-1580;;;"João Franco Barreto, 1600-post. 1674, Editor literário ; José Vitorino Barreto Feio, 1782-1850, Editor literário ; José da Fonseca, 1788-1866, Editor literário ; José Gomes Monteiro, 1807-1879, Editor literário";;;L. 14398 P.;CAM500;http://id.bnportugal.gov.pt/bib/catbnp/256405;Livre
7040;Bibliografia crítica - Edições | 411;Vida - Biografia | 13;Vida - Documentação | 19;Iconografia - Impressos - Retrato de Camões | 372;Iconografia - Impressos - Imagens de Camões | 373;Iconografia - Impressos - Ilustrações da obra | 376;Iconografia - Impressos - Figuras históricas | 390;;;;;;;;;;;;;;;;;;;;;;;;;;;;;;;1073960;https://purl.pt/43436;https://bndigital.bnportugal.gov.pt//i/?IIIF=/19/b5/c6/f0/19b5c6f0-4f74-423e-963e-83719775b540/iiif/cam-1475-p_0007.tif/full/!300,500/0/default.jpg;Livro impresso;Italiano;;Camoens;dramma lirico in tre atti da rappresentarsi nel Regio Teatro il Carnevale Quaresima 1852 alla presenza delle IL. SS. RR. MM.;;1.ª ed.;Torino : Off. Tipografica e Litografica di Giuseppe Fodratti;1852;1852;10, 52 p.;;;;"Antonio Cortesi, fl. 1823-1852, Libretista ; Gualtiero Sanelli, 1816-1861, Maestro ; Andrea Codedó, 18--, Libretista";;;CAM. 1475 P.;CAM500;http://id.bnportugal.gov.pt/bib/catbnp/1073960;Livre
7041;Recepção criativa - Tematização | 409;;;;;;;;;;;;;;;;;;;;;;;;;;;;;;;;;;;;;259972;https://purl.pt/44363;https://bndigital.bnportugal.gov.pt//i/?IIIF=/44/08/fd/5e/4408fd5e-25fb-48de-a0bf-b34d3803b56f/iiif/cam-279-p_0005.tif/full/!300,500/0/default.jpg;Livro impresso;Sueco;;Lusiaderne;hjeltedikt;;2ª ed.;Lund : Tryckt pá C. W. K. Gleerups Förlag, uti Berlingska Boktryckeriet;1852;1852;2, IV, 406 p.;Luís de Camões, 1524-1580;;;Nils Lovén, 1796-1858, Tradutor;;;CAM. 279 P.;CAM500;http://id.bnportugal.gov.pt/bib/catbnp/259972;Livre
7042;Bibliografias e catálogos - Catálogo | 551;;;;;;;;;;;;;;;;;;;;;;;;;;;;;;;;;;;;;252379;https://purl.pt/44826;https://bndigital.bnportugal.gov.pt//i/?IIIF=/d5/ab/b8/aa/d5abb8aa-18b9-4cf9-ab9b-b037333dbfab/iiif/cam-952-p_0009.tif/full/!300,500/0/default.jpg;Livro impresso;Alemão;;Sonette;;;1.ª ed.;Leipzig : F.A. Brokhaus;1852;1852;XX, 288 p.;Luís de Camões, 1524-1580;;;;;;CAM. 288 P.;CAM500;http://id.bnportugal.gov.pt/bib/catbnp/252379;Livre
7043;Celebrações - 1880 - Actos públicos | 477;Recepção criativa - Tematização | 409;Celebrações - 1880 - Recepção criativa - Tematização | 474;;Celebrações - 1860 - Nótulas | 450;;;;;;;;;;;;;;;;;;;;;;;;;;;;;;;;;464849;https://purl.pt/44714;https://bndigital.bnportugal.gov.pt//i/?IIIF=/4f/bf/bb/8a/4fbfbb8a-be92-452e-9166-713092b99ffe/iiif/cam-615-v_0001.tif/full/!300,500/0/default.jpg;Livro impresso;Italiano;;Luigi Camoens;;;1.ª ed.;Rovigo : J. R. Privit;1852;1852;60 p.;Emilio Boschetti;;;;;;CAM. 615 V.;CAM500;http://id.bnportugal.gov.pt/bib/catbnp/464849;Livre
7044;Bibliografia crítica - Estudo | 418;Celebrações - 1880 - Discussão, programas e relatórios | 481;Bibliografias e catálogos - Bibliografia | 550;Iconografia - Impressos - Imagens de Camões | 373;Iconografia - Impressos - Lugares de memória | 391;;;;;;;;;;;;;;;;;;;;;;;;;;;;;;;;;197071;https://purl.pt/43439;https://bndigital.bnportugal.gov.pt//i/?IIIF=/53/27/cc/2d/5327cc2d-6c5e-49f2-bc60-539209fbeaee/iiif/cam-1713-v_0003.tif/full/!300,500/0/default.jpg;Periódico;Italiano;;Parnaso straniero;portughese e spagnuoli;;1.ª ed.;Veneza : G. Antonelli;1851;1851;;;;;;;;CAM. 1713 V.;CAM500;http://id.bnportugal.gov.pt/bib/catbnp/197071;Livre
7045;Celebrações - 1880 - Actos públicos | 477;Recepção criativa - Tematização | 409;Celebrações - 1880 - Recepção criativa - Tematização | 474;Celebrações - 1872 | 451;;;;;;;;;;;;;;;;;;;;;;;;;;;;;;;;;;1073970;https://purl.pt/45107;https://bndigital.bnportugal.gov.pt//i/?IIIF=/0f/2b/9e/5e/0f2b9e5e-a746-407d-82e7-f13f0cf94439/iiif/cam-1925-v_0005.tif/full/!300,500/0/default.jpg;Livro impresso;Italiano;;Italia drammatica;dramma in cinque atti ed epilogo;;1.ª ed.;Torino : Tip. Italiana : alle libr. Fontana, Schiepatti, Magnaghi, Giannini e Fiore, Toscanelli;1851;1851;30 p.;Leone Fortis, 1824?-1898;;;;;;CAM. 1925 V.;CAM500;http://id.bnportugal.gov.pt/bib/catbnp/1073970;Livre
7046;Obra - Impressos - Obras (avulsas) - Lírica - Soneto | 35;Tradução - Impressos - Composições soltas e fragmentos - Lírica | 234;Tradução - Impressos - Composições soltas e fragmentos - Lírica - Paratextos gerais | 235;Figuras Femininas - Autoras (produção escrita sobre Camões) | 552;Celebrações - 1880 - Traduções | 476;;;;;;;;;;;;;;;;;;;;;;;;;;;;;;;;;397847;https://purl.pt/43746;https://bndigital.bnportugal.gov.pt//i/?IIIF=/d6/fb/37/83/d6fb3783-c537-4793-8bb2-81c64d53f301/iiif/cam-37-v_0009.tif/full/!300,500/0/default.jpg;Livro impresso;Francês;Português;Les Lusiades;poéme;;2ª ed. revue et corrigée;Paris : L. Hachette : Garnier Fréres : Dauvin et Fontaine;1850;1850;307 p.;Luís de Camões, 1524-1580;;;François Ragon, 1795-1872, Tradutor;;;CAM. 37 V.;CAM500;http://id.bnportugal.gov.pt/bib/catbnp/397847;Livre
7047;Tradução - Impressos - Antologia - Lírica | 208;Tradução - Impressos - Antologia - Lírica - Paratextos gerais | 209;Tradução - Impressos - Antologia - Lírica - Paratextos notas | 212;Tradução - Impressos - Composições soltas e fragmentos - Épica - Paratextos gerais | 230;;;;;;;;;;;;;;;;;;;;;;;;;;;;;;;;;;426508;https://purl.pt/39599;https://bndigital.bnportugal.gov.pt//i/?IIIF=/98/49/c4/17/9849c417-fc22-4b64-ab3a-e5b4b8a4686c/iiif/mp-1066-1-a_0001.tif/full/!300,500/0/default.jpg;Partitura;Português;;Luiz de Camões;;;1.ª ed.;Lisboa : Sassetti;1850;1850;1 partitura 17 p.;Angelo Frondoni, 1809-1891;;;Luís Augusto Palmeirim, 1825-1893, Autor de letras para trechos musicais;;Sassetti & C.ª, Editor comercial;M.P. 1066//1 A.;CAM500;http://id.bnportugal.gov.pt/bib/catbnp/426508;Livre
7048;Bibliografia crítica - Obra | 412;;;;;;;;;;;;;;;;;;;;;;;;;;;;;;;;;;;;;455353;https://purl.pt/43765;https://bndigital.bnportugal.gov.pt//i/?IIIF=/5c/87/27/07/5c872707-7722-4eb2-97a5-bb4b29aa2e26/iiif/cam-420-4-v_0000_000001.tif/full/!300,500/0/default.jpg;Livro impresso;Francês;;Lettre a Mr. Maxime Formont;;;1.ª ed.;S.l. : s.n.;1850;1850;2 p.;Albert Circourt;;;;;;CAM. 420//4 V.;CAM500;http://id.bnportugal.gov.pt/bib/catbnp/455353;Livre
7049;Recepção criativa - Tematização | 409;;;;;;;;;;;;;;;;;;;;;;;;;;;;;;;;;;;;;848098;https://purl.pt/43725;https://bndigital.bnportugal.gov.pt//i/?IIIF=/f4/28/94/39/f4289439-7058-4424-9475-40df86661cce/iiif/cam-121-4-v_0000_000001.tif/full/!300,500/0/default.jpg;Livro impresso;Português;;A dor de Camões;poema;;1.ª ed.;S.l. : s.n.;1850;1850;1 f. desdobr.;José Leite de Vasconcelos, 1858-1941;;;;;;CAM. 121//4 V.;CAM500;http://id.bnportugal.gov.pt/bib/catbnp/848098;Livre
7050;Tradução - Impressos - Composições soltas e fragmentos - Épica - Paratextos gerais | 230;Celebrações - 1880 - Traduções | 476;;;;;;;;;;;;;;;;;;;;;;;;;;;;;;;;;;;;950691;https://purl.pt/12253;https://bndigital.bnportugal.gov.pt//i/?IIIF=/c3/71/d7/72/c371d772-03fc-4cef-be97-420dd6a893d8/iiif/e-1060-a_0000_000001.tif/full/!300,500/0/default.jpg;Iconografia;Francês;;Le Camoens;;;1.ª ed.;Paris : s.n.;1850;1850;1 gravura;Jean-Baptiste Meunier, 1821-1900;;H. Degrox, ca 1880, Autor;Gustave Wappers, 1803-1874, Antecedente bibliográfico;;;PURL 12253/0;;http://id.bnportugal.gov.pt/bib/catbnp/950691;Livre
7051;Celebrações - 1880 - Discussão, programas e relatórios | 481;;Iconografia - Impressos - Portadas | 392;;;;;;;;;;;;;;;;;;;;;;;;;;;;;;;;;;;1313328;https://purl.pt/43574;https://bndigital.bnportugal.gov.pt//i/?IIIF=/67/fa/fb/81/67fafb81-116d-4ab4-b085-fb4022574959/iiif/mpp-26-1-a_0000_000001.tif/full/!300,500/0/default.jpg;Periódico;Português;;O genio de Camões;Romança;;1.ª ed.;Lisboa : J. I. Canongia & C.;1850;1850;Partitura 6 p.;Francisco António Norberto dos Santos Pinto, 1815-1860;;;"José Romano, 1825-1887, Autor de letras para trechos musicais ; Ernesto Vieira, 1848-1915, Antigo possuidor";;J. I. Canongia e C.ª, Editor comercial;M.P.P. 26//1 A.;CAM500;http://id.bnportugal.gov.pt/bib/catbnp/1313328;Livre
7052;Iconografia - Impressos - Retrato de Camões | 372;;;;;;;;;;;;;;;;;;;;;;;;;;;;;;;;;;;;;586409;https://purl.pt/44278;https://bndigital.bnportugal.gov.pt//i/?IIIF=/d1/36/87/6f/d136876f-a0f8-4fef-8995-9f24cacde63a/iiif/cam-191-a_0001.tif/full/!300,500/0/default.jpg;Livro impresso;Português;;Homenagem a Camoes;Op. 30;;1.ª ed.;Porto : J. Carli;1850;1850;4 p.;Jacopo Carli;;;;;;C.I.C. 204 A.;PRR2022;http://id.bnportugal.gov.pt/bib/catbnp/586409;Livre
7053;Tradução - Impressos - Composições soltas e fragmentos - Épica | 229;Tradução - Impressos - Composições soltas e fragmentos - Lírica | 234;Recepção criativa - Tematização | 409;Celebrações - 1880 - Actos públicos | 477;Tradução - Impressos - Composições soltas e fragmentos - Épica - Paratextos vida | 231;Tradução - Impressos - Composições soltas e fragmentos - Épica - Paratextos notas | 233;Tradução - Impressos - Composições soltas e fragmentos - Épica - Paratextos gerais | 230;Iconografia - Impressos - Portadas | 392;Iconografia - Impressos - Retrato de Camões | 372;Figuras Femininas - Autoras (produção escrita sobre Camões) | 552;Celebrações - 1880 - Traduções | 476;Celebrações - 1880 - Recepção criativa - Tematização | 474;Iconografia - Impressos - Ilustrações da obra | 376;;;;;;;;;;;;;;;;;;;;;;;;;256400;https://purl.pt/44160;https://bndigital.bnportugal.gov.pt//i/?IIIF=/6c/01/ce/7c/6c01ce7c-8373-4cc8-8200-d1680aff76e9/iiif/cam-141-p_0007.tif/full/!300,500/0/default.jpg;Livro impresso;Português;;Os Lusiadas;;;Nova edição;Lisboa : na Typographia Rollandiana;1850;1850;397 p.;Luís de Camões, 1524-1580;;;João Franco Barreto, 1600-post. 1674, Editor literário;;Tipografia Rolandiana, Impressor;CAM. 140 P.;CAM500;http://id.bnportugal.gov.pt/bib/catbnp/256400;Livre
7054;Obra - Impressos - Composições soltas e fragmentos - Épica - Episódio | 67;Obra - Impressos - Paratextos - Obras (avulsas) - Outros | 119;Celebrações - 1880 - Edições | 468;;;;;;;;;;;;;;;;;;;;;;;;;;;;;;;;;;;473474;https://purl.pt/44477;https://bndigital.bnportugal.gov.pt//i/?IIIF=/ae/97/22/ad/ae9722ad-c99f-403d-96d2-e2a3b28bdb26/iiif/cam-399-1-p_0001.tif/full/!300,500/0/default.jpg;Livro manuscrito;Português;;Parecer sobre o exemplar dos Lusiadas de S. M. o Imperador do Brasil;;;1.ª ed.;;1850;1850;3 p.;José Feliciano de Castilho, 1810-1879;;;Tomás Norton, 1804-1860, Antigo possuidor;;;CAM. 399//1 P.;CAM500;http://id.bnportugal.gov.pt/bib/catbnp/473474;Livre
7055;Celebrações - 1880 - Actos públicos | 477;;;;;;;;;;;;;;;;;;;;;;;;;;;;;;;;;;;;;458252;https://purl.pt/44593;https://bndigital.bnportugal.gov.pt//i/?IIIF=/ec/4d/43/5d/ec4d435d-d323-4509-8f9b-774b2cb3d70e/iiif/cam-508-v_0003.tif/full/!300,500/0/default.jpg;Livro impresso;Português;;Carta camoneana ao professor decano do Lyceu bracarense, Pereira Caldas;;;1.ª ed.;Lisboa : s.n.;1850;1850;16 p.;Manuel José Pereira, ca 18--;;;José Joaquim da Silva Pereira Caldas, 1818-1903, Antecedente bibliográfico;;;CAM. 508 V.;CAM500;http://id.bnportugal.gov.pt/bib/catbnp/458252;Livre
7056;Bibliografia crítica - Estudo | 418;;;;;;;;;;;;;;;;;;;;;;;;;;;;;;;;;;;;;417399;https://purl.pt/43203;https://bndigital.bnportugal.gov.pt//i/?IIIF=/88/93/c9/2d/8893c92d-a8ae-46d1-aca1-2bf0c4260f3d/iiif/cn-664-a_0000_000001.tif/full/!300,500/0/default.jpg;Partitura;Francês;;La lusiade;valse brillante pour le piano;;1.ª ed.;Lisbonne : Sassetti;1850;1850;Partitura 7 p.;J. B. Portehaut, fl. 185-;;;;;Sassetti & C.ª, Editor comercial;C.N. 664 A.;;http://id.bnportugal.gov.pt/bib/catbnp/417399;Livre
7057;Tradução - Impressos - Antologia - Lírica - Paratextos gerais | 209;Tradução - Impressos - Antologia - Lírica - Paratextos notas | 212;Tradução - Impressos - Antologia - Outros - Paratextos gerais | 224;;;;;;;;;;;;;;;;;;;;;;;;;;;;;;;;;;;465150;https://purl.pt/44704;https://bndigital.bnportugal.gov.pt//i/?IIIF=/7a/fa/a0/1b/7afaa01b-4902-41bc-83f0-a45f02728feb/iiif/cam-629-v_0001.tif/full/!300,500/0/default.jpg;Livro impresso;Português;;Carta camoneana ao professor decano do Lyceu bracarense, Pereira Caldas;;;1.ª ed.;Braga : cs.n.;1850;1850;10 p.;Manuel José Pereira, ca 18--;;;José Joaquim da Silva Pereira Caldas, 1818-1903, Antecedente bibliográfico;;;CAM. 629 V.;CAM500;http://id.bnportugal.gov.pt/bib/catbnp/465150;Livre
7058;Obra - Impressos - Composições soltas e fragmentos - Épica - Episódio | 67;Obra - Impressos - Paratextos - Obras (avulsas) - Épica | 103;Bibliografia crítica - Estudo | 418;;;;;;;;;;;;;;;;;;;;;;;;;;;;;;;;;;;773993;https://purl.pt/44730;https://bndigital.bnportugal.gov.pt//i/?IIIF=/47/fa/fd/90/47fafd90-091e-4f46-8e81-63622fd00853/iiif/cam-671-p_0003.tif/full/!300,500/0/default.jpg;Livro impresso;Português;;Os Lusíadas;;;1.ª ed.;S.l. : s.n.;1850;1850;397 p.;Luís de Camões, 1524-1580;;;;;;CAM. 671 P.;CAM500;http://id.bnportugal.gov.pt/bib/catbnp/773993;Livre
7059;Recepção criativa - Tematização | 409;Celebrações - 1880 - Recepção criativa - Tematização | 474;;;;;;;;;;;;;;;;;;;;;;;;;;;;;;;;;;;;256397;https://purl.pt/44158;https://bndigital.bnportugal.gov.pt//i/?IIIF=/65/95/59/f6/659559f6-54c2-47d4-a3a7-4c75f49ef7a2/iiif/cam-139-p_0005.tif/full/!300,500/0/default.jpg;Livro impresso;Português;;Os Lusiadas;;;Nova edição correcta;Rio de Janeiro : na Livraria de Agostinho de Freitas Guimarães e C. Rua do Sabão n 26;1849;1849;397 p.;Luís de Camões, 1524-1580;;;"João Franco Barreto, 1600-post. 1674, Editor literário ; Agostinho de Freitas Guimarães, fl. 1848-1857, Impressor";;;CAM. 139 P.;CAM500;http://id.bnportugal.gov.pt/bib/catbnp/256397;Livre
7060;Celebrações - 1880 - Actos públicos | 477;;;;;;;;;;;;;;;;;;;;;;;;;;;;;;;;;;;;;1073967;https://purl.pt/44997;https://bndigital.bnportugal.gov.pt//i/?IIIF=/46/4d/19/fc/464d19fc-8ce9-4f27-99e4-323356b9427e/iiif/cam-1439-p_0005.tif/full/!300,500/0/default.jpg;Livro impresso;Português;;A Ilha dos Amores;episodio do canto IX dos Lusíadas de Camões bailete mimico em 2 quadros posto em scena pelo Sr. Viotti, para se representar no R. T. de S. Carlos;;1.ª ed.;Lisboa : Typ. de Borges;1849;1849;8 p.;;;;;;;CAM. 1439 P.;CAM500;http://id.bnportugal.gov.pt/bib/catbnp/1073967;Livre
7061;Bibliografias e catálogos - Catálogo | 551;;;;;;;;;;;;;;;;;;;;;;;;;;;;;;;;;;;;;322981;https://purl.pt/44014;https://bndigital.bnportugal.gov.pt//i/?IIIF=/50/82/be/13/5082be13-0a26-48c0-911f-36eeac852449/iiif/cam-334-p_0000_000007.tif/full/!300,500/0/default.jpg;Livro impresso;Português;;Luiz de Camões;approvado pelo Conservatorio Dramatico Brasileiro e representado em varios theatros tanto no Brasil como em Portugal;;1.ª ed.;Rio de Janeiro : Eduardo e Henrique Laemmert;1849;1849;117, 1 br. p.;Luís António Burgain, 1812-?;;;;;;CAM. 334 P.;CAM500;http://id.bnportugal.gov.pt/bib/catbnp/322981;Livre
7062;Recepção criativa - Tematização | 409;Celebrações - 1880 - Recepção criativa - Tematização | 474;Celebrações - 1880 - Actos públicos | 477;;;;;;;;;;;;;;;;;;;;;;;;;;;;;;;;;;;329712;https://purl.pt/44479;https://bndigital.bnportugal.gov.pt//i/?IIIF=/48/1c/6a/7b/481c6a7b-48a6-4d1e-9e41-1b21744fcf64/iiif/cam-396-p_0013.tif/full/!300,500/0/default.jpg;Livro impresso;Português;;Carta ao Illmº Snr. Thomaz Norton, sobre a situação da Ilha de Venus e em defeza de Camões contra uma arguição que na sua obra intitulada Cosmos lhe faz... Alexandre de Humboldt;;;1.ª ed.;Porto : Na Typographia de S. J. Pereira;1849;1849;84 p.;José Gomes Monteiro, 1807-1879;;;Ernesto Jardim de Vilhena, 1876-1967, Antigo possuidor;;;L. 4543 V.;CAM500;http://id.bnportugal.gov.pt/bib/catbnp/329712;Livre
7063;Obra - Impressos - Obras (avulsas) - Épica | 23;Obra - Impressos - Paratextos - Obras (avulsas) - Épica | 103;Iconografia - Impressos - Portadas | 392;;;;;;;;;;;;;;;;;;;;;;;;;;;;;;;;;;;330133;https://purl.pt/44489;https://bndigital.bnportugal.gov.pt//i/?IIIF=/ac/1f/e1/e9/ac1fe1e9-88b2-4347-8d4e-d8bf12529734/iiif/cam-398-p_0009.tif/full/!300,500/0/default.jpg;Livro impresso;Português;;Camões;estudo histórico poetico liberrimamente fundado sobre um drama francez dos senhores Victor Perrot e Armando du Mesnil;;1.ª ed.;Ponta Delgada : Typ. da Rua das Artes 68;1849;1849;300 p.;António Feliciano de Castilho, 1800-1875;;;;;;CAM. 398 P.;CAM500;http://id.bnportugal.gov.pt/bib/catbnp/330133;Livre
7064;Tradução - Impressos - Composições soltas e fragmentos - Épica - Paratextos notas | 233;Tradução - Impressos - Antologia - Lírica - Paratextos notas | 212;;;;;;;;;;;;;;;;;;;;;;;;;;;;;;;;;;;;367114;https://purl.pt/44557;https://bndigital.bnportugal.gov.pt//i/?IIIF=/5c/9b/fe/38/5c9bfe38-f027-461d-8338-134bf82a6e8a/iiif/cam-435-p_0007.tif/full/!300,500/0/default.jpg;Livro impresso;Francês;;Oeuvres posthumes;poésies antiromantiques;;1.ª ed.;Paris : Typ. Schneider;1849;1849;249 p.;François Duvignau, ca 18--;;;;;;CAM. 435 P.;CAM500;http://id.bnportugal.gov.pt/bib/catbnp/367114;Livre
7065;Obra - Impressos - Composições soltas e fragmentos - Épica - Episódio | 67;;Celebrações - 1880 - Edições | 468;Iconografia - Impressos - Portadas | 392;;;;;;;;;;;;;;;;;;;;;;;;;;;;;;;;;;259501;https://purl.pt/43387;https://bndigital.bnportugal.gov.pt//i/?IIIF=/34/70/f5/f4/3470f5f4-6bda-4236-84d1-98b6fd05ebf6/iiif/cam-237-p_0007.tif/full/!300,500/0/default.jpg;Livro impresso;Italiano;;I Lusiadi di Luigi Camoens;Si aggiungono le notizie biografiche dellautore, varii cenni e giudizi intorno al poema e gli argomenti dei canti;;1.ª ed.;Torino : Stabilimento Tip. Fontana;1847;1847;XXIII, 24-307, 5 p.;Luís de Camões, 1524-1580;;" Staël, 1766-1817, Autor ; Mathieu-Guillaume-Thérèse Villenave, 1762-1846, Autor ;  Sismondi, 1773-1842, Autor";"Davide Bertolotti, 1784-1860, Comentador de texto escrito ; Antonio Nervi, 1760-1836, Tradutor";;;CAM. 237 P.;CAM500;http://id.bnportugal.gov.pt/bib/catbnp/259501;Livre
7066;Tradução - Impressos - Composições soltas e fragmentos - Épica | 229;Tradução - Impressos - Composições soltas e fragmentos - Épica - Paratextos gerais | 230;Tradução - Impressos - Composições soltas e fragmentos - Épica - Paratextos argumentos | 232;;;;;;;;;;;;;;;;;;;;;;;;;;;;;;;;;;;256360;https://purl.pt/44163;https://bndigital.bnportugal.gov.pt//i/?IIIF=/8b/1f/25/e4/8b1f25e4-5338-43f3-9362-1128c17a84af/iiif/cam-138-p_0007.tif/full/!300,500/0/default.jpg;Livro impresso;Português;;Os Lusiadas;;;Nova edição segundo a do Morgado de Matteus, com as notas e vida do autor pelo mesmo, corrigida segundo as edições de Hamburgo e de Lisboa, e enrequecida de novas notas e d uma prefação;Pariz : na Officina Typographica de Firmin Didot, impressor do Rei, e do Instituto Rio de Janeiro Rua da Quintanda, 97;1847;1847;4, II, 415 p.;Luís de Camões, 1524-1580;;;"Morgado de Mateus, 1758-1825, Editor literário ; Caetano Lopes de Moura, 1780-1860, Editor literário ; Ambroise Firmin-Didot, 1790-1876, Impressor ; Tomás Norton, 1804-1860, Antigo possuidor";;;CAM. 138 P.;CAM500;http://id.bnportugal.gov.pt/bib/catbnp/256360;Livre
7067;Tradução - Impressos - Obras individuais - Épica | 151;Tradução - Impressos - Obras individuais - Épica - Paratextos gerais | 152;Tradução - Impressos - Obras individuais - Épica - Paratextos vida | 153;Tradução - Impressos - Obras individuais - Épica - Paratextos argumentos | 154;Tradução - Impressos - Obras individuais - Épica - Paratextos notas | 155;;;;;;;;;;;;;;;;;;;;;;;;;;;;;;;;;950716;https://purl.pt/45082;https://bndigital.bnportugal.gov.pt//i/?IIIF=/91/5c/e7/3d/915ce73d-d186-4ecc-9a4d-f8611e04a502/iiif/cam-1811-v_0011.tif/full/!300,500/0/default.jpg;Livro impresso;Italiano;Português;I Lusiadi;;;1.ª ed.;Venezia : G. Antonelli;1847;1847;10, 11-206, 2 coln.;Luís de Camões, 1524-1580;;;Antonio Nervi, 1760-1836, Tradutor;;;CAM. 1811 V.;CAM500;http://id.bnportugal.gov.pt/bib/catbnp/950716;Livre
7068;Obra - Impressos - Obras (avulsas) - Lírica - Soneto | 35;Tradução - Impressos - Composições soltas e fragmentos - Lírica | 234;Bibliografia crítica - Estudo | 418;;;;;;;;;;;;;;;;;;;;;;;;;;;;;;;;;;;473486;https://purl.pt/44488;https://bndigital.bnportugal.gov.pt//i/?IIIF=/d7/13/2c/a4/d7132ca4-f9a3-466c-b8ca-d4ad09704f04/iiif/cam-399-2-p_0001.tif/full/!300,500/0/default.jpg;Livro manuscrito;Português;;Discurso apologetico a favor do insigne poeta Luis de Camões contra o L do Manoel Pires de Almeida;;;1.ª ed.;;1847;1847;33 f.;João Franco Barreto, 1600-post. 1674;;;Tomás Norton, 1804-1860, Antigo possuidor;;;CAM. 399//2 P.;CAM500;http://id.bnportugal.gov.pt/bib/catbnp/473486;Livre
7069;Celebrações - 1880 - Periódicos | 471;;;;;;;;;;;;;;;;;;;;;;;;;;;;;;;;;;;;;626460;https://purl.pt/12554;https://bndigital.bnportugal.gov.pt//i/?IIIF=/2e/b6/5c/81/2eb65c81-3c05-4b71-be80-a9b88ddce593/iiif/e-4000-p_0000_000001.tif/full/!300,500/0/default.jpg;Iconografia;Francês;;Camoens;;;1.ª ed.;Paris : s.n.;1846;1846;1 gravura;Augustin François Lemaitre, 1797-1870;;;;;;PURL 12554/0;;http://id.bnportugal.gov.pt/bib/catbnp/626460;Livre
7070;Bibliografia crítica - Estudo | 418;Celebrações - 1880 - Textos críticos | 469;Recepção criativa - Tematização | 409;Celebrações - 1880 - Recepção criativa - Tematização | 474;;;;;;;;;;;;;;;;;;;;;;;;;;;;;;;;;;865420;https://purl.pt/44401;https://bndigital.bnportugal.gov.pt//i/?IIIF=/20/aa/8d/69/20aa8d69-e05b-40db-af08-a1e289bc29f4/iiif/cam-298-v_0009.tif/full/!300,500/0/default.jpg;Livro impresso;Português;;Os Lusiadas;poema epico;;1.ª ed.;Paris : na Livr. Europea de Baudry;1846;1846;;Luís de Camões, 1524-1580;;;José da Fonseca, 1788-1866, Autor da introdução, etc.;;;CAM. 298 V.;CAM500;http://id.bnportugal.gov.pt/bib/catbnp/865420;Livre
7071;Recepção criativa - Tematização | 409;;;;;;;;;;;;;;;;;;;;;;;;;;;;;;;;;;;;;256351;https://purl.pt/44102;https://bndigital.bnportugal.gov.pt//i/?IIIF=/1f/f8/56/85/1ff85685-3fe2-44f1-9b7d-d63f196958d2/iiif/cam-137-p_0005.tif/full/!300,500/0/default.jpg;Livro impresso;Português;;Os Lusiadas;;;Nova edição;Lisboa : na Typographia Rollandiana;1846;1846;397, 3 br. p.;Luís de Camões, 1524-1580;;;"João Franco Barreto, 1600-post. 1674, Editor literário ; Tomás Norton, 1804-1860, Antigo possuidor";;Tipografia Rolandiana, Impressor;CAM. 137 P.;CAM500;http://id.bnportugal.gov.pt/bib/catbnp/256351;Livre
7072;Celebrações - 1880 - Periódicos | 471;Vida - Biografia | 13;;;;;;;;;;;;;;;;;;;;;;;;;;;;;;;;;;;;466734;https://purl.pt/29243;https://bndigital.bnportugal.gov.pt//i/?IIIF=/ce/46/78/bb/ce4678bb-6510-48ef-9072-3e418b409cac/iiif/466734_1849-09-01_0001_559_t24-C-R0150.tif/full/!300,500/0/default.jpg;Periódico;Português;;O Correio Michaelense;;;1.ª ed.;Ponta Delgada : F.J. Correa;1846;1846;;;;;F. J. Correia, ca 18--, Editor literário;;Partido Setembrista, Editor comercial;J. 2674 V.;;http://id.bnportugal.gov.pt/bib/catbnp/466734;Livre
7073;Bibliografia crítica - Estudo | 418;;;;;;;;;;;;;;;;;;;;;;;;;;;;;;;;;;;;;465606;https://purl.pt/43836;https://bndigital.bnportugal.gov.pt//i/?IIIF=/42/cd/d2/e6/42cdd2e6-50ac-44e8-a7c5-107037a0f860/iiif/cam-674-v_0000_000003.tif/full/!300,500/0/default.jpg;Livro impresso;Inglês;;Sonnets;;;1.ª ed.;Newcastle upon Tinet : Impr. by M. A. Richardson;1845;1845;16 p.;John Adamson, 1787-1851;;; Sucena, 1850-?, Antigo possuidor;;;CAM. 674 V.;CAM500;http://id.bnportugal.gov.pt/bib/catbnp/465606;Livre
7074;Obra - Impressos - Composições soltas e fragmentos - Épica - Episódio | 67;Iconografia - Impressos - Ilustrações da obra | 376;;;;;;;;;;;;;;;;;;;;;;;;;;;;;;;;;;;;479059;https://purl.pt/43670;https://bndigital.bnportugal.gov.pt//i/?IIIF=/ef/d0/a3/be/efd0a3be-0ffc-4f8d-8921-8ba3a027b197/iiif/cam-80-56-a_0000_000001.tif/full/!300,500/0/default.jpg;Periódico;Francês;;La Patrie;;;1.ª ed.;Paris : Impr. Willhem;1845;1845;;;;;E. Guyon, Director;;;CAM. 80//56 A.;CAM500;http://id.bnportugal.gov.pt/bib/catbnp/479059;Livre
7075;Recepção criativa - Tematização | 409;Vida - Ficção - Poesia | 16;;;;;;;;;;;;;;;;;;;;;;;;;;;;;;;;;;;;798906;https://purl.pt/43401;https://bndigital.bnportugal.gov.pt//i/?IIIF=/98/15/ee/c8/9815eec8-2169-46df-83b6-d2f9318b7462/iiif/cam-1015-p_0003.tif/full/!300,500/0/default.jpg;Livro impresso;Português;;Parodia ao primeiro canto dos Lusiadas de Camões;;;1.ª ed.;Porto : s.n.;1845;1845;VIII, 37 p.;;;Manuel de Moura, 1864-1934, Autor;;;;CAM. 1015 P.;CAM500;http://id.bnportugal.gov.pt/bib/catbnp/798906;Livre
7076;Recepção criativa - Tematização | 409;Celebrações - 1880 - Recepção criativa - Tematização | 474;;;;;;;;;;;;;;;;;;;;;;;;;;;;;;;;;;;;1306834;https://purl.pt/6233;https://bndigital.bnportugal.gov.pt//i/?IIIF=/ee/8d/cb/29/ee8dcb29-ec79-470f-96f6-347bcbfbd615/iiif/e-2273-v_0000_000001.tif/full/!300,500/0/default.jpg;Iconografia;Francês;;Grotte du Camoens dans le jardin de M. Perira, a Macao Chine;;;1.ª ed.;S.l. : s.n.;1845;1845;1 gravura;Louis-Philippe-Alphonse Bichebois, 1801-1850;;Alphonse Jean Baptiste Bayot, 1810-?, Autor;Edmond La Touanne, ca 1830, Antecedente bibliográfico;;;PURL 6233/0;OChina;http://id.bnportugal.gov.pt/bib/catbnp/1306834;Livre
7077;Recepção criativa - Paródia | 407;Celebrações - 1880 - Recepção criativa - Paródia | 473;;;;;;;;;;;;;;;;;;;;;;;;;;;;;;;;;;;;473496;https://purl.pt/44475;https://bndigital.bnportugal.gov.pt//i/?IIIF=/bd/bb/df/e7/bdbbdfe7-3fb3-49da-b4f0-960a655ea022/iiif/cam-399-3-p_0001.tif/full/!300,500/0/default.jpg;Livro impresso;Português;;Notas biográficas e bibliográficas e relação das obras de Luís de Camões;;;1.ª ed.;"98 f. ;,";1845;1845;18--;Tomás Norton, 1804-1860;;;;;;CAM. 399//3 P.;CAM500;http://id.bnportugal.gov.pt/bib/catbnp/473496;Livre
7078;Recepção criativa - Centão [Cintra] | 408;Celebrações - 1880 - Recepção criativa - Centão | 475;Recepção criativa - Tematização | 409;Celebrações - 1880 - Recepção criativa - Tematização | 474;Obra - Impressos - Composições soltas e fragmentos - Épica - Estrofes | 66;Obra - Impressos - Composições soltas e fragmentos - Lírica - Soneto | 79;;;;;;;;;;;;;;;;;;;;;;;;;;;;;;;;367193;https://purl.pt/44527;https://bndigital.bnportugal.gov.pt//i/?IIIF=/2a/41/ed/bc/2a41edbc-d7af-46ba-9136-b3d92fa2ce19/iiif/cam-407-1-p_0002.tif/full/!300,500/0/default.jpg;Livro impresso;Português;;Parodia ao primeiro canto dos Lusiadas de Camões;;;1.ª ed.;Porto : Typ. da E. Formosa;1845;1845;XIII, 1 f., 37 p.;;;"Manuel do Vale de Moura, ca 1564-1650, Autor ; Bartolomeu Varela, fl. 1589, Autor ; Manuel Luis Freire, fl. 1589, Autor";Tomás Norton, 1804-1860, Antigo possuidor;;;F.R. 745;CAM500;http://id.bnportugal.gov.pt/bib/catbnp/367193;Livre
7079;Obra - Impressos - Recolha epigráfica | 96;Iconografia - Impressos - Retrato de Camões | 372;;;;;;;;;;;;;;;;;;;;;;;;;;;;;;;;;;;;1363233;https://purl.pt/23379;https://bndigital.bnportugal.gov.pt//i/?IIIF=/ad/12/0e/db/ad120edb-2902-4cd1-b481-a7eb8f0d90b2/iiif/1363233_0000_rosto-b_t24-C-R0150_000001.tif/full/!300,500/0/default.jpg;Livro impresso;Inglês;;Reply of Camoens;;;1.ª ed.;Newcastle-Upon-Tyne : imprinted by M. A. Richardson;1845;1845;6 p.;John Adamson, 1787-1851;;;António Alberto Marinho Duarte de Sousa, 1896-1950, Antigo possuidor;;;D.S. XIX - 620//3;PCulture;http://id.bnportugal.gov.pt/bib/catbnp/1363233;Livre
7080;Recepção - Citação | 410;;;;;;;;;;;;;;;;;;;;;;;;;;;;;;;;;;;;;851954;https://purl.pt/44674;https://bndigital.bnportugal.gov.pt//i/?IIIF=/31/d3/c9/7d/31d3c97d-53a8-4562-9afe-85d7e1004589/iiif/cam-599-v_0001.tif/full/!300,500/0/default.jpg;Livro impresso;Francês;;Camoëns;drame en cinq actes et en prose;;1.ª ed.;Paris : Beck Editeur;1845;1845;34 p.;Victor Perrot;;Armand Du Mesnil, Autor;;;;F. 2484;CAM500;http://id.bnportugal.gov.pt/bib/catbnp/851954;Livre
7081;Bibliografia crítica - Estudo | 418;Obra - Impressos - Paratextos - Obras (avulsas) - Outros | 119;Iconografia - Impressos - Figuras históricas | 390;;;;;;;;;;;;;;;;;;;;;;;;;;;;;;;;;;;1075528;https://purl.pt/28591;https://bndigital.bnportugal.gov.pt//i/?IIIF=/80/5f/be/0d/805fbe0d-bc74-4e52-bf90-fdcff748a262/iiif/cam-1415-p_0000_capa-capa_t24-C-R0150_000007.tif/full/!300,500/0/default.jpg;Livro impresso;Português;;Luiz de Camões;Drama em cinco actos;;5 ed.;Rio de Janeiro : Eduardo & Henrique Laemmert;1845;1845;125, 3 p.;Luís António Burgain, 1812-?;;;;;;CAM. 1415 P.;;http://id.bnportugal.gov.pt/bib/catbnp/1075528;Livre
7082;Obra - Impressos - Obras (avulsas) - Épica | 23;Obra - Impressos - Paratextos - Obras (avulsas) - Épica | 103;Comentários - Impressos - Épica | 334;;;;;;;;;;;;;;;;;;;;;;;;;;;;;;;;;;;262234;https://purl.pt/44670;https://bndigital.bnportugal.gov.pt//i/?IIIF=/db/a2/56/b0/dba256b0-f4ac-4c7e-8bbb-d9cb2d046ca3/iiif/cam-579-v_0001.tif/full/!300,500/0/default.jpg;Livro impresso;Inglês;;A translation of the episode of Inez de Castro from the Lusiad of the Camoes;;;1.ª ed.;Porto : Typographia da Revista;1844;1844;17 p.;Luís de Camões, 1524-1580;;;" Harris, Tradutor ; Tomás Norton, 1804-1860, Antigo possuidor";;;CAM. 294//3 P.;CAM500;http://id.bnportugal.gov.pt/bib/catbnp/262234;Livre
7083;Obra - Impressos - Antologias - Épica - Cantos | 90;;;;;;;;;;;;;;;;;;;;;;;;;;;;;;;;;;;;;784562;https://purl.pt/44803;https://bndigital.bnportugal.gov.pt//i/?IIIF=/fd/ab/a2/20/fdaba220-f8a3-4a2a-9fa3-2db444ceefba/iiif/cam-724-p_0009.tif/full/!300,500/0/default.jpg;Livro impresso;Francês;Português;Lusiades;;;1.ª ed.;Paris : G. A. Dentu;1844;1844;XXIV, 298, 4 p.;Luís de Camões, 1524-1580;;;Charles Aubert-Hix, ca 1844, Tradutor;;;CAM. 724 P.;CAM500;http://id.bnportugal.gov.pt/bib/catbnp/784562;Livre
7084;Obra - Impressos - Obras (avulsas) - Épica | 23;Obra - Impressos - Paratextos - Obras (avulsas) - Épica | 103;Comentários - Impressos - Épica | 334;Recepção criativa - Tematização | 409;Bibliografias e catálogos - Bibliografia | 550;Obra - Impressos - Paratextos - Obras (avulsas) - Épica - Vida | 104;;;;;;;;;;;;;;;;;;;;;;;;;;;;;;;;798867;https://purl.pt/44937;https://bndigital.bnportugal.gov.pt//i/?IIIF=/16/5c/6b/ce/165c6bce-3f0d-4173-907c-f0f521c708f8/iiif/cam-981-p_0005.tif/full/!300,500/0/default.jpg;Livro impresso;Francês;Português;Les Lusiades ou les Portugais;poeme en dix chants;;1.ª ed.;Paris : Charpentier;1844;1844;LIX, 363 p., 1 f.;Luís de Camões, 1524-1580;;;"Jean Baptiste Joseph Millié, 1772-1826, Tradutor ; Louis Dubeux, Revisor ; Charles Magnin, 1793-1862, Autor da introdução, etc.";;;CAM. 981 P.;CAM500;http://id.bnportugal.gov.pt/bib/catbnp/798867;Livre
7085;Tradução - Impressos - Obras individuais - Épica | 151;Tradução - Impressos - Obras individuais - Épica - Paratextos gerais | 152;Tradução - Impressos - Obras individuais - Épica - Paratextos argumentos | 154;Iconografia - Impressos - Retrato de Camões | 372;Iconografia - Impressos - Figuras históricas | 390;;;;;;;;;;;;;;;;;;;;;;;;;;;;;;;;;251946;https://purl.pt/44789;https://bndigital.bnportugal.gov.pt//i/?IIIF=/56/06/23/21/56062321-fb56-4432-8dbe-1c31081c956b/iiif/cam-715-p_0005.tif/full/!300,500/0/default.jpg;Livro impresso;Português;;Camões;;;3 a. ed.;Lisboa : Imprensa Nacional;1844;1844;XVII, 1, 291 p.;Almeida Garrett, 1799-1854;;;;;;CAM. 715 P.;CAM500;http://id.bnportugal.gov.pt/bib/catbnp/251946;Livre
7086;Obra - Impressos - Obras (avulsas) - Épica | 23;Obra - Impressos - Paratextos - Obras (avulsas) - Épica | 103;Obra - Impressos - Paratextos - Obras (avulsas) - Épica - Vida | 104;Obra - Impressos - Paratextos - Obras (avulsas) - Épica - Argumentos | 105;Iconografia - Impressos - Retrato de Camões | 372;;;;;;;;;;;;;;;;;;;;;;;;;;;;;;;;;335427;https://purl.pt/42946;https://bndigital.bnportugal.gov.pt//i/?IIIF=/78/01/70/5b/7801705b-bf5d-460d-88be-d5399b7dcbaa/iiif/cam-1245-v_0000_000013.tif/full/!300,500/0/default.jpg;Livro impresso;Português;;Obras completas de Luís de Camões;;;1.ª ed.;Lisboa : s.n.;1843;1843;3 t.;Luís de Camões, 1524-1580;;;"José Vitorino Barreto Feio, 1782-1850, Editor literário ; José Gomes Monteiro, 1807-1879, Iluminista";;;CAM. 1245 V.;CAM500;http://id.bnportugal.gov.pt/bib/catbnp/335427;Livre
7087;Recepção criativa - Tematização | 409;Celebrações - 1880 - Recepção criativa - Tematização | 474;;;;;;;;;;;;;;;;;;;;;;;;;;;;;;;;;;;;455275;https://purl.pt/42943;https://bndigital.bnportugal.gov.pt//i/?IIIF=/5d/28/c9/4e/5d28c94e-b940-4e81-8f76-f7b1ef6f5a4b/iiif/cam-410-v_0000_000013.tif/full/!300,500/0/default.jpg;Livro impresso;Português;;Obras completas de Luis de Camões;;;1.ª ed.;Lisboa : s.n.;1843;1843;3 t.;Luís de Camões, 1524-1580;;;"José Vitorino Barreto Feio, 1782-1850, Compilador ; José Gomes Monteiro, 1807-1879, Compilador";;;CAM. 410 V.;CAM500;http://id.bnportugal.gov.pt/bib/catbnp/455275;Livre
7088;Bibliografias e catálogos - Catálogo | 551;;;;;;;;;;;;;;;;;;;;;;;;;;;;;;;;;;;;;798863;https://purl.pt/43430;https://bndigital.bnportugal.gov.pt//i/?IIIF=/e5/78/5c/ef/e5785cef-18ea-472c-884a-3e05b1032839/iiif/cam-977-p_0005.tif/full/!300,500/0/default.jpg;Livro impresso;Português;;Os Lusiadas;poema epico;;Nova ed. correcta;Pernambuco : Tip. de Santos & Comp.;1843;1843;391 p.;Luís de Camões, 1524-1580;;;;;;CAM. 977 P.;CAM500;http://id.bnportugal.gov.pt/bib/catbnp/798863;Livre
7089;Celebrações - 1880 - Periódicos | 471;Figuras Femininas - Autoras (produção escrita sobre Camões) | 552;Iconografia - Impressos - Retrato de Camões | 372;Iconografia - Impressos - Figuras históricas | 390;Bibliografias e catálogos - Bibliografia | 550;;;;;;;;;;;;;;;;;;;;;;;;;;;;;;;;;1381084;https://purl.pt/13740;https://bndigital.bnportugal.gov.pt//i/?IIIF=/33/3c/50/9e/333c509e-9a7c-4a79-ad74-a9e03d120e37/iiif/e-51-p_0000_000001.tif/full/!300,500/0/default.jpg;Iconografia;Português;;Exposição de 1843;esbocete modelado em barro pelo Sr. F. de Assis Rodrigues;;1.ª ed.;Lisboa : s.n.;1843;1843;1 gravura;António Manuel da Fonseca, 1796-1890;;Joaquim António Marques, 1821-1885, Artista;"C. Legrand, fl. 1839-1847, Litógrafo ; Francisco de Assis Rodrigues, 1801-1877, Antecedente bibliográfico";;Litografia de Manuel Luís da Costa, Impressor;PURL 13740/0;;http://id.bnportugal.gov.pt/bib/catbnp/1381084;Livre
7090;Obra - Impressos - Obras (avulsas) - Épica | 23;Obra - Impressos - Paratextos - Obras (avulsas) - Épica | 103;;;;;;;;;;;;;;;;;;;;;;;;;;;;;;;;;;;;333148;https://purl.pt/44964;https://bndigital.bnportugal.gov.pt//i/?IIIF=/c9/66/6c/c6/c9666cc6-6209-44f9-9136-e2cb611269e0/iiif/cam-1220-p_0007.tif/full/!300,500/0/default.jpg;Livro impresso;Português;;Os Lusiadas;;;Nova ed. correcta;Pernambuco : Typ. de Santos & Companhia;1843;1843;397 p.;Luís de Camões, 1524-1580;;;José Caetano Mazziotti Salema Garção, 1886-1961, Antigo possuidor;;;CAM. 1220 P.;CAM500;http://id.bnportugal.gov.pt/bib/catbnp/333148;Livre
7091;Tradução - Impressos - Obras individuais - Épica | 151;Tradução - Impressos - Obras individuais - Épica - Paratextos gerais | 152;;;;;;;;;;;;;;;;;;;;;;;;;;;;;;;;;;;;256336;https://purl.pt/44103;https://bndigital.bnportugal.gov.pt//i/?IIIF=/60/80/af/f7/6080aff7-d406-4b3c-8e31-5104a5eb7d46/iiif/cam-136-p_0005.tif/full/!300,500/0/default.jpg;Livro impresso;Português;;Os Lusiadas;;;Nova edição feita debaixo das vistas da mais accurada critica em presença das duas edições primordiaes e das posteriores de maior credito e reputação : seguida de annotações criticas, historicas e mythologicas;Lisboa : na Typographia Rollandiana;1843;1843;XXVI, 2, 367, 1, 1 br., 1 p.;Luís de Camões, 1524-1580;;;"Francisco Freire de Carvalho, 1779-1854, Editor literário ; Ferdinand Denis, 1798-1890, Personalidade a quem é dedicada a obra ; Tomás Norton, 1804-1860, Antigo possuidor";;Tipografia Rolandiana, Impressor;CAM. 135 P.;CAM500;http://id.bnportugal.gov.pt/bib/catbnp/256336;Livre
7092;Bibliografia crítica - Estudo | 418;Iconografia - Impressos - Retrato de Camões | 372;;;;;;;;;;;;;;;;;;;;;;;;;;;;;;;;;;;;1074123;https://purl.pt/45117;https://bndigital.bnportugal.gov.pt//i/?IIIF=/61/56/e8/6c/6156e86c-1229-4207-b8fd-cac13f412e1a/iiif/cam-1926-2-v_0005.tif/full/!300,500/0/default.jpg;Livro impresso;Alemão;;Camoens;dramatisches gedicht in einem aufzuge;;2ª ed;Wien : Carl Gerold;1843;1843;44 p.;Friedrich Halm, 1806-1871;;;;;;CAM. 1926//2 V.;CAM500;http://id.bnportugal.gov.pt/bib/catbnp/1074123;Livre
7093;Bibliografia crítica - Estudo | 418;Celebrações - 1880 - Textos críticos | 469;Recepção criativa - Tematização | 409;Celebrações - 1880 - Recepção criativa - Tematização | 474;;;;;;;;;;;;;;;;;;;;;;;;;;;;;;;;;;330255;https://purl.pt/44518;https://bndigital.bnportugal.gov.pt//i/?IIIF=/27/a5/f1/95/27a5f195-bf2d-42cf-9206-088d66ea8836/iiif/cam-401-p_0007.tif/full/!300,500/0/default.jpg;Livro impresso;Alemão;;Camoëns;trauerspiel in Sünt Akten;;1.ª ed.;München : s. n.;1843;1843;4, 155 p.;Herman Th. Schmid;;;;;;F. 5467;CAM500;http://id.bnportugal.gov.pt/bib/catbnp/330255;Livre
7094;Tradução - Impressos - Composições soltas e fragmentos - Épica | 229;Tradução - Impressos - Composições soltas e fragmentos - Épica - Paratextos gerais | 230;Recepção criativa - Tematização | 409;Figuras Femininas - Autoras (produção escrita sobre Camões) | 552;;;;;;;;;;;;;;;;;;;;;;;;;;;;;;;;;;473332;https://purl.pt/44530;https://bndigital.bnportugal.gov.pt//i/?IIIF=/63/03/96/8e/6303968e-620a-4b24-a3cd-a9d90f672113/iiif/cam-407-2-p_0001.tif/full/!300,500/0/default.jpg;Livro manuscrito;Português;;Festas bacchanaes;conversão do primeiro canto dos Lusiadas do grande Luís de Camões vertidos do humano em o de vinho por uns caprichosos auctores;;1.ª ed.;Quiraz,;1843;1843;30 f.;Manuel Luis Freire, fl. 1589;;"Manuel do Vale de Moura, ca 1564-1650, Autor ; Bartolomeu Varela, fl. 1589, Autor ; Luís Mendes de Vasconcelos, ca. 1542-1623, Autor ; Francisco Soares Toscano, fl. 1623, Autor";"Tomás Norton, 1804-1860, Antigo possuidor ; Luís de Camões, 1524-1580, Antecedente bibliográfico";;;F.R. 745;CAM500;http://id.bnportugal.gov.pt/bib/catbnp/473332;Livre
7095;Recepção criativa - Centão [Cintra] | 408;Celebrações - 1880 - Recepção criativa - Centão | 475;;;;;;;;;;;;;;;;;;;;;;;;;;;;;;;;;;;;473316;https://purl.pt/44515;https://bndigital.bnportugal.gov.pt//i/?IIIF=/a5/0b/c9/f3/a50bc9f3-3679-4be6-a56f-f65f714a409f/iiif/cam-407-3-p_0001.tif/full/!300,500/0/default.jpg;Livro manuscrito;Português;;Amphigori;poesia burlesca com anotações;;1.ª ed.;;1843;1843;5 f;;;;Tomás Norton, 1804-1860, Antigo possuidor;;;F.R. 745;CAM500;http://id.bnportugal.gov.pt/bib/catbnp/473316;Livre
7096;Bibliografia crítica - Estudo | 418;;;;;;;;;;;;;;;;;;;;;;;;;;;;;;;;;;;;;256323;https://purl.pt/44073;https://bndigital.bnportugal.gov.pt//i/?IIIF=/23/df/c4/f3/23dfc4f3-cb3b-47ba-b9b6-273bcfd856b3/iiif/cam-134-p_0005.tif/full/!300,500/0/default.jpg;Livro impresso;Português;;Os Lusiadas;;;Nova edição;Lisboa : na Typographia Rollandiana;1842;1842;397, 1 br. p.;Luís de Camões, 1524-1580;;;"João Franco Barreto, 1600-post. 1674, Editor literário ; Tomás Norton, 1804-1860, Antigo possuidor";;Tipografia Rolandiana, Impressor;CAM. 134 P.;CAM500;http://id.bnportugal.gov.pt/bib/catbnp/256323;Livre
7097;Bibliografia crítica - Estudo | 418;Figuras Femininas - Autoras (produção escrita sobre Camões) | 552;;;;;;;;;;;;;;;;;;;;;;;;;;;;;;;;;;;;1725327;https://purl.pt/43985;https://bndigital.bnportugal.gov.pt//i/?IIIF=/50/a8/ba/84/50a8ba84-490a-495e-8d3d-d157e59d9fa6/iiif/cam-2038-v_0001.tif/full/!300,500/0/default.jpg;Livro impresso;Italiano;;Luigi Camoens;dramma in quattro atti di Giacomo Riccio;;1.ª ed.;Napoli : Stabilimento Tipografico Seguin, strada Banchi Nuovi, 13;1842;1842;19, 1 br. p.;Giacomo Riccio, 18--;;;;;;CAM. 2038 V.;CAM500;http://id.bnportugal.gov.pt/bib/catbnp/1725327;Livre
7098;Recepção criativa - Paródia | 407;Celebrações - 1880 - Recepção criativa - Paródia | 473;Bibliografia crítica - Estudo | 418;Celebrações - 1880 - Textos críticos | 469;;;;;;;;;;;;;;;;;;;;;;;;;;;;;;;;;;258999;https://purl.pt/44341;https://bndigital.bnportugal.gov.pt//i/?IIIF=/a2/0f/16/89/a20f1689-096d-4622-b751-6e482e71520c/iiif/cam-225-p_0007.tif/full/!300,500/0/default.jpg;Livro impresso;Francês;;Les Lusiades;poéme;;1.ª ed.;A Paris : chez Ch. Gosselin : chez L. Hachette;1842;1842;VIII, 280 p.;Luís de Camões, 1524-1580;;;François Ragon, 1795-1872, Tradutor;;;CAM. 225 P.;CAM500;http://id.bnportugal.gov.pt/bib/catbnp/258999;Livre
7099;Bibliografia crítica - Estudo | 418;;;;;;;;;;;;;;;;;;;;;;;;;;;;;;;;;;;;;458670;https://purl.pt/44672;https://bndigital.bnportugal.gov.pt//i/?IIIF=/df/bb/d6/0e/dfbbd60e-dd87-4f43-9153-19959b7aa9b5/iiif/cam-566-p_0003.tif/full/!300,500/0/default.jpg;Livro impresso;Português;;Breves reflexões sobre a vida de Luiz de Camões escrita por M. Charles Magnin...;;;1.ª ed.;Lisboa : Tip. da Ac. Real das Ciencias;1842;1842;8 p.;Francisco Alexandre Lobo, 1763-1844;;;Charles Magnin, 1793-1862, Antecedente bibliográfico;;;CAM. 566 V.;CAM500;http://id.bnportugal.gov.pt/bib/catbnp/458670;Livre
7100;Recepção criativa - Centão [Cintra] | 408;Celebrações - 1880 - Recepção criativa - Centão | 475;Obra - Impressos - Obras (avulsas) - Lírica - Soneto | 35;;;;;;;;;;;;;;;;;;;;;;;;;;;;;;;;;;;256319;https://purl.pt/42840;https://bndigital.bnportugal.gov.pt//i/?IIIF=/8e/66/78/53/8e667853-d35b-4c5b-9796-91e215d0fbb6/iiif/cam-133-1-p_0000_000005.tif/full/!300,500/0/default.jpg;Livro impresso;Português;;Os Lusiadas;;;1.ª ed.;Rio de Janeiro : Eduardo e Henrique Laemmert, mercadores de livros;1841;1841;2 t. XXXVI, 219, 282 p., 12 estampas;Luís de Camões, 1524-1580;;;"José Vitorino Barreto Feio, 1782-1850, Editor literário ; José Gomes Monteiro, 1807-1879, Editor literário";;Laemmert, Editor comercial;CAM. 133//1 P.;CAM500;http://id.bnportugal.gov.pt/bib/catbnp/256319;Livre
7101;Bibliografia crítica - Estudo | 418;Obra - Impressos - Paratextos - Obras - Outros | 137;Bibliografias e catálogos - Bibliografia | 550;;;;;;;;;;;;;;;;;;;;;;;;;;;;;;;;;;;323222;https://purl.pt/43410;https://bndigital.bnportugal.gov.pt//i/?IIIF=/3f/ed/c6/80/3fedc680-abd8-497b-b1db-64f4c6aafa08/iiif/cam-350-2-p_0007.tif/full/!300,500/0/default.jpg;Livro impresso;Francês;;Camoens et ses contemporains;;;1.ª ed.;Paris : Librairie de Charles Gosselin;1841;1841;LXVII p.;Ferdinand Denis, 1798-1890;;;Tomás Norton, 1804-1860, Antigo possuidor;;;CAM. 350//2 P.;CAM500;http://id.bnportugal.gov.pt/bib/catbnp/323222;Livre
7102;Obra - Impressos - Composições soltas e fragmentos - Épica - Episódio | 67;Obra - Impressos - Paratextos - Obras (avulsas) - Épica | 103;Recepção criativa - Tematização | 409;Celebrações - 1880 - Recepção criativa - Tematização | 474;Iconografia - Impressos - Ilustrações da obra | 376;;;;;;;;;;;;;;;;;;;;;;;;;;;;;;;;;730341;https://purl.pt/12929;https://bndigital.bnportugal.gov.pt//i/?IIIF=/19/3c/83/f5/193c83f5-310f-455d-9964-8f3f8f904fbf/iiif/e-4001-p_0000_000001.tif/full/!300,500/0/default.jpg;Iconografia;Francês;;Camoens;;;1.ª ed.;Paris : Furne;1841;1841;1 gravura;François Adolphe Bruneau Audibran, 1810-?;;;;;;PURL 12929/0;;http://id.bnportugal.gov.pt/bib/catbnp/730341;Livre
7103;Iconografia - Impressos - Ilustrações da obra | 376;;;;;;;;;;;;;;;;;;;;;;;;;;;;;;;;;;;;;1381142;https://purl.pt/13738;https://bndigital.bnportugal.gov.pt//i/?IIIF=/71/67/71/ac/716771ac-0530-4a07-906d-9ce1a0962f09/iiif/e-52-p_0000_000001.tif/full/!300,500/0/default.jpg;Iconografia;Português;;Luiz de Camões;;;1.ª ed.;Lisboa : s.n.;1841;1841;1 gravura;C. Legrand, fl. 1839-1847;;;;;Litografia de Manuel Luís da Costa, Impressor;PURL 13738/0;;http://id.bnportugal.gov.pt/bib/catbnp/1381142;Livre
7104;Bibliografia crítica - Estudo | 418;Bibliografia crítica - Tradução | 413;;;;;;;;;;;;;;;;;;;;;;;;;;;;;;;;;;;"Português; Francês";1381247;https://purl.pt/13739;https://bndigital.bnportugal.gov.pt//i/?IIIF=/37/29/d6/48/3729d648-1fb0-42ea-86da-0b3cda4b47f6/iiif/e-53-p_0000_000001.tif/full/!300,500/0/default.jpg;Iconografia;Português;;Camões;para ser-vos braço as armas feito...;;1.ª ed.;Lisboa : s.n.;1841;1841;1 gravura;C. Legrand, fl. 1839-1847;;;;;Litografia de Manuel Luís da Costa, Impressor;PURL 13739/0;;http://id.bnportugal.gov.pt/bib/catbnp/1381247;Livre
7105;Tradução - Impressos - Composições soltas e fragmentos - Épica - Paratextos gerais | 230;Tradução - Impressos - Antologia - Lírica - Paratextos gerais | 209;Recepção criativa - Tematização | 409;;;;;;;;;;;;;;;;;;;;;;;;;;;;;;;;;;"Português; italiano";1075673;https://purl.pt/45033;https://bndigital.bnportugal.gov.pt//i/?IIIF=/46/20/19/85/46201985-99b0-4281-99c0-2dcdb7fc7c94/iiif/cam-1471-p_0007.tif/full/!300,500/0/default.jpg;Livro impresso;Alemão;Português;Ignez de Castro;trauerspiel in funf aufzugen;;1.ª ed.;Leipzig : F. U. Brodhaus;1841;1841;VIII, 160 p.;João Baptista Gomes Júnior, 17--1803;;;Alexander Wittich, 18--, Tradutor;;;CAM. 1471 P.;CAM500;http://id.bnportugal.gov.pt/bib/catbnp/1075673;Livre
7106;Bibliografia crítica - Estudo | 418;;;;;;;;;;;;;;;;;;;;;;;;;;;;;;;;;;;;;196544;https://purl.pt/45079;https://bndigital.bnportugal.gov.pt//i/?IIIF=/b4/90/10/05/b4901005-772c-4e0d-a66d-64bde29cb204/iiif/cam-1705-v_0001.tif/full/!300,500/0/default.jpg;Livro impresso;Italiano;;Elogio storico di Luigi Camoens;;;1.ª ed.;Bologna : Co` Tipi delle Muse;1841;1841;18 p.;Filippo Mordani, 1797-1886;;;;;;CAM. 1705 V.;CAM500;http://id.bnportugal.gov.pt/bib/catbnp/196544;Livre
7107;Bibliografia crítica - Edições | 411;;;;;;;;;;;;;;;;;;;;;;;;;;;;;;;;;;;;;252594;https://purl.pt/44324;https://bndigital.bnportugal.gov.pt//i/?IIIF=/95/bc/ec/57/95bcec57-6676-4bed-9b57-6d0824fa3a4c/iiif/cam-216-a_0005.tif/full/!300,500/0/default.jpg;Periódico;Português;;A voz do povo;;;1.ª ed.;Porto : J.A. de Almeida;1841;1841;;;;;"Francisco José Cardoso, 1838-19--, Editor comercial ; João Arnaldo de Almeida, ca 18--, Editor literário";;;CAM. 216 A.;CAM500;http://id.bnportugal.gov.pt/bib/catbnp/252594;Livre
7108;Recepção criativa - Tematização | 409;;;;;;;;;;;;;;;;;;;;;;;;;;;;;;;;;;;;"Francês; Português [paratextos]";259248;https://purl.pt/44339;https://bndigital.bnportugal.gov.pt//i/?IIIF=/69/fe/9d/02/69fe9d02-19c6-4ee9-9093-11266d5a5fd8/iiif/cam-223-p_0007.tif/full/!300,500/0/default.jpg;Livro impresso;Francês;;Les Lusiades;;;1.ª ed.;Paris : Libraire de Charles Gosselin;1841;1841;4, LXVII, 1, 375, 1 p.;Luís de Camões, 1524-1580;;;Ferdinand Denis, 1798-1890, Autor da introdução, etc.;;;CAM. 223 P.;CAM500;http://id.bnportugal.gov.pt/bib/catbnp/259248;Livre
7109;Iconografia - Impressos - Retrato de Camões | 372;;;;;;;;;;;;;;;;;;;;;;;;;;;;;;;;;;;;;259166;https://purl.pt/44343;https://bndigital.bnportugal.gov.pt//i/?IIIF=/a5/eb/85/b2/a5eb85b2-543d-47e6-9040-80893f688ed0/iiif/cam-224-p_0007.tif/full/!300,500/0/default.jpg;Livro impresso;Francês;;Les Lusiades ou les portugais;poeme en dix chants;;1.ª ed.;Paris : Charpentier;1841;1841;4, LIX, 1, 363, 1 p.;Luís de Camões, 1524-1580;;;"Jean Baptiste Joseph Millié, 1772-1826, Tradutor ; Charles Magnin, 1793-1862, Autor da introdução, etc.";;;CAM. 224 P.;CAM500;http://id.bnportugal.gov.pt/bib/catbnp/259166;Livre
7110;Tradução - Impressos - Composições soltas e fragmentos - Lírica - Paratextos gerais | 235;Celebrações - 1880 - Traduções | 476;Bibliografia crítica - Estudo | 418;;;;;;;;;;;;;;;;;;;;;;;;;;;;;;;;;;"Português; Latim";257291;https://purl.pt/39866;https://bndigital.bnportugal.gov.pt//i/?IIIF=/61/2a/0b/40/612a0b40-87ef-4784-b03e-6e0cb2c55d59/iiif/cam-1201-v_0000_000001.tif/full/!300,500/0/default.jpg;Livro impresso;Português;;Apologia de Camões contra as reflexões críticas do P. José Agostinho de Macedo sobre o episódio de Adamastor no canto V. dos Lusiadas;;;1.ª ed.;Lisboa : na Typographia do Largo do Contador Mór, n. 1;1840;1840;87, 1 br. p.; Saraiva, 1766-1845;;;;;;H.G. 6715//5 V.;;http://id.bnportugal.gov.pt/bib/catbnp/257291;Livre
7111;Tradução - Impressos - Obras individuais - Épica - Paratextos gerais | 152;Tradução - Impressos - Obras individuais - Épica - Paratextos vida | 153;;;;;;;;;;;;;;;;;;;;;;;;;;;;;;;;;;;;626703;https://purl.pt/12562;https://bndigital.bnportugal.gov.pt//i/?IIIF=/29/a3/8d/74/29a38d74-bbec-4aff-8570-4e947e87c7d8/iiif/e-4002-p_0000_000001.tif/full/!300,500/0/default.jpg;Iconografia;Alemão;;Camoëns im Gefangnisse zu Goa;;;1.ª ed.;S.l. : s.n.;1840;1840;1 gravura;Andrew Duncan, 1795-?;;;Charles Florent Léon Moreaux, 1815-?, Antecedente bibliográfico;;;PURL 12562/0;;http://id.bnportugal.gov.pt/bib/catbnp/626703;Livre
7112;Iconografia - Impressos - Retrato de Camões | 372;;;;;;;;;;;;;;;;;;;;;;;;;;;;;;;;;;;;;804707;https://purl.pt/43403;https://bndigital.bnportugal.gov.pt//i/?IIIF=/0f/1a/3d/1d/0f1a3d1d-6792-4f88-be5e-3270be2187fd/iiif/cam-15-v_0011.tif/full/!300,500/0/default.jpg;Livro impresso;Português;;Os Lusiadas;poema epico restituido à sua primitiva linguagem, auctorisada com exemplos extrahidos dos escriptores contemporaneos a Camões, augmentado com a vida deste poeta, uma noticia ácerca de Vasco da Gama, as estancias e lições achadas;;1.ª ed.;Paris : na Livr. Europea de Baudry;1840;1840;XXXIV, 585, 1 p.;Luís de Camões, 1524-1580;;;"Manuel de Faria e Sousa, 1590-1649, Autor da introdução, etc. ; José da Fonseca, 1788-1866, Autor da introdução, etc.";;;CAM. 15 V.;CAM500;http://id.bnportugal.gov.pt/bib/catbnp/804707;Livre
7113;Iconografia - Impressos - Imagens de Camões | 373;;;;;;;;;;;;;;;;;;;;;;;;;;;;;;;;;;;;;950676;https://purl.pt/12259;https://bndigital.bnportugal.gov.pt//i/?IIIF=/9d/67/63/2e/9d67632e-2781-47f3-ae3e-a11fa91a1de0/iiif/e-1059-a_0000_000001.tif/full/!300,500/0/default.jpg;Iconografia;Francês;;Derniers moments de Camoëns;;;1.ª ed.;Paris : s.n.;1840;1840;1 gravura;Lustrel Dulong, 18--;;;Jean-Louis Dulong, 1800-1868, Antecedente bibliográfico;;;PURL 12259/0;;http://id.bnportugal.gov.pt/bib/catbnp/950676;Livre
7114;Bibliografias e catálogos - Catálogo | 551;Celebrações - 1880 - Catálogos | 480;;;;;;;;;;;;;;;;;;;;;;;;;;;;;;;;;;;;1076409;https://purl.pt/45032;https://bndigital.bnportugal.gov.pt//i/?IIIF=/a3/4a/19/fc/a34a19fc-a1c5-4246-8d03-58b5cc0801ac/iiif/cam-1454-p_0009.tif/full/!300,500/0/default.jpg;Livro impresso;Alemão;;Camoens im exil;dramatisches gedicht in einem akt;;1.ª ed.;Wien : Verlag und Drud von Anton Mausberger;1839;1839;XIV, 40, 6 p.;Uffo Horn, ca. 1839;;;;;;CAM. 1454 P.;CAM500;http://id.bnportugal.gov.pt/bib/catbnp/1076409;Livre
7115;Bibliografia crítica - Estudo | 418;;;;;;;;;;;;;;;;;;;;;;;;;;;;;;;;;;;;;259953;https://purl.pt/23662;https://bndigital.bnportugal.gov.pt//i/?IIIF=/e7/bf/b9/29/e7bfb929-253c-4002-a8b2-e0cfe62e0b04/iiif/cam-278-p_0000_capa-capa_t24-C-R0150_000007.tif/full/!300,500/0/default.jpg;Livro impresso;Sueco;Português;Lusiaderne;hjeltedikt;;1.ª ed.;Stockholm : Tryckt Hos L. J. Hjerta;1839;1839;6, 224, XVI p.;Luís de Camões, 1524-1580;;;Nils Lovén, 1796-1858, Tradutor;;;CAM. 278 P.;;http://id.bnportugal.gov.pt/bib/catbnp/259953;Livre
7116;Recepção criativa - Tematização | 409;Celebrações - 1880 - Recepção criativa - Tematização | 474;;;;;;;;;;;;;;;;;;;;;;;;;;;;;;;;;;;;331063;https://purl.pt/44798;https://bndigital.bnportugal.gov.pt//i/?IIIF=/eb/f9/54/5e/ebf9545e-85f2-4d1a-852a-5eeae35873cd/iiif/cam-717-p_0009.tif/full/!300,500/0/default.jpg;Livro impresso;Português;;Camões;;;2ª ed;Lisboa : Typ. de José Baptista Morando;1839;1839;XI, 3, 307 p.;Almeida Garrett, 1799-1854;;;;;;L. 15465 P.;CAM500;http://id.bnportugal.gov.pt/bib/catbnp/331063;Livre
7117;Tradução - Impressos - Obras individuais - Épica | 151;Tradução - Impressos - Obras individuais - Épica - Paratextos gerais | 152;Tradução - Impressos - Obras individuais - Épica - Paratextos vida | 153;Tradução - Impressos - Obras individuais - Épica - Paratextos notas | 155;;;;;;;;;;;;;;;;;;;;;;;;;;;;;;;;;;455649;https://purl.pt/43804;https://bndigital.bnportugal.gov.pt//i/?IIIF=/79/78/fa/25/7978fa25-9bc9-4141-a93d-9db173ee01d5/iiif/cam-436-v_0000_000001.tif/full/!300,500/0/default.jpg;Livro impresso;Sueco;Português;Lusiaderne;hjeltedikt;;1.ª ed.;Upsala : Leffler & Sebeli;1838;1838;22 p.;Luís de Camões, 1524-1580;;;Carl Julius Lénström, Tradutor;;;CAM. 436 V.;CAM500;http://id.bnportugal.gov.pt/bib/catbnp/455649;Livre
7118;Obra - Impressos - Antologias - Lírica | 91;;;;;;;;;;;;;;;;;;;;;;;;;;;;;;;;;;;;;1074122;https://purl.pt/45116;https://bndigital.bnportugal.gov.pt//i/?IIIF=/6a/f6/30/a7/6af630a7-aa6e-4952-a65d-0c9508e337de/iiif/cam-1926-1-v_0005.tif/full/!300,500/0/default.jpg;Livro impresso;Alemão;;Camoens;dramatisches gedicht in einem aufzuge;;1.ª ed.;Wien : Carl Gerold;1838;1838;44 p.;Friedrich Halm, 1806-1871;;;;;;CAM. 1926//1 V.;CAM500;http://id.bnportugal.gov.pt/bib/catbnp/1074122;Livre
7119;Vida - Biografia | 13;;;;;;;;;;;;;;;;;;;;;;;;;;;;;;;;;;;;;865343;https://purl.pt/26342;https://bndigital.bnportugal.gov.pt//i/?IIIF=/a9/13/f4/84/a913f484-f6ef-4445-97a5-6bf780f454f6/iiif/865343_1839-05-N11_0001_1_t24-C-R0150.tif/full/!300,500/0/default.jpg;Periódico;Português;;O Biographo;jornal da historia abreviada dos homens celebres;;1.ª ed.;Lisboa : Typ. de A. J. da Costa;1838;1838;;;;;;;;J. 31 B.;;http://id.bnportugal.gov.pt/bib/catbnp/865343;Livre
7120;Bibliografia crítica - Estudo | 418;Celebrações - 1880 - Textos críticos | 469;;;;;;;;;;;;;;;;;;;;;;;;;;;;;;;;;;;;256299;https://purl.pt/42841;https://bndigital.bnportugal.gov.pt//i/?IIIF=/53/f7/db/1e/53f7db1e-a9e4-45ba-b531-e2f68be6a7d3/iiif/cam-131-1-p_0000_000004.tif/full/!300,500/0/default.jpg;Livro impresso;Português;;Lusiadas de Luis de Camoens;com 10 estampas, e o retrato do poeta;;1.ª ed.;Lisboa : Typographia de Eugenio Augusto Rua da Cruz de Páo n 12 : vende-se na loja de Borel, Borel e C.a aos Martyres n 14;1836;1836;2 t.;Luís de Camões, 1524-1580;;;"Manuel Pedro de Lacerda, 17---18--, Editor literário ; João Franco Barreto, 1600-post. 1674, Editor literário ; Inácio Garcês Ferreira, 1680-?, Editor literário ; Manuel de Faria e Sousa, 1590-1649, Editor literário ; José Tomás Pires, Nome associado ; Eugénio Augusto, fl. 182--183-, Impressor";;"Tipografia Lacerdina, Impressor ; Borel, Borel, Livreiro";CAM. 541 P.;CAM500;http://id.bnportugal.gov.pt/bib/catbnp/256299;Livre
7121;Obra - Impressos - Obras (avulsas) - Lírica - Soneto | 35;Tradução - Impressos - Composições soltas e fragmentos - Lírica | 234;Bibliografia crítica - Estudo | 418;;;;;;;;;;;;;;;;;;;;;;;;;;;;;;;;;;;784907;https://purl.pt/43424;https://bndigital.bnportugal.gov.pt//i/?IIIF=/b1/0e/f2/ad/b10ef2ad-b90f-419d-ac6d-791303f80865/iiif/cam-738-p_0018.tif/full/!300,500/0/default.jpg;Livro impresso;Português;;Lusiadas de Luis de Camões a que se ajuntam a vida do Poeta, hum argumento historico dos Lusiadas... com 10 estampas;;;1.ª ed.;Lisboa : Tip. de Eugénio Augusti;1836;1836;;Luís de Camões, 1524-1580;;;;;;CAM. 738 P.;CAM500;http://id.bnportugal.gov.pt/bib/catbnp/784907;Livre
7122;Obra - Impressos - Obras (avulsas) - Épica | 23;Obra - Impressos - Paratextos - Obras (avulsas) - Épica - Argumentos | 105;Obra - Impressos - Paratextos - Obras (avulsas) - Épica - Notas | 106;Iconografia - Impressos - Retrato de Camões | 372;Iconografia - Impressos - Ilustrações da obra | 376;;;;;;;;;;;;;;;;;;;;;;;;;;;;;;;;;804699;https://purl.pt/43740;https://bndigital.bnportugal.gov.pt//i/?IIIF=/87/08/33/6f/8708336f-2ba1-45b9-9146-62e6c659793f/iiif/cam-14-v_0005.tif/full/!300,500/0/default.jpg;Livro impresso;Português;;Os Lusiadas;poema epico;;Nova ed. correcta e dada à luz conforme a de 1817 in 4º;Paris : Livr. Portugueza de J. P. Aillaud;1836;1836;VI, 2, CX, 420 p.;Luís de Camões, 1524-1580;;;Morgado de Mateus, 1758-1825, Editor literário;;;CAM. 14 V.;CAM500;http://id.bnportugal.gov.pt/bib/catbnp/804699;Livre
7123;Iconografia - Impressos - Ilustrações da obra | 376;;;;;;;;;;;;;;;;;;;;;;;;;;;;;;;;;;;;;256303;https://purl.pt/44075;https://bndigital.bnportugal.gov.pt//i/?IIIF=/ec/0a/9a/cb/ec0a9acb-6c53-47c8-9a00-02041b69c5b7/iiif/cam-132-p_0005.tif/full/!300,500/0/default.jpg;Livro impresso;Português;;Os Lusiadas;;;Nova edição conforme à de Paris, de 1817, in-4º;Lisboa : na Typographia Rollandiana;1836;1836;397, 1 br. p.;Luís de Camões, 1524-1580;;;"João Franco Barreto, 1600-post. 1674, Editor literário ; Tomás Norton, 1804-1860, Antigo possuidor";;Tipografia Rolandiana, Impressor;CAM. 132 P.;CAM500;http://id.bnportugal.gov.pt/bib/catbnp/256303;Livre
7124;Recepção criativa - Tematização | 409;Vida - Ficção - Poesia | 16;;;;;;;;;;;;;;;;;;;;;;;;;;;;;;;;;;;;811201;https://purl.pt/43919;https://bndigital.bnportugal.gov.pt//i/?IIIF=/ad/a9/8d/f0/ada98df0-18ee-48c3-abed-fd7547fd66e2/iiif/cam-111-v_0000_000007.tif/full/!300,500/0/default.jpg;Livro impresso;Inglês;;The tragedies of Harold, and Camoens;;;1.ª ed.;London : Parbury, Allen, & Co.;1835;1835;viii, 198, 2 p.;Henry St. George Tucker, 1771-1851;;;;;;CAM. 111 V.;CAM500;http://id.bnportugal.gov.pt/bib/catbnp/811201;Livre
7125;Obra - Impressos - Obras (avulsas) - Lírica - Soneto | 35;Obra - Impressos - Obras (avulsas) - Lírica - Canção | 25;Obra - Impressos - Paratextos - Obras (avulsas) - Lírica | 107;;;;;;;;;;;;;;;;;;;;;;;;;;;;;;;;;;;259976;https://purl.pt/44348;https://bndigital.bnportugal.gov.pt//i/?IIIF=/a4/b1/ee/3b/a4b1ee3b-3e37-495d-9f59-e9c55002d0c6/iiif/cam-280-p_0007.tif/full/!300,500/0/default.jpg;Livro impresso;Português;;O Adamastor;episodio extrahido do V Canto;;1.ª ed.;Lisboa : na Imp. de J. N. Esteves e Filho;1835;1835;17 p.;Luís de Camões, 1524-1580;;;;;;CAM. 280 P.;CAM500;http://id.bnportugal.gov.pt/bib/catbnp/259976;Livre
7126;Tradução - Impressos - Composições soltas e fragmentos - Épica | 229;Tradução - Impressos - Composições soltas e fragmentos - Épica - Paratextos gerais | 230;Iconografia - Impressos - Figuras históricas | 390;;;;;;;;;;;;;;;;;;;;;;;;;;;;;;;;;;;259978;https://purl.pt/44351;https://bndigital.bnportugal.gov.pt//i/?IIIF=/d8/74/71/09/d8747109-5846-4237-b1c2-184a8136febf/iiif/cam-281-p_0007.tif/full/!300,500/0/default.jpg;Livro impresso;Português;;A Ilha de venus;extrahido do nono Canto;;1.ª ed.;Lisboa : na Imp. de J. N. Esteves e Filho;1835;1835;42 p.;Luís de Camões, 1524-1580;;;;;;CAM. 281 P.;CAM500;http://id.bnportugal.gov.pt/bib/catbnp/259978;Livre
7127;Bibliografia crítica - Estudo | 418;Tradução - Impressos - Composições soltas e fragmentos - Épica | 229;Tradução - Impressos - Composições soltas e fragmentos - Épica - Paratextos gerais | 230;Tradução - Impressos - Composições soltas e fragmentos - Épica - Paratextos notas | 233;Iconografia - Impressos - Retrato de Camões | 372;;;;;;;;;;;;;;;;;;;;;;;;;;;;;;;;;331035;https://purl.pt/43837;https://bndigital.bnportugal.gov.pt//i/?IIIF=/95/16/e4/30/9516e430-ded9-4f08-abe6-573e8cb6441b/iiif/cam-1207-v_0000_000003.tif/full/!300,500/0/default.jpg;Livro impresso;Português;;Confrontação minuciosa dos dois poemas Lusiadas, e Oriente, ou defensa imparcial do grande Luiz de Camões contra as invectivas, e embustes do discurso preliminar do Oriente composto pelo padre José Agostinho de Macedo, em que se prova as suas falsas originalidades...;;;1.ª ed.;Lisboa : na Imprensa Nevesiana;1834;1834;56 p.;Raimundo Manuel da Silva Estrada, fl. 18--;;;;;;L. 1930//19 V.;CAM500;http://id.bnportugal.gov.pt/bib/catbnp/331035;Livre
7128;Obra - Impressos - Obras (avulsas) - Épica | 23;Obra - Impressos - Paratextos - Obras (avulsas) - Épica | 103;Obra - Impressos - Paratextos - Obras (avulsas) - Épica - Vida | 104;Obra - Impressos - Paratextos - Obras (avulsas) - Épica - Argumentos | 105;Iconografia - Impressos - Retrato de Camões | 372;Iconografia - Impressos - Outros | 393;;;;;;;;;;;;;;;;;;;;;;;;;;;;;;;;335758;https://purl.pt/42931;https://bndigital.bnportugal.gov.pt//i/?IIIF=/e5/c8/52/15/e5c85215-1ad9-4a76-9941-2161aade8d80/iiif/cam-310-v_0000_000011.tif/full/!300,500/0/default.jpg;Livro impresso;Português;;Obras completas de Luís de Camões;;;1.ª ed.;Hamburgo : Officina Typographica de Langhoff;1834;1834;3 t.;Luís de Camões, 1524-1580;;;"José Vitorino Barreto Feio, 1782-1850, Revisor ; Richard Garnett, 1835-1906, Antigo possuidor ; José Gomes Monteiro, 1807-1879, Revisor";;;J.S. 6273-1;CAM500;http://id.bnportugal.gov.pt/bib/catbnp/335758;Livre
7129;Recepção criativa - Tematização | 409;Celebrações - 1880 - Recepção criativa - Tematização | 474;Vida - Ficção - Poesia | 16;;;;;;;;;;;;;;;;;;;;;;;;;;;;;;;;;;;800872;https://purl.pt/44936;https://bndigital.bnportugal.gov.pt//i/?IIIF=/66/16/4a/24/66164a24-c067-4d90-ad41-d0945702ca6b/iiif/cam-1063-p_0005.tif/full/!300,500/0/default.jpg;Livro impresso;Português;Francês;A estante do côro;poema herói-cómico;;1.ª ed.;Lisboa : na Impr. Nacional;1834;1834;XI, 59, 1 p.;Nicolao Boileau Despréaux;;François Juste Marie Raynouard, 1761-1836;António José de Lima Leitão, 1787-1856, Tradutor;;;L. 2341 V.;CAM500;http://id.bnportugal.gov.pt/bib/catbnp/800872;Livre
7130;Bibliografia crítica - Estudo | 418;Bibliografia crítica - Polémica e discussão | 417;;;;;;;;;;;;;;;;;;;;;;;;;;;;;;;;;;;;257351;https://purl.pt/44393;https://bndigital.bnportugal.gov.pt//i/?IIIF=/ed/fd/41/71/edfd4171-6b1a-43fd-a36e-623c5ee5f9dd/iiif/cam-300-p_0005.tif/full/!300,500/0/default.jpg;Livro impresso;Português;;A voz da gratidão e o écco da verdade;versos centonicos extrahidos das obras de Luiz de Camões e intermediados com outros tantos versos do author da presente obra que ao... D. Pedro Duque de Bragança... O.D.C. hum subdito leal e amante da carta;;1.ª ed.;Lisboa : Imprensa Nevesiana;1834;1834;20 p.;;;;;;;L. 18845//2 P.;CAM500;http://id.bnportugal.gov.pt/bib/catbnp/257351;Livre
7131;Recepção criativa - Centão [Cintra] | 408;;;;;;;;;;;;;;;;;;;;;;;;;;;;;;;;;;;;;259610;https://purl.pt/23659;https://bndigital.bnportugal.gov.pt//i/?IIIF=/7a/e3/86/65/7ae38665-043f-4b6d-9b55-a9a91a992ef7/iiif/cam-257-p_0000_capa-capa_t24-C-R0150_000007.tif/full/!300,500/0/default.jpg;Livro impresso;Alemão;Português;Die Lusiaden;;;1.ª ed.;Stuttgart : bei Christian Wilhelm Löflund;1833;1833;XVI, 416 p.;Luís de Camões, 1524-1580;;;Johann Jacob Christian Donner, 1799-1875, Tradutor;;;CAM. 257 P.;;http://id.bnportugal.gov.pt/bib/catbnp/259610;Livre
7132;Recepção criativa - Centão [Cintra] | 408;;;;;;;;;;;;;;;;;;;;;;;;;;;;;;;;;;;;;1380949;https://purl.pt/13721;https://bndigital.bnportugal.gov.pt//i/?IIIF=/e9/a5/d9/de/e9a5d9de-9cd0-45ad-8bc7-5bf81c2b6f5f/iiif/e-49-p_0000_000001.tif/full/!300,500/0/default.jpg;Iconografia;Francês;;Mort de Camoëns;;;1.ª ed.;S.l. : s.n.;1831;1831;1 gravura;Simon Guérin, 1812-1850;;;Louis Félix Leullier, 1811-1882, Antecedente bibliográfico;;Petit & Bertauts, Impressor;PURL 13721/0;;http://id.bnportugal.gov.pt/bib/catbnp/1380949;Livre
7133;Vida - Ficção - Poesia | 16;Recepção criativa - Tematização | 409;Recepção criativa - Centão [Cintra] | 408;;;;;;;;;;;;;;;;;;;;;;;;;;;;;;;;;;;455455;https://purl.pt/43766;https://bndigital.bnportugal.gov.pt//i/?IIIF=/3e/73/f8/00/3e73f800-2174-44c4-a695-2b736a41088d/iiif/cam-422-4-v_0000_000001.tif/full/!300,500/0/default.jpg;Livro impresso;"Francês ; Português";;La Marinière;Camoens;;1.ª ed.;S.l. : s.n.;1830;1830;p. 89-90; Tastu, 1795-1885;;;;;;CAM. 422//4 V.;CAM500;http://id.bnportugal.gov.pt/bib/catbnp/455455;Livre
7134;Bibliografia crítica - Estudo | 418;;;;;;;;;;;;;;;;;;;;;;;;;;;;;;;;;;;;;798862;https://purl.pt/42939;https://bndigital.bnportugal.gov.pt//i/?IIIF=/61/03/20/99/61032099-84da-47d8-82c3-3c874bac8242/iiif/cam-975-p_0000_000006.tif/full/!300,500/0/default.jpg;Livro impresso;Italiano;Português;I Lusiadi;;;Nuova ed. corretta ed accrescinta degli argomenti ad ogni canto;Génova : Tip. Agostino Pendola;1830;1830;2 v.;Luís de Camões, 1524-1580;;;Antonio Nervi, 1760-1836, Tradutor;;;CAM. 975 P.;CAM500;http://id.bnportugal.gov.pt/bib/catbnp/798862;Livre
7135;Bibliografias e catálogos - Catálogo | 551;;;;;;;;;;;;;;;;;;;;;;;;;;;;;;;;;;;;;329970;https://purl.pt/44485;https://bndigital.bnportugal.gov.pt//i/?IIIF=/c9/65/87/f4/c96587f4-be67-4033-a862-1257983f5d6f/iiif/cam-394-p_0007.tif/full/!300,500/0/default.jpg;Livro impresso;Português;;Camoens et Jozé Indio;;;1.ª ed.;S. l. : s. n.;1830;1830;93 p.;Ferdinand Denis, 1798-1890;;;;;;CAM. 394 P.;CAM500;http://id.bnportugal.gov.pt/bib/catbnp/329970;Livre
7136;Bibliografias e catálogos - Catálogo | 551;;;;;;;;;;;;;;;;;;;;;;;;;;;;;;;;;;;;;1951715;https://purl.pt/43981;https://bndigital.bnportugal.gov.pt//i/?IIIF=/02/c2/b2/f7/02c2b2f7-35e0-47f1-8687-16a440c04cdb/iiif/cam-2123-v_0006.tif/full/!300,500/0/default.jpg;Livro impresso;Francês;;Camoëns, drame historique en cinq actes;;;1.ª ed.;A Paris : chez Barba, Libraire, Palais-Royal : chez Bezou, boulevart Saint-Martin;1829;1829;6, 135, 1 br. p.; Martin-Deslandes, 18--;;;J. Pinto Ferreira, Antigo possuidor;;;CAM. 2123 V.;CAM500;http://id.bnportugal.gov.pt/bib/catbnp/1951715;Livre
7137;Vida - Biografia | 13;Celebrações - 1880 - Vida | 470;;;;;;;;;;;;;;;;;;;;;;;;;;;;;;;;;;; Italiano;465386;https://purl.pt/44735;https://bndigital.bnportugal.gov.pt//i/?IIIF=/c8/60/b0/85/c860b085-ffb6-45f7-a04e-eacc14309cfd/iiif/cam-654-v_0005.tif/full/!300,500/0/default.jpg;Livro impresso;Alemão;Português;Die Lusiade;;;1.ª ed.;Elhwangen : John Evang Schonbrod;1829;1829;6, 15-80 p.;Luís de Camões, 1524-1580;;;Johann Jacob Christian Donner, 1799-1875, Tradutor;;;CAM. 654 V.;CAM500;http://id.bnportugal.gov.pt/bib/catbnp/465386;Livre
7138;Bibliografia crítica - Estudo | 418;Vida - Biografia | 13;Celebrações - 1880 - Textos críticos | 469;;;;;;;;;;;;;;;;;;;;;;;;;;;;;;;;;;;788850;https://purl.pt/43407;https://bndigital.bnportugal.gov.pt//i/?IIIF=/58/b9/1c/10/58b91c10-5fe4-4502-a679-09d2d40f6c8c/iiif/cam-843-p_0009.tif/full/!300,500/0/default.jpg;Livro impresso;Francês;Português;Poésies;;;1.ª ed.;Bruxelles : Impr. de Vandoren Fréres;1828;1828;XLV, 229 p.;Luís de Camões, 1524-1580;;;" Strangford, 1780-1855, Tradutor ; B. Barère, Tradutor";;;CAM. 843 P.;CAM500;http://id.bnportugal.gov.pt/bib/catbnp/788850;Livre
7139;Bibliografia crítica - Estudo | 418;Vida - Biografia | 13;Celebrações - 1880 - Textos críticos | 469;;;;;;;;;;;;;;;;;;;;;;;;;;;;;;;;;;;798859;https://purl.pt/43396;https://bndigital.bnportugal.gov.pt//i/?IIIF=/9b/37/36/ae/9b3736ae-858e-40af-a91b-24ae83cfb06c/iiif/cam-970-p_0005.tif/full/!300,500/0/default.jpg;Livro impresso;Italiano;Português;I Lusiadi;;;Seconde ed. illustrata con note di D. B.;Napoli : Nuovo Gabinetto Litterario;1828;1828;351, 1 p.;Luís de Camões, 1524-1580;;;Antonio Nervi, 1760-1836, Tradutor;;;CAM. 970 P.;CAM500;http://id.bnportugal.gov.pt/bib/catbnp/798859;Livre
7140;Recepção criativa - Tematização | 409;Celebrações - 1880 - Recepção criativa - Tematização | 474;;;;;;;;;;;;;;;;;;;;;;;;;;;;;;;;;;;;1673940;https://purl.pt/42926;https://bndigital.bnportugal.gov.pt//i/?IIIF=/c7/07/cf/26/c707cf26-99b5-4abd-b450-0ddecca7e68d/iiif/cam-1523-p_0000_000009.tif/full/!300,500/0/default.jpg;Livro impresso;;;I Lusiadi di Luigi Camoens;;;1.ª ed.;Milano : per Nicolò Bettoni;1828;1828;2 vol. 145, 3 p. 173, 3 p.;Luís de Camões, 1524-1580;;;"Antonio Nervi, 1760-1836, Tradutor ;  Staël, 1766-1817, Autor da introdução, etc.";;;CAM. 1523 P.;CAM500;http://id.bnportugal.gov.pt/bib/catbnp/1673940;Livre
7141;Celebrações - 1880 - Actos públicos | 477;;;;;;;;;;;;;;;;;;;;;;;;;;;;;;;;;;;;;259605;https://purl.pt/44366;https://bndigital.bnportugal.gov.pt//i/?IIIF=/d5/2d/20/13/d52d2013-855a-4a5e-9ac9-5d9006a788d9/iiif/cam-256-p_0003.tif/full/!300,500/0/default.jpg;Livro impresso;Alemão;;Die Lusiade;;;1.ª ed.;Wien : Gedruckt und verlegt bey Thr. Fr.Schade;1828;1828;"2 t. em 1 vol.XXII, 174 ; 158 p.";Luís de Camões, 1524-1580;;;"Friedrich Adolph Kuhn, 1774-1844, Tradutor ; Theodor Hell, Tradutor";;;CAM. 256 P.;CAM500;http://id.bnportugal.gov.pt/bib/catbnp/259605;Livre
7142;Bibliografias e catálogos - Catálogo | 551;Celebrações - 1880 - Catálogos | 480;;;;;;;;;;;;;;;;;;;;;;;;;;;;;;;;;;;;259850;http://purl.pt/23661;https://bndigital.bnportugal.gov.pt//i/?IIIF=/08/c3/45/86/08c34586-bb57-43e2-84e5-11160c919b52/iiif/cam-272-p_0000_capa-capa_t24-C-R0150_000007.tif/full/!300,500/0/default.jpg;Livro impresso;Neerlandês;Português;Luis de Camoenss Lusiade;;;1.ª ed.;Kjjobenhavn : Trykt hos N. G. F. Cristensens Enke;1828;1828;"2 tomos em 1 vol. XX, 212 ; 2, 214 p.";Luís de Camões, 1524-1580;;;Henrik Vilhelm Lundbye, 1772-1830, Tradutor;;;CAM. 272 P.;;http://id.bnportugal.gov.pt/bib/catbnp/259850;Livre
7143;Recepção criativa - Tematização | 409;Celebrações - 1880 - Recepção criativa - Tematização | 474;Vida - Ficção - Poesia | 16;Celebrações - 1880 - Vida | 470;Iconografia - Impressos - Imagens de Camões | 373;;;;;;;;;;;;;;;;;;;;;;;;;;;;;;;;;252578;https://purl.pt/42938;https://bndigital.bnportugal.gov.pt//i/?IIIF=/9a/ab/71/8a/9aab718a-0cbf-4eec-acfa-ddd553a21a87/iiif/cam-973-p_0000_000005.tif/full/!300,500/0/default.jpg;Livro impresso;Francês;;Les amours de Camöes et de Catherine dAtaíde;;;1.ª ed.;A Paris : chez Trouvé : chez Ponthieu et Cieu;1827;1827;"2 t.  268; 272 p.";H. Gautier;;;;;;CAM. 329 P.;CAM500;http://id.bnportugal.gov.pt/bib/catbnp/252578;Livre
7144;Obra - Impressos - Composições soltas e fragmentos - Épica - Estrofes | 66;Obra - Impressos - Paratextos - Obras (avulsas) - Épica | 103;;;;;;;;;;;;;;;;;;;;;;;;;;;;;;;;;;;;256276;https://purl.pt/44065;https://bndigital.bnportugal.gov.pt//i/?IIIF=/83/32/d3/b4/8332d3b4-4478-406b-8987-cef71bd9119e/iiif/cam-127-p_0007.tif/full/!300,500/0/default.jpg;Livro impresso;Português;;Os Lusiadas;;;Nova edição mais correcta;Lisboa : na Impressão Regia : vende-se na Loja dos Pobres;1827;1827;377, 1 br. p.;Luís de Camões, 1524-1580;;;Tomás Norton, 1804-1860, Antigo possuidor;;Tipografia Régia, Impressor;CAM. 126 P.;CAM500;http://id.bnportugal.gov.pt/bib/catbnp/256276;Livre
7145;Tradução - Impressos - Composições soltas e fragmentos - Épica | 229;Tradução - Impressos - Composições soltas e fragmentos - Épica - Paratextos gerais | 230;Tradução - Impressos - Composições soltas e fragmentos - Épica - Paratextos notas | 233;;;;;;;;;;;;;;;;;;;;;;;;;;;;;;;;;;;256279;https://purl.pt/44074;https://bndigital.bnportugal.gov.pt//i/?IIIF=/ff/b2/16/63/ffb21663-a50b-4093-b82c-d4c0a4c190a7/iiif/cam-130-p_0005.tif/full/!300,500/0/default.jpg;Livro impresso;Português;;Os Lusiadas;;;Nova edição conforme á de Paris, de 1817, in-4º;Lisboa : na Typographia Rollandiana;1827;1827;397, 1 br. p.;Luís de Camões, 1524-1580;;;"João Franco Barreto, 1600-post. 1674, Editor literário ; Tomás Norton, 1804-1860, Antigo possuidor";;Tipografia Rolandiana, Impressor;CAM. 129 P.;CAM500;http://id.bnportugal.gov.pt/bib/catbnp/256279;Livre
7146;Bibliografia crítica - Estudo | 418;Celebrações - 1880 - Actos públicos | 477;;;;;;;;;;;;;;;;;;;;;;;;;;;;;;;;;;;;798887;https://purl.pt/44929;https://bndigital.bnportugal.gov.pt//i/?IIIF=/51/9b/ff/f0/519bfff0-afab-4305-aa4a-ae30dbc1e1c6/iiif/cam-996-p_0007.tif/full/!300,500/0/default.jpg;Livro impresso;Alemão;Português;Die Lusiade;;;1.ª ed.;Stuttgart : Bei Gebrüder Franck;1827;1827;56 p.;Luís de Camões, 1524-1580;;;;;;CAM. 996 P.;CAM500;http://id.bnportugal.gov.pt/bib/catbnp/798887;Livre
7147;Bibliografia crítica - Estudo | 418;Vida - Biografia | 13;;;;;;;;;;;;;;;;;;;;;;;;;;;;;;;;;;;Português [troca: língua original: Inglês];197157;https://purl.pt/43843;https://bndigital.bnportugal.gov.pt//i/?IIIF=/a1/b3/76/b9/a1b376b9-3058-4013-ae94-b2cc343f106e/iiif/cam-1625-v_0000_000003.tif/full/!300,500/0/default.jpg;Livro impresso;Francês;;Lettre a lAcadémie Royale des Sciences de Lisbonne sur le texte des Lusiades;;;1.ª ed.;A Paris : Chez Treutel et Würtz;1826;1826;77, 1 p.;J. B. Mablin, 1774-1834;;;;;;CAM. 1625 V.;CAM500;http://id.bnportugal.gov.pt/bib/catbnp/197157;Livre
7148;Tradução - Impressos - Obras individuais - Épica - Paratextos gerais | 152;Tradução - Impressos - Obras individuais - Épica - Paratextos vida | 153;Tradução - Impressos - Obras individuais - Épica - Paratextos argumentos | 154;Tradução - Impressos - Obras individuais - Épica - Paratextos notas | 155;;;;;;;;;;;;;;;;;;;;;;;;;;;;;;;;;;259488;https://purl.pt/43400;https://bndigital.bnportugal.gov.pt//i/?IIIF=/dd/89/b0/4b/dd89b04b-81c6-4e93-87dd-93410c147964/iiif/cam-235-p_0009.tif/full/!300,500/0/default.jpg;Livro impresso;Italiano;;I Lusiadi;;;1.ª ed.;Parigi : co'Tipi di Firmin Didot;1826;1826;4, 317, 2 p.;Luís de Camões, 1524-1580;;;A. Briccolani, Responsável pela montagem de filmes;;;CAM. 235 P.;CAM500;http://id.bnportugal.gov.pt/bib/catbnp/259488;Livre
7149;Tradução - Impressos - Composições soltas e fragmentos - Épica - Paratextos gerais | 230;Tradução - Impressos - Composições soltas e fragmentos - Épica - Paratextos notas | 233;;;;;;;;;;;;;;;;;;;;;;;;;;;;;;;;;;;;331411;https://purl.pt/44017;https://bndigital.bnportugal.gov.pt//i/?IIIF=/b5/3d/a6/9a/b53da69a-8593-421a-abd4-abbffeb7d24d/iiif/cam-606-v_0000_000007.tif/full/!300,500/0/default.jpg;Livro impresso;Inglês;Português;The Lusiad;an epic poem;;1.ª ed.;London : Jonh Murray, Albemarle Street;1826;1826;XXI, 3, 585, 1 p.;Luís de Camões, 1524-1580;;;"Thomas Moore Musgrave, Tradutor ; William Skelton, 1763-1848, Gravador ; J. Dickens, Antigo possuidor";;;CAM. 246 P.;CAM500;http://id.bnportugal.gov.pt/bib/catbnp/331411;Livre
7150;Celebrações - 1880 - Actos públicos | 477;Recepção criativa - Tematização | 409;Celebrações - 1880 - Recepção criativa - Tematização | 474;Celebrações - 1880 - Iconografia | 478;;;;;;;;;;;;;;;;;;;;;;;;;;;;;;;;;;259145;https://purl.pt/42924;https://bndigital.bnportugal.gov.pt//i/?IIIF=/32/6c/6d/3c/326c6d3c-cb9b-4ef6-a90c-739ee18f22dd/iiif/cam-219-p_0000_000009.tif/full/!300,500/0/default.jpg;Livro impresso;Francês;;Les Lusiades ou les portugais;;;1.ª ed.;Paris : Firmin Didot Pére et Fils;1825;1825;"2 v. 397, 2 ; 413 p.";Luís de Camões, 1524-1580;;;Jean Baptiste Joseph Millié, 1772-1826, Tradutor;;;CAM. 219 P.;CAM500;http://id.bnportugal.gov.pt/bib/catbnp/259145;Livre
7151;Bibliografia crítica - Estudo | 418;;;;;;;;;;;;;;;;;;;;;;;;;;;;;;;;;;;; Italiano;329709;https://purl.pt/45077;https://bndigital.bnportugal.gov.pt//i/?IIIF=/31/35/a7/24/3135a724-e157-44d5-b6d2-c648623bf9c8/iiif/cam-1880-v_0007.tif/full/!300,500/0/default.jpg;Livro impresso;"Francês ; Português";;Version portugaise de lode a Camoens;;;1.ª ed.;A Paris : de l'Imprimerie de H. Fournier;1825;1825;59 p.;François Juste Marie Raynouard, 1761-1836;;;"Joaquim José Ferreira Gordo, 1758-1838, Antigo possuidor ; Timóteo Lecussan Verdier, 1752-1831";;;TR. 5999//3 P.;CAM500;http://id.bnportugal.gov.pt/bib/catbnp/329709;Livre
7152;Recepção criativa - Centão [Cintra] | 408;Vida - Ficção - Poesia | 16;;;;;;;;;;;;;;;;;;;;;;;;;;;;;;;;;;;;329034;https://purl.pt/44458;https://bndigital.bnportugal.gov.pt//i/?IIIF=/1f/0a/99/12/1f0a9912-2071-4bd6-9276-3115cfb3dedd/iiif/cam-379-p_0007.tif/full/!300,500/0/default.jpg;Livro impresso;Português;Francês;Camões;;;1.ª ed.;Lisboa : na Impressão Regia;1825;1825;4, IV, 1 ,52, 1 p.;François Juste Marie Raynouard, 1761-1836;;;"Filinto Elísio, Tradutor ; Vicente Pedro Nolasco da Cunha, 1771-1844, Tradutor ; Timóteo Lecussan Verdier, 1752-1831, Tradutor ; Heliodoro Jacinto de Araújo Carneiro, 1776-1849, Comentador de texto escrito";;;CAM. 379 P.;CAM500;http://id.bnportugal.gov.pt/bib/catbnp/329034;Livre
7153;Celebrações - 1860 - Nótulas | 450;;;;;;;;;;;;;;;;;;;;;;;;;;;;;;;;;;;;;330401;https://purl.pt/16;https://bndigital.bnportugal.gov.pt//i/?IIIF=/28/9f/03/29/289f0329-1d1a-4dff-a4a5-5845ca17b1ec/iiif/cam-423-p_0000_1-236_t24-C-R0150_000005.tif/full/!300,500/0/default.jpg;Livro impresso;Português;;Camões;poema;;1ª ed.;Paris : Livraria Nacional Estrangeira;1825;1825;VII, 3, 216 p.;Almeida Garrett, 1799-1854;;;;;Ordem dos Frades Menores. Missionários Apostólicos. Convento de Santo António, Antigo possuidor;PURL 16/0;;http://id.bnportugal.gov.pt/bib/catbnp/330401;Livre
7154;Tradução - Impressos - Antologia - Lírica | 208;Tradução - Impressos - Antologia - Lírica - Paratextos gerais | 209;;;;;;;;;;;;;;;;;;;;;;;;;;;;;;;;;;;;181980;https://purl.pt/43417;https://bndigital.bnportugal.gov.pt//i/?IIIF=/12/88/c3/b0/1288c3b0-fd85-407f-927a-24cd41e46573/iiif/cam-1473-p_0005.tif/full/!300,500/0/default.jpg;Livro impresso;Português;;Morte de D. Ignez de Castro;cantata;;1.ª ed.;Lisboa : Typ. Rollandiana;1824;1824;24 p.; Bocage, 1765-1805;;Luís de Camões, 1524-1580, Autor;;;Tipografia Rolandiana, Impressor;L. 74127 P.;CAM500;http://id.bnportugal.gov.pt/bib/catbnp/181980;Livre
7155;Obra - Impressos - Recolha epigráfica | 96;Iconografia - Impressos - Retrato de Camões | 372;Celebrações - 1880 - Iconografia | 478;;;;;;;;;;;;;;;;;;;;;;;;;;;;;;;;;;;785080;https://purl.pt/43416;https://bndigital.bnportugal.gov.pt//i/?IIIF=/0a/a0/d6/98/0aa0d698-6da1-43e7-8004-b777778c806e/iiif/cam-753-p_0000_000011.tif/full/!300,500/0/default.jpg;Livro impresso;Inglês;Português;Poems from the portuguese;;;A new ed;London : Printed for James Carpenter and Son;1824;1824;157 p.;Luís de Camões, 1524-1580;;; Strangford, 1780-1855, Tradutor;;;CAM. 753 P.;CAM500;http://id.bnportugal.gov.pt/bib/catbnp/785080;Livre
7156;Vida - Ficção - Poesia | 16;Recepção criativa - Tematização | 409;;;;;;;;;;;;;;;;;;;;;;;;;;;;;;;;;;;;303899;https://purl.pt/44985;https://bndigital.bnportugal.gov.pt//i/?IIIF=/67/ad/41/96/67ad4196-14bd-4a51-85a1-f1e334a75925/iiif/cam-1282-p_0007.tif/full/!300,500/0/default.jpg;Livro impresso;Inglês;;Poems;;;6th ed;London : Booksellers;1824;1824;91 p.;Luís de Camões, 1524-1580;;; Strangford, 1780-1855, Comentador de texto escrito;;;CAM. 1282 P.;CAM500;http://id.bnportugal.gov.pt/bib/catbnp/303899;Livre
7157;Recepção criativa - Tematização | 409;Celebrações - 1860 - Recepção criativa - Tematização | 442;;;;;;;;;;;;;;;;;;;;;;;;;;;;;;;;;;;;352640;https://purl.pt/45009;https://bndigital.bnportugal.gov.pt//i/?IIIF=/34/94/05/63/34940563-8dd9-4ab7-b87c-7e9c8184d005/iiif/cam-1415-v_0001.tif/full/!300,500/0/default.jpg;Livro impresso;Francês;;Scénes de la nature sous les Tropiques et de leur influence sur la poesie;suivies de Camoens et Jozé Indio;;1.ª ed.;Paris : Chez Louis Janet;1824;1824;4, IV, 516, 1 p.;Ferdinand Denis, 1798-1890;;;Ferdinand Denis, 1798-1890, Nome associado;;;L. 5065 V.;CAM500;http://id.bnportugal.gov.pt/bib/catbnp/352640;Livre
7158;Tradução - Impressos - Composições soltas e fragmentos - Épica | 229;Tradução - Impressos - Composições soltas e fragmentos - Épica - Paratextos gerais | 230;Tradução - Impressos - Composições soltas e fragmentos - Épica - Paratextos notas | 233;Obra - Impressos - Composições soltas e fragmentos - Épica - Episódio | 67;;;;;;;;;;;;;;;;;;;;;;;;;;;;;;;;;;263814;https://purl.pt/44390;https://bndigital.bnportugal.gov.pt//i/?IIIF=/fd/f2/bd/17/fdf2bd17-8cb5-4004-a968-a0f81666036e/iiif/cam-294-4-p_0001.tif/full/!300,500/0/default.jpg;Livro impresso;Português;;A Morte de D. Ignez de Castro contada por Manuel Maria du Bocage a que se junta um episódio do mesmo assunto do imortal Luiz de Camões;;;1.ª ed.;Lisboa : na Typographia Rollandiana;1824;1824;20 p.; Bocage, 1765-1805;;;;;;L. 3348//5 P.;CAM500;http://id.bnportugal.gov.pt/bib/catbnp/263814;Livre
7159;Celebrações - 1880 - Periódicos | 471;;;;;;;;;;;;;;;;;;;;;;;;;;;;;;;;;;;;;256272;https://purl.pt/44001;https://bndigital.bnportugal.gov.pt//i/?IIIF=/fe/86/20/98/fe862098-0810-4c61-b65c-dfaf90f3b978/iiif/cam-124-p_0000_000011.tif/full/!300,500/0/default.jpg;Livro impresso;Português;;Os Lusiadas;;;Nova edição correcta, e dada á luz, conforme á de 1817, in 4º;Paris : J.P. Aillaud, Quai Voltaire, n 21;1823;1823;2, 377, 1 br., 1, 1 br. p., 1 grav.;Luís de Camões, 1524-1580;;;"François Gérard, 1770-1837, Artista ; William Thomas Fry, 1789-1843, Gravador (aguafortista) ; Morgado de Mateus, 1758-1825, Editor literário ; Firmin Didot, fl. 1789-1829, Impressor ; João Pedro Aillaud, 1785-ca 1853, Livreiro ; Tomás Norton, 1804-1860, Antigo possuidor";;;CAM. 123 P.;CAM500;http://id.bnportugal.gov.pt/bib/catbnp/256272;Livre
7160;Tradução - Impressos - Antologia - Lírica | 208;Tradução - Impressos - Antologia - Lírica - Paratextos gerais | 209;Recepção criativa - Tematização | 409;;;;;;;;;;;;;;;;;;;;;;;;;;;;;;;;;;;197059;https://purl.pt/45038;https://bndigital.bnportugal.gov.pt//i/?IIIF=/38/3b/bf/e4/383bbfe4-4a00-40bb-b772-c2d50ccef248/iiif/cam-1696-v_0007.tif/full/!300,500/0/default.jpg;Livro impresso;Português;;Exame crítico das primeiras cinco edições dos Lusíadas;;;1.ª ed.;Lisboa : Academia das Ciências;1823;1823;p. 167-212;Sebastião Francisco Mendo Trigoso, 1773-1821;;;;;;CAM. 1696 V.;CAM500;http://id.bnportugal.gov.pt/bib/catbnp/197059;Livre
7161;Bibliografia crítica - Polémica e discussão | 417;Vida - Biografia | 13;;;;;;;;;;;;;;;;;;;;;;;;;;;;;;;;;;;;592633;https://purl.pt/44327;https://bndigital.bnportugal.gov.pt//i/?IIIF=/70/84/49/9b/7084499b-0fba-4367-96ef-91d8b855344d/iiif/cam-232-a_0001.tif/full/!300,500/0/default.jpg;Livro impresso;Português;;Exame critico das primeiras cinco edições dos Lusiadas;;;1.ª ed.;Lisboa : Academia das Ciências;1823;1823;p. 167-212;Sebastião Francisco Mendo Trigoso, 1773-1821;;;;;;CAM. 232 A.;CAM500;http://id.bnportugal.gov.pt/bib/catbnp/592633;Livre
7162;Bibliografia crítica - Estudo | 418;Iconografia - Impressos - Figuras históricas | 390;;;;;;;;;;;;;;;;;;;;;;;;;;;;;;;;;;;;256271;https://purl.pt/42830;https://bndigital.bnportugal.gov.pt//i/?IIIF=/38/2f/a0/12/382fa012-8dd8-4183-8de3-2e6ce57f3988/iiif/cam-121-p_0000_000007.tif/full/!300,500/0/default.jpg;Livro impresso;Português;;Os Lusiadas;;;Nova edição conforme á de 1572 publicada pelo autor;Rio de Janeiro : vende-se em casa de P. C. Dalbin e C;1821;1821;"2 t. 4, xiv, 225, 1 br., 2; 4, 235 p.";Luís de Camões, 1524-1580;;;" Michon, 17--, Gravador (aguafortista) ; Inácio Garcês Ferreira, 1680-?, Editor literário ; João Franco Barreto, 1600-post. 1674, Editor literário ; Pierre Constant Dalbin, fl. 181--182-, Livreiro ; James Smith, fl. 1812-1847, Impressor ; Tomás Norton, 1804-1860, Antigo possuidor";;;CAM. 121 P.;CAM500;http://id.bnportugal.gov.pt/bib/catbnp/256271;Livre
7163;Celebrações - 1880 - Actos públicos | 477;Bibliografia crítica - Estudo | 418;;;;;;;;;;;;;;;;;;;;;;;;;;;;;;;;;;;;455268;https://purl.pt/42934;https://bndigital.bnportugal.gov.pt//i/?IIIF=/e0/e2/36/8e/e0e2368e-06b5-4efd-bb33-762145de2b06/iiif/cam-408-v_0000_000011.tif/full/!300,500/0/default.jpg;Livro impresso;Italiano;Português;I Lusiadi;;;Seconde edizione illustrata con note di D. B.;Milano : Societá Tipog. dei Classici Italiani;1821;1821;XXXX, 517, 1 p. 2 v.;Luís de Camões, 1524-1580;;;Antonio Nervi, 1760-1836, Tradutor;;;CAM. 408 V.;CAM500;http://id.bnportugal.gov.pt/bib/catbnp/455268;Livre
7164;Tradução - Impressos - Composições soltas e fragmentos - Lírica | 234;Tradução - Impressos - Obras individuais - Lírica - Paratextos gerais | 157;Bibliografia crítica - Estudo | 418;;;;;;;;;;;;;;;;;;;;;;;;;;;;;;;;;;contém diferentes textos em italiano, também;253094;https://purl.pt/44015;https://bndigital.bnportugal.gov.pt//i/?IIIF=/7c/21/88/b9/7c2188b9-a666-4ea9-9461-f8b34915c0fa/iiif/cam-575-p_0000_000001.tif/full/!300,500/0/default.jpg;Livro impresso;Italiano;;I Lusiadi;;;Seconda edizione;Milano : Dalla Societá Tipog. dei Classici Italiani;1821;1821;XXXX, 517, 3 p., 3 grav. extratexto;Luís de Camões, 1524-1580;;" Staël, 1766-1817, Autor ; Mathieu-Guillaume-Thérèse Villenave, 1762-1846, Autor ;  Sismondi, 1773-1842, Autor ; Juan Andrés, 1740-1817, Autor";"Antonio Nervi, 1760-1836, Tradutor ; Gallo Gallina, 1796-1874, Ilustrador";;Società Tipografica de' Classici Italiani;CAM. 234 P.;CAM500;http://id.bnportugal.gov.pt/bib/catbnp/253094;Livre
7165;Tradução - Impressos - Composições soltas e fragmentos - Lírica - Paratextos gerais | 235;Figuras Femininas - Autoras (produção escrita sobre Camões) | 552;Celebrações - 1880 - Traduções | 476;Obra - Impressos - Obras (avulsas) - Lírica - Endechas | 29;;;;;;;;;;;;;;;;;;;;;;;;;;;;;;;;;;397485;https://purl.pt/19;https://bndigital.bnportugal.gov.pt//i/?IIIF=/13/3b/42/7f/133b427f-3588-46cb-8d6d-40f8b285cd71/iiif/res-2850-p_0000_1-166_t24-C-R0150_000007.tif/full/!300,500/0/default.jpg;Livro impresso;Português;;O retrato de Venus;poemas;;1.ª ed.;Coimbra : na Imprensa da Universidade;1821;1821;156, 2 p.;Almeida Garrett, 1799-1854;;;;;;PURL 19/0;;http://id.bnportugal.gov.pt/bib/catbnp/397485;Livre
7166;Iconografia - Impressos - Imagens de Camões | 373;;;;;;;;;;;;;;;;;;;;;;;;;;;;;;;;;;;;;256114;https://purl.pt/42829;https://bndigital.bnportugal.gov.pt//i/?IIIF=/f1/3b/66/80/f13b6680-dd72-4990-b83f-c106878060a9/iiif/cam-120-1-p_0000_000001.tif/full/!300,500/0/default.jpg;Livro impresso;Português;;Os Lusiadas;;;Nova edição conforme á de 1572 publicada pelo autor;Paris : vende-se em casa de Theophilo Barrois filho, quai Voltaire, n 11;1820;1820;"2 t. 4, xiv, 225, 1 br., 2; 4, 235 p.";Luís de Camões, 1524-1580;;;" Michon, 17--, Gravador (aguafortista) ; Pierre-Théophile Barrois, fl. 1773-1836, Livreiro ; James Smith, fl. 1812-1847, Impressor ; Inácio Garcês Ferreira, 1680-?, Editor literário ; João Franco Barreto, 1600-post. 1674, Editor literário ; Pierre Constant Dalbin, fl. 181--182-, Livreiro ; Tomás Norton, 1804-1860, Antigo possuidor";;;CAM. 120//1 P.;CAM500;http://id.bnportugal.gov.pt/bib/catbnp/256114;Livre
7167;Recepção criativa - Paródia | 407;;;;;;;;;;;;;;;;;;;;;;;;;;;;;;;;;;;;;322799;https://purl.pt/42932;https://bndigital.bnportugal.gov.pt//i/?IIIF=/04/33/19/1d/0433191d-edda-4794-8b25-1b35b945c05f/iiif/cam-324-p_0000_000008.tif/full/!300,500/0/default.jpg;Livro impresso;Português;;Censura das Lusiadas;;;1.ª ed.;Lisboa : na Impressão Régia;1820;1820;2 v.;José Agostinho de Macedo, 1761-1831;;;;;;L. 24357 P.;CAM500;http://id.bnportugal.gov.pt/bib/catbnp/322799;Livre
7168;Tradução - Impressos - Antologia - Lírica - Paratextos gerais | 209;;;;;;;;;;;;;;;;;;;;;;;;;;;;;;;;;;;;"Português; italiano";733501;https://purl.pt/12938;https://bndigital.bnportugal.gov.pt//i/?IIIF=/cc/6b/e6/40/cc6be640-2698-4a10-bacd-3f17255ef02f/iiif/e-4484-p_0000_000001.tif/full/!300,500/0/default.jpg;Iconografia;Inglês;;Luis de Camoens;;;1.ª ed.;London : Longman;1820;1820;1 gravura;William Skelton, 1763-1848;;;;;;PURL 12938/0;PCulture;http://id.bnportugal.gov.pt/bib/catbnp/733501;Livre
7169;Bibliografias e catálogos - Catálogo | 551;;;;;;;;;;;;;;;;;;;;;;;;;;;;;;;;;;;;;259140;https://purl.pt/44110;https://bndigital.bnportugal.gov.pt//i/?IIIF=/19/18/83/ae/191883ae-fa38-402d-984c-48c1d84f9eb5/iiif/cam-218-p_0000_000005.tif/full/!300,500/0/default.jpg;Livro impresso;Francês;Português;La Lusiade de Louis Camoens;poëme héroïque en dix chants;;1.ª ed.;A Paris : chez Verdière, Libraire;1820;1820;2, 316 p., 1 retrato extratexto.;Luís de Camões, 1524-1580;;;"Jean François de La Harpe, 1739-1803, Tradutor ; François Gérard, 1770-1837, Ilustrador ; Barthèlemy Roger, Ilustrador";;;CAM. 218 P.;CAM500;http://id.bnportugal.gov.pt/bib/catbnp/259140;Livre
7170;Bibliografias e catálogos - Catálogo | 551;;;;;;;;;;;;;;;;;;;;;;;;;;;;;;;;;;;;;464797;https://purl.pt/44707;https://bndigital.bnportugal.gov.pt//i/?IIIF=/e6/86/b5/f2/e686b5f2-d535-4a62-a9c6-4853b1123c50/iiif/cam-605-v_0007.tif/full/!300,500/0/default.jpg;Livro impresso;Português;;Memoria historica e critica acerca de Luiz de Camões e das suas obras;;;1.ª ed.;Lisboa : na Typ. da mesma Academia;1820;1820;123 p.;Francisco Alexandre Lobo, 1763-1844;;;;;Academia das Ciências de Lisboa. Oficina, Impressor;CAM. 605 V.;CAM500;http://id.bnportugal.gov.pt/bib/catbnp/464797;Livre
7171;Bibliografia crítica - Edições | 411;;;;;;;;;;;;;;;;;;;;;;;;;;;;;;;;;;;;;319801;https://purl.pt/43435;https://bndigital.bnportugal.gov.pt//i/?IIIF=/89/01/da/28/8901da28-f82c-42be-a0d8-bbfc0b0695d3/iiif/cam-352-1-p_0001.tif/full/!300,500/0/default.jpg;Livro impresso;Português;;Apologia de Camoens contra as reflexoens criticas do P. Jozé Agostinho de Macedo sobre o episodio de Adamastor no Canto V. dos Lusiadas;;;1.ª ed.;Em Santiago de Compostela : na officina tipografica de D. Joam Moldes;1819;1819;2, 8, 87, 1 br. p.; Saraiva, 1766-1845;;;;;;CAM. 342//1 V.;CAM500;http://id.bnportugal.gov.pt/bib/catbnp/319801;Livre
7172;Recepção criativa - Tematização | 409;Celebrações - 1880 - Actos públicos | 477;;;;;;;;;;;;;;;;;;;;;;;;;;;;;;;;;;;;721508;https://purl.pt/187;https://bndigital.bnportugal.gov.pt//i/?IIIF=/7b/d6/26/b4/7bd626b4-cf9c-4032-a8d8-62466d2b0c48/iiif/mp-644-a_0000_rosto-guardas2_t24-C-R0150_000001.tif/full/!300,500/0/default.jpg;Partitura;Francês;;Messe de requiem;ouvrage consacré à la mémoire de Camões;;1.ª ed.;Paris : chez Aug.te Le Duc;1819;1819;1 partitura 205 p.;João Domingos Bomtempo, 1775-1842;;;Ernesto Vieira, 1848-1915, Antigo possuidor;Alphonse Leduc, Editor comercial;Portugal. Instituto Português do Património Cultural. Departamento de Musicologia, Antigo possuidor;C.I.C. 65 V.;CAM500;http://id.bnportugal.gov.pt/bib/catbnp/721508;Livre
7173;Celebrações - 1880 - Discussão, programas e relatórios | 481;Iconografia - Impressos - Lugares de memória | 391;;;;;;;;;;;;;;;;;;;;;;;;;;;;;;;;;;;;256101;https://purl.pt/42826;https://bndigital.bnportugal.gov.pt//i/?IIIF=/f2/73/08/21/f2730821-1c31-4c0f-b5c5-1ab18d4f4f88/iiif/cam-117-p_0000_000007.tif/full/!300,500/0/default.jpg;Livro impresso;Português;;Os Lusiadas;;;1.ª ed.;"Avinhaõ : na Officina de Francisco Seguin. ; Acha-se em Paris : na Loja de T. Barrois filho, Quai Voltaire, n 11";1818;1818;2 t.;Luís de Camões, 1524-1580;;;"Tomás José de Aquino, 1718/20-1804, Editor literário ; João Franco Barreto, 1600-post. 1674, Editor literário ; François Seguin, fl. 1806-1842, Impressor ; Pierre-Théophile Barrois, fl. 1773-1836, Livreiro ; Tomás Norton, 1804-1860, Antigo possuidor";;;CAM. 117 P.;CAM500;http://id.bnportugal.gov.pt/bib/catbnp/256101;Livre
7174;Celebrações - 1880 - Actos públicos | 477;;;;;;;;;;;;;;;;;;;;;;;;;;;;;;;;;;;;;258720;https://purl.pt/42609;https://bndigital.bnportugal.gov.pt//i/?IIIF=/f7/40/ad/1e/f740ad1e-8674-4bc6-baca-d32e6f1f3492/iiif/cam-201-p_0000_000007.tif/full/!300,500/0/default.jpg;Livro impresso;Português;;Poesías de Luis de Camoens;;;1.ª ed.;Madrid : Imprenta de D. Miguel de Burgos;1818;1818;3 t. em 3 vol.;Luís de Camões, 1524-1580;;;"Miguel de Burgos, fl. 1818, Impressor ; Lamberto Gil, 17---18--, Tradutor";;;CAM. 201 P.;CAM500;http://id.bnportugal.gov.pt/bib/catbnp/258720;Livre
7175;Recepção criativa - Tematização | 409;Vida - Ficção - Narrativa | 15;Vida - Ficção - Poesia | 16;Celebrações - 1880 - Recepção criativa - Tematização | 474;Figuras Femininas - Autoras (produção escrita sobre Camões) | 552;;;;;;;;;;;;;;;;;;;;;;;;;;;;;;;;;401894;https://purl.pt/43863;https://bndigital.bnportugal.gov.pt//i/?IIIF=/1e/3a/23/e0/1e3a23e0-ffeb-4a3c-a223-676befefab3f/iiif/cam-66-6-a_0001.tif/full/!300,500/0/default.jpg;Livro impresso;Italiano;;Il Concigliatore;;;1.ª ed.;Milano : s. n.;1818;1818;;;;;Luís de Camões, 1524-1580, Antecedente bibliográfico;;;CAM. 66//6 A.;CAM500;http://id.bnportugal.gov.pt/bib/catbnp/401894;Livre
7176;Obra - Impressos - Obras (avulsas) - Lírica - Elegia | 28;Obra - Impressos - Obras (avulsas) - Lírica - Soneto | 35;Obra - Impressos - Paratextos - Obras (avulsas) - Lírica | 107;Iconografia - Impressos - Retrato de Camões | 372;;;;;;;;;;;;;;;;;;;;;;;;;;;;;;;;;;851361;https://purl.pt/43855;https://bndigital.bnportugal.gov.pt//i/?IIIF=/c3/55/b9/1f/c355b91f-24fc-44aa-857b-3d4fa5270a55/iiif/cam-132-v_0000_000007.tif/full/!300,500/0/default.jpg;Livro impresso;Português;;Relatorio da Comissão nomeada para examinar a nova edição dos Lusiadas impressa em Paris em 1817;;;1.ª ed.;Lisboa : Tip. da Academia;1818;1818;13 p.;;;;;;;CAM. 132 V.;CAM500;http://id.bnportugal.gov.pt/bib/catbnp/851361;Livre
7177;Recepção criativa - Tematização | 409;Vida - Ficção - Poesia | 16;Obra - Impressos - Obras (avulsas) - Lírica - Soneto | 35;;;;;;;;;;;;;;;;;;;;;;;;;;;;;;;;;;;790145;https://purl.pt/44820;https://bndigital.bnportugal.gov.pt//i/?IIIF=/a8/ba/55/b4/a8ba55b4-8fc6-4a87-9a05-0e64c76235ee/iiif/cam-877-p_0005.tif/full/!300,500/0/default.jpg;Livro impresso;Inglês;;Translations from Camoens and other poets with original poetry;"by the author of ""Modern Greece""...";;1.ª ed.;"London ; Oxford : J. Murray : J. Parker";1818;1818;"95 p. ;";;;;;;;CAM. 877 P.;CAM500;http://id.bnportugal.gov.pt/bib/catbnp/790145;Livre
7178;Tradução - Impressos - Composições soltas e fragmentos - Lírica - Paratextos gerais | 235;Tradução - Impressos - Composições soltas e fragmentos - Lírica - Paratextos notas | 238;Celebrações - 1880 - Traduções | 476;Obra - Impressos - Obras (avulsas) - Lírica - Endechas | 29;;;;;;;;;;;;;;;;;;;;;;;;;;;;;;;;;;323263;https://purl.pt/43228;https://bndigital.bnportugal.gov.pt//i/?IIIF=/df/09/c8/c4/df09c8c4-f836-4a25-a70a-c4a7ed85b091/iiif/cam-350-3-p_0002.tif/full/!300,500/0/default.jpg;Livro impresso;Francês;;Mélanges;Les Lusiades, poeme épique de Louis de Camõens, nouvelle édition, corrigée et publiée par Dom Jozé Maria de Souza-Botelho;;1.ª ed.;Paris : s. n.;1817;1817;10 p.;;;;;;;CAM. 350//3 P.;CAM500;http://id.bnportugal.gov.pt/bib/catbnp/323263;Livre
7179;Recepção criativa - Tematização | 409;Vida - Ficção - Poesia | 16;;;;;;;;;;;;;;;;;;;;;;;;;;;;;;;;;;;;357297;https://purl.pt/43384;https://bndigital.bnportugal.gov.pt//i/?IIIF=/b2/56/5a/a6/b2565aa6-70f7-48fe-a06c-6e301f3b710c/iiif/cam-6-v_0011.tif/full/!300,500/0/default.jpg;Livro impresso;Português;;Os Lusíadas;;;Nova edição correcta, e dada á luz, conforme á de 1817, in-4º;Paris : na officina typographica de Firmino Didot...;1817;1817;CX, 420 p.;Luís de Camões, 1524-1580;;;"Morgado de Mateus, 1758-1825, Editor literário ; Firmin Didot, fl. 1789-1829, Impressor ; Tomás Norton, 1804-1860, Antigo possuidor";;;CAM. 6 V.;CAM500;http://id.bnportugal.gov.pt/bib/catbnp/357297;Livre
7180;Tradução - Impressos - Composições soltas e fragmentos - Lírica | 234;Recepção criativa - Tematização | 409;Tradução - Impressos - Obras individuais - Lírica - Paratextos gerais | 157;;;;;;;;;;;;;;;;;;;;;;;;;;;;;;;;;;;357297;https://purl.pt/43384;https://bndigital.bnportugal.gov.pt//i/?IIIF=/b2/56/5a/a6/b2565aa6-70f7-48fe-a06c-6e301f3b710c/iiif/cam-6-v_0011.tif/full/!300,500/0/default.jpg;Livro impresso;Português;;Os Lusíadas;;;Nova edição correcta, e dada á luz, conforme á de 1817, in-4º;Paris : na officina typographica de Firmino Didot...;1817;1817;CX, 420 p.;Luís de Camões, 1524-1580;;;"Morgado de Mateus, 1758-1825, Editor literário ; Firmin Didot, fl. 1789-1829, Impressor ; Tomás Norton, 1804-1860, Antigo possuidor";;;CAM. 6 V.;CAM500;http://id.bnportugal.gov.pt/bib/catbnp/357297;Livre
7181;Bibliografia crítica - Estudo | 418;;;;;;;;;;;;;;;;;;;;;;;;;;;;;;;;;;;;Este purl pertence à seguinte obra: Mulheres na conquista e navegação / Hipólito Raposo.;943524;https://purl.pt/44993;https://bndigital.bnportugal.gov.pt//i/?IIIF=/0b/7e/27/f6/0b7e27f6-cb2f-4e7f-905e-9289c1b904b0/iiif/cam-1427-p_0007.tif/full/!300,500/0/default.jpg;Livro impresso;Português;;Nova Castro;tragedia;;4ª edição, correcta e augmentada;Lisboa : Imp. Regia;1817;1817;1 v.;João Baptista Gomes Júnior, 17--1803;;;;;;L. 2943 V.;CAM500;http://id.bnportugal.gov.pt/bib/catbnp/943524;Livre
7182;Bibliografias e catálogos - Catálogo | 551;Iconografia - Impressos - Retrato de Camões | 372;Iconografia - Impressos - Portadas | 392;;;;;;;;;;;;;;;;;;;;;;;;;;;;;;;;;;;465155;https://purl.pt/44725;https://bndigital.bnportugal.gov.pt//i/?IIIF=/61/2c/3c/3e/612c3c3e-edbc-40ee-8dd0-245c5faacbf7/iiif/cam-632-v_0005.tif/full/!300,500/0/default.jpg;Livro impresso;Português;;Relatorio da Commissão nomeada para examinar a nova edição dos Lusíadas, impressa em Paris em 1817...;;;1.ª ed.;Lisboa : s.n.;1817;1817;14 p.;;;;;;;CAM. 632 V.;CAM500;http://id.bnportugal.gov.pt/bib/catbnp/465155;Livre
7183;Recepção criativa - Tematização | 409;;;;;;;;;;;;;;;;;;;;;;;;;;;;;;;;;;;;;381297;https://purl.pt/37881;https://bndigital.bnportugal.gov.pt//i/?IIIF=/7a/f5/a1/57/7af5a157-cb79-4c61-ac2b-23423412371c/iiif/cam-19-a_0000_000010.tif/full/!300,500/0/default.jpg;Livro impresso;Português;;Os Lusíadas;poema épico de Luis de Camões;;Nova edição correcta e dada á luz por D. Iosé Maria de Souza-Botelho, Morgado de Mattheus, Socio da Academia Real das Sciencias de Lisboa;Paris : na Officina Typographica de Firmin Didot, impressor do Rei, e do Instituto;1817;1817;10, CXXX, 2 br., 413, 1 br., 10, 2 br. p.;Luís de Camões, 1524-1580;;;"Firmin Didot, fl. 1789-1829, Impressor ; Morgado de Mateus, 1758-1825, Editor literário";;;F.R. 343;;http://id.bnportugal.gov.pt/bib/catbnp/381297;Livre
7184;Obra - Impressos - Obras (avulsas) - Lírica - Soneto | 35;;;;;;;;;;;;;;;;;;;;;;;;;;;;;;;;;;;;;767279;https://purl.pt/43852;https://bndigital.bnportugal.gov.pt//i/?IIIF=/24/e6/33/ea/24e633ea-eee4-4cb7-82dc-36b2cef41a05/iiif/cam-587-p_0000_000005.tif/full/!300,500/0/default.jpg;Livro impresso;Alemão;Português;Die Lusiade;;;1.ª ed.;Wien : Anton Pichler;1816;1816;XXVIII, 299 p.;Luís de Camões, 1524-1580;;;;;;CAM. 587 P.;CAM500;http://id.bnportugal.gov.pt/bib/catbnp/767279;Livre
7185;Tradução - Impressos - Antologia - Lírica | 208;Tradução - Impressos - Antologia - Lírica - Paratextos gerais | 209;;;;;;;;;;;;;;;;;;;;;;;;;;;;;;;;;;;;1734387;https://purl.pt/43987;https://bndigital.bnportugal.gov.pt//i/?IIIF=/32/33/1e/eb/32331eeb-502e-456d-96b5-5212d765f023/iiif/cam-2041-v_0003.tif/full/!300,500/0/default.jpg;Livro impresso;Neerlandês;;Proeve eener beoordeelende vergelijking der vijf beroemdste heldendichten van lateren tijd, het verloste Jeruzalem van Tasso, de Lusiade van Camöens, het verloren Paradijs van Milton, de Henriade van Voltaire, en de Messias van Klopstock;zoo met betrekking tot elkander, als in t bijzonder ook met opzigt tot de twee meesterstukken der Oudheid, de Ilias van Homerus, en de Aeneïs van Virgilius;;1.ª ed.;In den Haag : bij Johannes Allard;1816;1816;P. 73-471, 1 br.;Nicolaas Godfried van Kampen, 1776-1839;;;Johann Allard, 1774-1804, Impressor;;;CAM. 2041 V.;CAM500;http://id.bnportugal.gov.pt/bib/catbnp/1734387;Livre
7186;Recepção criativa - Centão [Cintra] | 408;;;;;;;;;;;;;;;;;;;;;;;;;;;;;;;;;;;;;256073;https://purl.pt/42913;https://bndigital.bnportugal.gov.pt//i/?IIIF=/8c/fd/9f/76/8cfd9f76-5fae-496a-9063-c19d3034d640/iiif/cam-102-p_0000_000011.tif/full/!300,500/0/default.jpg;Livro impresso;Português;;Obras do grande Luis de Camões, Principe dos Poetas de Hespanha;;;Terceira edição, da que, na Officina Luisiana, se fez em Lisboa nos annos de 1779, e 1780;"Paris : na Officina de P. Didot Senior. ; E acha-se em Lisboa : em casa da Viuva Bertrand e filhos";1815;1815;5 t. em 5 vol.;Luís de Camões, 1524-1580;;;"Tomás José de Aquino, 1718/20-1804, Editor literário ; Ambroise Tardieu, 1788-1841, Gravador em metal ; J. W. Harding, fl. 1810, Artista ; Etienne Collin, fl. 1798-1829, Gravador em metal ; Pierre Didot, fl. 1785-1828, Impressor ; Tomás Norton, 1804-1860, Antigo possuidor ; J. Caeiro da Mata, 1883-1963, Antigo possuidor";;Ordem dos Frades Menores. Missionários Apostólicos. Convento de Santo António, Antigo possuidor;VAR. 1944;CAM500;http://id.bnportugal.gov.pt/bib/catbnp/256073;Livre
7187;Recepção criativa - Paródia | 407;;;;;;;;;;;;;;;;;;;;;;;;;;;;;;;;;;;;;322736;https://purl.pt/43929;https://bndigital.bnportugal.gov.pt//i/?IIIF=/7c/9a/24/b0/7c9a24b0-a692-48d7-8119-0913e6699bc7/iiif/cam-322-4-p_0000_000001.tif/full/!300,500/0/default.jpg;Livro impresso;Português;;A analyse analysada;resposta a Couto;;1.ª ed.;Lisboa : na Impressão Régia;1815;1815;54, 2 br. p.;José Agostinho de Macedo, 1761-1831;;;António Maria do Couto, 1778?-1843, Nome associado;;;L. 3660//4 P.;CAM500;http://id.bnportugal.gov.pt/bib/catbnp/322736;Livre
7188;Bibliografia crítica - Polémica e discussão | 417;;;;;;;;;;;;;;;;;;;;;;;;;;;;;;;;;;;;;322583;https://purl.pt/44931;https://bndigital.bnportugal.gov.pt//i/?IIIF=/73/58/24/4f/7358244f-7c55-47c2-9146-34c91775fecf/iiif/cam-1110-p_0005.tif/full/!300,500/0/default.jpg;Livro impresso;Português;;"Manifesto critico, analytico, e apologetico: em que se defende o insigne vate Luiz de Camõs sic, da mordacidade do discurso preliminar, que precede ao poema Oriente; e se demonstrão os infinitos erros do mesmo poema";;;1.ª ed.;Lisboa : na impressão de J. F. M. de Campos;1815;1815;4, 104, 2 p.;António Maria do Couto, 1778?-1843;;;Tomás Norton, 1804-1860, Antigo possuidor;;;L. 1673//2 P.;CAM500;http://id.bnportugal.gov.pt/bib/catbnp/322583;Livre
7189;Bibliografia crítica - Estudo | 418;;;;;;;;;;;;;;;;;;;;;;;;;;;;;;;;;;;;;322677;https://purl.pt/44996;https://bndigital.bnportugal.gov.pt//i/?IIIF=/3c/5b/c2/a8/3c5bc2a8-c35f-4c87-b69f-c8c6a39f45df/iiif/cam-1438-p_0005.tif/full/!300,500/0/default.jpg;Livro impresso;Português;;Breve analyse do novo poêma, que se intitúla Oriente;;;1.ª ed.;Lisboa : na Nova Impressão da Viúva Neves e Filhos;1815;1815;28 p.;António Maria do Couto, 1778?-1843;;;;;;L. 3286//1 P.;CAM500;http://id.bnportugal.gov.pt/bib/catbnp/322677;Livre
7190;Bibliografia crítica - Estudo | 418;;;;;;;;;;;;;;;;;;;;;;;;;;;;;;;;;;;;;357115;https://purl.pt/45030;https://bndigital.bnportugal.gov.pt//i/?IIIF=/dc/c5/0d/32/dcc50d32-2a6b-4273-a4af-a9ef7bfcc36f/iiif/cam-1457-p_0005.tif/full/!300,500/0/default.jpg;Livro impresso;Português;;Carta ao Sr. António Maria do Couto, na qual se dá breve, séria e terminante resposta ao Manifesto , em que pretende mostrar os erros do Poema Oriente e defender os dos Lusíadas;;;1.ª ed.;Lisboa : Impressão Régia : vende-se na loja de João Henriques;1815;1815;31 p.;Joaquim José Pedro Lopes, 1778?-1840;;;"Pedro do Rosário Ribeiro, Antigo possuidor ; João Henriques, fl. 178--1833, Livreiro";;;L. 3662//2 P.;CAM500;http://id.bnportugal.gov.pt/bib/catbnp/357115;Livre
7191;Vida - Biografia | 13;;;;;;;;;;;;;;;;;;;;;;;;;;;;;;;;;;;;;322747;https://purl.pt/44115;https://bndigital.bnportugal.gov.pt//i/?IIIF=/af/f7/71/ec/aff771ec-1bb4-45a7-9e8b-10d2692b9350/iiif/cam-323-p_0000_000005.tif/full/!300,500/0/default.jpg;Livro impresso;Português;;Exame analytico e parallelo do poema Oriente do R.do José Agostinho de Macedo com a Lusíada de Camões;;;1.ª ed.;Lisboa : Typografia Lacerdina;1815;1815;VII, 1, 355, 1 p.;Nuno Álvares Pereira Pato Moniz, 1781-1826;;;Tomás Norton, 1804-1860, Antigo possuidor;;;L. 8906 P.;CAM500;http://id.bnportugal.gov.pt/bib/catbnp/322747;Livre
7192;Bibliografia crítica - Estudo | 418;Vida - Biografia | 13;;;;;;;;;;;;;;;;;;;;;;;;;;;;;;;;;;; Italiano;259482;https://purl.pt/44328;https://bndigital.bnportugal.gov.pt//i/?IIIF=/fe/eb/18/e5/feeb18e5-7e51-488a-be1a-9ef61a3dd129/iiif/cam-233-p_0007.tif/full/!300,500/0/default.jpg;Livro impresso;Italiano;;Lusiada;;;1.ª ed.;Genova : Stamperia della Marina e della Gazzetta;1814;1814;"4, 270, 1 p. ;17 cm";Luís de Camões, 1524-1580;;;Antonio Nervi, 1760-1836, Tradutor;;;CAM. 233 P.;CAM500;http://id.bnportugal.gov.pt/bib/catbnp/259482;Livre
7193;Recepção criativa - Tematização | 409;;;;;;;;;;;;;;;;;;;;;;;;;;;;;;;;;;;;;784746;https://purl.pt/43408;https://bndigital.bnportugal.gov.pt//i/?IIIF=/e9/d1/1a/5e/e9d11a5e-3231-4766-95b8-9cfef3b3db5e/iiif/cam-735-p_0000_000001.tif/full/!300,500/0/default.jpg;Livro impresso;Francês;Português;La Lusiade;poëme heroïque en dix chants;;1.ª ed.;Paris : Laurent Beaupré;1813;1813;2 T.;Luís de Camões, 1524-1580;;;J. F. La Harpe, Tradutor;;;CAM. 735 P.;CAM500;http://id.bnportugal.gov.pt/bib/catbnp/784746;Livre
7194;Tradução - Impressos - Antologia - Lírica | 208;Tradução - Impressos - Antologia - Lírica - Paratextos gerais | 209;Tradução - Impressos - Antologia - Lírica - Paratextos notas | 212;Iconografia - Impressos - Retrato de Camões | 372;;;;;;;;;;;;;;;;;;;;;;;;;;;;;;;;;;800895;https://purl.pt/43835;https://bndigital.bnportugal.gov.pt//i/?IIIF=/29/09/37/fc/290937fc-b3ae-43d9-a464-c1e9f2083122/iiif/cam-1078-p_0000_000005.tif/full/!300,500/0/default.jpg;Livro impresso;Português;;Carta de Manuel Mendes Fogaça em resposta à que lhe dirigio António Maria Couto, intitulada o doutor Halliday em Lisboa...;;;1.ª ed.;Lisboa : s.n.;1812;1812;56 p.;José Agostinho de Macedo, 1761-1831;;Joaquim José Pedro Lopes, 1778?-1840;;;;CAM. 1078 P.;CAM500;http://id.bnportugal.gov.pt/bib/catbnp/800895;Livre
7195;Obra - Impressos - Composições soltas e fragmentos - Épica - Estrofes | 66;Vida - Biografia | 13;Iconografia - Impressos - Retrato de Camões | 372;Iconografia - Impressos - Figuras históricas | 390;;;;;;;;;;;;;;;;;;;;;;;;;;;;;;;;;;322729;https://purl.pt/44219;https://bndigital.bnportugal.gov.pt//i/?IIIF=/cc/83/67/79/cc836779-6d9a-4807-a0e4-31471f77a59f/iiif/cam-322-3-p_0000_000001.tif/full/!300,500/0/default.jpg;Livro impresso;Português;;O exame examinado, ou resposta aos senhores bachareis João Bernado da Rocha, e Nuno Pato Moniz;;;1.ª ed.;Lisboa : na Impressão Regia;1812;1812;100 p.;José Agostinho de Macedo, 1761-1831;;;;;;L. 3661//5 P.;CAM500;http://id.bnportugal.gov.pt/bib/catbnp/322729;Livre
7196;Bibliografia crítica - Estudo | 418;Celebrações - 1880 - Actos públicos | 477;;;;;;;;;;;;;;;;;;;;;;;;;;;;;;;;;;;;369991;https://purl.pt/44584;https://bndigital.bnportugal.gov.pt//i/?IIIF=/a6/3b/9f/b3/a63b9fb3-d913-4bf6-bca2-a0650b11f50f/iiif/cam-509-10-p_0001.tif/full/!300,500/0/default.jpg;Livro impresso;Português;;O Doutor Halliday em Lisboa impugnado até à evidência;Carta ... a um seu amigo;;1.ª ed.;Lisboa : na Officina de Joaquim Rodrigues d'Andrade;1812;1812;30 p.;António Maria do Couto, 1778?-1843;;;;;;L. 69104 P.;CAM500;http://id.bnportugal.gov.pt/bib/catbnp/369991;Livre
7197;Bibliografia crítica - Estudo | 418;;;;;;;;;;;;;;;;;;;;;;;;;;;;;;;;;;;;;322581;https://purl.pt/43809;https://bndigital.bnportugal.gov.pt//i/?IIIF=/f5/2d/85/d8/f52d85d8-2d72-4591-95d3-3ad28a165491/iiif/cam-1109-p_0000_000005.tif/full/!300,500/0/default.jpg;Livro impresso;Português;;Reflexões criticas sobre o episodio de Adamastor nas Lusiadas;canto V, oit. 39 em forma de carta...;;1.ª ed.;Lisboa : Impressão Régia;1811;1811;34 p.;José Agostinho de Macedo, 1761-1831;;;;;;H.G. 6643//2 V.;CAM500;http://id.bnportugal.gov.pt/bib/catbnp/322581;Livre
7198;Recepção criativa - Centão [Cintra] | 408;;;;;;;;;;;;;;;;;;;;;;;;;;;;;;;;;;;;;256071;https://purl.pt/43771;https://bndigital.bnportugal.gov.pt//i/?IIIF=/21/d6/ce/34/21d6ce34-1702-42b8-af5d-d533f0bba403/iiif/cam-100-p_0000_000009.tif/full/!300,500/0/default.jpg;Livro impresso;Português;;Lusiada;;;Accrescentam-se as estancias despresadas por o poeta, as lições varias, e breves notas para a illustraçaõ do poema;Berlim : edição de I. E. Hitzig;1810;1810;XLVI, 2, 464 p.;Luís de Camões, 1524-1580;;;"Julius Eduard Hitzig, 1780-1849, Editor comercial ; Carl von Winterfeld, 1784-1852, Editor literário ; João Franco Barreto, 1600-post. 1674, Editor literário ; Inácio Garcês Ferreira, 1680-?, Editor literário ; Manuel de Faria e Sousa, 1590-1649, Editor literário ; Wilhelm von Humboldt, 1767-1835, Personalidade a quem é dedicada a obra ; Tomás Norton, 1804-1860, Antigo possuidor";;;CAM. 100 P.;CAM500;http://id.bnportugal.gov.pt/bib/catbnp/256071;Livre
7199;Recepção criativa - Tematização | 409;;;;;;;;;;;;;;;;;;;;;;;;;;;;;;;;;;;;;1784317;https://purl.pt/43562;https://bndigital.bnportugal.gov.pt//i/?IIIF=/43/35/c0/8c/4335c08c-d936-42e4-a9c2-aafd7f06386e/iiif/e-3389-p_0000_000001.tif/full/!300,500/0/default.jpg;Iconografia;Francês;;Le Camoens appuyé sur des debris du vaisseau;;;1.ª ed.;S.l. : s.n.;1810;1810;1 gravura;;;;"Horace Vernet, 1789-1863, Antecedente bibliográfico ;  Lefèvre, fl. 18, Impressor ;  Nyon, fl. 18--, Impressor";;;E. 3389 P.;CAM500;http://id.bnportugal.gov.pt/bib/catbnp/1784317;Livre
7200;Recepção criativa - Tematização | 409;Celebrações - 1880 - Recepção criativa - Tematização | 474;;;;;;;;;;;;;;;;;;;;;;;;;;;;;;;;;;;;259979;https://purl.pt/44379;https://bndigital.bnportugal.gov.pt//i/?IIIF=/c8/87/6d/93/c8876d93-3660-46e2-abf6-664dddb4591a/iiif/cam-283-p_0011.tif/full/!300,500/0/default.jpg;Livro impresso;Inglês;;Poems from the portuguese of Luis de Camoens with remarks on his life and writings, notes etc;;;1.ª ed.;London : J. Carpenter;1810;1810;4, 160 p., 1 f. il.;Luís de Camões, 1524-1580;;;" Strangford, 1780-1855, Comentador de texto escrito ; J. G. O'Kuffe, Antigo possuidor";;;CAM. 283 P.;CAM500;http://id.bnportugal.gov.pt/bib/catbnp/259979;Livre
7201;Bibliografias e catálogos - Catálogo | 551;;;;;;;;;;;;;;;;;;;;;;;;;;;;;;;;;;;;;331265;https://purl.pt/42947;https://bndigital.bnportugal.gov.pt//i/?IIIF=/20/73/03/9a/2073039a-5684-4b70-a47c-fdcc99d9a509/iiif/cam-1276-p_0000_000007.tif/full/!300,500/0/default.jpg;Livro impresso;Inglês;Português;The Lusiad or the discovery of India;an epic poem;;A new edition in three volumes;London : printed for Lackington, Allen and C-;1809;1809;"3 vol. 6, CLXIII, 1, 94 ; 2, 255 p.";Luís de Camões, 1524-1580;;;"William Julius Mickle, 1734-1788, Tradutor ; Anker Smith, 1759–1819, Gravador (aguafortista) ; William Bromley, 1769-1842, Gravador (aguafortista) ; Charles Warren, 1762-1823, Gravador (aguafortista)";;;CAM. 242 P.;CAM500;http://id.bnportugal.gov.pt/bib/catbnp/331265;Livre
7202;Recepção criativa - Tematização | 409;Figuras Femininas - Autoras (produção escrita sobre Camões) | 552;;;;;;;;;;;;;;;;;;;;;;;;;;;;;;;;;;; Italiano e Português;788899;https://purl.pt/43414;https://bndigital.bnportugal.gov.pt//i/?IIIF=/b7/ea/46/6d/b7ea466d-22e7-482d-9272-4dddffd6d49b/iiif/cam-845-p_0007.tif/full/!300,500/0/default.jpg;Livro impresso;Inglês;Francês;Classical descriptions of love, from the mort celebrated epic poets;Homer, Ariosto, Tasso, Milton and Camoens;;1.ª ed.;London : J. Blacklock;1809;1809;224 p.;;;;M. Parsival Grandmaison, Tradutor;;;CAM. 845 P.;CAM500;http://id.bnportugal.gov.pt/bib/catbnp/788899;Livre
7203;Celebrações - 1880 - Discussão, programas e relatórios | 481;;;;;;;;;;;;;;;;;;;;;;;;;;;;;;;;;;;;;1919670;https://purl.pt/44928;https://bndigital.bnportugal.gov.pt//i/?IIIF=/42/81/fd/a9/4281fda9-0706-44b5-825e-427230c4918c/iiif/cam-1212-v_0005.tif/full/!300,500/0/default.jpg;Livro impresso;Inglês;;A selection of curious articles from the Gentlemans Magazine...;vol. II;;1.ª ed.;London : printed for Longman, Hurst, Rees, and Orme...;1809;1809;XII, 528, 9 p.;;;;;;;CAM. 1212 V.;CAM500;http://id.bnportugal.gov.pt/bib/catbnp/1919670;Livre
7204;Celebrações - 1860 - Discussão, programas e relatórios | 449;Celebrações - 1880 - Discussão, programas e relatórios | 481;;;Iconografia - Impressos - Retrato de Camões | 372;;;;;;;;;;;;;;;;;;;;;;;;;;;;;;;;;335266;https://purl.pt/44988;https://bndigital.bnportugal.gov.pt//i/?IIIF=/66/6e/9c/c4/666e9cc4-0048-429f-b0b7-4cb99c8d50cf/iiif/cam-1232-p_0007.tif/full/!300,500/0/default.jpg;Livro impresso;Inglês;;Poems from the portuguese;;;1.ª ed.;Boston : E.G. House for John West and C and O.C. Greeleaf;1809;1809;108 p.;Luís de Camões, 1524-1580;;; Strangford, 1780-1855, Comentador de texto escrito;;;CAM. 1232 P.;CAM500;http://id.bnportugal.gov.pt/bib/catbnp/335266;Livre
7205;Obra - Impressos - Composições soltas e fragmentos - Épica - Episódio | 67;Tradução - Impressos - Composições soltas e fragmentos - Épica | 229;Tradução - Impressos - Composições soltas e fragmentos - Épica - Paratextos gerais | 230;Iconografia - Impressos - Outros | 393;;;;;;;;;;;;;;;;;;;;;;;;;;;;;;;;;;331404;https://purl.pt/37844;https://bndigital.bnportugal.gov.pt//i/?IIIF=/89/21/4e/d8/89214ed8-c260-4700-a6f0-d82cc2f804a0/iiif/cam-1275-p_0000_000011.tif/full/!300,500/0/default.jpg;Livro impresso;Inglês;Português;The Lusiad or the discovery of India;an epic poeme;;1.ª ed.;London : published by W. Sattaby : B. Crosby & C- and Scatcherd & Leterman;1809;1809;2 f., XCVIII, 277, 1 p.;Luís de Camões, 1524-1580;;;William Julius Mickle, 1734-1788, Tradutor;;;CAM. 245 P.;PCulture;http://id.bnportugal.gov.pt/bib/catbnp/331404;Livre
7206;Bibliografia crítica - Estudo | 418;;;;;;;;;;;;;;;;;;;;;;;;;;;;;;;;;;;;;637133;https://purl.pt/4762;https://bndigital.bnportugal.gov.pt//i/?IIIF=/2b/63/53/2f/2b63532f-998a-4f7b-8b8c-b4e456bc6390/iiif/e-403-v_0000_000001.tif/full/!300,500/0/default.jpg;Iconografia;Português;;Epitome da vida de Luiz de Camoens;;;1.ª ed.;Lisboa : s.n.;1808;1808;1 gravura;João Cardini, fl. 1804-1825?;;;;;;PURL 4762/0;;http://id.bnportugal.gov.pt/bib/catbnp/637133;Livre
7207;Celebrações - 1880 - Actos públicos | 477;;;;;;;;;;;;;;;;;;;;;;;;;;;;;;;;;;;;;397864;https://purl.pt/45036;https://bndigital.bnportugal.gov.pt//i/?IIIF=/57/49/c9/1d/5749c91d-873b-46a2-b4f5-8da947fc1fbb/iiif/cam-1458-p_0011.tif/full/!300,500/0/default.jpg;Livro impresso;Inglês;Português;Poems from the portuguese of Luis de Camoens;with remarks on his life and writings, notes, etc.;;5th ed;London : J. Carpenter : C. Whittingham;1808;1808;158 p., 1 est.;Luís de Camões, 1524-1580;;; Strangford, 1780-1855, Tradutor;;;CAM. 1458 P.;CAM500;http://id.bnportugal.gov.pt/bib/catbnp/397864;Livre
7208;Iconografia - Impressos - Mapas - Rota de Gama | 388;Iconografia - Impressos - Figuras históricas | 390;Iconografia - Impressos - Lugares de memória | 391;;;;;;;;;;;;;;;;;;;;;;;;;;;;;;;;;;;784526;https://purl.pt/44804;https://bndigital.bnportugal.gov.pt//i/?IIIF=/39/93/51/e7/399351e7-2d8a-4ac7-99f9-00aa8b263e8a/iiif/cam-723-p_0007.tif/full/!300,500/0/default.jpg;Livro impresso;Inglês;Português;Poems from the portuguese;;;5th ed;London : J. Carpenter;1808;1808;158 p.;Luís de Camões, 1524-1580;;; Strangford, 1780-1855, Comentador de texto escrito;;;CAM. 723 P.;CAM500;http://id.bnportugal.gov.pt/bib/catbnp/784526;Livre
7209;Bibliografia crítica - Tradução | 413;Iconografia - Impressos - Retrato de Camões | 372;Iconografia - Impressos - Portadas | 392;;;;;;;;;;;;;;;;;;;;;;;;;;;;;;;;;;;331252;https://purl.pt/42925;https://bndigital.bnportugal.gov.pt//i/?IIIF=/bd/89/c9/6f/bd89c96f-0994-4e7d-b04c-39167183bf5c/iiif/cam-239-p_0000_000011.tif/full/!300,500/0/default.jpg;Livro impresso;Inglês;;The Lusiad or the discovery of India;;;A new edition in three volumes;London : printed for Joseph Harding;1807;1807;"3 vol. 6,CLXIII, 1, 94 ; 4, 226 ; 4, 255 p.";Luís de Camões, 1524-1580;;;William Julius Mickle, 1734-1788, Editor literário;;;CAM. 239 P.;CAM500;http://id.bnportugal.gov.pt/bib/catbnp/331252;Livre
7210;Obra - Impressos - Obras (avulsas) - Épica | 23;Obra - Impressos - Paratextos - Obras (avulsas) - Épica | 103;Obra - Impressos - Paratextos - Obras (avulsas) - Épica - Vida | 104;Obra - Impressos - Paratextos - Obras (avulsas) - Épica - Argumentos | 105;Obra - Impressos - Paratextos - Obras (avulsas) - Épica - Notas | 106;Iconografia - Impressos - Retrato de Camões | 372;;;;;;;;;;;;;;;;;;;;;;;;;;;;;;;;259598;https://purl.pt/23642;https://bndigital.bnportugal.gov.pt//i/?IIIF=/3d/47/45/e3/3d4745e3-f410-463f-a24c-e291fee52635/iiif/cam-255-p_0000_capa-capa_t24-C-R0150_000005.tif/full/!300,500/0/default.jpg;Livro impresso;Alemão;Português;Die Lusiade;;;1.ª ed.;Leipzig : in der Weidmannischen Buchhandlung;1807;1807;XXXII, 398, 1 p.;Luís de Camões, 1524-1580;;;"Friedrich Adolph Kuhn, 1774-1844, Tradutor ; Theodor Hell, Tradutor";;;CAM. 255 P.;;http://id.bnportugal.gov.pt/bib/catbnp/259598;Livre
7211;Recepção criativa - Tematização | 409;Vida - Ficção - Poesia | 16;Bibliografias e catálogos | 11;;;;;;;;;;;;;;;;;;;;;;;;;;;;;;;;;;;259593;https://purl.pt/23670;https://bndigital.bnportugal.gov.pt//i/?IIIF=/a6/13/1c/0c/a6131c0c-4958-4058-b6f2-7374b94e402d/iiif/cam-254-p_0000_capa-capa_t24-C-R0150_000007.tif/full/!300,500/0/default.jpg;Livro impresso;Alemão;Português;Die Lusiade;Heldengedicht;;1.ª ed.;"Hamburg ; und Altona : bei Gottried Vollmer";1806;1806;4 tomos em 1 vol.;Luís de Camões, 1524-1580;;;Carl C. Heise, Tradutor;;;CAM. 254 P.;;http://id.bnportugal.gov.pt/bib/catbnp/259593;Livre
7212;Bibliografia crítica - Tradução | 413;;;;;;;;;;;;;;;;;;;;;;;;;;;;;;;;;;;;;255993;https://purl.pt/42935;https://bndigital.bnportugal.gov.pt//i/?IIIF=/d3/a8/47/93/d3a84793-8fbc-4bd9-89a7-c19ec27eb032/iiif/cam-456-p_0000_000005.tif/full/!300,500/0/default.jpg;Livro impresso;Português;;Lusiadas;;;1.ª ed.;Lisboa : na Typographia Lacerdina;1805;1805;2 t.;Luís de Camões, 1524-1580;;;"Manuel Pedro de Lacerda, 17---18--, Editor literário ; João Franco Barreto, 1600-post. 1674, Editor literário ; Inácio Garcês Ferreira, 1680-?, Editor literário ; Manuel de Faria e Sousa, 1590-1649, Editor literário ; Tomás Norton, 1804-1860, Antigo possuidor";;Tipografia Lacerdina, Impressor;CAM. 456 P.;CAM500;http://id.bnportugal.gov.pt/bib/catbnp/255993;Livre
7213;Recepção criativa - Tematização | 409;Tradução - Impressos - Obras individuais - Outros | 171;;;;;;;;;;;;;;;;;;;;;;;;;;;;;;;;;;;;783484;https://purl.pt/44793;https://bndigital.bnportugal.gov.pt//i/?IIIF=/6e/58/ac/a0/6e58aca0-ab9a-4695-bf07-897dc6f38937/iiif/cam-719-p_0011.tif/full/!300,500/0/default.jpg;Livro impresso;Inglês;Português;Poems from the portuguese;;;4th ed;London : J. Carpenter;1805;1805;6, 160 p.;Luís de Camões, 1524-1580;;; Strangford, 1780-1855, Comentador de texto escrito;;;CAM. 719 P.;CAM500;http://id.bnportugal.gov.pt/bib/catbnp/783484;Livre
7214;Obra - Impressos - Obras (avulsas) - Épica | 23;Obra - Impressos - Paratextos - Obras (avulsas) - Épica | 103;Obra - Impressos - Paratextos - Obras (avulsas) - Épica - Argumentos | 105;Iconografia - Impressos - Retrato de Camões | 372;Iconografia - Impressos - Ilustrações da obra | 376;Iconografia - Impressos - Portadas | 392;Celebrações - 1880 - Edições | 468;Figuras Femininas - Autoras (produção escrita sobre Camões) | 552;Figuras Femininas - Leitoras (em torno de Camões) | 553;Iconografia - Impressos - Figuras históricas | 390;;;;;;;;;;;;;;;;;;;;;;;;;;;;790143;https://purl.pt/44822;https://bndigital.bnportugal.gov.pt//i/?IIIF=/cc/df/cd/25/ccdfcd25-26f0-47ad-b4f1-a7a5d20cc196/iiif/cam-876-p_0009.tif/full/!300,500/0/default.jpg;Livro impresso;Inglês;;Poems and translations from the Minor GreeK Poets and others;written chiefly between the ages of ten and sixteen...;;1.ª ed.;London : Longman, Hurst, Rees & Orme;1805;1805;VIII, 198 p.;;;;;;;CAM. 876 P.;CAM500;http://id.bnportugal.gov.pt/bib/catbnp/790143;Livre
7215;Recepção criativa - Tematização | 409;Obra - Impressos - Paratextos - Obras (avulsas) - Outros | 119;Vida - Biografia | 13;;;;;;;;;;;;;;;;;;;;;;;;;;;;;;;;;;Italiano;783488;https://purl.pt/44792;https://bndigital.bnportugal.gov.pt//i/?IIIF=/98/57/31/69/98573169-36ab-4b1d-b55e-e867e2153959/iiif/cam-720-p_0009.tif/full/!300,500/0/default.jpg;Livro impresso;Inglês;Português;Poems, from the portuguese;;;The third edition;London : J. Carpenter;1804;1804;4, 160 p.;Luís de Camões, 1524-1580;;; Strangford, 1780-1855, Comentador de texto escrito;;;CAM. 720 P.;CAM500;http://id.bnportugal.gov.pt/bib/catbnp/783488;Livre
7216;Obra - Impressos - Obras (avulsas) - Épica | 23;Obra - Impressos - Paratextos - Obras (avulsas) - Épica | 103;Obra - Impressos - Paratextos - Obras (avulsas) - Épica - Notas | 106;;;;;;;;;;;;;;;;;;;;;;;;;;;;;;;;;;;798623;https://purl.pt/42612;https://bndigital.bnportugal.gov.pt//i/?IIIF=/f0/b5/28/08/f0b52808-60f3-4e5e-ae1d-90ab230894f4/iiif/cam-957-p_0009.tif/full/!300,500/0/default.jpg;Livro impresso;Inglês;Português;Poems;;;1.ª ed.;London : James Carpenter;1803;1803;159 p.;Luís de Camões, 1524-1580;;; Strangford, 1780-1855, Tradutor;;;CAM. 957 P.;CAM500;http://id.bnportugal.gov.pt/bib/catbnp/798623;Livre
7217;Iconografia - Impressos - Ilustrações da obra | 376;;;;;;;;;;;;;;;;;;;;;;;;;;;;;;;;;;;;;303898;https://purl.pt/19852;https://bndigital.bnportugal.gov.pt//i/?IIIF=/8a/d7/7c/27/8ad77c27-3ca1-4f47-9eb1-faeab1ff3493/iiif/cam-1281-p_0000_capa-capa_t24-C-R0150_000011.tif/full/!300,500/0/default.jpg;Livro impresso;Inglês;Português;Poems from the portuguese;;;1.ª ed.;London : J. Carpenter;1803;1803;4, 160 p., 2 f. il.;Luís de Camões, 1524-1580;;;"Em. Mancel, 18--, Antigo possuidor ;  Strangford, 1780-1855, Comentador de texto escrito";;;CAM. 1281 P.;PCulture;http://id.bnportugal.gov.pt/bib/catbnp/303898;Livre
7218;Bibliografia crítica - Estudo | 418;Iconografia - Impressos - Figuras históricas | 390;;;;;;;;;;;;;;;;;;;;;;;;;;;;;;;;;;;Contém excertos de poemas em arábe e tradução desses excertos em francês.;196558;https://purl.pt/45070;https://bndigital.bnportugal.gov.pt//i/?IIIF=/57/58/16/52/57581652-728c-43bc-a4c0-932ea6aac128/iiif/cam-1700-v_0001.tif/full/!300,500/0/default.jpg;Livro impresso;Italiano;;Lusiada de Luís de Camões;estratti del Canto III, con un sunto di tutto il poema, dalla edizione di T. J. de Aquino..;;1.ª ed.;Roma : Ermanno Loescher & C.;1802;1802;32 p.;Luís de Camões, 1524-1580;;;;;;CAM. 1700 V.;CAM500;http://id.bnportugal.gov.pt/bib/catbnp/196558;Livre
7219;Recepção criativa - Tematização | 409;;;;;;;;;;;;;;;;;;;;;;;;;;;;;;;;;;;;"Português; Italiano; Espanhol; Francês";807656;https://purl.pt/43824;https://bndigital.bnportugal.gov.pt//i/?IIIF=/b8/ee/f4/8f/b8eef48f-3bef-4a54-8745-5a56f984fb52/iiif/cam-56-v_0007.tif/full/!300,500/0/default.jpg;Livro impresso;Sueco;Português;Lusiaderne;Första Sángen;;1.ª ed.;S.l. : s.n.;1801;1801;22 p.;Luís de Camões, 1524-1580;;;Carl Julius Lénström, Tradutor;;;CAM. 56 V.;CAM500;http://id.bnportugal.gov.pt/bib/catbnp/807656;Livre
7220;Recepção criativa - Tematização | 409;;;;;;;;;;;;;;;;;;;;;;;;;;;;;;;;;;;;;851955;https://purl.pt/43828;https://bndigital.bnportugal.gov.pt//i/?IIIF=/34/82/cf/1b/3482cf1b-4080-4ce2-92b7-9a9ccbc10f9f/iiif/cam-133-2-v_0000_000001.tif/full/!300,500/0/default.jpg;Livro impresso;Francês;;L esclave du Camoëns;opéra-comique en un acte;;1.ª ed.;S.l : Impr. de A. Henry;1801;1801;12 p.;Jules-Henri Vernoy de Saint-Georges, 1799-1875;;;Jules-Henri Vernoy de Saint-Georges, 1799-1875, Compositor;;;F. 2484;CAM500;http://id.bnportugal.gov.pt/bib/catbnp/851955;Livre
7221;Obra - Impressos - Composições soltas e fragmentos - Épica - Estrofes | 66;;;;;;;;;;;;;;;;;;;;;;;;;;;;;;;;;;;;;458605;https://purl.pt/44136;https://bndigital.bnportugal.gov.pt//i/?IIIF=/9e/6b/a8/6f/9e6ba86f-ea58-445c-b8c3-858506da47aa/iiif/cam-139-2-a_0001.tif/full/!300,500/0/default.jpg;Livro impresso;Português;;Associação Humanitaria Camões;admissão para convidado;;1.ª ed.;Lisboa : s.n.;1801;1801;1 f.;;Associação Humanitária Camões;;;;;CAM. 139//2 A.;CAM500;http://id.bnportugal.gov.pt/bib/catbnp/458605;Livre
7222;Recepção criativa - Tematização | 409;;;;;;;;;;;;;;;;;;;;;;;;;;;;;;;;;;;;;782747;https://purl.pt/44787;https://bndigital.bnportugal.gov.pt//i/?IIIF=/14/97/a3/6e/1497a36e-6de3-472e-a98f-770f565edde5/iiif/cam-710-p_0007.tif/full/!300,500/0/default.jpg;Livro impresso;Português;;Lusiada;acrescentam-se as estancias despresadas por o Poeta, as lições várias e breves notas para a illustração do poema;;1.ª ed.;S.l. : I. E. Hitzig;1801;1801;XLVI, 464 p.;Luís de Camões, 1524-1580;;;;;;CAM. 710 P.;CAM500;http://id.bnportugal.gov.pt/bib/catbnp/782747;Livre
7223;Recepção criativa - Tematização | 409;Iconografia - Impressos - Imagens de Camões | 373;Iconografia - Impressos - Figuras históricas | 390;;;;;;;;;;;;;;;;;;;;;;;;;;;;;;;;;;;255944;https://purl.pt/42916;https://bndigital.bnportugal.gov.pt//i/?IIIF=/91/9d/4e/e9/919d4ee9-9a07-48d3-8116-1c7e3d1333db/iiif/cam-98-1-p_0000_000004.tif/full/!300,500/0/default.jpg;Livro impresso;Português;;Lusiadas;;;1.ª ed.;Coimbra : na Imprensa da Universidade;1800;1800;2 t.;Luís de Camões, 1524-1580;;;"Joaquim Inácio de Freitas, ?-1831, Editor literário ; João Franco Barreto, 1600-post. 1674, Editor literário ; Inácio Garcês Ferreira, 1680-?, Editor literário ; Manuel de Faria e Sousa, 1590-1649, Editor literário ; Tomás Norton, 1804-1860, Antigo possuidor ;  Faria, Antigo possuidor";;Tipografia da Universidade, Impressor;CAM. 96 P.;CAM500;http://id.bnportugal.gov.pt/bib/catbnp/255944;Livre
7224;Tradução - Impressos - Composições soltas e fragmentos - Épica | 229;Tradução - Impressos - Composições soltas e fragmentos - Épica - Paratextos gerais | 230;Celebrações - 1880 - Traduções | 476;;;;;;;;;;;;;;;;;;;;;;;;;;;;;;;;;;"Português; Italiano";800863;https://purl.pt/42945;https://bndigital.bnportugal.gov.pt//i/?IIIF=/10/9f/ff/c4/109fffc4-85a9-4694-a9fe-8ece7f76b5cc/iiif/cam-1058-p_0000_000007.tif/full/!300,500/0/default.jpg;Livro impresso;Português;;Rimas de João Xavier de Matos, entre os pastores da Arcadia Portuense Albano Erithreo, dedicadas à memoria do Grande Luiz de Camões, Principe dos Poetas Portugueses;;;1.ª ed.;Lisboa : na Regia Off. Typ.;1800;1800;2 v.;João Xavier de Matos, 1730-1789;;;Caetano de Lima e Melo, Editor literário;;;CAM. 1058 P.;CAM500;http://id.bnportugal.gov.pt/bib/catbnp/800863;Livre
7225;Obra - Impressos - Obras (avulsas) - Épica | 23;Obra - Impressos - Paratextos - Obras (avulsas) - Épica | 103;Obra - Impressos - Paratextos - Obras (avulsas) - Épica - Argumentos | 105;Celebrações - 1880 - Edições | 468;Iconografia - Impressos - Retrato de Camões | 372;Iconografia - Impressos - Ilustrações da obra | 376;Iconografia - Impressos - Portadas | 392;Figuras Femininas - Autoras (produção escrita sobre Camões) | 552;Iconografia - Impressos - Figuras históricas | 390;;;;;;;;;;;;;;;;;;;;;;;;;;;;;1779910;https://purl.pt/43560;https://bndigital.bnportugal.gov.pt//i/?IIIF=/68/90/e9/63/6890e963-328e-4ebd-ba24-ab70de40bc15/iiif/e-1688-p_0000_000001.tif/full/!300,500/0/default.jpg;Iconografia;Espanhol;;Camoens, principe de los poetas portugueses;;;1.ª ed.;S.l. : s.n.;1800;1800;1 gravura;;;;;;;E. 1688 P.;CAM500;http://id.bnportugal.gov.pt/bib/catbnp/1779910;Livre
7226;Bibliografias e catálogos - Bibliografia | 550;Iconografia - Impressos - Retrato de Camões | 372;Iconografia - Impressos - Mapas | 387;Iconografia - Impressos - Figuras históricas | 390;;;;;;;;;;;;;;;;;;;;;;;;;;;;;;;;;;455278;https://purl.pt/44525;https://bndigital.bnportugal.gov.pt//i/?IIIF=/45/47/77/f0/454777f0-4c97-417d-b880-29d86f22458d/iiif/cam-413-v_0009.tif/full/!300,500/0/default.jpg;Livro impresso;Francês;Português;Les portugais;poëme en dix chants;;1.ª ed.;Limoges : Impr. Marc Barbou et C i e;1800;1800;192 p.;Luís de Camões, 1524-1580;;;;;;CAM. 413 V.;CAM500;http://id.bnportugal.gov.pt/bib/catbnp/455278;Livre
7227;Bibliografia crítica - Estudo | 418;;;;;;;;;;;;;;;;;;;;;;;;;;;;;;;;;;;;;784628;https://purl.pt/44796;https://bndigital.bnportugal.gov.pt//i/?IIIF=/f2/4a/bf/c0/f24abfc0-6017-4ae8-a10f-9245541b95e8/iiif/cam-728-p_0007.tif/full/!300,500/0/default.jpg;Livro impresso;Alemão;Português;Die Lusiaden;;;1.ª ed.;Stuttgart : Gebrüder Kröner;1800;1800;260 p.;Luís de Camões, 1524-1580;;;"Friedrich Adolph Kuhn, 1774-1844, Tradutor ; K. Th. Winkler, Tradutor";;;CAM. 728 P.;CAM500;http://id.bnportugal.gov.pt/bib/catbnp/784628;Livre
7228;Bibliografia crítica - Estudo | 418;Iconografia - Impressos - Figuras históricas | 390;Iconografia - Impressos - Mapas - Rota de Gama | 388;;;;;;;;;;;;;;;;;;;;;;;;;;;;;;;;;;;796042;https://purl.pt/44815;https://bndigital.bnportugal.gov.pt//i/?IIIF=/8e/2e/84/0b/8e2e840b-d47a-4fed-9759-393e227be23c/iiif/cam-942-p_0003.tif/full/!300,500/0/default.jpg;Livro impresso;Francês;;Catalogue dune collection de Lusiades;;;1.ª ed.;Paris : Guillard, Aillaud et Cie;1800;1800;10 p.;;;;;;;CAM. 942 P.;CAM500;http://id.bnportugal.gov.pt/bib/catbnp/796042;Livre
7229;Bibliografia crítica - Estudo | 418;;;;;;;;;;;;;;;;;;;;;;;;;;;;;;;;;;;;;796045;https://purl.pt/44818;https://bndigital.bnportugal.gov.pt//i/?IIIF=/cc/c9/fe/c6/ccc9fec6-d1bd-43bc-86b0-4ac480c45714/iiif/cam-943-p_0005.tif/full/!300,500/0/default.jpg;Livro impresso;Português;;Os Lusiadas;;;1.ª ed.;Lisboa : Livr. Barateira;1800;1800;95, 1 p.;Luís de Camões, 1524-1580;;;;;;CAM. 943 P.;CAM500;http://id.bnportugal.gov.pt/bib/catbnp/796045;Livre
7230;Recepção criativa - Tematização | 409;;;;;;;;;;;;;;;;;;;;;;;;;;;;;;;;;;;;;256278;https://purl.pt/42927;https://bndigital.bnportugal.gov.pt//i/?IIIF=/07/95/0c/f3/07950cf3-f41e-4627-aa2e-8eef2264454e/iiif/cam-1648-v_0000_000003.tif/full/!300,500/0/default.jpg;Livro impresso;Inglês;;The Lusiad or, the discovery of India;An epic poem /;;3.a ed.;London : printed for T. Cadell Jun and W. Davies;1798;1798;"2 vol. 4, CCCL, 1, 146; 4, 444 p.";Luís de Camões, 1524-1580;;;"William Julius Mickle, 1734-1788, Tradutor ; S. George West, 1909-1987, Antigo possuidor";;;CAM. 50 V.;CAM500;http://id.bnportugal.gov.pt/bib/catbnp/256278;Livre
7231;Recepção criativa - Tematização | 409;;;;;;;;;;;;;;;;;;;;;;;;;;;;;;;;;;;;;1790475;https://purl.pt/43558;https://bndigital.bnportugal.gov.pt//i/?IIIF=/77/13/3c/98/77133c98-3727-4a8b-8023-3640c6aa758c/iiif/e-157-pq_0000_000001.tif/full/!300,500/0/default.jpg;Iconografia;Português;;Luiz de Camoes;Apollo portuguez honra de Espanha nasceu 1524, morreo 1570, optimo poetñ Lt. Baro de Dillon dedicavit 1782;;1.ª ed.;Lisboa : s.n.;1793;1793;1 gravura;;;;"Tomás José de Aquino, 1718/20-1804, Editor literário ; José Lúcio da Costa, 1763-fl. até 1810, Gravador (aguafortista) ; John Talbot Dillon, 1739-1805, Antecedente bibliográfico";;;E. 157 PQ.;CAM500;http://id.bnportugal.gov.pt/bib/catbnp/1790475;Livre
7232;Bibliografia crítica - Estudo | 418;;;;;;;;;;;;;;;;;;;;;;;;;;;;;;;;;;;;;1072941;https://purl.pt/45115;https://bndigital.bnportugal.gov.pt//i/?IIIF=/1d/ec/23/82/1dec2382-4086-4ea6-bdde-935a2fdf4f94/iiif/cam-1922-v_0011.tif/full/!300,500/0/default.jpg;Livro impresso;Neerlandês;;Ines de Castro;treurspel;;1.ª ed.;Amsterdam : Johannes Allart;1793;1793;VI, 4, 103 p.;Rhijnvis Feith, 1753-1824;;;"Reinier Vinkeles, 1741-1816, Gravador ; Johannes Allart, 1754-1816, Impressor";;;CAM. 1922 V.;CAM500;http://id.bnportugal.gov.pt/bib/catbnp/1072941;Livre
7233;Tradução - Impressos - Composições soltas e fragmentos - Épica | 229;Tradução - Impressos - Obras individuais - Épica - Paratextos gerais | 152;Obra - Impressos - Composições soltas e fragmentos - Épica - Estrofes | 66;Iconografia - Impressos - Retrato de Camões | 372;Iconografia - Impressos - Figuras históricas | 390;;;;;;;;;;;;;;;;;;;;;;;;;;;;;;;;;807567;https://purl.pt/42617;https://bndigital.bnportugal.gov.pt//i/?IIIF=/a8/86/25/9a/a886259a-3e34-4058-aa6a-f259265bbedb/iiif/cam-48-v_0000_000011.tif/full/!300,500/0/default.jpg;Livro impresso;Inglês;Português;The Lusiad or the discovery of India;an epic poem;;3rd ed;Dublin : printed by Graisberry and Campbell;1791;1791;2 v.;Luís de Camões, 1524-1580;;;William Julius Mickle, 1734-1788, Tradutor;;;CAM. 48 V.;CAM500;http://id.bnportugal.gov.pt/bib/catbnp/807567;Livre
7234;Bibliografia crítica - Estudo | 418;;;;;;;;;;;;;;;;;;;;;;;;;;;;;;;;;;;;;259877;https://purl.pt/23655;https://bndigital.bnportugal.gov.pt//i/?IIIF=/9e/9b/06/9a/9e9b069a-285e-4af2-a84e-47feb1545612/iiif/cam-275-p_0000_capa-capa_t24-C-R0150_000011.tif/full/!300,500/0/default.jpg;Livro impresso;Polaco;Português;Luziada Kamoensa czyli odkrycie Indyy wschodnich;poema w piesniach dziesieciu przekladania;;1.ª ed.;W Krakowie : W Drukarni Antoniego Grebla;1790;1790;8, 351, 1 p.;Luís de Camões, 1524-1580;;;Ludwig Korotynski, Antigo possuidor;;;CAM. 275 P.;;http://id.bnportugal.gov.pt/bib/catbnp/259877;Livre
7235;Recepção - Citação | 410;;;;;;;;;;;;;;;;;;;;;;;;;;;;;;;;;;;;;1981475;https://purl.pt/43551;https://bndigital.bnportugal.gov.pt//i/?IIIF=/3e/e0/0f/14/3ee00f14-ca8c-4608-a7e5-c7f036f78dbc/iiif/cod-8610_0005.tif/full/!300,500/0/default.jpg;Livro manuscrito;Português;;Colleção de Sonetos, serios que se não achão impresos, extrahidos dos manuscritos antigos, e modernos;;;1.ª ed.;;1786;1786;II, 448, XXII p., enc.;;;"Luís de Camões, 1524-1580, Autor ; José Basílio da Gama, 1741-1795, Autor ; António Ribeiro dos Santos, 1745-1818, Autor ; Correia Garção, 1724-1771, Autor ; António das Chagas, 1631-1682, Autor";"António Lourenço Caminha, ?-1831, Compilador ; Carlos Ferreira Borges, ca 1800, Antigo possuidor ;  Alorna, 1750-1839, Autor incerto";;;COD. 8610;CAM500;http://id.bnportugal.gov.pt/bib/catbnp/1981475;Livre
7236;Bibliografia crítica - Estudo | 418;;;;;;;;;;;;;;;;;;;;;;;;;;;;;;;;;;;;;255920;https://purl.pt/44093;https://bndigital.bnportugal.gov.pt//i/?IIIF=/07/a0/69/30/07a06930-9333-48fd-821f-e80d59b8e215/iiif/cam-318-2-p_0000_000001.tif/full/!300,500/0/default.jpg;Livro impresso;Português;;Carta em resposta a hum amigo, na qual se mostra, que, pela figura synalepha, assim como na latina, se podem elidir os dithongos na versificação vulgar;;;1.ª ed.;Lisboa : na Officina de Simão Thaddeo Ferreira;1785;1785;90, 2 p.;Tomás José de Aquino, 1718/20-1804;;;Simão Tadeu Ferreira, fl. 178--1831, Impressor;;;L. 15744//2 P.;CAM500;http://id.bnportugal.gov.pt/bib/catbnp/255920;Livre
7237;Bibliografia crítica - Estudo | 418;;;;;;;;;;;;;;;;;;;;;;;;;;;;;;;;;;;;;800870;https://purl.pt/43887;https://bndigital.bnportugal.gov.pt//i/?IIIF=/6d/03/e5/53/6d03e553-ce6a-40fb-9dc1-3fdf08a2a6c6/iiif/cam-1061-p_0000_000013.tif/full/!300,500/0/default.jpg;Livro impresso;Português;;Sonetos a Dona Ignez de Castro;;;1.ª ed.;Lisboa : na Officina de Filippe da Silva e Azevedo;1784;1784;15, 1 br. p.;António Ribeiro dos Santos, 1745-1818;;;Filipe da Silva e Azevedo, fl. 1745-1793, Impressor;;;H.G. 9789//6 P.;CAM500;http://id.bnportugal.gov.pt/bib/catbnp/800870;Livre
7238;Obra - Impressos - Composições soltas e fragmentos - Épica - Estrofes | 66;Tradução - Impressos - Composições soltas e fragmentos - Épica - Paratextos gerais | 230;Tradução - Impressos - Composições soltas e fragmentos - Épica - Paratextos notas | 233;Iconografia - Impressos - Retrato de Camões | 372;Iconografia - Impressos - Figuras históricas | 390;Iconografia - Impressos - Ilustrações da obra | 376;Iconografia - Impressos - Mapas - Rota de Gama | 388;Iconografia - Impressos - Outros | 393;;;;;;;;;;;;;;;;;;;;;;;;;;;;;;322463;https://purl.pt/45027;https://bndigital.bnportugal.gov.pt//i/?IIIF=/9c/90/94/48/9c909448-7815-453c-820e-c7a62a58a5ca/iiif/cam-1461-p_0007.tif/full/!300,500/0/default.jpg;Livro impresso;Português;;"Camões defendido; e o editor da edição de 1779, e o censor deste julgados sem paixão em huma carta";;;1.ª ed.;Lisboa : na Regia Officina Typographica;1784;1784;48 p.;José Valério da Cruz, 1749-1826;;;;;;CAM. 315//3 P.;CAM500;http://id.bnportugal.gov.pt/bib/catbnp/322463;Livre
7239;Recepção criativa - Tematização | 409;;;;;;;;;;;;;;;;;;;;;;;;;;;;;;;;;;;;;322579;https://purl.pt/44218;https://bndigital.bnportugal.gov.pt//i/?IIIF=/56/24/fc/45/5624fc45-f795-4a0f-b53b-5ae722831028/iiif/cam-318-1-p_0000_000001.tif/full/!300,500/0/default.jpg;Livro impresso;Português;;Juizo do juizo imparcial do moderno anonimo, o qual em vaõ pertendeo sic defender os erros da Ediçaõ novissima do poema da Lusiada do grande Luiz de Camões;;;1.ª ed.;Lisboa : na Of. Patr. de Francisco Luiz Ameno;1784;1784;83. 1, 4 br. p.;José Clemente, 1720-1798;;;;;;CAM. 316//4 P.;CAM500;http://id.bnportugal.gov.pt/bib/catbnp/322579;Livre
7240;Bibliografia crítica - Estudo | 418;Iconografia - Impressos - Figuras históricas | 390;;;;;;;;;;;;;;;;;;;;;;;;;;;;;;;;;;;;255888;https://purl.pt/44034;https://bndigital.bnportugal.gov.pt//i/?IIIF=/a9/18/42/77/a9184277-0f47-4ab4-a5ed-e878167f33b9/iiif/cam-321-p_0000_000007.tif/full/!300,500/0/default.jpg;Livro impresso;Português;;Discurso crítico, em que se defende a nova edição da Lusiada do grande Luiz de Camões, feita no anno de 1779, das accusações que contra ella publicou o Author da Carta de hum Amigo a outro, etc;;;1.ª ed.;Lisboa : na Officina de Simão Thaddeo Ferreira;1784;1784;105, 3 p.;Tomás José de Aquino, 1718/20-1804;;;Simão Tadeu Ferreira, fl. 178--1831, Impressor;;;L. 24473 P.;CAM500;http://id.bnportugal.gov.pt/bib/catbnp/255888;Livre
7241;Tradução - Impressos - Antologia - Lírica | 208;Tradução - Impressos - Antologia - Lírica - Paratextos gerais | 209;;;;;;;;;;;;;;;;;;;;;;;;;;;;;;;;;;;;322325;https://purl.pt/44397;https://bndigital.bnportugal.gov.pt//i/?IIIF=/63/5e/9c/47/635e9c47-8907-4111-a497-3e7476657376/iiif/cam-320-p_0007.tif/full/!300,500/0/default.jpg;Livro impresso;Português;;Carta de hum amigo a outro, na qual se forma juizo da edição novíssima do poema da Lusiada do grande Luiz de Camões que sahio a luz no anno de 1779;;;1.ª ed.;Lisboa : na Of. Patr. de Francisco Luiz Ameno;1783;1783;80 p.;José Clemente, 1720-1798;;;Francisco Luís Ameno, 1713-1793, Impressor;;;CAM. 315//1 P.;CAM500;http://id.bnportugal.gov.pt/bib/catbnp/322325;Livre
7242;Recepção criativa - Tematização | 409;;;;;;;;;;;;;;;;;;;;;;;;;;;;;;;;;;;;;246717;https://purl.pt/43853;https://bndigital.bnportugal.gov.pt//i/?IIIF=/cc/e9/af/da/cce9afda-11be-44bb-bcd9-4d42baaa50c2/iiif/cam-655-p_0000_000005.tif/full/!300,500/0/default.jpg;Livro impresso;Português;;Obras;;;1.ª ed.;Lisboa : Na Offic. de Simão Thaddeo Ferreira;1782;1782;5 v.;Luís de Camões, 1524-1580;;;;;;CAM. 655 P.;CAM500;http://id.bnportugal.gov.pt/bib/catbnp/246717;Livre
7243;Iconografia - Impressos - Imagens de Camões | 373;Iconografia - Impressos - Lugares de memória | 391;Iconografia - Impressos - Outros | 393;;;;;;;;;;;;;;;;;;;;;;;;;;;;;;;;;;;254985;https://purl.pt/42602;https://bndigital.bnportugal.gov.pt//i/?IIIF=/2e/fb/ae/b3/2efbaeb3-bd73-4fe7-9f2e-fcdcf4197e1b/iiif/cam-86-p_0000_000005.tif/full/!300,500/0/default.jpg;Livro impresso;Português;;Obras de Luis de Camões, Principe dos Poetas de Hespanha;;;Segunda edição, da que, na Officina Luisiana, se fez em Lisboa nos annos de 1779, e 1780;Lisboa : na Offic. de Simão Thaddeo Ferreira;1782;1782;4 t. em 5 vol.;Luís de Camões, 1524-1580;;;"Tomás José de Aquino, 1718/20-1804, Editor literário ; José Lúcio da Costa, 1763-fl. até 1810, Gravador em metal ; Jerónimo de Barros Ferreira, 1750-1803, Ilustrador ; Simão Tadeu Ferreira, fl. 178--1831, Impressor ; Tomás Norton, 1804-1860, Antigo possuidor";;;F. 3231;CAM500;http://id.bnportugal.gov.pt/bib/catbnp/254985;Livre
7244;Obra - Impressos - Obras (avulsas) - Épica | 23;Obra - Impressos - Paratextos - Obras (avulsas) - Épica | 103;Obra - Impressos - Paratextos - Obras (avulsas) - Épica - Vida | 104;Obra - Impressos - Paratextos - Obras (avulsas) - Épica - Argumentos | 105;Iconografia - Impressos - Retrato de Camões | 372;Iconografia - Impressos - Outros | 393;;;;;;;;;;;;;;;;;;;;;;;;;;;;;;;;322214;https://purl.pt/44114;https://bndigital.bnportugal.gov.pt//i/?IIIF=/5b/e8/93/e6/5be893e6-c289-4b66-841b-878b12434034/iiif/cam-312-p_0000_000010.tif/full/!300,500/0/default.jpg;Livro impresso;Alemão;;Magazin der Spanischen und portugiesischen litteratur;;;1.ª ed.;Weimar : In der Hoffmannischen Buchhandlung;1780;1780;4, 412 p.;;;;"Friederich  Justin Bertuch, 1748-1822, Editor literário ;  Geyser, Ilustrador";;;CAM. 312 P.;CAM500;http://id.bnportugal.gov.pt/bib/catbnp/322214;Livre
7245;Vida - Biografia | 13;Figuras Femininas - Autoras (produção escrita sobre Camões) | 552;;;;;;;;;;;;;;;;;;;;;;;;;;;;;;;;;;;;475180;https://purl.pt/44657;https://bndigital.bnportugal.gov.pt//i/?IIIF=/1f/3e/25/a5/1f3e25a5-9487-4e5d-9ee2-bb25dc3c8a95/iiif/cam-572-v_0003.tif/full/!300,500/0/default.jpg;Livro manuscrito;Português;;Memoria em defeza de Camoens conta Monseigneur de La Harpe;;;1.ª ed.;;1780;1780;10 f.; Barca, 1754-1817;;; La Harpe, Antecedente bibliográfico;;;F.R. 1297;CAM500;http://id.bnportugal.gov.pt/bib/catbnp/475180;Livre
7246;Bibliografia crítica - Estudo | 418;;;;;;;;;;;;;;;;;;;;;;;;;;;;;;;;;;;;;254962;https://purl.pt/42843;https://bndigital.bnportugal.gov.pt//i/?IIIF=/59/ba/35/ec/59ba35ec-0b4e-4b92-9a7b-2ce652a2bfc2/iiif/cam-77-p_0000_000004.tif/full/!300,500/0/default.jpg;Livro impresso;Português;;Obras de Luis de Camões, principe dos poetas de Hespanha;;;Nova ediçaõ, a mais completa e emendada de quantas se tem feito até o presente;Lisboa : na Officina Luisiana;1779;1779;4 t.;Luís de Camões, 1524-1580;;;"António Fernandes Rodrigues, 1727-1807, Gravador em metal ; Tomás José de Aquino, 1718/20-1804, Autor da introdução, etc. ; Luís Francisco Xavier Coelho, ?-1780, Editor comercial ; Tomás Norton, 1804-1860, Antigo possuidor";;Oficina Luisiana, Impressor;TR. 6271 P.;CAM500;http://id.bnportugal.gov.pt/bib/catbnp/254962;Livre
7247;Tradução - Impressos - Composições soltas e fragmentos - Épica | 229;Tradução - Impressos - Composições soltas e fragmentos - Épica - Paratextos gerais | 230;;;;;;;;;;;;;;;;;;;;;;;;;;;;;;;;;;;;729122;https://purl.pt/12937;https://bndigital.bnportugal.gov.pt//i/?IIIF=/15/56/29/ac/155629ac-1d4f-4db2-92f1-9e806d18975b/iiif/e-4482-p_0000_000001.tif/full/!300,500/0/default.jpg;Iconografia;Latim;;Ludovicus Camonius, Lusitanus epicorum poetar, in Hispania Princeps, vixit an. LV. obiit an M.DLXXIX;;;1.ª ed.;Lisboa : na Officina Luisiana;1779;1779;1 gravura;António Fernandes Rodrigues, 1727-1807;;;;;Oficina Luisiana, Impressor;PURL 12937/0;;http://id.bnportugal.gov.pt/bib/catbnp/729122;Livre
7248;Tradução - Impressos - Composições soltas e fragmentos - Épica - Paratextos gerais | 230;Tradução - Impressos - Antologia - Lírica - Paratextos gerais | 209;Recepção criativa - Tematização | 409;;;;;;;;;;;;;;;;;;;;;;;;;;;;;;;;;;"Português; italiano";381588;https://purl.pt/19853;https://bndigital.bnportugal.gov.pt//i/?IIIF=/ce/25/45/e9/ce2545e9-68b4-403c-bc10-126f7c29eef9/iiif/cam-38-a_0000_capa-capa_t24-C-R0150_000007.tif/full/!300,500/0/default.jpg;Livro impresso;Inglês;Português;"The Lusiad; or, the discovery of India";an epic poem;;The second edition;Oxford : printed by Jackson and Lister;1778;1778;CCXXXVI, 496 p.;Luís de Camões, 1524-1580;;;"William Julius Mickle, 1734-1788, Tradutor ; Cipriano Ribeiro Freire, 1749-1824, Antigo possuidor";;"Jackson and Lister. Comissão Nacional para as Comemorações dos Descobrimentos Portugueses, Impressor ; Livraria Esquina. Comissão Nacional para as Comemorações dos Descobrimentos Portugueses, Antigo possuidor ; Portugal. Comissão Nacional para as Comemorações dos Descobrimentos Portugueses, Antigo possuidor";CAM. 38 A.;PCulture;http://id.bnportugal.gov.pt/bib/catbnp/381588;Livre
7249;Tradução - Impressos - Antologia - Lírica - Paratextos gerais | 209;Iconografia - Impressos - Retrato de Camões | 372;;;;;;;;;;;;;;;;;;;;;;;;;;;;;;;;;;;;259828;https://purl.pt/23649;https://bndigital.bnportugal.gov.pt//i/?IIIF=/46/6b/f4/64/466bf464-afe3-42d4-ad1d-22ca68557b64/iiif/cam-271-p_0000_capa-capa_t24-C-R0150_000009.tif/full/!300,500/0/default.jpg;Livro impresso;Neerlandês;Português;De Lusiade van Louis Camoëns;heldendicht in X Zangen;;1.ª ed.;Te Middelburg : by Willem Abrahams;1777;1777;4, XXIV, 405 p.;Luís de Camões, 1524-1580;;;"Lambartus Pieters Zoon Stoppendaal, fl. 1777, Tradutor ; Willem Abrahams, fl. 1772-1788, Livreiro ; Genit Warnars, fl. 1769-1899, Impressor";;;CAM. 271 P.;;http://id.bnportugal.gov.pt/bib/catbnp/259828;Livre
7250;Recepção criativa - Tematização | 409;;;;;;;;;;;;;;;;;;;;;;;;;;;;;;;;;;;;;259103;https://purl.pt/42834;https://bndigital.bnportugal.gov.pt//i/?IIIF=/15/a9/dd/8a/15a9dd8a-7905-45f9-b66d-e369667d8474/iiif/cam-215-p_0000_000007.tif/full/!300,500/0/default.jpg;Livro impresso;Francês;;La Lusiade de Louis Camoens;poeme heroique en dix chants;;1.ª ed.;A Paris : chez Nyon;1776;1776;"2 vol. 4, XXIX, 3, 320 ; 4, 291, 4 p.";Luís de Camões, 1524-1580;;;;;;CAM. 215 P.;CAM500;http://id.bnportugal.gov.pt/bib/catbnp/259103;Livre
7251;Obra - Impressos - Obras (avulsas) - Épica | 23;Obra - Impressos - Paratextos - Obras (avulsas) - Épica | 103;Obra - Impressos - Paratextos - Obras (avulsas) - Épica - Vida | 104;Obra - Impressos - Paratextos - Obras (avulsas) - Épica - Argumentos | 105;Obra - Impressos - Paratextos - Obras (avulsas) - Épica - Notas | 106;Iconografia - Impressos - Retrato de Camões | 372;;;;;;;;;;;;;;;;;;;;;;;;;;;;;;;;381585;https://purl.pt/23671;https://bndigital.bnportugal.gov.pt//i/?IIIF=/c3/b2/ce/4f/c3b2ce4f-707e-4a69-833d-62f9817b41b6/iiif/cam-95-a_0000_capa-capa_t24-C-R0150_000005.tif/full/!300,500/0/default.jpg;Livro impresso;Inglês;Português;The Lusiad;an epic poem;;1.ª ed.;Oxford : printed by Jackson and Lister;1776;1776;12, clxvii, 1, 484 p.;Luís de Camões, 1524-1580;;;William Julius Mickle, 1734-1788, Tradutor;;Jackson and Lister, Impressor;CAM. 37 A.;PCulture;http://id.bnportugal.gov.pt/bib/catbnp/381585;Livre
7252;Bibliografia crítica - Obra | 412;;;;;;;;;;;;;;;;;;;;;;;;;;;;;;;;;;;; Italiano;798620;https://purl.pt/44831;https://bndigital.bnportugal.gov.pt//i/?IIIF=/ab/a8/0b/cc/aba80bcc-0819-4b54-b782-d0100f1edcb3/iiif/cam-956-p_0009.tif/full/!300,500/0/default.jpg;Livro impresso;Francês;Português;La Lusiade;;;1.ª ed.;Londres : s.n.;1776;1776;XVI, 299 p.;Luís de Camões, 1524-1580;;;J. F. La Harpe, Tradutor;;;CAM. 956 P.;CAM500;http://id.bnportugal.gov.pt/bib/catbnp/798620;Livre
7253;Bibliografia crítica - Tradução | 413;Iconografia - Impressos - Portadas | 392;;;;;;;;;;;;;;;;;;;;;;;;;;;;;;;;;;; Italiano;2012422;https://purl.pt/43547;https://bndigital.bnportugal.gov.pt//i/?IIIF=/1d/d3/35/80/1dd33580-7582-4a79-b967-0aa1f738bd78/iiif/cod-8630_0007.tif/full/!300,500/0/default.jpg;Livro manuscrito;Português;;"Zamparineida. Metrica-Laudatica-Satyrica; ou Colleção das Obras Poéticas, prò, e contra, feitas em Lisbôa à Cantora Italianna, Anna Zamparine, e ao Padre Manoel de Macedo.";;;1.ª ed.;;1774;1774;188 f.;;;"João Xavier de Matos, 1730-1789, Autor ; José Basílio da Gama, 1741-1795, Autor ; Nicolau Tolentino, 1740-1811, Autor ; António Lobo de Carvalho, 1730-1787, Autor";"Carlos Ferreira Borges, ca 1800, Antigo possuidor ; Luís de Camões, 1524-1580, Antecedente bibliográfico";;;COD. 8630;CAM500;http://id.bnportugal.gov.pt/bib/catbnp/2012422;Livre
7254;Recepção criativa - Tematização | 409;;;;;;;;;;;;;;;;;;;;;;;;;;;;;;;;;;;;;254916;https://purl.pt/42914;https://bndigital.bnportugal.gov.pt//i/?IIIF=/3f/a5/b7/77/3fa5b777-343f-4f42-b434-153095605222/iiif/cam-67-p_0000_000009.tif/full/!300,500/0/default.jpg;Livro impresso;Português;;Obras de Luiz de Camoens principe dos poetas portuguezes;;;Novamente reimpressas, e dedicadas ao... Marquez de Pombal...;Lisboa : na Officina de Miguel Rodrigues, Impressor do Eminent. Card. Patriarca : vendem-se em casa do mesmo Miguel Rodrigues;1772;1772;3 t.;Luís de Camões, 1524-1580;;;"Miguel Rodrigues, fl. 1726-1775, Impressor ; Jean Baptiste Scotin, 1698-?, Gravador em metal ; Manuel Freire, fl. 1772-1785, Gravador em metal ; Jean Baptiste Michel Le Bouteux, 1682-depois de 1764, Gravador em metal ; Tomás Norton, 1804-1860, Antigo possuidor";;;CAM. 67 P.;CAM500;http://id.bnportugal.gov.pt/bib/catbnp/254916;Livre
7255;Música - Impressos | 405;;;;;;;;;;;;;;;;;;;;;;;;;;;;;;;;;;;;;475201;https://purl.pt/43869;https://bndigital.bnportugal.gov.pt//i/?IIIF=/1f/c4/c9/63/1fc4c963-2f30-4534-a8ad-21cd387887d2/iiif/cam-64-v_0005.tif/full/!300,500/0/default.jpg;Livro manuscrito;Francês;;La morte dInes de Castro et Adamastor;morceaux tirés et traduits de la Luziade;;1.ª ed.;;1772;1772;19 f.;Luís de Camões, 1524-1580;;;Sulpice Gaubier de Barrault, ?-1773, Tradutor;;;F.R. 937;CAM500;http://id.bnportugal.gov.pt/bib/catbnp/475201;Livre
7256;Iconografia - Impressos - Ilustrações da obra | 376;;;;;;;;;;;;;;;;;;;;;;;;;;;;;;;;;;;;;589426;https://purl.pt/44984;https://bndigital.bnportugal.gov.pt//i/?IIIF=/47/60/ba/65/4760ba65-3b75-49e2-94fd-1d661380ee6b/iiif/cam-1272-p_0007.tif/full/!300,500/0/default.jpg;Livro impresso;Português;;Obras de Luiz de Camoens principe dos poetas portuguezes;;;Novamente impressas e dedicadas ao... Marquez de Pombal... por Miguel Rodrigues;Lisboa : na Officina de Miguel Rodrigues;1772;1772;2 vol.;Luís de Camões, 1524-1580;;;Miguel Rodrigues, fl. 1726-1775, Impressor;;;CAM. 1272 P.;CAM500;http://id.bnportugal.gov.pt/bib/catbnp/589426;Livre
7257;Música - Manuscritos | 406;Tradução - Manuscritos - Fragmentos - Lírica | 313;;;;;;;;;;;;;;;;;;;;;;;;;;;;;;;;;;;;259434;https://purl.pt/44331;https://bndigital.bnportugal.gov.pt//i/?IIIF=/70/61/0b/88/70610b88-fdc0-4a58-8c43-3c1c039be1d0/iiif/cam-231-p_0011.tif/full/!300,500/0/default.jpg;Livro impresso;Italiano;;La Lusiade o sia la scorpeta delle Inde Orientali fatta da Portoghesi;;;Ed. ora nello stesso metro tradotta in italiano da N.N. piemontese;Torino : presso li Fratelli Reycends;1772;1772;XXVI, 2, 304 p.;Luís de Camões, 1524-1580;;;Miguel Antonio Gazzano, Tradutor;;;CAM. 231 P.;CAM500;http://id.bnportugal.gov.pt/bib/catbnp/259434;Livre
7258;Música - Manuscritos | 406;Celebrações - 1924 - Música | 512;Obra - Impressos - Composições soltas e fragmentos - Teatro | 82;;;;;;;;;;;;;;;;;;;;;;;;;;;;;;;;;;;261532;https://purl.pt/44378;https://bndigital.bnportugal.gov.pt//i/?IIIF=/dc/05/d9/b7/dc05d9b7-7445-42f9-8ef8-39f2b57165b5/iiif/cam-293-p_0013.tif/full/!300,500/0/default.jpg;Livro impresso;"Francês ; Português";;La mort dInes de Castro et Adamastor;morceaux tirés et traduits de la Luziada de Camoens pour servir dessai a une traduction françoise en vers et complete de ce fameux poëme portugais...;;1.ª ed.;A Lisbonne : Imprimerie Royale;1772;1772;33 p.;Luís de Camões, 1524-1580;;;Sulpice Gaubier de Barrault, ?-1773, Tradutor;;;L. 25667//14 P.;CAM500;http://id.bnportugal.gov.pt/bib/catbnp/261532;Livre
7259;Música - Manuscritos | 406;Obra - Manuscritos - Textos avulsos e fragmentos - Lírica | 146;Celebrações - 1924 - Música | 512;;;;;;;;;;;;;;;;;;;;;;;;;;;;;;;;;;;259051;https://purl.pt/42606;https://bndigital.bnportugal.gov.pt//i/?IIIF=/a5/13/03/82/a5130382-6c50-4b92-9b2c-dd2513a925fa/iiif/cam-212-p_0000_000005.tif/full/!300,500/0/default.jpg;Livro impresso;Francês;;La Lusiade du Camoens;poeme heroique sur la découverte des Indes Orientales;;1.ª ed.;A Paris : chez Briasson;1768;1768;"3 v. 4, LXIX, 3, 319 ; 4, 424i.é. 364 ; 334 p. ; 1217 cm";Luís de Camões, 1524-1580;;;Louis-Adrien Du Perron de Castera, 1705-1752, Tradutor;;Ordem de Cister. Mosteiro de Santa Maria, Antigo possuidor;CAM. 212 P.;CAM500;http://id.bnportugal.gov.pt/bib/catbnp/259051;Livre
7260;Música - Impressos | 405;Obra - Impressos - Obras (avulsas) - Lírica - Soneto | 35;;;;;;;;;;;;;;;;;;;;;;;;;;;;;;;;;;;Português e Galego?;2146321;https://purl.pt/43573;https://bndigital.bnportugal.gov.pt//i/?IIIF=/bf/48/77/54/bf487754-7d62-458e-92e5-8bc8f57fcfa9/iiif/cod-4655_0007.tif/full/!300,500/0/default.jpg;Livro manuscrito;Português;;Obras;Censura de huma Traducção das Metamorfoses de Públio Ovidio Nasao que fez o Ferraz Irmão do Dezembargador do Paço Pedro Viegas.;;1.ª ed.;;1765;1765;196 f.;António Ribeiro dos Santos, 1745-1818;;;;;;COD. 4655;CAM500;http://id.bnportugal.gov.pt/bib/catbnp/2146321;Livre
7261;Música - Manuscritos | 406;Obra - Manuscritos - Textos avulsos e fragmentos - Lírica | 146;;;;;;;;;;;;;;;;;;;;;;;;;;;;;;;;;;;;254896;https://purl.pt/42844;https://bndigital.bnportugal.gov.pt//i/?IIIF=/68/ce/40/56/68ce4056-772d-4b91-84ef-c960fba49aeb/iiif/cam-59-p_0000_000011.tif/full/!300,500/0/default.jpg;Livro impresso;Português;;Obras de Luis de Camoens;;;Nova ediçaõ;Paris : a custa de Pedro Gendron : vende se em Lisboa, em casa de Bonardel & Dubeux, Mercadores de Livros;1759;1759;3 t.;Luís de Camões, 1524-1580;;;"João Franco Barreto, 1600-post. 1674, Editor literário ; Inácio Garcês Ferreira, 1680-?, Editor literário ; Pierre Gendron, fl. 1743-1779?, Editor comercial ; José Bonnardel, fl. 175--176-, Livreiro ; Jean-Joseph Dubeux, fl. 1755-179-, Livreiro ; Claude Dubeux, fl. 1755-178-, Livreiro ; Tomás Norton, 1804-1860, Antigo possuidor ; François Ambroise Didot, fl. 1753-1789, Impressor";;;F. 3230;CAM500;http://id.bnportugal.gov.pt/bib/catbnp/254896;Livre
7262;Música - Manuscritos | 406;Obra - Manuscritos - Textos avulsos e fragmentos - Lírica | 146;;;;;;;;;;;;;;;;;;;;;;;;;;;;;;;;;;;;254799;https://purl.pt/43826;https://bndigital.bnportugal.gov.pt//i/?IIIF=/57/df/e2/5a/57dfe25a-ed3f-4449-b46e-4bd33ce8b3a0/iiif/cam-58-p_0007.tif/full/!300,500/0/default.jpg;Livro impresso;Português;;Os Lusiadas;;;1.ª ed.;Lisboa : na Of. de Manoel Coelho Amado, e à sua custa impresso;1749;1749;12, 457, 1 br., 10 p.;Luís de Camões, 1524-1580;;;"João Franco Barreto, 1600-post. 1674, Editor literário ; João Gomes do Pego, ?-1660, Autor ; Diogo Taborda Leitão, 15--, Autor ; Diogo Bernardes, ca 1530-1596, Autor ; Manuel Coelho Amado, fl. 1747-1777, Impressor ; Tomás Norton, 1804-1860, Antigo possuidor";;;CAM. 57 P.;CAM500;http://id.bnportugal.gov.pt/bib/catbnp/254799;Livre
7263;Obra - Manuscritos - Textos avulsos e fragmentos - Épica | 145;Iconografia - Impressos - Em torno de Camões | 374;;;;;;;;;;;;;;;;;;;;;;;;;;;;;;;;;;;;259033;https://purl.pt/23636;https://bndigital.bnportugal.gov.pt//i/?IIIF=/81/9e/c1/15/819ec115-acbb-41d1-9214-ca754be7bf56/iiif/cam-211-p_0000_capa-capa_t24-C-R0150_000009.tif/full/!300,500/0/default.jpg;Livro impresso;Francês;Português;La Lusiade du Camoens;poeme heroique sur la decouverte des Indes Orientales;;1.ª ed.;A Paris : chez Huart, ruë S. Jacques, à la Justice : chez David, quay des Augustins, à la Providence : chez Briasson, ruë S. Jacques, à la Science : chez Clousier, ruë S. Jacques, à lEcu de France;1735;1735;3 vol.;Luís de Camões, 1524-1580;;;"Pierre Michel Huart, fl. 1717-1764, Impressor ; Michel-Étienne David, fl. 1700-1756, Impressor ; Antoine-Claude Briasson, fl. 1724-1775, Impressor ; Jacques Clousier, fl. 1727-1749, Impressor ; Louis-Adrien Du Perron de Castera, 1705-1752, Tradutor ; Jean Baptiste Scotin, 1698-?, Gravador em madeira";;;CAM. 209 P.;;http://id.bnportugal.gov.pt/bib/catbnp/259033;Livre
7264;Música - Manuscritos | 406;Obra - Manuscritos - Textos avulsos e fragmentos - Lírica | 146;;;;;;;;;;;;;;;;;;;;;;;;;;;;;;;;;;;;357080;https://purl.pt/43539;https://bndigital.bnportugal.gov.pt//i/?IIIF=/c8/af/92/e1/c8af92e1-6c67-4402-ae49-f865ebd60c9f/iiif/cam-1-v_0000_000009.tif/full/!300,500/0/default.jpg;Livro impresso;Português;;Lusiada;;;1.ª ed.;"Em Napoles : na Officina Parriniana ; ; Em Roma : na officina de Antonio Rossi";1731;1731;2 tomos;Luís de Camões, 1524-1580;;;"João Franco Barreto, 1600-post. 1674, Editor literário ; Inácio Garcês Ferreira, 1680-?, Editor literário ; Domenico Antonio Parrino, fl. 1665-1730, Impressor ; Antonio De Rossi, fl. 1695-1755, Impressor ; Tomás Norton, 1804-1860, Antigo possuidor";;;L. 14743 V.;CAM500;http://id.bnportugal.gov.pt/bib/catbnp/357080;Livre
7265;Iconografia - Impressos - Imagens de Camões | 373;;;;;;;;;;;;;;;;;;;;;;;;;;;;;;;;;;;;;2012872;https://purl.pt/38465;https://bndigital.bnportugal.gov.pt//i/?IIIF=/05/87/97/70/05879770-2c64-43c6-b6c6-d8123cc66e05/iiif/pba-128_0000_000003.tif/full/!300,500/0/default.jpg;Livro manuscrito;"Português ; Espanhol";;Textos em prosa e em verso compilados por José Freire de Monterroio Mascarenhas;;;1.ª ed.;;1726;1726;183 f.;;;"Lucas de Santa Catarina, 1660-1740, Autor ; Manuel Luis Freire, fl. 1589, Autor ; Diogo de Sousa Camacho, fl. ca 1650, Autor ; Manuel do Vale de Moura, ca 1564-1650, Autor ; Bartolomeu Varela, fl. 1589, Autor ; Luís Mendes de Vasconcelos, ca. 1542-1623, Autor";"Luís de Camões, 1524-1580, Antecedente bibliográfico ; José Freire de Monterroio Mascarenhas, 1670-1760, Compilador ;  Pombal, 1699-1782, Antigo possuidor";;;F. 5990;CAM500;http://id.bnportugal.gov.pt/bib/catbnp/2012872;Livre
7266;Iconografia - Impressos - Imagens de Camões | 373;Iconografia - Impressos - Em torno de Camões | 374;;;;;;;;;;;;;;;;;;;;;;;;;;;;;;;;;;;"Português; Francês";239134;https://purl.pt/43915;https://bndigital.bnportugal.gov.pt//i/?IIIF=/18/bc/39/9f/18bc399f-33ff-445d-8f1b-a9f12f125b78/iiif/cam-104-a_0001.tif/full/!300,500/0/default.jpg;Livro impresso;Português;;Obras do grande Luis de Camões, Principe dos Poetas Heroycos, & Lyricos de Hespanha;novamente dadas a luz com os seus Lusiadas...;;E agora nesta ultima Impressaõ correcta, & accrescentada com a sua Vida;Lisboa Occidental : na officina de Joseph Lopes Ferreyra...;1720;1720;30, 312, 251 p.;Luís de Camões, 1524-1580;;Manuel Severim de Faria, 1583-1655, Autor;"João Franco Barreto, 1600-post. 1674, Comentador de texto escrito ; Manuel Correia, 15---antes de 1613, Comentador de texto escrito ; José Lopes Ferreira, fl. 1706-1771, Impressor";;;CAM. 104 A.;CAM500;http://id.bnportugal.gov.pt/bib/catbnp/239134;Livre
7267;Música - Manuscritos | 406;Obra - Manuscritos - Textos avulsos e fragmentos - Lírica | 146;;;;;;;;;;;;;;;;;;;;;;;;;;;;;;;;;;;;381260;https://purl.pt/44190;https://bndigital.bnportugal.gov.pt//i/?IIIF=/0b/26/c7/e3/0b26c7e3-1958-4e92-8c9d-7d86a61ab2a8/iiif/cam-15-a_0000_000009.tif/full/!300,500/0/default.jpg;Livro impresso;Português;;Obras do grande Luis de Camões, Principe dos Poetas Heroycos, & Lyricos de Hespanha;novamente dadas a luz com os seus Lusiadas...;;E agora nesta ultima Impressaõ correcta, & accrescentada com a sua Vida;Lisboa Occidental : na officina de Joseph Lopes Ferreyra...;1720;1720;30, 312, 251 p.;Luís de Camões, 1524-1580;;Manuel Severim de Faria, 1583-1655, Autor;"João Franco Barreto, 1600-post. 1674, Comentador de texto escrito ; Manuel Correia, 15---antes de 1613, Comentador de texto escrito ; José Lopes Ferreira, fl. 1706-1771, Impressor";;;CAM. 15 A.;CAM500;http://id.bnportugal.gov.pt/bib/catbnp/381260;Livre
7268;Música - Impressos | 405;Obra - Impressos - Obras (avulsas) - Lírica - Soneto | 35;;;;;;;;;;;;;;;;;;;;;;;;;;;;;;;;;;;;2129622;https://purl.pt/43591;https://bndigital.bnportugal.gov.pt//i/?IIIF=/af/b3/2d/58/afb32d58-23e5-47d0-90b7-ecfb2e365869/iiif/cod-3785_0013.tif/full/!300,500/0/default.jpg;Livro manuscrito;"Português ; Espanhol";;Ramilhete de fragrantes, e engraçadas flores Colhidas Por varias e diuersas mãos dos amenos bosques do Pindo e vistozos prados do Parnazo, E Regadas das lizongeiras correntes de Aganipe.;;;1.ª ed.;;1712;1712;XI, 195 f., enc.;;;"Pedro de Azevedo Tojal, 16---1742, Autor ; Violante do Céu, 1601-1693, Autor ; Francisco de Rojas Zorilla, 1607-1648, Autor ; Jerónimo Baía, 1620-1688, Autor ; Maria de Lara e Meneses, 1610-1649, Autor ; Luís de Camões, 1524-1580, Autor ; Tomás de Noronha, ?-1651, Autor ; Duarte Ribeiro de Macedo, 1618-1680, Autor ; Luis de Góngora y Argote, 1561-1627, Autor ; António Barbosa Bacelar, 1610-1663, Autor";;;;COD. 3785;CAM500;http://id.bnportugal.gov.pt/bib/catbnp/2129622;Livre
7269;Recepção criativa - Centão [Cintra] | 408;;;;;;;;;;;;;;;;;;;;;;;;;;;;;;;;;;;;;254758;https://purl.pt/43385;https://bndigital.bnportugal.gov.pt//i/?IIIF=/f8/ff/08/96/f8ff0896-b938-4b22-968a-6267a54b8dc7/iiif/cam-53-p_0007.tif/full/!300,500/0/default.jpg;Livro impresso;Português;;Os Lusiadas;;;1.ª ed.;Lisboa : na Officina de Manoel Lopes Ferreira, & à sua custa;1702;1702;12, 896 p.;Luís de Camões, 1524-1580;;;"João Franco Barreto, 1600-post. 1674, Editor literário ; Martim Gonçalves da Câmara, ?-1578, Autor ; Manuel Lopes Ferreira, fl. 1675-1742, Impressor ; Tomás Norton, 1804-1860, Antigo possuidor";;;CAM. 52 P.;CAM500;http://id.bnportugal.gov.pt/bib/catbnp/254758;Livre
7270;Iconografia - Impressos - Imagens de Camões | 373;;;;;;;;;;;;;;;;;;;;;;;;;;;;;;;;;;;;;369070;https://purl.pt/24471;https://bndigital.bnportugal.gov.pt//i/?IIIF=/ce/9a/91/ab/ce9a91ab-9f30-4abf-9455-dfc10d18c0b2/iiif/369070_0000_1-14_t24-C-R0150_000001.tif/full/!300,500/0/default.jpg;Livro impresso;Português;;Sentimento lamentavel que a dor mais sentida em lagrimas tributa na intempestiva morte da Serenissima Raynha de Portugal Nossa Senhora D. Maria Sofia Izabel de Neoburg;â Excellentissima Senhora D. Mariana Teresa de Hanhelohe Biscondessa de Villa-Nova de Cerveyra;;1.ª ed.;Lisboa : na Officina de Bernardo da Costa;1699;1699;16 p.;Bernardino Botelho de Oliveira, 16---17--;;;Bernardo da Costa, fl. 1691-1734, Impressor;;;H.G. 6569//6 V.;;http://id.bnportugal.gov.pt/bib/catbnp/369070;Livre
7271;Bibliografia crítica - Obra | 412;;;;;;;;;;;;;;;;;;;;;;;;;;;;;;;;;;;;;1066418;https://purl.pt/43744;https://bndigital.bnportugal.gov.pt//i/?IIIF=/cf/7c/9e/01/cf7c9e01-20f2-461f-934f-f7fb2ac7283c/iiif/cam-10-a_0007.tif/full/!300,500/0/default.jpg;Livro impresso;"Português ; Espanhol";;Rimas varias;;;1.ª ed.;Lisboa : en la Imprenta Craesbeeckiana;1689;1689;4, 207, 1 br., 339 p.;Luís de Camões, 1524-1580;;;"Garcia de Melo, ?- 1706, Personalidade a quem é dedicada a obra ; António Craesbeeck de Melo, fl. 1685, Autor da dedicatória ; Manuel de Faria e Sousa, 1590-1649, Comentador (em meio audiovisual) ;  Gama, fl. séc. 18, Antigo possuidor ; Joaquim José Ferreira Gordo, 1758-1838, Antigo possuidor ; Leão de Araújo Silva, fl. séc. 18, Antigo possuidor";;Oficina Craesbeeckiana, Impressor;CAM. 10 A.;CAM500;http://id.bnportugal.gov.pt/bib/catbnp/1066418;Livre
7272;Iconografia - Impressos - Imagens de Camões | 373;;;;;;;;;;;;;;;;;;;;;;;;;;;;;;;;;;;;;1066416;https://purl.pt/14199;https://bndigital.bnportugal.gov.pt//i/?IIIF=/8e/d2/b7/7d/8ed2b77d-902e-4009-9035-3fc60caa8412/iiif/cam-581-v_0000_Obra%20Completa_t24-C-R0150_000001.tif/full/!300,500/0/default.jpg;Livro impresso;"Português ; Espanhol";;Rimas varias;;;1.ª ed.;Lisboa : en la Imprenta Craesbeeckiana;1688;1688;4, 207, 1 br., 339 p.;Luís de Camões, 1524-1580;;;"Manuel de Faria e Sousa, 1590-1649, Comentador (em meio audiovisual) ; Garcia de Melo, ?- 1706, Personalidade a quem é dedicada a obra ; António Craesbeeck de Melo, fl. 1685, Autor da dedicatória ; Tomás Norton, 1804-1860, Antigo possuidor ; António Álvares da Cunha, 1626-1690, Antigo possuidor ; Lopo Tavares, fl. séc. 18, Antigo possuidor ;  Costa, fl. séc. 18, Antigo possuidor";;Oficina Craesbeeckiana, Impressor;CAM. 12 A.;;http://id.bnportugal.gov.pt/bib/catbnp/1066416;Livre
7273;Iconografia - Impressos - Imagens de Camões | 373;;;;;;;;;;;;;;;;;;;;;;;;;;;;;;;;;;;;;354072;https://purl.pt/14198;https://bndigital.bnportugal.gov.pt//i/?IIIF=/28/e4/bb/7c/28e4bb7c-f498-4278-8836-3b2b1cab0f84/iiif/cam-580-v_0000_Obra%20Completa_t24-C-R0150_000003.tif/full/!300,500/0/default.jpg;Livro impresso;"Português ; Espanhol";;Rimas varias;;;1.ª ed.;Lisboa : en la imprenta de Theotonio Damaso de Mello impressor de la Casa Real;1685;1685;49, 1 br., 356 p.;Luís de Camões, 1524-1580;;;"Manuel de Faria e Sousa, 1590-1649, Comentador de texto escrito ; Teotónio Dâmaso de Melo, 1665-1688, Impressor ;  Costa, fl. séc. 18, Antigo possuidor ; Francisco Leitão Ferreira, 1667-1735, Antigo possuidor ; Francisco de Borja Garção Stockler, 1759-1829, Antigo possuidor ; Tomás Norton, 1804-1860, Antigo possuidor ; Joaquim José Ferreira Gordo, 1758-1838, Antigo possuidor ; António Álvares da Cunha, 1626-1690, Antigo possuidor ; Lopo Tavares, fl. séc. 18, Antigo possuidor ; Leão de Araújo Silva, fl. séc. 18, Antigo possuidor";;;CAM. 9 A.;PATRIMONIA2;http://id.bnportugal.gov.pt/bib/catbnp/354072;Livre
7274;Música - Manuscritos | 406;Obra - Manuscritos - Textos avulsos e fragmentos - Épica | 145;;;;;;;;;;;;;;;;;;;;;;;;;;;;;;;;;;;;354071;https://purl.pt/14107;https://bndigital.bnportugal.gov.pt//i/?IIIF=/e3/29/bf/c7/e329bfc7-9f55-4106-bb30-94696ce3f983/iiif/cam-50-2-p_0000_Obra%20Completa_t24-C-R0150_000002.tif/full/!300,500/0/default.jpg;Livro impresso;Português;;Rimas do grande Luis de Camoens, principe dos poetas de Hespanha;;;1.ª ed.;Lisboa : por Antonio Craesbeeck de Mello;1670;1670;8, 372 i.é 380 p.;Luís de Camões, 1524-1580;;;"António Craesbeeck, 1640-1684, Autor da dedicatória ; Martim Gonçalves da Câmara, ?-1578, Autor ; Afonso Furtado de Castro do Rio e Mendonça, ca 1610-1675, Personalidade a quem é dedicada a obra ; António Craesbeeck, 1640-1684, Impressor ; Tomás Norton, 1804-1860, Antigo possuidor";;;CAM. 50//2 P.;PATRIMONIA2;http://id.bnportugal.gov.pt/bib/catbnp/354071;Livre
7275;Recepção criativa - Paródia | 407;;;;;;;;;;;;;;;;;;;;;;;;;;;;;;;;;;;;;354070;https://purl.pt/14106;https://bndigital.bnportugal.gov.pt//i/?IIIF=/d9/f7/05/4f/d9f7054f-9bc1-4afc-a163-bb08aafc8a0e/iiif/cam-50-1-p_0000_Obra%20Completa_t24-C-R0150_000007.tif/full/!300,500/0/default.jpg;Livro impresso;Português;;Os Lusiadas;;;1.ª ed.;Lisboa : por Antonio Craesbeeck de Mello;1670;1670;8, 469 i.é 471, 7 p.;Luís de Camões, 1524-1580;;;"João Franco Barreto, 1600-post. 1674, Editor literário ; André Furtado de Mendonça, ?-1676, Personalidade a quem é dedicada a obra ; António Craesbeeck, 1640-1684, Autor da dedicatória ; António Craesbeeck, 1640-1684, Editor comercial ; Tomás Norton, 1804-1860, Antigo possuidor";;;CAM. 50//1 P.;;http://id.bnportugal.gov.pt/bib/catbnp/354070;Livre
7276;Obra - Impressos - Antologias - Lírica | 91;Vida - Biografia | 13;Iconografia - Impressos - Retrato de Camões | 372;Iconografia - Impressos - Imagens de Camões | 373;Bibliografias e catálogos - Bibliografia | 550;;;;;;;;;;;;;;;;;;;;;;;;;;;;;;;;;354069;https://purl.pt/14197;https://bndigital.bnportugal.gov.pt//i/?IIIF=/87/d3/a3/3a/87d3a33a-58ed-480b-b9ac-c97a02158180/iiif/cam-45-p_0000_Obra%20Completa_t24-C-R0150_000005.tif/full/!300,500/0/default.jpg;Livro impresso;Português;;Obras de Lvis de Camoens principe dos poetas portugueses;;;1.ª ed.;Lisboa : por Antonio Craesbeeck dMello Impressor da Casa Real;1669;1669;8, 376, 78 p.;Luís de Camões, 1524-1580;;;"Francisco de Sousa, 1631-1711, Personalidade a quem é dedicada a obra ; João Franco Barreto, 1600-post. 1674, Editor literário ; António Craesbeeck, 1640-1684, Impressor ; Tomás Norton, 1804-1860, Antigo possuidor";;;J.S. 6437;PATRIMONIA2;http://id.bnportugal.gov.pt/bib/catbnp/354069;Livre
7277;Música - Manuscritos | 406;Obra - Manuscritos - Textos avulsos e fragmentos - Épica | 145;;;;;;;;;;;;;;;;;;;;;;;;;;;;;;;;;;;;254834;https://purl.pt/24900;https://bndigital.bnportugal.gov.pt//i/?IIIF=/2d/78/20/e3/2d7820e3-9b22-40bc-8efe-635485e95989/iiif/cod-12917_0000_capa-capa_t24-C-R0150_000003.tif/full/!300,500/0/default.jpg;Livro manuscrito;Latim;;Lusiadis leoninae, sive De gestis lusitanorum leonino carmine decantatis libri duodecim;;;1.ª ed.;;1667;1667;97 f., encadernado;Ignacio Arcamone, ca 1614-1676;;;"F. E. Rodrigues da Costa, Antigo possuidor ; José Manuel Rodrigues, Antigo possuidor";;Companhia de Jesus. Colégio de Jesus, Antigo possuidor;COD. 12917;;http://id.bnportugal.gov.pt/bib/catbnp/254834;Livre
7278;Música - Impressos | 405;;;;;;;;;;;;;;;;;;;;;;;;;;;;;;;;;;;;;354068;https://purl.pt/21931;https://bndigital.bnportugal.gov.pt//i/?IIIF=/71/27/5a/dd/71275add-d6aa-423b-b2e6-6ef7edab8c22/iiif/cam-46-p_0000_capa-capa_t24-C-R0150_000005.tif/full/!300,500/0/default.jpg;Livro impresso;Português;;Rimas de Luis de Camoens princepe dos poetas portugueses;primeira, segunda, e terceira parte;;Nesta nova impressam emmendadas, e acrescentadas;Lisboa : na Officina de Antonio Craesbeeck de Mello, Impressor de Casa Real;1666;1666;3 t. em 1 vol.;Luís de Camões, 1524-1580;;;"André Falcão de Resende, 1527-1599, Autor ; João Franco Barreto, 1600-post. 1674, Editor literário ; João Gomes do Pego, ?-1660, Autor ; Martim Gonçalves da Câmara, ?-1578, Autor ; António Álvares da Cunha, 1626-1690, Editor literário ; António Craesbeeck, 1640-1684, Impressor ; J. M. Castelo, Antigo possuidor ;  Ega, 1791-1855, Antigo possuidor";;Portugal. Rei, Personalidade a quem é dedicada a obra;CAM. 660 P.;PATRIMONIA2;http://id.bnportugal.gov.pt/bib/catbnp/354068;Livre
7279;Música - Impressos | 405;Obra - Impressos - Composições soltas e fragmentos - Épica - Estrofes | 66;;;;;;;;;;;;;;;;;;;;;;;;;;;;;;;;;;;;338426;https://purl.pt/44976;https://bndigital.bnportugal.gov.pt//i/?IIIF=/cc/6e/21/a0/cc6e21a0-1849-47bc-917a-f9876a85dd8e/iiif/cam-1329-v_0007.tif/full/!300,500/0/default.jpg;Livro impresso;Inglês;;The Lusiad, or Portugals historical poem;;;1.ª ed.;London : Printed for A. Mosely, at the Princes- Arms in St. Pauls Church -Yard;1664;1664;22, 224 p.;Luís de Camões, 1524-1580;;;;;;CAM. 1329 V.;CAM500;http://id.bnportugal.gov.pt/bib/catbnp/338426;Livre
7280;Bibliografia crítica - Estudo | 418;Vida - Biografia | 13;Vida - Documentação | 19;;;;;;;;;;;;;;;;;;;;;;;;;;;;;;;;;;;787869;https://purl.pt/44989;https://bndigital.bnportugal.gov.pt//i/?IIIF=/f2/08/08/de/f20808de-750d-4404-b6f1-aa7aa6fa49d2/iiif/cam-1313-p_0005.tif/full/!300,500/0/default.jpg;Livro impresso;Português;;Triunfo das armas portuguezas;deduzido de varios versos do insigne poeta Luis de Camoens;;1.ª ed.;Lisboa : na officina de Antonio Craesbeeck de Mello;1663;1663;8 f.;André Rodrigues de Matos, 1638-1698;;;"Luís de Camões, 1524-1580, Antecedente bibliográfico ; António Craesbeeck, 1640-1684, Impressor";;;F. 7640;CAM500;http://id.bnportugal.gov.pt/bib/catbnp/787869;Livre
7281;Bibliografia crítica - Polémica e discussão | 417;;;;;;;;;;;;;;;;;;;;;;;;;;;;;;;;;;;;;353828;https://purl.pt/22303;https://bndigital.bnportugal.gov.pt//i/?IIIF=/a8/d1/01/a7/a8d101a7-7a78-4f36-9831-78c30e08c162/iiif/353828_0000_rosto-b_t24-C-R0150_000001.tif/full/!300,500/0/default.jpg;Livro impresso;Português;;Oitava de Luis de Camoens;a glorioza victoria do Canal. em 8. de Junho de 1663. sendo governador das armas da provincia do Alemtejo, Dom sancho Manoel, conde de Villa-Flor;;1.ª ed.;Lisboa : na officina de Henrique Valente de Oliveira, impressor de S. Magestade;1663;1663;4 f.;António Barbosa Bacelar, 1610-1663;;;"Luís de Camões, 1524-1580, Antecedente bibliográfico ; Henrique Valente de Oliveira, fl. 1649-1675, Impressor";;;L. 3248//9 A.;PATRIMONIA4;http://id.bnportugal.gov.pt/bib/catbnp/353828;Livre
7282;Música - Manuscritos | 406;Obra - Manuscritos - Textos avulsos e fragmentos - Lírica | 146;;;;;;;;;;;;;;;;;;;;;;;;;;;;;;;;;;;;354067;https://purl.pt/14105;https://bndigital.bnportugal.gov.pt//i/?IIIF=/c0/4c/7b/32/c04c7b32-9e64-45cc-9a2b-6bb0029f93e9/iiif/cam-44-2-p_0000_Obra%20Completa_t24-C-R0150_000004.tif/full/!300,500/0/default.jpg;Livro impresso;Português;;Rimas;;;1.ª ed.;Em Lisboa impressas : na Officina de Antonio Craesbeeck de Mello, impressor de Sva Alteza, e à sua custa;1663;1663;2, 180 f.;Luís de Camões, 1524-1580;;;"André Furtado de Mendonça, ?-1676, Personalidade a quem é dedicada a obra ; António Craesbeeck, 1640-1684, Impressor ; Tomás Norton, 1804-1860, Antigo possuidor ; José Alba, Antigo possuidor";;;CAM. 44//2 P.;PATRIMONIA2;http://id.bnportugal.gov.pt/bib/catbnp/354067;Livre
7283;Obra - Impressos - Obras (avulsas) - Épica | 23;Obra - Impressos - Paratextos - Obras (avulsas) - Épica | 103;Obra - Impressos - Paratextos - Obras (avulsas) - Épica - Vida | 104;Iconografia - Impressos - Retrato de Camões | 372;Iconografia - Impressos - Ilustrações da obra | 376;Iconografia - Impressos - Imagens de Camões | 373;;;;;;;;;;;;;;;;;;;;;;;;;;;;;;;;354066;https://purl.pt/14104;https://bndigital.bnportugal.gov.pt//i/?IIIF=/7b/da/de/9e/7bdade9e-3c1f-40f5-b1be-3d4799a848c8/iiif/cam-44-1-p_0000_Obra%20Completa_t24-C-R0150_000007.tif/full/!300,500/0/default.jpg;Livro impresso;Português;;Os Lusiadas;;;1.ª ed.;Impressas em Lisboa : a custa de Antonio Craesbeeck de Mello, impressor de Sua Alteza;1663;1663;4, 142, 2 f.;Luís de Camões, 1524-1580;;;"João Franco Barreto, 1600-post. 1674, Editor literário ; André Furtado de Mendonça, ?-1676, Personalidade a quem é dedicada a obra ; António Craesbeeck, 1640-1684, Autor da dedicatória ; Tomás Norton, 1804-1860, Antigo possuidor";;;CAM. 44//1 P.;PATRIMONIA2;http://id.bnportugal.gov.pt/bib/catbnp/354066;Livre
7284;Bibliografia crítica - Estudo | 418;;;;;;;;;;;;;;;;;;;;;;;;;;;;;;;;;;;;;259429;https://purl.pt/14110;https://bndigital.bnportugal.gov.pt//i/?IIIF=/12/94/16/81/12941681-d3b0-458f-863c-39fb0a8616c2/iiif/cam-230-p_0000_capa-capa_t24-C-R0150_000005.tif/full/!300,500/0/default.jpg;Livro impresso;Italiano;;Lusiada italiana;alla Santita di Nostro Signore Papa Alessandro Settimo;;Seconda impressione emendata dagl errori trascorsi nella prima;Lisbona : per Henrico Valente de Oliveira;1659;1659;24, 192 f.;Luís de Camões, 1524-1580;;;"Carlo Antonio Paggi, 16--, Tradutor ; João Franco Barreto, 1600-post. 1674, Editor literário ; Giacomo Fransone, fl. 1659, Personalidade a quem é dedicada a obra ; Carlo Antonio Paggi, 16--, Autor da dedicatória ; 4º Duque de Aveiro, 16---1666, Personalidade a quem é dedicada a obra ;  Nisa, 1612-1676, Personalidade a quem é dedicada a obra ; Jerónimo de Ataíde, ?-1665, Personalidade a quem é dedicada a obra ; 1º Marquês de Marialva, 1603-1675, Personalidade a quem é dedicada a obra ; João Soares de Brito, 1611-1664, Autor da introdução, etc. ; Francisco de Macedo, fl. séc. 17, Autor ; José da Fonseca, fl. séc. 17, Autor ; Henrique do Quental Vieira, ?-1664, Autor ; Henrique Valente de Oliveira, fl. 1649-1675, Impressor ;  Gomes, fl. séc. 17(?), Antigo possuidor";;Igreja Católica. Papa, Personalidade a quem é dedicada a obra;CAM. 229 P.;PATRIMONIA2;http://id.bnportugal.gov.pt/bib/catbnp/259429;Livre
7285;Bibliografia crítica - Obra | 412;Bibliografia crítica - Estudo | 418;;;;;;;;;;;;;;;;;;;;;;;;;;;;;;;;;;;;259315;https://purl.pt/14109;https://bndigital.bnportugal.gov.pt//i/?IIIF=/8b/ee/d5/57/8beed557-0e3e-44a3-a93d-2d1558663b77/iiif/cam-228-p_0000_capa-capa_t24-C-R0150_000005.tif/full/!300,500/0/default.jpg;Livro impresso;Italiano;;Lusiada italiana;alla Santita di Nostro Signore Papa Alessandro Settimo;;1.ª ed.;Lisbona : per Henrico Valente de Oliveira;1658;1658;24, 192 f.;Luís de Camões, 1524-1580;;;"Carlo Antonio Paggi, 16--, Tradutor ; Henrique Valente de Oliveira, fl. 1649-1675, Impressor";;Igreja Católica. Papa, Personalidade a quem é dedicada a obra;CAM. 228 P.;PATRIMONIA2;http://id.bnportugal.gov.pt/bib/catbnp/259315;Livre
7286;Bibliografia crítica - Edições | 411;;;;;;;;;;;;;;;;;;;;;;;;;;;;;;;;;;;;;381504;https://purl.pt/14655;https://bndigital.bnportugal.gov.pt//i/?IIIF=/6a/37/38/2e/6a37382e-f376-4998-8030-b00e6347bea0/iiif/cam-35-a_0000_capa-capa_t24-C-R0150_000009.tif/full/!300,500/0/default.jpg;Livro impresso;Inglês;Português;The Lusiad, or, Portugals historicall poem;written in portingall language;;1.ª ed.;London : printed for Humphrey Moseley, at the Princes Arms in St Pauls Church-yard;1655;1655;11, 3 retratos, 224 p.;Luís de Camões, 1524-1580;;;"Humphrey Moseley, fl. 1630-1661, Impressor ; Richard Fanshawe, 1608-1666, Tipógrafo";;;F. 2485;PCulture;http://id.bnportugal.gov.pt/bib/catbnp/381504;Livre
7287;Bibliografia crítica - Estudo | 418;;;;;;;;;;;;;;;;;;;;;;;;;;;;;;;;;;;;;766195;https://purl.pt/14102;https://bndigital.bnportugal.gov.pt//i/?IIIF=/78/a5/f3/a0/78a5f3a0-a4eb-40ae-a06d-71b9ce11e55f/iiif/cam-43-1-p_0000_Obra%20Completa_t24-C-R0150_000007.tif/full/!300,500/0/default.jpg;Livro impresso;Português;;Os Lvsiadas;;;1.ª ed.;Em Lisboa : por Paulo Craesbeeck, Impressor das Ordens Militares, & asua custa;1651;1651;4, 141 i. é 161 f.;Luís de Camões, 1524-1580;;;"João Franco Barreto, 1600-post. 1674, Editor literário ; Diogo Bernardes, ca 1530-1596, Autor ; Diogo Taborda Leitão, 15--, Autor ; João Gomes do Pego, ?-1660, Autor ; João Rodrigues de Sá e Meneses, 1619-1658, Personalidade a quem é dedicada a obra ; Paulo Craesbeeck, 1605-1664, Autor da dedicatória ; Tomás Norton, 1804-1860, Antigo possuidor";;;CAM. 43//1 P.;PATRIMONIA2;http://id.bnportugal.gov.pt/bib/catbnp/766195;Livre
7288;Bibliografia crítica - Edições | 411;Celebrações - 1924 - Actos públicos | 510;Iconografia - Impressos - Portadas | 392;Celebrações - 1924 - Textos críticos | 501;;;;;;;;;;;;;;;;;;;;;;;;;;;;;;;;;;766200;https://purl.pt/14103;https://bndigital.bnportugal.gov.pt//i/?IIIF=/aa/25/92/b1/aa2592b1-ba8a-471d-a879-d66c0678fe4e/iiif/cam-43-2-p_0000_Obra%20Completa_t24-C-R0150_000004.tif/full/!300,500/0/default.jpg;Livro impresso;Português;;Rimas de Luis de Camões;a Dom Ioam Rodriguez de Sá de Meneses, Conde de Penaguião, &c.;;1.ª ed.;Em Lisboa : na Officina de Paulo Craesbeck Impressor das Ordens Militares & a sua cuast sic;1651;1651;2, 184 i é 185 f.;Luís de Camões, 1524-1580;;;"João Rodrigues de Sá e Meneses, 1619-1658, Personalidade a quem é dedicada a obra ; Paulo Craesbeeck, 1605-1664, Autor da dedicatória ; Tomás Norton, 1804-1860, Antigo possuidor";;;CAM. 43//2 P.;PATRIMONIA2;http://id.bnportugal.gov.pt/bib/catbnp/766200;Livre
7289;Música - Manuscritos | 406;Obra - Manuscritos - Textos avulsos e fragmentos - Lírica | 146;;;;;;;;;;;;;;;;;;;;;;;;;;;;;;;;;;;;2012073;https://purl.pt/43572;https://bndigital.bnportugal.gov.pt//i/?IIIF=/1f/d4/88/75/1fd48875-3b42-403a-8f59-eaab66db9856/iiif/cod-3582_0005.tif/full/!300,500/0/default.jpg;Livro manuscrito;"Português ; Espanhol";;Obras Curiozaz de Varios Autores Colegidas por Certo Curiozo;;;1.ª ed.;;1650;1650;I f., f. 45-189;;;"Lope de Vega, 1562-1635, Autor ; Gregório de Matos, 1633-1696, Autor ; Diogo Bernardes, ca 1530-1596, Autor ; Manuel Luis Freire, fl. 1589, Autor ; Diogo de Sousa Camacho, fl. ca 1650, Autor ; Tomás de Noronha, ?-1651, Autor ; Manuel do Vale de Moura, ca 1564-1650, Autor ; Bartolomeu Varela, fl. 1589, Autor ; Luís Mendes de Vasconcelos, ca. 1542-1623, Autor";Luís de Camões, 1524-1580, Antecedente bibliográfico;;;F. 4771;CAM500;http://id.bnportugal.gov.pt/bib/catbnp/2012073;Livre
7290;Bibliografia crítica - Obra | 412;Figuras Femininas - Autoras (produção escrita sobre Camões) | 552;Celebrações - 1924 - Textos críticos | 501;Bibliografias e catálogos - Bibliografia | 550;Obra - Impressos - Obras (avulsas) - Lírica - Elegia | 28;Obra - Impressos - Obras (avulsas) - Lírica - Soneto | 35;Obra - Impressos - Obras (avulsas) - Lírica - Canção | 25;;;;;;;;;;;;;;;;;;;;;;;;;;;;;;;2012326;https://purl.pt/43571;https://bndigital.bnportugal.gov.pt//i/?IIIF=/ce/6f/a5/c4/ce6fa5c4-2644-4b80-af23-6058d93bf580/iiif/cod-3230_0005.tif/full/!300,500/0/default.jpg;Livro manuscrito;"Português ; Espanhol ; Italiano";;Poezias Italianas feitas por hum mesmo Author. E outras obras que se enquadernaraõ juntas;;;1.ª ed.;;1650;1650;76 f.;Pedro de Azevedo Tojal, 16---1742, Autor;;"Manuel Luis Freire, fl. 1589, Autor ; Manuel do Vale de Moura, ca 1564-1650 ; Bartolomeu Varela, fl. 1589, Autor ; Luís Mendes de Vasconcelos, ca. 1542-1623, Autor";Luís de Camões, 1524-1580, Antecedente bibliográfico;;;COD. 3230;CAM500;http://id.bnportugal.gov.pt/bib/catbnp/2012326;Livre
7291;Obra - Impressos - Obras (avulsas) - Épica | 23;Obra - Impressos - Paratextos - Obras (avulsas) - Épica | 103;;;;;;;;;;;;;;;;;;;;;;;;;;;;;;;;;;;;766192;https://purl.pt/14101;https://bndigital.bnportugal.gov.pt//i/?IIIF=/94/a3/ba/a0/94a3baa0-a305-43ed-9c3a-44218a5ab50c/iiif/cam-42-2-p_0000_Obra%20Completa_t24-C-R0150_000002.tif/full/!300,500/0/default.jpg;Livro impresso;Português;;Rimas de Luis de Camões;primeira parte;;Agora nouamente emendadas nesta vltima impressaõ, & acrecentada huma Comedia nunca atègora impressa;Em Lisboa : na officina de Paulo Craesbeeck Impressor, & Liureiro das tres Ordens Militares, & à sua custa;1645;1645;6, 203 i. é 204 f.;Luís de Camões, 1524-1580;;;"Diogo Bernardes, ca 1530-1596, Autor ; Diogo Taborda Leitão, 15--, Autor ; João Rodrigues de Sá e Meneses, 1619-1658, Personalidade a quem é dedicada a obra ; Paulo Craesbeeck, 1605-1664, Autor da dedicatória ; Tomás Norton, 1804-1860, Antigo possuidor ; João Gomes do Pego, ?-1660, Autor";;;CAM. 42//2 P.;PATRIMONIA2;http://id.bnportugal.gov.pt/bib/catbnp/766192;Livre
7292;Celebrações - 1924 - Iconografia | 511;;;;;;;;;;;;;;;;;;;;;;;;;;;;;;;;;;;;;766189;https://purl.pt/14100;https://bndigital.bnportugal.gov.pt//i/?IIIF=/7b/95/f3/be/7b95f3be-f000-4c8e-a9ea-6902a5d969f2/iiif/cam-42-1-p_0000_Obra%20Completa_t24-C-R0150_000005.tif/full/!300,500/0/default.jpg;Livro impresso;Português;;Os Lusiadas;;;1.ª ed.;Em Lisboa : por Paulo Crasbeeck, Impressor & Liureiro das tres Ordens Militares, & a sua custa;1644;1644;2, 204 i. é 211 f.;Luís de Camões, 1524-1580;;;"João Rodrigues de Sá e Meneses, 1619-1658, Personalidade a quem é dedicada a obra ; João Franco Barreto, 1600-post. 1674, Editor literário ; Paulo Craesbeeck, 1605-1664, Autor da dedicatória ; Paulo Craesbeeck, 1605-1664, Impressor ; Tomás Norton, 1804-1860, Antigo possuidor";;;CAM. 42//1 P.;PATRIMONIA2;http://id.bnportugal.gov.pt/bib/catbnp/766189;Livre
7293;Celebrações - 1924 - Actos públicos | 510;;;;;;;;;;;;;;;;;;;;;;;;;;;;;;;;;;;;;490174;https://purl.pt/35732;;Livro impresso;Português;;Descripcam sic da iornada, e embaixada extraodinaria qve fez a Franca sic Dom Alvaro Pirez de Castro... no anno de 1644...;;;1.ª ed.;Impressa em Pariz : por Ioam de la Caille;1644;1644;4, 143, 1 br. p.;Manuel Homem, 1599-1662;;;Jean de La Caille, 16---1673, Impressor;;Ordem dos Carmelitas Descalços, Antigo possuidor;RES. 812//1 P.;FESTAS;http://id.bnportugal.gov.pt/bib/catbnp/490174;Livre
7294;Bibliografia crítica - Obra | 412;Celebrações - 1924 - Textos críticos | 501;Figuras Femininas - Autoras (produção escrita sobre Camões) | 552;Bibliografias e catálogos - Bibliografia | 550;;;;;;;;;;;;;;;;;;;;;;;;;;;;;;;;;;329698;https://purl.pt/14111;https://bndigital.bnportugal.gov.pt//i/?IIIF=/15/30/ad/c9/1530adc9-3a17-4006-9801-f07860e878de/iiif/cam-389-p_0000_Obra%20Completa_t24-C-R0150_000003.tif/full/!300,500/0/default.jpg;Livro impresso;Português;;Apologia em que defende Joam Soares de Brito a poesia do principe dos poetas dHespanha Luis de Camoens no canto 4. da est. 67. à 75. & cant. 2. est. 21. & responde às censuras dhum Critico destes tempos...;;;1.ª ed.;Em Lisboa : na officina de Lourenço de Anveres;1641;1641;16, 61, 3 f., 2 f. grav.;João Soares de Brito, 1611-1664;;;"Agostinho Soares Floriano, fl. 1619-1642, Ilustrador ; Lourenço de Anvers, 1599-1679, Impressor";;;F. 7;PATRIMONIA2;http://id.bnportugal.gov.pt/bib/catbnp/329698;Livre
7295;Celebrações - 1924 - Actos públicos | 510;;;;;;;;;;;;;;;;;;;;;;;;;;;;;;;;;;;;;382832;https://purl.pt/42576;https://bndigital.bnportugal.gov.pt//i/?IIIF=/0b/3f/99/a6/0b3f99a6-6ac2-4eed-9c77-e86a58e06764/iiif/cam-50-a_0000_000003.tif/full/!300,500/0/default.jpg;Livro impresso;Espanhol;;Informacion en favor de Manuel de Faria e Sousa que se hizo en el Tribunal del Santo Oficio de Lisboa;;;1.ª ed.;Madrid : s. n.;1640;1640;;;;;;;;CAM. 72 A.;CAM500;http://id.bnportugal.gov.pt/bib/catbnp/382832;Livre
7296;Celebrações - 1924 - Textos críticos | 501;Figuras Femininas - Autoras (produção escrita sobre Camões) | 552;;;;;;;;;;;;;;;;;;;;;;;;;;;;;;;;;;;;381202;https://purl.pt/23676;https://bndigital.bnportugal.gov.pt//i/?IIIF=/ed/43/ff/cc/ed43ffcc-166f-4953-9d07-faa7ae8d8725/iiif/cam-5-a_0000_1-640_t24-C-R0150_000007.tif/full/!300,500/0/default.jpg;Livro impresso;Espanhol;Português;Lusiadas;;;1.ª ed.;En Madrid : por Iuan Sanchez : a costa de Pedro Coello, mercador de libros;1639;1639;4 tomos em 2 vol.;Luís de Camões, 1524-1580;;;"Manuel de Faria e Sousa, 1590-1649, Editor literário ; Pedro Coello, fl. 1624-165-, Editor comercial ; Juan Sánchez, fl. 1613-1639, Impressor ; Francisco de Melo Manuel, 1773-1851, Antigo possuidor ; Diogo Borges, 16--, Antigo possuidor";;Liceu Passos Manuel, Antigo possuidor;CAM. 1 A.;;http://id.bnportugal.gov.pt/bib/catbnp/381202;Livre
7297;Bibliografia crítica - Estudo | 418;Vida - Documentação | 19;;;;;;;;;;;;;;;;;;;;;;;;;;;;;;;;;;;;765489;https://purl.pt/14099;https://bndigital.bnportugal.gov.pt//i/?IIIF=/23/29/1f/d4/23291fd4-71ee-4b05-9007-1e5ce3402ca6/iiif/cam-41-p_0000_Obra%20Completa_t24-C-R0150_000005.tif/full/!300,500/0/default.jpg;Livro impresso;Português;;Os Lvsiadas;;;1.ª ed.;Em Lisboa : por Lourenço Crasbeeck impressor delRey;1633;1633;4, 140 f.;Luís de Camões, 1524-1580;;;"João da Silva, 1586-1634, Personalidade a quem é dedicada a obra ; Torquato Tasso, 1544-1595, Autor ; João de Almeida, 16--, Autor ; Lourenço Craesbeeck, 1599-1673, Impressor ; Lourenço Craesbeeck, 1599-1673, Autor da dedicatória ; Tomás Norton, 1804-1860, Antigo possuidor";;;CAM. 41 P.;PATRIMONIA2;http://id.bnportugal.gov.pt/bib/catbnp/765489;Livre
7298;Iconografia - Impressos - Imagens de Camões | 373;;;;;;;;;;;;;;;;;;;;;;;;;;;;;;;;;;;;;765484;https://purl.pt/21930;https://bndigital.bnportugal.gov.pt//i/?IIIF=/a2/5e/7d/43/a25e7d43-b817-4732-982d-8fcb4d7d20f8/iiif/cam-40-1-p_0000_000005.tif/full/!300,500/0/default.jpg;Livro impresso;Português;;Rimas;;;Agora nouamente emendadas nesta vltima impressaõ;Em Lisboa : por Lourenço Craesbeck;1632;1632;2 t.;Luís de Camões, 1524-1580;;;"Diogo Bernardes, ca 1530-1596, Autor ; Diogo Taborda Leitão, 15--, Autor ; João Gomes do Pego, ?-1660, Autor ; Diogo Henriques de Vilhegas, depois de 1580-1671, Autor ; Gonçalo Coutinho, ca 1560-1634, Autor ; Martim Gonçalves da Câmara, ?-1578, Autor ;  Castelo Rodrigo, Personalidade a quem é dedicada a obra ; Luís de Sousa, fl. 1632, Personalidade a quem é dedicada a obra ; Lourenço Craesbeeck, 1599-1673, Autor da dedicatória ; Paulo Craesbeeck, 1605-1664, Autor da dedicatória ; Tomás Norton, 1804-1860, Antigo possuidor";;;CAM. 38//2 P.;PATRIMONIA2;http://id.bnportugal.gov.pt/bib/catbnp/765484;Livre
7299;Recepção criativa - Tematização | 409;;;;;;;;;;;;;;;;;;;;;;;;;;;;;;;;;;;;;765481;https://purl.pt/13972;https://bndigital.bnportugal.gov.pt//i/?IIIF=/af/2d/b4/c5/af2db4c5-1b40-4007-9da9-d807d69859a9/iiif/cam-39-p_0000_Obra%20Completa_t24-C-R0300_000003.tif/full/!300,500/0/default.jpg;Livro impresso;Português;;Os Lvsiadas;;;1.ª ed.;Em Lisboa : por Pedro Crasbeeck impressor delRey;1631;1631;4, 140 f.;Luís de Camões, 1524-1580;;;"Torquato Tasso, 1544-1595, Autor ; João de Almeida, 16--, Autor ; João Franco Barreto, 1600-post. 1674, Autor de recensão ;  Duarte de Bragança, 1605-1649, Personalidade a quem é dedicada a obra ; Pedro Craesbeeck, fl. 1597-1632, Impressor ; Paulo Craesbeeck, 1605-1664, Autor da dedicatória ; Tomás Norton, 1804-1860, Antigo possuidor";;;CAM. 39 P.;PATRIMONIA2;http://id.bnportugal.gov.pt/bib/catbnp/765481;Livre
7300;Tradução - Impressos - Obras individuais - Épica | 151;Tradução - Impressos - Obras individuais - Épica - Paratextos gerais | 152;Tradução - Impressos - Obras individuais - Épica - Paratextos vida | 153;Tradução - Impressos - Obras individuais - Épica - Paratextos notas | 155;Iconografia - Impressos - Retrato de Camões | 372;Iconografia - Impressos - Ilustrações da obra | 376;;;;;;;;;;;;;;;;;;;;;;;;;;;;;;;;765479;https://purl.pt/14196;https://bndigital.bnportugal.gov.pt//i/?IIIF=/03/b3/d4/6b/03b3d46b-32c3-491e-a067-4c639d96fceb/iiif/cam-38-1-p_0000_Obra%20Completa_t24-C-R0150_000005.tif/full/!300,500/0/default.jpg;Livro impresso;Português;;Rimas;;;Emendadas nesta duodecima impressão de muitos erros das passadas. Offrecidas sic ao Dõ Manoel de Moura Corterreal Marques de CastelRodrigo, &c.;Em Lisboa : por Pedro Craesbeeck impressor delRey;1629;1629;4, 175 f.;Luís de Camões, 1524-1580;;;" Castelo Rodrigo, Personalidade a quem é dedicada a obra ; Diogo Bernardes, ca 1530-1596, Autor ; Diogo Taborda Leitão, 15--, Autor ; João Gomes do Pego, ?-1660, Autor ; Pedro Craesbeeck, fl. 1597-1632, Impressor ; Tomás Norton, 1804-1860, Antigo possuidor";;;CAM. 38//1 P.;PATRIMONIA2;http://id.bnportugal.gov.pt/bib/catbnp/765479;Livre
7301;Obra - Impressos - Obras (conjunto) - Lírica | 47;Obra - Impressos - Obras (conjunto) - Lírica - Mote | 54;Obra - Impressos - Obras (conjunto) - Lírica - Vilancete | 60;Obra - Impressos - Obras (conjunto) - Lírica - Cantiga | 49;Obra - Impressos - Obras (conjunto) - Lírica - Endechas | 52;Obra - Impressos - Obras (conjunto) - Lírica - Redondilhas | 59;Obra - Impressos - Obras (conjunto) - Lírica - Soneto | 58;Obra - Impressos - Obras (conjunto) - Lírica - Écloga | 50;Obra - Impressos - Obras (conjunto) - Lírica - Ode | 55;Obra - Impressos - Obras (conjunto) - Lírica - Sextina | 57;Obra - Impressos - Obras (conjunto) - Lírica - Oitavas | 56;Obra - Impressos - Obras (conjunto) - Lírica - Elegia | 51;Obra - Impressos - Obras (conjunto) - Lírica - Canção | 48;Obra - Impressos - Paratextos - Obras - Lírica | 125;Obra - Impressos - Paratextos - Obras - Lírica - Vida | 126;Obra - Impressos - Obras (conjunto) - Cartas | 63;Iconografia - Impressos - Retrato de Camões | 372;Iconografia - Impressos - Figuras históricas | 390;Iconografia - Impressos - Figuras históricas | 390;Iconografia - Impressos - Mapas | 387;Iconografia - Impressos - Outros | 393;;;;;;;;;;;;;;;;;370411;https://purl.pt/29004;https://bndigital.bnportugal.gov.pt//i/?IIIF=/7d/ce/25/53/7dce2553-b8be-422c-952a-0707a3e57f85/iiif/l-2108-v_0000_capa-capa_t24-C-R0150_000005.tif/full/!300,500/0/default.jpg;Livro impresso;Espanhol;;Gigantomachia de Manuel de Gallegos a don Antonio de Menezes;;;1.ª ed.;En Lisboa : por Pedro Crasbeeck;1626;1626;19, 1 br., 86 i. é 85 f.;Manuel de Galhegos, 1597-1665;;;"Pedro Craesbeeck, fl. 1597-1632, Impressor ; António Lourenço Caminha, ?-1831, Antigo possuidor";;;L. 2108 V.;;http://id.bnportugal.gov.pt/bib/catbnp/370411;Livre
7302;Bibliografia crítica - Estudo | 418;;;;;;;;;;;;;;;;;;;;;;;;;;;;;;;;;;;;;765475;https://purl.pt/14098;https://bndigital.bnportugal.gov.pt//i/?IIIF=/a4/ef/0e/72/a4ef0e72-de65-4223-8186-3562bea43a18/iiif/cam-37-p_0000_Obra%20Completa_t24-C-R0150_000005.tif/full/!300,500/0/default.jpg;Livro impresso;Português;;Os Lvsiadas;;;1.ª ed.;Em Lisboa : por Pedro Crasbeeck impressor delRey;1626;1626;5, 141 f.;Luís de Camões, 1524-1580;;;"Torquato Tasso, 1544-1595, Autor ; João de Almeida, 16--, Personalidade a quem é dedicada a obra ; Lourenço Craesbeeck, 1599-1673, Autor da dedicatória ; Tomás Norton, 1804-1860, Antigo possuidor ; António João Martins Giasteira, 18--, Antigo possuidor ; Pedro Craesbeeck, fl. 1597-1632, Impressor";;;CAM. 37 P.;PATRIMONIA2;http://id.bnportugal.gov.pt/bib/catbnp/765475;Livre
7303;Celebrações - 1924 - Actos públicos | 510;;;;;;;;;;;;;;;;;;;;;;;;;;;;;;;;;;;;;475171;https://purl.pt/43413;https://bndigital.bnportugal.gov.pt//i/?IIIF=/5d/bd/60/12/5dbd6012-a3b6-4853-b7f9-a7245fc80226/iiif/cam-782-p_0013.tif/full/!300,500/0/default.jpg;Livro manuscrito;Latim;Português;Ludouici Camoenij Lusitani libri X ex materno rhythmico in latinum & virgilianu carmen à D. Andrea Baiano Lusiada Orientali traducti & ab eodem manuscripti. Anno jubilei CIICXXV 1625;;;1.ª ed.;;1625;1625;24, 383 p.;Luís de Camões, 1524-1580;;;André Baião, 1566-1639, Tradutor;;;F. 9;CAM500;http://id.bnportugal.gov.pt/bib/catbnp/475171;Livre
7304;Vida - Biografia | 13;Vida - Ficção - Narrativa | 15;Figuras Femininas - Autoras (produção escrita sobre Camões) | 552;Iconografia - Impressos - Retrato de Camões | 372;Iconografia - Impressos - Figuras históricas | 390;Iconografia - Impressos - Mapas | 387;Iconografia - Impressos - Outros | 393;;;;;;;;;;;;;;;;;;;;;;;;;;;;;;;804502;https://purl.pt/966;https://bndigital.bnportugal.gov.pt//i/?IIIF=/05/d9/66/4d/05d9664d-c0c7-4606-9613-ff1b7c37424e/iiif/res-1330-p_0000_capa-capa_t24-C-R0150_000005.tif/full/!300,500/0/default.jpg;Livro impresso;Português;;Discursos varios politicos;;;1.ª ed.;Em Evora : impressos por Manoel Carvalho, impressor da Universidade;1624;1624;6, 185 f., 3 grav.;Manuel Severim de Faria, 1583-1655;;;"Francisco Rafael de Castro, 1750-1816, Antigo possuidor ; Luís de Sousa, 1555-1632, Antigo possuidor ; Manuel Nunes de Oliveira, Antigo possuidor ; Sousa da Câmara, Antigo possuidor ; Jaime Cortesão, 1884-1960, Antigo possuidor ; Manuel Carvalho, fl. 1623-1637, Impressor ; Alfredo David, 1863-1930, Encadernador";;Seminário de Santarém, Antigo possuidor;PURL 966/0;FLP;http://id.bnportugal.gov.pt/bib/catbnp/804502;Livre
7305;Música - Impressos | 405;Obra - Manuscritos - Textos avulsos e fragmentos - Lírica | 146;Música - Manuscritos | 406;;;;;;;;;;;;;;;;;;;;;;;;;;;;;;;;;;;769535;https://purl.pt/14108;https://bndigital.bnportugal.gov.pt//i/?IIIF=/e8/f9/92/43/e8f99243-331e-4bd2-8f37-6fca824aded5/iiif/cam-197-p_0000_capa-capa_t24-C-R0150_000007.tif/full/!300,500/0/default.jpg;Livro impresso;Latim;Português;Lusiadum libri decem;;;1.ª ed.;Ulyssipone : ex officina Gerardi de Vinca;1622;1622;8, 179 f.;Luís de Camões, 1524-1580;;;"Tomé de Faria, 1558-1628, Tradutor ; Geraldo da Vinha, fl. 162-, Impressor ; José Mascarenhas Pacheco Pereira Coelho de Melo, 1720-depois de 1788, Antigo possuidor ; Tomás Norton, 1804-1860, Antigo possuidor";;;F. 1623;PATRIMONIA2;http://id.bnportugal.gov.pt/bib/catbnp/769535;Livre
7306;Música - Manuscritos | 406;Obra - Manuscritos - Textos avulsos e fragmentos - Lírica | 146;;;;;;;;;;;;;;;;;;;;;;;;;;;;;;;;;;;;765471;https://purl.pt/43748;https://bndigital.bnportugal.gov.pt//i/?IIIF=/2d/ad/e5/e4/2dade5e4-8b5f-448b-8baa-b8be2ef6ae01/iiif/cam-36-p_0009.tif/full/!300,500/0/default.jpg;Livro impresso;Português;;Rimas;primeira parte;;Novamente acrescenta-/das, & emendadas nesta impressão./ Dirigidas an D. Gonçalo Coutinho./ Com dous epithafios à sua sepultura que està em Santa Anna que/ mandaram fazer Dom Gonçalo Coutinho, & Martim/ Gonçalvez da Camara/;Em Lisboa : por Antonio Alvarez : a custa de Domingos Fernandez mercador de livros;1621;1621;8, 202, 5 f.;Luís de Camões, 1524-1580;;;"Gonçalo Coutinho, ca 1560-1634, Personalidade a quem é dedicada a obra ; Martim Gonçalves da Câmara, ?-1578, Autor ; Luís de Sousa, 1555-1632, Autor ; Leonardo Turriano, 1559-1629, Autor ; Torquato Tasso, 1544-1595, Autor ; Gaspar Gomes Pontino, fl. séc. 16(?), Autor ; Diogo Bernardes, ca 1530-1596, Autor ; Francisco Lopes, fl. 15---164-, Autor ; Diogo Taborda Leitão, 15--, Autor ; António Álvares, fl. 1620-1659, Impressor ; Domingos Fernandes, 15---16--, Editor comercial";;;F. 6;CAM500;http://id.bnportugal.gov.pt/bib/catbnp/765471;Livre
7307;Bibliografia crítica - Estudo | 418;Figuras Femininas - Autoras (produção escrita sobre Camões) | 552;;;;;;;;;;;;;;;;;;;;;;;;;;;;;;;;;;;;765278;https://purl.pt/14097;https://bndigital.bnportugal.gov.pt//i/?IIIF=/ef/e7/d7/c0/efe7d7c0-eaf2-48cb-bbf9-53fb55956726/iiif/cam-35-p_0000_Obra%20Completa_t24-C-R0150_000005.tif/full/!300,500/0/default.jpg;Livro impresso;"Português ; Espanhol";;Rimas;;;Novamente acrescenta-/das, & emendadas nesta impressão./ Dirigidas a D. Gonçalo Coutinho./ Com dous epithafios à sua sepultura que està em Santa Anna que/ mandaram fazer Dom Gonçalo Coutinho, & Martim/ Gonçalvez da Camara./;Em Lisboa : por Antonio Alvarez : a custa de Domingos Fernandez mercador de livros;1621;1621;8, 202, 5 f.;Luís de Camões, 1524-1580;;;"Gonçalo Coutinho, ca 1560-1634, Personalidade a quem é dedicada a obra ; Martim Gonçalves da Câmara, ?-1578, Autor ; Luís de Sousa, 1555-1632, Autor ; Leonardo Turriano, 1559-1629, Autor ; Torquato Tasso, 1544-1595, Autor ; Gaspar Gomes Pontino, fl. séc. 16(?), Autor ; Diogo Bernardes, ca 1530-1596, Autor ; Francisco Lopes, fl. 15---164-, Autor ; Diogo Taborda Leitão, 15--, Autor ; António Álvares, fl. 1620-1659, Impressor ; Domingos Fernandes, 15---16--, Editor comercial ;  Barreto, fl. séc. 18(?), Antigo possuidor";;;CAM. 35 P.;PATRIMONIA2;http://id.bnportugal.gov.pt/bib/catbnp/765278;Livre
7308;Obra - Impressos - Composições soltas e fragmentos - Épica - Estrofes | 66;Obra - Impressos - Paratextos - Obras (avulsas) - Épica | 103;;;;;;;;;;;;;;;;;;;;;;;;;;;;;;;;;;;;1972246;http://purl.pt/35561;https://bndigital.bnportugal.gov.pt//i/?IIIF=/10/b5/fb/c5/10b5fbc5-31c5-4746-9256-f7ae15faa6eb/iiif/cod-9492_0000_000007.tif/full/!300,500/0/default.jpg;Livro manuscrito;Português;;Textos literários em prosa e em verso e várias cartas, compilados por Pedro Alvares Varejão;;;1.ª ed.;;1615;1615;194 f., enc.;;;"Luís de Camões, 1524-1580, Autor ; António Ribeiro Chiado, 1520?-1591, Autor ; Fernão Cardoso, fl. 1550, Autor ; Lobo Soropita, fl. 1595-, Autor ;  Cáceres, 1490-1531, Autor";;;;F. 65;CAM500;http://id.bnportugal.gov.pt/bib/catbnp/1972246;Livre
7309;Iconografia - Impressos - Lugares de memória | 391;;;;;;;;;;;;;;;;;;;;;;;;;;;;;;;;;;;;;765088;https://purl.pt/44191;https://bndigital.bnportugal.gov.pt//i/?IIIF=/06/d7/50/a9/06d750a9-d160-476c-a776-98bccfbfdfd2/iiif/cam-33-1-p_0000_000001.tif/full/!300,500/0/default.jpg;Livro impresso;Português;;Rimas;;;A Agora novamente impressas com duas comedias do autor. Com dous epitafios feitos a sua sepultura, que mandarão fazer Dom Gonçalo Coutinho, & Martim Gonçalvez da Camara. E hum prologo em que conta a vida do author. Dedicado ao... D. Rodrigo d´Acunha bispo de Portalegre, e do Conselho de Sua Magestade;Em Lisboa : na officina de Pedro Crasbeeck : a custa de Domingos Fernandez mercador de livros;1615;1615;12, 40 f.;Luís de Camões, 1524-1580;;;"Rodrigo da Cunha, 1577-1643, Personalidade a quem é dedicada a obra ; Martim Gonçalves da Câmara, ?-1578, Autor ; Lobo Soropita, fl. 1595-, Autor da introdução, etc. ; Pedro de Mariz, 1550?-1615, Autor da introdução, etc. ; Gonçalo Coutinho, ca 1560-1634, Autor ; Pedro Craesbeeck, fl. 1597-1632, Impressor ; Domingos Fernandes, 15---16--, Editor comercial ; Tomás Norton, 1804-1860, Antigo possuidor";;;CAM. 32//1 P.;CAM500;http://id.bnportugal.gov.pt/bib/catbnp/765088;Livre
7310;Música - Manuscritos | 406;Obra - Manuscritos - Textos avulsos e fragmentos - Épica | 145;;;;;;;;;;;;;;;;;;;;;;;;;;;;;;;;;;;;765273;https://purl.pt/14096;https://bndigital.bnportugal.gov.pt//i/?IIIF=/ed/67/b8/03/ed67b803-d174-404c-96c8-f9172de7d2af/iiif/cam-34-p_0000_Obra%20Completa_t24-C-R0150_000007.tif/full/!300,500/0/default.jpg;Livro impresso;Português;;Rimas;;;B Agora novamente impressas com duas comedias do autor. Com dous epitafios feitos a sua sepultura, que mandarão fazer Dom Gonçalo Coutinho, & Martim Gonçalvez da Camara. E hum prologo em que conta a vida do author. Dedicado ao... D. Rodrigo d´Acunha, bispo de Portalegre, e do Conselho de Sua Magestade;Em Lisboa : na officina de Pedro Crasbeeck : a custa de Domingos Fernandez mercador de livros;1615;1615;12, 40 f.;Luís de Camões, 1524-1580;;;"Lobo Soropita, fl. 1595-, Autor da introdução, etc. ; Pedro de Mariz, 1550?-1615, Autor da introdução, etc. ; Gonçalo Coutinho, ca 1560-1634, Autor ; Martim Gonçalves da Câmara, ?-1578, Autor ; Rodrigo da Cunha, 1577-1643, Personalidade a quem é dedicada a obra ; Pedro Craesbeeck, fl. 1597-1632, Impressor ; Domingos Fernandes, 15---16--, Editor comercial ; Vítor de Ávila Peres, fl. 183-, Antigo possuidor";;;CAM. 34 P.;PATRIMONIA2;http://id.bnportugal.gov.pt/bib/catbnp/765273;Livre
7311;Música - Manuscritos | 406;Obra - Manuscritos - Textos avulsos e fragmentos - Épica | 145;;;;;;;;;;;;;;;;;;;;;;;;;;;;;;;;;;;;765042;https://purl.pt/13988;https://bndigital.bnportugal.gov.pt//i/?IIIF=/b4/df/15/37/b4df1537-90e9-497f-b2b3-dbeb502b5098/iiif/cam-30-p_0000_Obra%20Completa_t24-C-R0150_000007.tif/full/!300,500/0/default.jpg;Livro impresso;Português;;Obra do grande Luis de Camoens, principe da poesia heroyca;da creação, & composição do Homem;;1.ª ed.;Em Lisboa : por Pedro Crasbeeck;1615;1615;1, 35 f.;André Falcão de Resende, 1527-1599;;;"Tomás Norton, 1804-1860, Antigo possuidor ; Vítor de Ávila Peres, fl. 183-, Antigo possuidor ; Pedro Craesbeeck, fl. 1597-1632, Impressor";;;CAM. 30 P.;PATRIMONIA2;http://id.bnportugal.gov.pt/bib/catbnp/765042;Livre
7312;Obra - Impressos - Obras (avulsas) - Épica | 23;Obra - Impressos - Paratextos - Obras (avulsas) - Épica | 103;Iconografia - Impressos - Retrato de Camões | 372;Iconografia - Impressos - Ilustrações da obra | 376;Bibliografia crítica - Edições | 411;;;;;;;;;;;;;;;;;;;;;;;;;;;;;;;;;1036431;https://purl.pt/42611;https://bndigital.bnportugal.gov.pt//i/?IIIF=/5b/96/f8/8c/5b96f88c-560c-43fd-bbd5-19c833c3a9a5/iiif/cam-29-p_0000_000005.tif/full/!300,500/0/default.jpg;Livro impresso;"Português ; Espanhol";;Rimas;primeira parte;;Acrescentadas nesta quinta impressão. Dirigidas a D. Gonçalo Coutinho - B;Em Lisboa : por Vicente Alvarez : a custa de Domingos Fernandez mercador de livros;1614;1614;8, 202, 6 f.;Luís de Camões, 1524-1580;;;"Gonçalo Coutinho, ca 1560-1634, Personalidade a quem é dedicada a obra ; Vicente Álvares, fl. 160--162-, Impressor ; Domingos Fernandes, 15---16--, Editor comercial";;;CAM. 29 P.;CAM500;http://id.bnportugal.gov.pt/bib/catbnp/1036431;Livre
7313;Iconografia - Impressos - Imagens de Camões | 373;;;;;;;;;;;;;;;;;;;;;;;;;;;;;;;;;;;;;764871;https://purl.pt/13987;https://bndigital.bnportugal.gov.pt//i/?IIIF=/8e/53/d9/67/8e53d967-caf8-492d-8965-8fa64b95df81/iiif/cam-28-p_0000_Obra%20Completa_t24-C-R0150_000007.tif/full/!300,500/0/default.jpg;Livro impresso;"Português ; Espanhol";;Rimas;;;Acrescentadas nesta quinta impressão. Dirigidas a D. Gonçalo Coutinho - A;Em Lisboa : por Vicente Alvarez : a custa de Domingos Fernandez mercador de livros;1614;1614;8, 202, 5 f.;Luís de Camões, 1524-1580;;;"Luís de Sousa, 1555-1632, Autor ; Gonçalo Coutinho, ca 1560-1634, Personalidade a quem é dedicada a obra ; Leonardo Turriano, 1559-1629, Autor ; Gaspar Gomes Pontino, fl. séc. 16(?), Autor ; Diogo Bernardes, ca 1530-1596, Autor ; Francisco Lopes, fl. 15---164-, Autor ; Diogo Taborda Leitão, 15--, Autor ; Vicente Álvares, fl. 160--162-, Impressor ; Domingos Fernandes, 15---16--, Editor comercial";;;CAM. 28 P.;PATRIMONIA2;http://id.bnportugal.gov.pt/bib/catbnp/764871;Livre
7314;Iconografia - Impressos - Imagens de Camões | 373;;;;;;;;;;;;;;;;;;;;;;;;;;;;;;;;;;;;;764841;https://purl.pt/21863;https://bndigital.bnportugal.gov.pt//i/?IIIF=/24/42/9f/32/24429f32-3a33-43c2-b1a8-d58479c3ff2e/iiif/cam-25-p_0000_capa-capa_t24-C-R0300_000003.tif/full/!300,500/0/default.jpg;Livro impresso;Português;;Os Lusiadas;;;1.ª ed.;Em Lisboa : por Pedro Crasbeeck;1613;1613;6, 308 f.;Luís de Camões, 1524-1580;;;"Manuel Correia, 15---antes de 1613, Comentador de texto escrito ; Pedro Craesbeeck, fl. 1597-1632, Impressor ; Santos Mendes Vasconcelos, Antigo possuidor ; Tomás Norton, 1804-1860, Antigo possuidor";;;CAM. 24 P.;PATRIMONIA2;http://id.bnportugal.gov.pt/bib/catbnp/764841;Livre
7315;Obra - Impressos - Obras (avulsas) - Épica | 23;Obra - Impressos - Paratextos - Obras (avulsas) - Épica | 103;Obra - Impressos - Paratextos - Obras (avulsas) - Épica - Vida | 104;Obra - Impressos - Paratextos - Obras (avulsas) - Épica - Argumentos | 105;Obra - Impressos - Paratextos - Obras (avulsas) - Épica - Notas | 106;Iconografia - Impressos - Retrato de Camões | 372;Iconografia - Impressos - Imagens de Camões | 373;Iconografia - Impressos - Ilustrações da obra | 376;Iconografia - Impressos - Em torno de Camões | 374;Iconografia - Impressos - Portadas | 392;;;;;;;;;;;;;;;;;;;;;;;;;;;;764789;https://purl.pt/14211;https://bndigital.bnportugal.gov.pt//i/?IIIF=/42/c3/07/32/42c30732-e50a-4e9b-a516-0c0abbcb32c5/iiif/cam-22-p_0000_Obra%20Completa_t24-C-R0150_000005.tif/full/!300,500/0/default.jpg;Livro impresso;Português;;Os Lusiadas;;;1.ª ed.;Em Lisboa : por Vicente Alvarez : com privilegio à custa de Domingos Fernandez livreyro;1612;1612;2, 186 i. é 185 f.;Luís de Camões, 1524-1580;;;"Rodrigo da Cunha, 1577-1643, Personalidade a quem é dedicada a obra ; Vicente Álvares, fl. 160--162-, Impressor ; Domingos Fernandes, 15---16--, Editor comercial ; Tomás Norton, 1804-1860, Antigo possuidor";;Ordem dos Frades Menores. Convento de São Francisco de Xabregas, Antigo possuidor;F. 2548;PATRIMONIA2;http://id.bnportugal.gov.pt/bib/catbnp/764789;Livre
7316;Obra - Impressos - Obras (avulsas) - Épica | 23;Obra - Impressos - Paratextos - Obras (avulsas) - Épica | 103;Iconografia - Impressos - Retrato de Camões | 372;Iconografia - Impressos - Ilustrações da obra | 376;;;;;;;;;;;;;;;;;;;;;;;;;;;;;;;;;;764770;https://purl.pt/42608;https://bndigital.bnportugal.gov.pt//i/?IIIF=/9e/91/6e/ad/9e916ead-0a6f-45ca-96ba-ec9f9d845df0/iiif/cam-17-p_0000_000007.tif/full/!300,500/0/default.jpg;Livro impresso;Português;;Os Lusiadas;;;1.ª ed.;Em Lisboa : por Pedro Crasbeeck : com privilegio, à custa de Domingos Fernandez livreyro;1609;1609;2, 186 f.;Luís de Camões, 1524-1580;;;"Rodrigo da Cunha, 1577-1643, Personalidade a quem é dedicada a obra ; Luís de Sousa, 1555-1632, Autor ; Pedro da Silva e Mendonça, Autor ; Torquato Tasso, 1544-1595, Autor ; Diogo Taborda Leitão, 15--, Autor ; Tomás Tamayo de Vargas, 1588-1641, Autor ; Diogo Bernardes, ca 1530-1596, Autor ; Pedro Craesbeeck, fl. 1597-1632, Impressor ; Tomás Norton, 1804-1860, Antigo possuidor ; Domingos Fernandes, 15---16--, Editor comercial ; Domingos da Costa Barreto, Antigo possuidor ; António Lourenço Caminha, ?-1831, Antigo possuidor";;;F. 2553;CAM500;http://id.bnportugal.gov.pt/bib/catbnp/764770;Livre
7317;Obra - Impressos - Obras (avulsas) - Épica | 23;Obra - Impressos - Paratextos - Obras (avulsas) - Épica | 103;Obra - Impressos - Paratextos - Obras (avulsas) - Épica - Vida | 104;Obra - Impressos - Paratextos - Obras (avulsas) - Épica - Notas | 106;;;;;;;;;;;;;;;;;;;;;;;;;;;;;;;;;;764124;https://purl.pt/14138;https://bndigital.bnportugal.gov.pt//i/?IIIF=/dd/a5/dc/50/dda5dc50-f1fc-4212-bcdc-259b7dc6c687/iiif/cam-16-p_0000_Obra%20Completa_t24-C-R0150_000007.tif/full/!300,500/0/default.jpg;Livro impresso;"Português ; Espanhol";;Rimas;;;Acrescentadas nesta terceyra impressaõ. Dirigidas a la inclyta Universidade de Coimbra;Em Lisboa : por Pedro Crasbeeck : a custa de Domingos Fernandez mercador de libros;1607;1607;8, 102 i.é. 202, 5 f.;Luís de Camões, 1524-1580;;;"Leonardo Turriano, 1559-1629, Autor ; Torquato Tasso, 1544-1595, Autor ; Diogo Taborda Leitão, 15--, Autor ; Pedro Craesbeeck, fl. 1597-1632, Impressor ; Diogo Bernardes, ca 1530-1596, Autor ; Domingos Fernandes, 15---16--, Editor comercial";;;CAM. 16 P.;PATRIMONIA2;http://id.bnportugal.gov.pt/bib/catbnp/764124;Livre
7318;Iconografia - Impressos - Retrato de Camões | 372;;;;;;;;;;;;;;;;;;;;;;;;;;;;;;;;;;;;;913711;https://purl.pt/27193;https://bndigital.bnportugal.gov.pt//i/?IIIF=/08/7e/48/15/087e4815-92e8-4dba-98b1-f1b4ad36e7c8/iiif/cam-1395-p_0000_capa-capa_t24-C-R0150_000007.tif/full/!300,500/0/default.jpg;Livro impresso;"Português ; Espanhol";;Rimas;;;Acrescentadas nesta terceyra impressaõ. Dirigidas a Inclyta Universidade de Coimbra;Em Lisboa : por Pedro Crasbeeck : a custa de Domingos Fernandez mercador de libros;1607;1607;9, 102 i.é 202, 5 f.;Luís de Camões, 1524-1580;;;"Pedro Craesbeeck, fl. 1597-1632, Impressor ; Domingos Fernandes, 15---16--, Editor comercial ; Nicolau Moniz de Vasconcelos, Antigo possuidor ; Francisco Caetano Cabral Rangel, Antigo possuidor ; Jaime Cortesão, 1884-1960, Antigo possuidor ;  Neves, 18--?, Antigo possuidor";;;CAM. 1395 P.;;http://id.bnportugal.gov.pt/bib/catbnp/913711;Livre
7319;Recepção criativa - Tematização | 409;;;;;;;;;;;;;;;;;;;;;;;;;;;;;;;;;;;;;764114;https://purl.pt/14136;https://bndigital.bnportugal.gov.pt//i/?IIIF=/9b/3a/b6/61/9b3ab661-b1b0-48a2-aee7-07401e644959/iiif/cam-15-p_0000_Obra%20Completa_t24-C-R0150_000005.tif/full/!300,500/0/default.jpg;Livro impresso;"Português ; Espanhol";;Rimas;;;Acrescentadas nesta terceyra impressaõ. Dirigidas à inclyta Universidade de Coimbra;Em Lisboa : por Pedro Crasbeeck : a custa de Domingos Fernandez mercador de libros;1607;1607;4, 202, 5 f.;Luís de Camões, 1524-1580;;;"Diogo Bernardes, ca 1530-1596, Autor ; Pedro Craesbeeck, fl. 1597-1632, Impressor ; Domingos Fernandes, 15---16--, Editor comercial ; António Manuel Salcedo..., 16--?, Antigo possuidor ; Tomás Norton, 1804-1860, Antigo possuidor";;;CAM. 15 P.;PATRIMONIA2;http://id.bnportugal.gov.pt/bib/catbnp/764114;Livre
7320;Bibliografia crítica - Obra | 412;Vida - Biografia | 13;Figuras Femininas - Autoras (produção escrita sobre Camões) | 552;Obra - Impressos - Obras (avulsas) - Lírica - Soneto | 35;Obra - Impressos - Obras (avulsas) - Lírica - Elegia | 28;Celebrações - 1972 - Textos críticos | 518;;;;;;;;;;;;;;;;;;;;;;;;;;;;;;;;567856;https://purl.pt/26456;https://bndigital.bnportugal.gov.pt//i/?IIIF=/5a/16/be/fa/5a16befa-3e2a-4509-9127-490e1bc53d6b/iiif/cod-13117_0000_capa-capa_t24-C-R0150_000009.tif/full/!300,500/0/default.jpg;Livro manuscrito;Português;;Vidas de portugueses ilustres;;;1.ª ed.;;1601;1601;III, 199 f., enc.;;;"Manuel Severim de Faria, 1583-1655, Autor ; Tomé Álvares, fl. 15--, Autor";;;"Palácio do Correio Velho. Casa de, Antigo possuidor ; Cadaval. Casa de, Antigo possuidor";COD. 13117;CAM500;http://id.bnportugal.gov.pt/bib/catbnp/567856;Livre
7321;Vida - Ficção - Drama | 17;Recepção criativa - Tematização | 409;Celebrações - 1972 - Textos ficcionais | 525;Celebrações - 1972 - Recepção criativa - Tematização | 523;;;;;;;;;;;;;;;;;;;;;;;;;;;;;;;;;;2011941;https://purl.pt/43546;https://bndigital.bnportugal.gov.pt//i/?IIIF=/92/36/f2/0d/9236f20d-2e61-4d9b-ae0d-7fa17248eaac/iiif/cod-9391_0001.tif/full/!300,500/0/default.jpg;Livro manuscrito;"Português ; Espanhol";;Canto Primeiro de Luis de Camoins tradozido ao de vinho;;;1.ª ed.;Coimbra,;1601;1601;I, 46, 2 f., enc.;;;"Manuel Luis Freire, fl. 1589, Autor ; Manuel do Vale de Moura, ca 1564-1650, Autor ; Bartolomeu Varela, fl. 1589, Autor ; Luís Mendes de Vasconcelos, ca. 1542-1623, Autor";Luís de Camões, 1524-1580, Antecedente bibliográfico;;;COD. 9391;CAM500;http://id.bnportugal.gov.pt/bib/catbnp/2011941;Livre
7322;Iconografia - Impressos - Retrato de Camões | 372;Celebrações - 1972 - Iconografia | 528;;;;;;;;;;;;;;;;;;;;;;;;;;;;;;;;;;;;2012523;https://purl.pt/43549;https://bndigital.bnportugal.gov.pt//i/?IIIF=/11/c3/53/92/11c35392-38d3-4127-ac43-99b7065d6ed9/iiif/cod-8594_0007.tif/full/!300,500/0/default.jpg;Livro manuscrito;"Português ; Espanhol ; Latim";;Flores Poeticas Colhidas, e tiradas De varios Poetas Insignes E Recolhidas, e aladas Neste ramalhete Por Hum Curiozo e Para Recreação do ... E Para Lançar fora a Melancolia;;;1.ª ed.;;1601;1601;181 f.;;;"Maria de Lara e Meneses, 1610-1649, Autor ; Lucas de Santa Catarina, 1660-1740, Autor ; Jerónimo Baía, 1620-1688, Autor ; Tomás de Noronha, ?-1651, Autor ; Manuel Luis Freire, fl. 1589, Autor ; Feliciana de Milão, 1632-1705, Autor ; Manuel do Vale de Moura, ca 1564-1650, Autor ; Gregório de Matos, 1633-1696, Autor ; Bartolomeu Varela, fl. 1589, Autor ; Luís Mendes de Vasconcelos, ca. 1542-1623, Autor";"Luís de Camões, 1524-1580, Antecedente bibliográfico ; Carlos Ferreira Borges, ca 1800, Antigo possuidor";;;F. 3096;CAM500;http://id.bnportugal.gov.pt/bib/catbnp/2012523;Livre
7323;Bibliografia crítica - Estudo | 418;Celebrações - 1972 - Textos críticos | 518;;;;;;;;;;;;;;;;;;;;;;;;;;;;;;;;;;;;476969;https://purl.pt/44307;https://bndigital.bnportugal.gov.pt//i/?IIIF=/04/01/7b/b4/04017bb4-84a8-4b24-9020-fd2ea100255d/iiif/cam-163-a_0001.tif/full/!300,500/0/default.jpg;Livro manuscrito;Português;;Vida de Luiz de Camoens;;;1.ª ed.;;1601;1601;3 cad. 12, 12, 7, 1 f.;;;;;;;CAM. 163 A.;CAM500;http://id.bnportugal.gov.pt/bib/catbnp/476969;Livre
7324;Iconografia - Impressos - Retrato de Camões | 372;Celebrações - 1972 - Iconografia | 528;Recepção criativa - Tematização | 409;Celebrações - 1972 - Recepção criativa - Tematização | 523;;;;;;;;;;;;;;;;;;;;;;;;;;;;;;;;;;473341;https://purl.pt/44516;https://bndigital.bnportugal.gov.pt//i/?IIIF=/32/aa/54/4b/32aa544b-224d-426c-8b0a-8c1e553c1567/iiif/cam-407-4-p_0001.tif/full/!300,500/0/default.jpg;Livro manuscrito;Português;;Bordalengo;parodia;;1.ª ed.;;1601;1601;24 f.;;;;Tomás Norton, 1804-1860, Antigo possuidor;;;F.R. 745;CAM500;http://id.bnportugal.gov.pt/bib/catbnp/473341;Livre
7325;Obra - Impressos - Composições soltas e fragmentos - Épica - Estrofes | 66;Obra - Impressos - Obras (conjunto) - Teatro - Título das peças | 62;Obra - Impressos - Obras (conjunto) - Lírica | 47;Obra - Impressos - Obras (conjunto) - Lírica - Elegia | 51;Obra - Impressos - Obras (conjunto) - Lírica - Soneto | 58;Obra - Impressos - Obras (conjunto) - Lírica - Oitavas | 56;Obra - Impressos - Obras (conjunto) - Lírica - Canção | 48;Obra - Impressos - Obras (conjunto) - Lírica - Sextina | 57;Obra - Impressos - Obras (conjunto) - Lírica - Écloga | 50;Obra - Impressos - Obras (avulsas) - Lírica - Fábula de Narciso | 38;Obra - Impressos - Paratextos - Obras - Lírica | 125;Obra - Impressos - Paratextos - Obras - Lírica - Notas | 128;Celebrações - 1972 - Edições | 517;;;;;;;;;;;;;;;;;;;;;;;;;473348;https://purl.pt/44532;https://bndigital.bnportugal.gov.pt//i/?IIIF=/49/bc/48/ff/49bc48ff-9a52-448e-8a35-1114bc53aec7/iiif/cam-407-5-p_0001.tif/full/!300,500/0/default.jpg;Livro manuscrito;Português;;Luziadas de Luis de Camões Contra feitas a velhaquesca;festas Baccanaes;;1.ª ed.;;1600;1600;8 f.;Manuel Luis Freire, fl. 1589;;"Manuel do Vale de Moura, ca 1564-1650 ; Bartolomeu Varela, fl. 1589, Autor ; Luís Mendes de Vasconcelos, ca. 1542-1623, Autor";"Luís de Camões, 1524-1580, Antecedente bibliográfico ; Tomás Norton, 1804-1860, Antigo possuidor";;;F.R. 745;CAM500;http://id.bnportugal.gov.pt/bib/catbnp/473348;Livre
7326;Bibliografia crítica - Estudo | 418;Celebrações - 1972 - Textos críticos | 518;;;;;;;;;;;;;;;;;;;;;;;;;;;;;;;;;;;;473352;https://purl.pt/44531;https://bndigital.bnportugal.gov.pt//i/?IIIF=/89/9f/b2/ff/899fb2ff-4d9d-477b-8611-9d0c4ec7314b/iiif/cam-407-6-p_0003.tif/full/!300,500/0/default.jpg;Livro manuscrito;Português;;Primeiro canto, das Lusiadas do insigne poeta Luis de Camones, tradusido a bebediçe;;;1.ª ed.;;1600;1600;8 f.;Manuel Luis Freire, fl. 1589;;"Manuel do Vale de Moura, ca 1564-1650 ; Bartolomeu Varela, fl. 1589, Autor ; Luís Mendes de Vasconcelos, ca. 1542-1623, Autor";"Luís de Camões, 1524-1580, Antecedente bibliográfico ; Tomás Norton, 1804-1860, Antigo possuidor";;;F.R. 745;CAM500;http://id.bnportugal.gov.pt/bib/catbnp/473352;Livre
7327;Obra - Impressos - Obras (avulsas) - Teatro - Título das peças | 42;Obra - Impressos - Paratextos - Obras (avulsas) - Teatro | 111;Celebrações - 1972 - Edições | 517;;;;;;;;;;;;;;;;;;;;;;;;;;;;;;;;;;;323619;https://purl.pt/14706;https://bndigital.bnportugal.gov.pt//i/?IIIF=/f2/a6/97/56/f2a69756-ebf3-48c6-a949-3b0519c1821e/iiif/cam-14-p_0000_capa-capa_t24-C-R0150_000007.tif/full/!300,500/0/default.jpg;Livro impresso;Português;;Rimas;;;Accrescentadas nesta segunda impressão...;Em Lisboa : por Pedro Crasbeeck : a custa de Esteuão Lopez, mercador de livros;1598;1598;8, 102 i.é 202, 5 f.;Luís de Camões, 1524-1580;;;"Pedro Craesbeeck, fl. 1597-1632, Impressor ; Estêvão Lopes, fl. 159--160-, Editor comercial ; Tomás Norton, 1804-1860, Antigo possuidor";;Portugal. Comissão Nacional para as Comemorações dos Descobrimentos Portugueses, Antigo possuidor;F. 5;PATRIMONIA3;http://id.bnportugal.gov.pt/bib/catbnp/323619;Livre
7328;Bibliografia crítica - Polémica e discussão | 417;Bibliografia crítica - Estudo | 418;;;;;;;;;;;;;;;;;;;;;;;;;;;;;;;;;;;;323616;https://purl.pt/14773;https://bndigital.bnportugal.gov.pt//i/?IIIF=/c9/46/0a/21/c9460a21-19a9-4fa8-8f45-ae0083d6f047/iiif/cam-12-p_0000_capa-capa_t24-C-R0150_000005.tif/full/!300,500/0/default.jpg;Livro impresso;Português;;Os Lusiadas;;;Polo original antigo agora nouamente impressos;Em Lisboa : por Manoel de Lyra : á custa de Esteuão Lopez;1597;1597;2, 186 f.;Luís de Camões, 1524-1580;;;"Manuel de Lira, fl. 1579-1609, Impressor ; Estêvão Lopes, fl. 159--160-, Editor comercial ; Tomás Norton, 1804-1860, Antigo possuidor ;  Azevedo, 1809-1876, Antigo possuidor";;;F. 2550;PATRIMONIA3;http://id.bnportugal.gov.pt/bib/catbnp/323616;Livre
7329;Bibliografia crítica - Estudo | 418;Vida - Documentação | 19;Celebrações - 1972 - Vida | 519;Iconografia - Impressos - Lugares de memória | 391;;;;;;;;;;;;;;;;;;;;;;;;;;;;;;;;;;323617;https://purl.pt/14880;https://bndigital.bnportugal.gov.pt//i/?IIIF=/65/f0/b5/eb/65f0b5eb-2845-4af8-b55e-cd6634f60f16/iiif/cam-10-p_0000_capa-capa_t24-C-R0150_000009.tif/full/!300,500/0/default.jpg;Livro impresso;Português;;Rhythmas;;;1.ª ed.;Em Lisboa : por Manoel de Lyra : a custa de Esteuão Lopez;1595;1595;8, 166 i.é 170, 4 f.;Luís de Camões, 1524-1580;;;"Manuel de Lira, fl. 1579-1609, Impressor ; Estêvão Lopes, fl. 159--160-, Editor comercial ; Tomás Norton, 1804-1860, Antigo possuidor ; Vítor de Ávila Peres, fl. 183-, Antigo possuidor";;;F. 5466;PATRIMONIA3;http://id.bnportugal.gov.pt/bib/catbnp/323617;Livre
7330;Iconografia - Impressos - Lugares de memória | 391;;;;;;;;;;;;;;;;;;;;;;;;;;;;;;;;;;;;;224030;https://purl.pt/23641;https://bndigital.bnportugal.gov.pt//i/?IIIF=/d9/b9/5d/55/d9b95d55-068a-4d82-a917-90fc6bdec12f/iiif/cam-200-p_0000_capa-capa_t24-C-R0150_000005.tif/full/!300,500/0/default.jpg;Livro impresso;Espanhol;Português;Los Lusiadas;;;1.ª ed.;En Madrid : en casa de Guillermo Drouy, impressor de libros;1591;1591;4, 851, i.é 185, 1 f.;Luís de Camões, 1524-1580;;;"Henrique Garcês, ca 1520-1595, Tradutor ; Guillermo Drouy, fl. 1578-1599, Impressor ; António Teixeira de Magalhães, ca 1760-1831, Antigo possuidor";;;F. 1624;;http://id.bnportugal.gov.pt/bib/catbnp/224030;Livre
7331;Iconografia - Impressos - Lugares de memória | 391;;;;;;;;;;;;;;;;;;;;;;;;;;;;;;;;;;;;;323615;https://purl.pt/14689;https://bndigital.bnportugal.gov.pt//i/?IIIF=/06/33/a5/e7/0633a5e7-8715-41fc-87d1-0ecc81da22f9/iiif/cam-1163-p_0000_capa-capa_t24-C-R0150_000009.tif/full/!300,500/0/default.jpg;Livro impresso;Português;;Os Lusiadas;;;Agora de nouo impresso com algumas anotações de diuersos autores;Em Lisboa : por Manuel de Lyra;1591;1591;2, 184, 36 f.;Luís de Camões, 1524-1580;;;"Tomás Norton, 1804-1860, Antigo possuidor ; Manuel de Lira, fl. 1579-1609, Impressor ; Vítor de Ávila Peres, fl. 183-, Antigo possuidor";;;F. 3133;PATRIMONIA3;http://id.bnportugal.gov.pt/bib/catbnp/323615;Livre
7332;Obra - Impressos - Antologias - Lírica | 91;Figuras Femininas - Autoras (produção escrita sobre Camões) | 552;Celebrações - 1980 - Textos críticos | 535;Bibliografia crítica - Edições | 411;Bibliografias e catálogos - Bibliografia | 550;;;;;;;;;;;;;;;;;;;;;;;;;;;;;;;;;51530;https://purl.pt/23692;https://bndigital.bnportugal.gov.pt//i/?IIIF=/3a/f0/8e/09/3af08e09-1403-4932-b207-cabbc0c4b992/iiif/cam-8-p_0000_capa-capa_t24-C-R0150_000009.tif/full/!300,500/0/default.jpg;Livro impresso;Português;;Primeira parte dos Autos e comedias portuguesas;;;Agora nouamente juntas & emendadas nesta primeira impressão;Lisboa : por Andres Lobato;1587;1587;2, 179 f.;;;"Luís de Camões, 1524-1580, Autor ; António Prestes, fl. 1587, Autor ; Henrique Lopes, 15--, Autor ; Jorge Pinto, 15--, Autor ; Jerónimo Ribeiro, 15--, Autor";"Afonso Lopes, fl. 1583 - 1589, Editor literário ; André Lobato, fl. 1583 - 1587, Impressor";;;F. 6945;;http://id.bnportugal.gov.pt/bib/catbnp/51530;Livre
7333;Celebrações - 1980 - Periódicos | 537;Iconografia - Impressos - Retrato de Camões | 372;Iconografia - Impressos - Ilustrações da obra | 376;Celebrações - 1980 - Iconografia | 545;;;;;;;;;;;;;;;;;;;;;;;;;;;;;;;;;;323614;https://purl.pt/17473;https://bndigital.bnportugal.gov.pt//i/?IIIF=/1e/1d/ed/d8/1e1dedd8-793f-4368-affa-73d9c8e95f89/iiif/cam-7-p_0000_capa-capa_t24-C-R0150_000023.tif/full/!300,500/0/default.jpg;Livro impresso;Português;;Os Lusiadas;;;Agora de nouo impresso com algumas annotações de diuersos autores;Em Lisboa : por Manoel de Lyra;1584;1584;12, 280 f.;Luís de Camões, 1524-1580;;;"Manuel de Lira, fl. 1579-1609, Impressor ; Vítor de Ávila Peres, fl. 183-, Antigo possuidor ; José de Sousa, 1664-1730, Antigo possuidor";;Ordem de Cister. Mosteiro de Santa Maria, Antigo possuidor;F. 2488;CENSURA;http://id.bnportugal.gov.pt/bib/catbnp/323614;Livre
7334;Bibliografia crítica - Edições | 411;Celebrações - 1980 - Textos críticos | 535;;;;;;;;;;;;;;;;;;;;;;;;;;;;;;;;;;;;224027;https://purl.pt/23629;https://bndigital.bnportugal.gov.pt//i/?IIIF=/7b/7a/f5/77/7b7af577-eb20-40d0-8bd4-f587cc634b01/iiif/cam-198-p_0000_capa-capa_t24-C-R0150_000007.tif/full/!300,500/0/default.jpg;Livro impresso;Espanhol;Português;Los Lusiadas;;;1.ª ed.;Impresso en Alcala de Henares : por Iuan Gracian;1580;1580;388 p.;Luís de Camões, 1524-1580;;;"Bento Caldeira, fl. 1580, Tradutor ; Juan Gracián, fl. 1572-1599, Impressor ; Manuel do Cenáculo, 1724-1814, Antigo possuidor";;;F. 1622;;http://id.bnportugal.gov.pt/bib/catbnp/224027;Livre
7335;Recepção criativa - Tematização | 409;Celebrações - 1980 - Recepção criativa - Tematização | 540;Iconografia - Impressos - Imagens de Camões | 373;;;;;;;;;;;;;;;;;;;;;;;;;;;;;;;;;;;224029;https://purl.pt/23635;https://bndigital.bnportugal.gov.pt//i/?IIIF=/e5/e2/70/cb/e5e270cb-b593-4c17-b688-ed4d7fb4ae7c/iiif/cam-199-p_0000_1-638_t24-C-R0150_000007.tif/full/!300,500/0/default.jpg;Livro impresso;Espanhol;Português;La Lusiada;;;1.ª ed.;En Salamanca : en casa de Ioan Perier, Impressor de Libros;1580;1580;16, 307 f.;Luís de Camões, 1524-1580;;;"Luis Gómez de Tapia, 15--, Tradutor ; Juan Perier, fl. 1570-1583, Impressor";;;F.R. 1057;;http://id.bnportugal.gov.pt/bib/catbnp/224029;Livre
7336;Bibliografia crítica - Estudo | 418;Celebrações - 1980 - Textos críticos | 535;;;;;;;;;;;;;;;;;;;;;;;;;;;;;;;;;;;;224029;https://purl.pt/23635;https://bndigital.bnportugal.gov.pt//i/?IIIF=/e5/e2/70/cb/e5e270cb-b593-4c17-b688-ed4d7fb4ae7c/iiif/cam-199-p_0000_1-638_t24-C-R0150_000007.tif/full/!300,500/0/default.jpg;Livro impresso;Espanhol;Português;La Lusiada;;;1.ª ed.;En Salamanca : en casa de Ioan Perier, Impressor de Libros;1580;1580;16, 307 f.;Luís de Camões, 1524-1580;;;"Luis Gómez de Tapia, 15--, Tradutor ; Juan Perier, fl. 1570-1583, Impressor";;;F.R. 1057;;http://id.bnportugal.gov.pt/bib/catbnp/224029;Livre
7337;Música - Impressos | 405;Obra - Impressos - Obras (avulsas) - Lírica - Soneto | 35;;;;;;;;;;;;;;;;;;;;;;;;;;;;;;;;;;;;224027;https://purl.pt/23629;https://bndigital.bnportugal.gov.pt//i/?IIIF=/7b/7a/f5/77/7b7af577-eb20-40d0-8bd4-f587cc634b01/iiif/cam-198-p_0000_capa-capa_t24-C-R0150_000007.tif/full/!300,500/0/default.jpg;Livro impresso;Espanhol;Português;Los Lusiadas;;;1.ª ed.;Impresso en Alcala de Henares : por Iuan Gracian;1580;1580;388 p.;Luís de Camões, 1524-1580;;;"Bento Caldeira, fl. 1580, Tradutor ; Juan Gracián, fl. 1572-1599, Impressor ; Manuel do Cenáculo, 1724-1814, Antigo possuidor";;;F. 1622;;http://id.bnportugal.gov.pt/bib/catbnp/224027;Livre
7338;Obra - Impressos - Obras (avulsas) - Épica | 23;Obra - Impressos - Paratextos - Obras (avulsas) - Épica | 103;Obra - Impressos - Paratextos - Obras (avulsas) - Épica - Notas | 106;Iconografia - Impressos - Ilustrações da obra | 376;Iconografia - Impressos - Outros | 393;;;;;;;;;;;;;;;;;;;;;;;;;;;;;;;;;1997012;https://purl.pt/43590;https://bndigital.bnportugal.gov.pt//i/?IIIF=/4c/93/f7/d1/4c93f7d1-96c7-4d70-857c-76f74bfd810a/iiif/cod-3069_0007.tif/full/!300,500/0/default.jpg;Livro manuscrito;"Português ; Latim ; Espanhol";;Cancioneiro devoto quinhentista;;;1.ª ed.;;1575;1575;139 f.;;;"Jorge Manrique, 1440-1478, Autor ; Luís de Camões, 1524-1580, Autor ; Diogo Bernardes, ca 1530-1596, Autor";;;;F. 5176;CAM500;http://id.bnportugal.gov.pt/bib/catbnp/1997012;Livre
7339;Iconografia - Impressos - Retrato de Camões | 372;;;;;;;;;;;;;;;;;;;;;;;;;;;;;;;;;;;;;323612;https://purl.pt/14997;https://bndigital.bnportugal.gov.pt//i/?IIIF=/af/b6/59/07/afb65907-fd63-4606-8edd-0b04da642185/iiif/cam-1-p_0000_capa-capa_t24-C-R0150_000019.tif/full/!300,500/0/default.jpg;Livro impresso;Português;;Os Lusiadas;;;1.ª ed.;Em Lisboa : em casa de Antonio Gõçaluez;1572;1572;2, 186 f.;Luís de Camões, 1524-1580;;;Francisco de Melo Manuel, 1773-1851, Antigo possuidor;;;F. 1;;http://id.bnportugal.gov.pt/bib/catbnp/323612;Livre
7340;Obra - Impressos - Obras (avulsas) - Lírica - Redondilhas | 36;Obra - Impressos - Obras (avulsas) - Lírica - Cantiga | 26;Obra - Impressos - Obras (avulsas) - Lírica - Mote | 31;Obra - Impressos - Obras (avulsas) - Lírica - Soneto | 35;Obra - Impressos - Obras (avulsas) - Lírica - Canção | 25;Obra - Impressos - Obras (avulsas) - Lírica - Elegia | 28;Obra - Impressos - Obras (avulsas) - Lírica - Ode | 32;Obra - Impressos - Obras (avulsas) - Lírica - Oitavas | 33;Obra - Impressos - Obras (avulsas) - Lírica - Sextina | 34;Obra - Impressos - Obras (avulsas) - Lírica - Écloga | 27;Obra - Impressos - Obras (avulsas) - Lírica - Endechas | 29;Obra - Impressos - Obras (avulsas) - Lírica - Esparsas | 30;Obra - Impressos - Paratextos - Obras (avulsas) - Lírica | 107;Obra - Impressos - Paratextos - Obras (avulsas) - Lírica - Notas | 110;Iconografia - Impressos - Retrato de Camões | 372;Iconografia - Impressos - Outros | 393;;;;;;;;;;;;;;;;;;;;;;323613;https://purl.pt/1;https://bndigital.bnportugal.gov.pt//i/?IIIF=/e6/54/ee/2b/e654ee2b-c8e0-45f2-abb3-ffdf1f576e20/iiif/cam-3-p_0000_capa-capa_t24-C-R0150_000007.tif/full/!300,500/0/default.jpg;Livro impresso;Português;;Os Lusiadas;;;1.ª ed.;Lisboa : em casa de Antonio Gõçaluez;1572;1572;2, 186 f.;Luís de Camões, 1524-1580;;;"António Gonçalves, fl. 1566-1576, Impressor ; Francisco Manuel de Melo, 1608-1666, Antigo possuidor ; Tomás Norton, 1804-1860, Antigo possuidor ; Manuel Lopes Teixeira, Antigo possuidor ; Jerónimo Correia da Silveira, fl. ca. 1590, Antigo possuidor";;;PURL 1/0;PATRIMONIA2;http://id.bnportugal.gov.pt/bib/catbnp/323613;Livre
