26169;https://bndigital.bnportugal.gov.pt//i/?IIIF=/08/e3/bd/09/08e3bd09-140b-4567-8c3e-61c604f89588/iiif/cam-550-p_0000_000007.tif/full/!300,500/0/default.jpg
36470;https://bndigital.bnportugal.gov.pt//i/?IIIF=/d8/5c/43/f8/d85c43f8-9c55-4206-b414-1f428483360c/iiif/cam-1427-v_0000_000001.tif/full/!300,500/0/default.jpg
87568;https://bndigital.bnportugal.gov.pt//i/?IIIF=/e8/03/44/c0/e80344c0-7344-4072-97b4-6a21222417ed/iiif/cam-384-5-v_0000_000001.tif/full/!300,500/0/default.jpg
98263;https://bndigital.bnportugal.gov.pt//i/?IIIF=/b4/00/5d/11/b4005d11-0641-4e67-aa53-5754ef74caef/iiif/cam-399-13-v_0000_000001.tif/full/!300,500/0/default.jpg
174420;https://bndigital.bnportugal.gov.pt//i/?IIIF=/6b/ed/d1/d0/6bedd1d0-be60-45df-89b9-5a67a051c80f/iiif/cam-265-v_0000_000001.tif/full/!300,500/0/default.jpg
181980;https://bndigital.bnportugal.gov.pt//i/?IIIF=/12/88/c3/b0/1288c3b0-fd85-407f-927a-24cd41e46573/iiif/cam-1473-p_0005.tif/full/!300,500/0/default.jpg
197071;https://bndigital.bnportugal.gov.pt//i/?IIIF=/53/27/cc/2d/5327cc2d-6c5e-49f2-bc60-539209fbeaee/iiif/cam-1713-v_0003.tif/full/!300,500/0/default.jpg
197154;https://bndigital.bnportugal.gov.pt//i/?IIIF=/03/d1/ab/95/03d1ab95-f957-4451-9b04-5ff00b67ede6/iiif/cam-1626-v_0000_000001.tif/full/!300,500/0/default.jpg
197157;https://bndigital.bnportugal.gov.pt//i/?IIIF=/a1/b3/76/b9/a1b376b9-3058-4013-ae94-b2cc343f106e/iiif/cam-1625-v_0000_000003.tif/full/!300,500/0/default.jpg
217530;https://bndigital.bnportugal.gov.pt//i/?IIIF=/29/b4/dc/af/29b4dcaf-65cb-4caf-99cc-111aae8dfcb2/iiif/e-1179-a_0000_000001.tif/full/!300,500/0/default.jpg
239134;https://bndigital.bnportugal.gov.pt//i/?IIIF=/18/bc/39/9f/18bc399f-33ff-445d-8f1b-a9f12f125b78/iiif/cam-104-a_0001.tif/full/!300,500/0/default.jpg
246717;https://bndigital.bnportugal.gov.pt//i/?IIIF=/cc/e9/af/da/cce9afda-11be-44bb-bcd9-4d42baaa50c2/iiif/cam-655-p_0000_000005.tif/full/!300,500/0/default.jpg
251998;https://bndigital.bnportugal.gov.pt//i/?IIIF=/8d/81/e1/1e/8d81e11e-99a4-4e9d-b3b6-7b0ff1fa00a0/iiif/mp-1066-3-a_0000_000001.tif/full/!300,500/0/default.jpg
252452;https://bndigital.bnportugal.gov.pt//i/?IIIF=/76/11/4c/8e/76114c8e-ede6-4e37-92fb-91d5436fa2a2/iiif/cam-248-p_0000_000005.tif/full/!300,500/0/default.jpg
252578;https://bndigital.bnportugal.gov.pt//i/?IIIF=/9a/ab/71/8a/9aab718a-0cbf-4eec-acfa-ddd553a21a87/iiif/cam-973-p_0000_000005.tif/full/!300,500/0/default.jpg
254758;https://bndigital.bnportugal.gov.pt//i/?IIIF=/f8/ff/08/96/f8ff0896-b938-4b22-968a-6267a54b8dc7/iiif/cam-53-p_0007.tif/full/!300,500/0/default.jpg
254799;https://bndigital.bnportugal.gov.pt//i/?IIIF=/57/df/e2/5a/57dfe25a-ed3f-4449-b46e-4bd33ce8b3a0/iiif/cam-58-p_0007.tif/full/!300,500/0/default.jpg
254896;https://bndigital.bnportugal.gov.pt//i/?IIIF=/68/ce/40/56/68ce4056-772d-4b91-84ef-c960fba49aeb/iiif/cam-59-p_0000_000011.tif/full/!300,500/0/default.jpg
254903;https://bndigital.bnportugal.gov.pt//i/?IIIF=/1e/00/45/73/1e004573-3343-4b38-93d6-92d511678e38/iiif/cam-1632-v_0000_000007.tif/full/!300,500/0/default.jpg
254916;https://bndigital.bnportugal.gov.pt//i/?IIIF=/3f/a5/b7/77/3fa5b777-343f-4f42-b434-153095605222/iiif/cam-67-p_0000_000009.tif/full/!300,500/0/default.jpg
254962;https://bndigital.bnportugal.gov.pt//i/?IIIF=/59/ba/35/ec/59ba35ec-0b4e-4b92-9a7b-2ce652a2bfc2/iiif/cam-77-p_0000_000004.tif/full/!300,500/0/default.jpg
254985;https://bndigital.bnportugal.gov.pt//i/?IIIF=/2e/fb/ae/b3/2efbaeb3-bd73-4fe7-9f2e-fcdcf4197e1b/iiif/cam-86-p_0000_000005.tif/full/!300,500/0/default.jpg
255944;https://bndigital.bnportugal.gov.pt//i/?IIIF=/91/9d/4e/e9/919d4ee9-9a07-48d3-8116-1c7e3d1333db/iiif/cam-98-1-p_0000_000004.tif/full/!300,500/0/default.jpg
255993;https://bndigital.bnportugal.gov.pt//i/?IIIF=/d3/a8/47/93/d3a84793-8fbc-4bd9-89a7-c19ec27eb032/iiif/cam-456-p_0000_000005.tif/full/!300,500/0/default.jpg
256071;https://bndigital.bnportugal.gov.pt//i/?IIIF=/21/d6/ce/34/21d6ce34-1702-42b8-af5d-d533f0bba403/iiif/cam-100-p_0000_000009.tif/full/!300,500/0/default.jpg
256073;https://bndigital.bnportugal.gov.pt//i/?IIIF=/8c/fd/9f/76/8cfd9f76-5fae-496a-9063-c19d3034d640/iiif/cam-102-p_0000_000011.tif/full/!300,500/0/default.jpg
256101;https://bndigital.bnportugal.gov.pt//i/?IIIF=/f2/73/08/21/f2730821-1c31-4c0f-b5c5-1ab18d4f4f88/iiif/cam-117-p_0000_000007.tif/full/!300,500/0/default.jpg
256114;https://bndigital.bnportugal.gov.pt//i/?IIIF=/f1/3b/66/80/f13b6680-dd72-4990-b83f-c106878060a9/iiif/cam-120-1-p_0000_000001.tif/full/!300,500/0/default.jpg
256271;https://bndigital.bnportugal.gov.pt//i/?IIIF=/38/2f/a0/12/382fa012-8dd8-4183-8de3-2e6ce57f3988/iiif/cam-121-p_0000_000007.tif/full/!300,500/0/default.jpg
256278;https://bndigital.bnportugal.gov.pt//i/?IIIF=/07/95/0c/f3/07950cf3-f41e-4627-aa2e-8eef2264454e/iiif/cam-1648-v_0000_000003.tif/full/!300,500/0/default.jpg
256299;https://bndigital.bnportugal.gov.pt//i/?IIIF=/53/f7/db/1e/53f7db1e-a9e4-45ba-b531-e2f68be6a7d3/iiif/cam-131-1-p_0000_000004.tif/full/!300,500/0/default.jpg
256319;https://bndigital.bnportugal.gov.pt//i/?IIIF=/8e/66/78/53/8e667853-d35b-4c5b-9796-91e215d0fbb6/iiif/cam-133-1-p_0000_000005.tif/full/!300,500/0/default.jpg
256405;https://bndigital.bnportugal.gov.pt//i/?IIIF=/45/ff/1d/14/45ff1d14-bbdc-4ca4-a69c-95b3eb1160c2/iiif/cam-519-p_0000_000005.tif/full/!300,500/0/default.jpg
256432;https://bndigital.bnportugal.gov.pt//i/?IIIF=/78/ac/3f/9f/78ac3f9f-3806-4888-be59-73a913e27b8b/iiif/cam-148-1-p_0000_000005.tif/full/!300,500/0/default.jpg
256563;https://bndigital.bnportugal.gov.pt//i/?IIIF=/8f/3a/ef/1c/8f3aef1c-26e4-4603-8a31-70bb7b76bf5b/iiif/cam-156-1-p_0000_000011.tif/full/!300,500/0/default.jpg
257291;https://bndigital.bnportugal.gov.pt//i/?IIIF=/61/2a/0b/40/612a0b40-87ef-4784-b03e-6e0cb2c55d59/iiif/cam-1201-v_0000_000001.tif/full/!300,500/0/default.jpg
257292;https://bndigital.bnportugal.gov.pt//i/?IIIF=/a1/e8/29/5a/a1e8295a-ce2a-46d5-a94f-fb545f21b212/iiif/cam-162-p_0000_000007.tif/full/!300,500/0/default.jpg
257302;https://bndigital.bnportugal.gov.pt//i/?IIIF=/49/c7/d6/70/49c7d670-66b9-4175-99cc-6c5218ce8176/iiif/cam-165-p_0000_000005.tif/full/!300,500/0/default.jpg
258367;https://bndigital.bnportugal.gov.pt//i/?IIIF=/1e/a2/83/77/1ea28377-fcd3-4a6b-9a37-9250034082ea/iiif/cam-174-p_0000_000005.tif/full/!300,500/0/default.jpg
258484;https://bndigital.bnportugal.gov.pt//i/?IIIF=/c6/d0/e6/87/c6d0e687-d880-4096-bb37-0872eb31b1fc/iiif/cam-106-1-v_0000_000001.tif/full/!300,500/0/default.jpg
258528;https://bndigital.bnportugal.gov.pt//i/?IIIF=/57/f5/ec/f0/57f5ecf0-c23e-47fc-b710-6ff9f050ff25/iiif/cam-106-4-v_0000_000001.tif/full/!300,500/0/default.jpg
258572;https://bndigital.bnportugal.gov.pt//i/?IIIF=/fc/41/bb/57/fc41bb57-783d-404b-a938-8b4ad693966f/iiif/cam-340-3-p_0001.tif/full/!300,500/0/default.jpg
258720;https://bndigital.bnportugal.gov.pt//i/?IIIF=/f7/40/ad/1e/f740ad1e-8674-4bc6-baca-d32e6f1f3492/iiif/cam-201-p_0000_000007.tif/full/!300,500/0/default.jpg
259051;https://bndigital.bnportugal.gov.pt//i/?IIIF=/a5/13/03/82/a5130382-6c50-4b92-9b2c-dd2513a925fa/iiif/cam-212-p_0000_000005.tif/full/!300,500/0/default.jpg
259103;https://bndigital.bnportugal.gov.pt//i/?IIIF=/15/a9/dd/8a/15a9dd8a-7905-45f9-b66d-e369667d8474/iiif/cam-215-p_0000_000007.tif/full/!300,500/0/default.jpg
259145;https://bndigital.bnportugal.gov.pt//i/?IIIF=/32/6c/6d/3c/326c6d3c-cb9b-4ef6-a90c-739ee18f22dd/iiif/cam-219-p_0000_000009.tif/full/!300,500/0/default.jpg
259407;https://bndigital.bnportugal.gov.pt//i/?IIIF=/7f/de/5d/3f/7fde5d3f-0a4a-45dc-ab8c-43fdfbe6e0cd/iiif/cam-346-1-p_0001.tif/full/!300,500/0/default.jpg
259488;https://bndigital.bnportugal.gov.pt//i/?IIIF=/dd/89/b0/4b/dd89b04b-81c6-4e93-87dd-93410c147964/iiif/cam-235-p_0009.tif/full/!300,500/0/default.jpg
259501;https://bndigital.bnportugal.gov.pt//i/?IIIF=/34/70/f5/f4/3470f5f4-6bda-4236-84d1-98b6fd05ebf6/iiif/cam-237-p_0007.tif/full/!300,500/0/default.jpg
259566;https://bndigital.bnportugal.gov.pt//i/?IIIF=/8a/0e/8e/ed/8a0e8eed-736d-402e-b314-463f5a8cd1a5/iiif/cam-252-p_0000_000007.tif/full/!300,500/0/default.jpg
259746;https://bndigital.bnportugal.gov.pt//i/?IIIF=/f0/a5/8a/c5/f0a58ac5-eb24-48c9-90ad-8973de71526c/iiif/cam-261-p_0000_000008.tif/full/!300,500/0/default.jpg
259807;https://bndigital.bnportugal.gov.pt//i/?IIIF=/5a/5d/8c/a7/5a5d8ca7-2abb-4a16-8e9b-a5ff633e9f1c/iiif/cam-269-p_0007.tif/full/!300,500/0/default.jpg
264232;https://bndigital.bnportugal.gov.pt//i/?IIIF=/fa/a1/bb/23/faa1bb23-36d3-4bcd-9c3e-48f2179ed565/iiif/cam-295-p_0019.tif/full/!300,500/0/default.jpg
282169;https://bndigital.bnportugal.gov.pt//i/?IIIF=/af/94/8c/f3/af948cf3-66c9-4fd3-a3dd-ac2278b15e0c/iiif/cam-378-1-v_0000_000001.tif/full/!300,500/0/default.jpg
285564;https://bndigital.bnportugal.gov.pt//i/?IIIF=/22/ed/bb/9f/22edbb9f-bc5e-4661-bad4-22ba52bcba05/iiif/cam-349-p_0009.tif/full/!300,500/0/default.jpg
303896;https://bndigital.bnportugal.gov.pt//i/?IIIF=/f3/c7/47/8a/f3c7478a-10f9-45c8-905f-f5291d4eda5d/iiif/cam-52-v_0000_000011.tif/full/!300,500/0/default.jpg
319801;https://bndigital.bnportugal.gov.pt//i/?IIIF=/89/01/da/28/8901da28-f82c-42be-a0d8-bbfc0b0695d3/iiif/cam-352-1-p_0001.tif/full/!300,500/0/default.jpg
321887;https://bndigital.bnportugal.gov.pt//i/?IIIF=/f1/9e/10/b3/f19e10b3-2ffa-455a-aa1a-12c89599d980/iiif/cam-308-p_0000_000005.tif/full/!300,500/0/default.jpg
322001;https://bndigital.bnportugal.gov.pt//i/?IIIF=/ce/ba/df/ab/cebadfab-48bf-40fe-bbfd-2b80fac563eb/iiif/cam-310-1-p_0000_000001.tif/full/!300,500/0/default.jpg
322581;https://bndigital.bnportugal.gov.pt//i/?IIIF=/f5/2d/85/d8/f52d85d8-2d72-4591-95d3-3ad28a165491/iiif/cam-1109-p_0000_000005.tif/full/!300,500/0/default.jpg
322736;https://bndigital.bnportugal.gov.pt//i/?IIIF=/7c/9a/24/b0/7c9a24b0-a692-48d7-8119-0913e6699bc7/iiif/cam-322-4-p_0000_000001.tif/full/!300,500/0/default.jpg
322799;https://bndigital.bnportugal.gov.pt//i/?IIIF=/04/33/19/1d/0433191d-edda-4794-8b25-1b35b945c05f/iiif/cam-324-p_0000_000008.tif/full/!300,500/0/default.jpg
322887;https://bndigital.bnportugal.gov.pt//i/?IIIF=/75/34/d4/1e/7534d41e-5b60-46a8-a3bb-a599605724f7/iiif/cam-328-p_0000_000007.tif/full/!300,500/0/default.jpg
322954;https://bndigital.bnportugal.gov.pt//i/?IIIF=/67/5a/92/38/675a9238-8a14-4289-899f-c737cbe28197/iiif/cam-335-p_0009.tif/full/!300,500/0/default.jpg
322989;https://bndigital.bnportugal.gov.pt//i/?IIIF=/39/a8/d4/69/39a8d469-8e7d-4252-bd18-b547c0e0cb90/iiif/cam-336-p_0000_000010.tif/full/!300,500/0/default.jpg
322999;https://bndigital.bnportugal.gov.pt//i/?IIIF=/74/b8/87/97/74b88797-a25b-451f-aced-cb9bea2c251d/iiif/cam-337-p_0000_000005.tif/full/!300,500/0/default.jpg
323039;https://bndigital.bnportugal.gov.pt//i/?IIIF=/63/4f/b5/f3/634fb5f3-6f24-42c8-81be-f0a3e1c34640/iiif/cam-341-p_0007.tif/full/!300,500/0/default.jpg
323043;https://bndigital.bnportugal.gov.pt//i/?IIIF=/f2/5e/db/bd/f25edbbd-988d-454a-804a-5d68271ff8d2/iiif/cam-343-p_0007.tif/full/!300,500/0/default.jpg
323061;https://bndigital.bnportugal.gov.pt//i/?IIIF=/18/0a/f1/57/180af157-446c-46b5-bfe5-5c705aee65b1/iiif/cam-344-p_0007.tif/full/!300,500/0/default.jpg
323121;https://bndigital.bnportugal.gov.pt//i/?IIIF=/a8/b3/25/49/a8b32549-16d1-4daa-b78c-2c551e998fad/iiif/cam-346-2-p_0000_000001.tif/full/!300,500/0/default.jpg
323222;https://bndigital.bnportugal.gov.pt//i/?IIIF=/3f/ed/c6/80/3fedc680-abd8-497b-b1db-64f4c6aafa08/iiif/cam-350-2-p_0007.tif/full/!300,500/0/default.jpg
323263;https://bndigital.bnportugal.gov.pt//i/?IIIF=/df/09/c8/c4/df09c8c4-f836-4a25-a70a-c4a7ed85b091/iiif/cam-350-3-p_0002.tif/full/!300,500/0/default.jpg
324256;https://bndigital.bnportugal.gov.pt//i/?IIIF=/8f/48/ea/8b/8f48ea8b-f2de-4d46-9614-f7a96b1892f8/iiif/cam-1304-v_0000_000005.tif/full/!300,500/0/default.jpg
328182;https://bndigital.bnportugal.gov.pt//i/?IIIF=/e1/d4/c7/30/e1d4c730-fc4d-4790-a977-37d11546f9d4/iiif/cam-360-p_0000_000007.tif/full/!300,500/0/default.jpg
330209;https://bndigital.bnportugal.gov.pt//i/?IIIF=/20/e2/74/9d/20e2749d-b695-491a-afa1-775dbc88d31d/iiif/cam-353-p_0000_000009.tif/full/!300,500/0/default.jpg
330294;https://bndigital.bnportugal.gov.pt//i/?IIIF=/1d/ca/9f/b5/1dca9fb5-0aca-4326-b0c1-ba90eba29fa1/iiif/cam-419-3-p_0002.tif/full/!300,500/0/default.jpg
330369;https://bndigital.bnportugal.gov.pt//i/?IIIF=/33/aa/8c/cf/33aa8ccf-127a-4b63-aed9-3852f63347b1/iiif/cam-438-p_0000_000009.tif/full/!300,500/0/default.jpg
330575;https://bndigital.bnportugal.gov.pt//i/?IIIF=/ce/55/20/27/ce552027-2be0-45f7-9a6b-19b589d068f2/iiif/cam-485-p_0005.tif/full/!300,500/0/default.jpg
331035;https://bndigital.bnportugal.gov.pt//i/?IIIF=/95/16/e4/30/9516e430-ded9-4f08-abe6-573e8cb6441b/iiif/cam-1207-v_0000_000003.tif/full/!300,500/0/default.jpg
331252;https://bndigital.bnportugal.gov.pt//i/?IIIF=/bd/89/c9/6f/bd89c96f-0994-4e7d-b04c-39167183bf5c/iiif/cam-239-p_0000_000011.tif/full/!300,500/0/default.jpg
331265;https://bndigital.bnportugal.gov.pt//i/?IIIF=/20/73/03/9a/2073039a-5684-4b70-a47c-fdcc99d9a509/iiif/cam-1276-p_0000_000007.tif/full/!300,500/0/default.jpg
331414;https://bndigital.bnportugal.gov.pt//i/?IIIF=/4d/33/3e/dd/4d333edd-1912-45d2-8d54-c49a0efa8bcb/iiif/cam-1227-v_0000_000001.tif/full/!300,500/0/default.jpg
334184;https://bndigital.bnportugal.gov.pt//i/?IIIF=/f7/66/c4/63/f766c463-5dd1-41da-82c0-7a2e0c8dfcca/iiif/cam-1240-v_0000_000001.tif/full/!300,500/0/default.jpg
335427;https://bndigital.bnportugal.gov.pt//i/?IIIF=/78/01/70/5b/7801705b-bf5d-460d-88be-d5399b7dcbaa/iiif/cam-1245-v_0000_000013.tif/full/!300,500/0/default.jpg
335758;https://bndigital.bnportugal.gov.pt//i/?IIIF=/e5/c8/52/15/e5c85215-1ad9-4a76-9941-2161aade8d80/iiif/cam-310-v_0000_000011.tif/full/!300,500/0/default.jpg
336429;https://bndigital.bnportugal.gov.pt//i/?IIIF=/1a/c2/57/2b/1ac2572b-d86b-4e84-8ee9-08aa4b7ae493/iiif/cam-63-v_0008.tif/full/!300,500/0/default.jpg
341197;https://bndigital.bnportugal.gov.pt//i/?IIIF=/1f/d2/29/97/1fd22997-4200-45ca-b66a-499b5757ea43/iiif/cam-1493-v_0000_000005.tif/full/!300,500/0/default.jpg
357080;https://bndigital.bnportugal.gov.pt//i/?IIIF=/c8/af/92/e1/c8af92e1-6c67-4402-ae49-f865ebd60c9f/iiif/cam-1-v_0000_000009.tif/full/!300,500/0/default.jpg
357297;https://bndigital.bnportugal.gov.pt//i/?IIIF=/b2/56/5a/a6/b2565aa6-70f7-48fe-a06c-6e301f3b710c/iiif/cam-6-v_0011.tif/full/!300,500/0/default.jpg
359987;https://bndigital.bnportugal.gov.pt//i/?IIIF=/39/27/7b/28/39277b28-603e-47aa-be4b-900edbfbf24b/iiif/cam-770-p_0000_000001.tif/full/!300,500/0/default.jpg
367255;https://bndigital.bnportugal.gov.pt//i/?IIIF=/35/81/98/3c/3581983c-0a0b-496e-b43d-ff1e4b987f74/iiif/hg-15978-15-v_0000_000001.tif/full/!300,500/0/default.jpg
367428;https://bndigital.bnportugal.gov.pt//i/?IIIF=/a3/eb/b0/67/a3ebb067-89f3-40ff-a518-1fc158846d4b/iiif/cam-479-p_0003.tif/full/!300,500/0/default.jpg
381074;https://bndigital.bnportugal.gov.pt//i/?IIIF=/7d/bb/9c/38/7dbb9c38-ff88-4f0e-8125-42d713ee62f7/iiif/cam-21-a_0007.tif/full/!300,500/0/default.jpg
381465;https://bndigital.bnportugal.gov.pt//i/?IIIF=/1b/9b/a2/7b/1b9ba27b-8449-49d7-b8fa-ec3081a88a08/iiif/cam-30-a_0000_000005.tif/full/!300,500/0/default.jpg
381468;https://bndigital.bnportugal.gov.pt//i/?IIIF=/e0/20/89/c0/e02089c0-dfb3-4507-bf34-b897aa5b2b44/iiif/cam-33-a_0009.tif/full/!300,500/0/default.jpg
381701;https://bndigital.bnportugal.gov.pt//i/?IIIF=/58/a8/a6/57/58a8a657-7fb2-4700-9b55-408036c37806/iiif/cam-40-a_0001.tif/full/!300,500/0/default.jpg
381714;https://bndigital.bnportugal.gov.pt//i/?IIIF=/c3/70/f6/9e/c370f69e-df41-49cd-b95f-00d8060e3f71/iiif/cam-41-a_0007.tif/full/!300,500/0/default.jpg
381809;https://bndigital.bnportugal.gov.pt//i/?IIIF=/20/74/ff/20/2074ff20-ddda-4a00-bf02-38f5c2647a03/iiif/cam-44-1-a_0001.tif/full/!300,500/0/default.jpg
381889;https://bndigital.bnportugal.gov.pt//i/?IIIF=/5b/91/40/8a/5b91408a-4af1-4a94-bccc-2d03ee894a1c/iiif/cam-44-2-a_0000_000001.tif/full/!300,500/0/default.jpg
381903;https://bndigital.bnportugal.gov.pt//i/?IIIF=/84/00/0c/50/84000c50-b90e-4a7c-aa5e-5cb3dfef4dab/iiif/cam-45-2-a_0000_000001.tif/full/!300,500/0/default.jpg
382749;https://bndigital.bnportugal.gov.pt//i/?IIIF=/60/58/22/4f/6058224f-9454-448f-8489-96a3a71253f5/iiif/cam-47-a_0000_000007.tif/full/!300,500/0/default.jpg
382751;https://bndigital.bnportugal.gov.pt//i/?IIIF=/e0/0e/fa/06/e00efa06-8716-4476-9d8f-73b5e18a5758/iiif/cam-49-a_0001.tif/full/!300,500/0/default.jpg
382832;https://bndigital.bnportugal.gov.pt//i/?IIIF=/0b/3f/99/a6/0b3f99a6-6ac2-4eed-9c77-e86a58e06764/iiif/cam-50-a_0000_000003.tif/full/!300,500/0/default.jpg
382834;https://bndigital.bnportugal.gov.pt//i/?IIIF=/b6/d0/71/c6/b6d071c6-e05d-4c17-96b2-07a62e35fb7f/iiif/cam-82-1-v_0000_000005.tif/full/!300,500/0/default.jpg
382844;https://bndigital.bnportugal.gov.pt//i/?IIIF=/be/12/df/5e/be12df5e-248d-4e0b-823f-bb93ea5db616/iiif/cam-2058-v_0001.tif/full/!300,500/0/default.jpg
382955;https://bndigital.bnportugal.gov.pt//i/?IIIF=/df/8e/1b/e5/df8e1be5-0f74-4fdb-9b58-5bfa696ca99d/iiif/cam-53-5-a_0001.tif/full/!300,500/0/default.jpg
382969;https://bndigital.bnportugal.gov.pt//i/?IIIF=/60/01/14/c4/600114c4-43d1-40df-bf17-4e01fd4bb1dd/iiif/cam-54-a_0009.tif/full/!300,500/0/default.jpg
382972;https://bndigital.bnportugal.gov.pt//i/?IIIF=/80/3b/b9/df/803bb9df-b4de-496a-adbc-25a9d95b3638/iiif/cam-55-a_0007.tif/full/!300,500/0/default.jpg
382978;https://bndigital.bnportugal.gov.pt//i/?IIIF=/8a/04/06/d1/8a0406d1-dcdf-40af-9ba2-5fa354405f51/iiif/cam-56-a_0001.tif/full/!300,500/0/default.jpg
382981;https://bndigital.bnportugal.gov.pt//i/?IIIF=/2b/2d/51/1b/2b2d511b-4290-4cc3-b338-dffc6cbedad2/iiif/cam-57-a_0001.tif/full/!300,500/0/default.jpg
382988;https://bndigital.bnportugal.gov.pt//i/?IIIF=/e7/cb/7b/06/e7cb7b06-25e4-4d41-8f71-2c3e083010c8/iiif/cam-59-a_0007.tif/full/!300,500/0/default.jpg
385945;https://bndigital.bnportugal.gov.pt//i/?IIIF=/ca/5d/8c/c5/ca5d8cc5-b85c-4f76-893f-7de2d31a6d43/iiif/cam-63-a_0000_000007.tif/full/!300,500/0/default.jpg
385949;https://bndigital.bnportugal.gov.pt//i/?IIIF=/06/33/d8/97/0633d897-92cc-4a30-beb0-aa004a6f6470/iiif/cam-64-1-a_0001.tif/full/!300,500/0/default.jpg
386935;https://bndigital.bnportugal.gov.pt//i/?IIIF=/c8/18/91/78/c8189178-5871-4300-9edd-154703c6e75a/iiif/cam-64-3-a_0000_000001.tif/full/!300,500/0/default.jpg
386992;https://bndigital.bnportugal.gov.pt//i/?IIIF=/0c/53/05/58/0c530558-6907-414a-974d-e379f3070104/iiif/cam-64-4-a_0000_000001.tif/full/!300,500/0/default.jpg
387528;https://bndigital.bnportugal.gov.pt//i/?IIIF=/3d/a8/64/34/3da86434-0f0e-458f-a7d1-39aa8c909fc0/iiif/cam-64-6-a_0000_000001.tif/full/!300,500/0/default.jpg
389121;https://bndigital.bnportugal.gov.pt//i/?IIIF=/8e/d1/46/f3/8ed146f3-e26d-4087-88e7-d71443c542c1/iiif/cam-203-v_0000_000007.tif/full/!300,500/0/default.jpg
396405;https://bndigital.bnportugal.gov.pt//i/?IIIF=/11/21/33/35/11213335-0c6f-4347-8501-397d47049e54/iiif/e-2172-v_0000_1-2_p24-C-R0150_000001.tif/full/!300,500/0/default.jpg
397483;https://bndigital.bnportugal.gov.pt//i/?IIIF=/ce/5b/d5/2f/ce5bd52f-0e04-4503-974e-5522bbc0e7bd/iiif/cam-1018-p_0003.tif/full/!300,500/0/default.jpg
397670;https://bndigital.bnportugal.gov.pt//i/?IIIF=/f4/b1/c2/b3/f4b1c2b3-f0bb-4cb4-b767-93d0dae46bc3/iiif/cam-70-v_0000_000007.tif/full/!300,500/0/default.jpg
397751;https://bndigital.bnportugal.gov.pt//i/?IIIF=/22/d1/5a/60/22d15a60-c4ea-4a42-9a7f-86c4be093d72/iiif/cam-57-v_0007.tif/full/!300,500/0/default.jpg
397814;https://bndigital.bnportugal.gov.pt//i/?IIIF=/c4/67/61/68/c4676168-9b5b-4990-bfa3-6aa81cc7059c/iiif/cam-30-v_0000_000007.tif/full/!300,500/0/default.jpg
397818;https://bndigital.bnportugal.gov.pt//i/?IIIF=/58/13/66/39/58136639-f7f1-4612-94b8-d6a78a970d34/iiif/cam-707-p_0007.tif/full/!300,500/0/default.jpg
397819;https://bndigital.bnportugal.gov.pt//i/?IIIF=/bd/fd/60/cb/bdfd60cb-3cc4-48bd-8981-0b57ea135430/iiif/cam-34-v_0005.tif/full/!300,500/0/default.jpg
397822;https://bndigital.bnportugal.gov.pt//i/?IIIF=/53/07/f6/e6/5307f6e6-7747-45f0-8d9c-435d2871d068/iiif/cam-35-v_0007.tif/full/!300,500/0/default.jpg
397847;https://bndigital.bnportugal.gov.pt//i/?IIIF=/d6/fb/37/83/d6fb3783-c537-4793-8bb2-81c64d53f301/iiif/cam-37-v_0009.tif/full/!300,500/0/default.jpg
397849;https://bndigital.bnportugal.gov.pt//i/?IIIF=/14/e9/2d/b5/14e92db5-8913-4f19-839e-f58994d4437d/iiif/cam-38-v_0009.tif/full/!300,500/0/default.jpg
397850;https://bndigital.bnportugal.gov.pt//i/?IIIF=/ae/33/5a/17/ae335a17-527b-44d3-a74d-54a56c16af2c/iiif/cam-39-v_0007.tif/full/!300,500/0/default.jpg
397852;https://bndigital.bnportugal.gov.pt//i/?IIIF=/97/d2/74/d0/97d274d0-35d0-4540-bdbb-0b1af3d4ba91/iiif/cam-45-v_0005.tif/full/!300,500/0/default.jpg
397863;https://bndigital.bnportugal.gov.pt//i/?IIIF=/c3/91/eb/4c/c391eb4c-8bd2-4992-a05f-625f8ef77ebc/iiif/cam-69-v_0000_000001.tif/full/!300,500/0/default.jpg
397867;https://bndigital.bnportugal.gov.pt//i/?IIIF=/c3/1b/91/0c/c31b910c-f5c5-4550-849f-b7f896a1c3bc/iiif/cam-67-v_0000_000007.tif/full/!300,500/0/default.jpg
397876;https://bndigital.bnportugal.gov.pt//i/?IIIF=/de/b5/45/9c/deb5459c-316c-4583-bb29-fa7038aaebdc/iiif/cam-59-v_0009.tif/full/!300,500/0/default.jpg
397877;https://bndigital.bnportugal.gov.pt//i/?IIIF=/3a/34/50/28/3a345028-610d-4c37-af11-98e95904bfe5/iiif/cam-75-1-v_0000_000001.tif/full/!300,500/0/default.jpg
401648;https://bndigital.bnportugal.gov.pt//i/?IIIF=/c5/6f/77/dc/c56f77dc-6fe1-4b19-8eac-61a13ea62b02/iiif/cam-64-7-a_0000_000001.tif/full/!300,500/0/default.jpg
401651;https://bndigital.bnportugal.gov.pt//i/?IIIF=/2d/66/37/ea/2d6637ea-d1cc-4cd4-be1f-ecef3567b901/iiif/cam-65-a_0000_000005.tif/full/!300,500/0/default.jpg
401652;https://bndigital.bnportugal.gov.pt//i/?IIIF=/3c/7f/ba/72/3c7fba72-0a40-4d76-9beb-a69784dd8750/iiif/cam-66-1-a_0001.tif/full/!300,500/0/default.jpg
401658;https://bndigital.bnportugal.gov.pt//i/?IIIF=/9e/f3/33/17/9ef33317-4c7f-4371-8da7-082d54e2724e/iiif/cam-66-2-a_0001.tif/full/!300,500/0/default.jpg
401731;https://bndigital.bnportugal.gov.pt//i/?IIIF=/29/bd/6a/e8/29bd6ae8-dd29-41c8-a28e-7e3cfe65a8f1/iiif/cam-66-4-a_0001.tif/full/!300,500/0/default.jpg
401739;https://bndigital.bnportugal.gov.pt//i/?IIIF=/2d/fe/15/07/2dfe1507-1025-44a9-b149-33c026517803/iiif/cam-66-5-a_0001.tif/full/!300,500/0/default.jpg
401894;https://bndigital.bnportugal.gov.pt//i/?IIIF=/1e/3a/23/e0/1e3a23e0-ffeb-4a3c-a223-676befefab3f/iiif/cam-66-6-a_0001.tif/full/!300,500/0/default.jpg
401895;https://bndigital.bnportugal.gov.pt//i/?IIIF=/8a/8c/04/e4/8a8c04e4-2ff7-4d97-adb9-8b0290d9a045/iiif/cam-66-7-a_0001.tif/full/!300,500/0/default.jpg
401898;https://bndigital.bnportugal.gov.pt//i/?IIIF=/28/e6/38/53/28e63853-1b55-4823-a765-95deb4b6eeaa/iiif/cam-67-1-a_0001.tif/full/!300,500/0/default.jpg
401900;https://bndigital.bnportugal.gov.pt//i/?IIIF=/61/e5/87/90/61e58790-9632-401c-a2e2-d092e9fe004d/iiif/cam-67-2-a_0001.tif/full/!300,500/0/default.jpg
401902;https://bndigital.bnportugal.gov.pt//i/?IIIF=/41/fc/c0/66/41fcc066-47ba-46c7-a80a-18873dc71987/iiif/cam-67-3-a_0001.tif/full/!300,500/0/default.jpg
401948;https://bndigital.bnportugal.gov.pt//i/?IIIF=/ea/97/3e/c2/ea973ec2-f267-4a0c-9dd8-636878a7bcc3/iiif/cam-1388-p_0000_000001.tif/full/!300,500/0/default.jpg
401949;https://bndigital.bnportugal.gov.pt//i/?IIIF=/0b/8d/9a/87/0b8d9a87-9a81-4718-8343-73efbe168b0d/iiif/cam-68-a_0003.tif/full/!300,500/0/default.jpg
402086;https://bndigital.bnportugal.gov.pt//i/?IIIF=/dc/d1/27/77/dcd12777-3117-4eb1-94d0-a5bb23f4e7b6/iiif/cam-69-a_0005.tif/full/!300,500/0/default.jpg
402917;https://bndigital.bnportugal.gov.pt//i/?IIIF=/68/36/f7/0d/6836f70d-c35f-47cf-856b-993a65ff926c/iiif/cam-130-a_0000_000001.tif/full/!300,500/0/default.jpg
403174;https://bndigital.bnportugal.gov.pt//i/?IIIF=/29/a6/31/a4/29a631a4-c540-4afe-950a-16d0e8d24e96/iiif/cam-71-3-a_0003.tif/full/!300,500/0/default.jpg
403842;https://bndigital.bnportugal.gov.pt//i/?IIIF=/9d/2e/53/a3/9d2e53a3-d142-4cf6-b5a3-2ebf0c8e492e/iiif/cam-71-4-a_0001.tif/full/!300,500/0/default.jpg
403843;https://bndigital.bnportugal.gov.pt//i/?IIIF=/65/63/46/2a/6563462a-0125-46e3-b882-5ee7b33fc294/iiif/cam-71-5-a_0000_000001.tif/full/!300,500/0/default.jpg
404543;https://bndigital.bnportugal.gov.pt//i/?IIIF=/9f/79/bf/47/9f79bf47-41ea-438e-b7e9-2c631c46bb91/iiif/cam-81-a_0000_000001.tif/full/!300,500/0/default.jpg
404800;https://bndigital.bnportugal.gov.pt//i/?IIIF=/1f/06/28/af/1f0628af-b385-4108-b72c-0016b004b60d/iiif/cam-85-a_0003.tif/full/!300,500/0/default.jpg
410449;https://bndigital.bnportugal.gov.pt//i/?IIIF=/37/17/31/09/37173109-2f71-495e-bea5-e4ca2470680c/iiif/cam-96-a_0007.tif/full/!300,500/0/default.jpg
411542;https://bndigital.bnportugal.gov.pt//i/?IIIF=/b5/4f/7e/1e/b54f7e1e-307d-47a6-9282-e41a7c32124d/iiif/cam-221-3-v_0000_000001.tif/full/!300,500/0/default.jpg
415845;https://bndigital.bnportugal.gov.pt//i/?IIIF=/5b/4c/74/fb/5b4c74fb-4cdd-4027-8fee-a72e59b07cdc/iiif/cam-97-a_0009.tif/full/!300,500/0/default.jpg
422161;https://bndigital.bnportugal.gov.pt//i/?IIIF=/0b/b5/ee/a8/0bb5eea8-1a6d-47bb-8f3f-4f85b9064ee6/iiif/mp-2741-a_0000_000001.tif/full/!300,500/0/default.jpg
426508;https://bndigital.bnportugal.gov.pt//i/?IIIF=/98/49/c4/17/9849c417-fc22-4b64-ab3a-e5b4b8a4686c/iiif/mp-1066-1-a_0001.tif/full/!300,500/0/default.jpg
426512;https://bndigital.bnportugal.gov.pt//i/?IIIF=/ed/9c/ac/ac/ed9cacac-104b-435c-b7cc-8aa38ac8bca3/iiif/426512_0001.tif/full/!300,500/0/default.jpg
446302;https://bndigital.bnportugal.gov.pt//i/?IIIF=/c1/c1/f9/e2/c1c1f9e2-a3e8-476d-a59f-c07a10de4bed/iiif/cam-516-v_0011.tif/full/!300,500/0/default.jpg
452363;https://bndigital.bnportugal.gov.pt//i/?IIIF=/b5/32/68/9d/b532689d-3818-4d28-ab3a-df022c3eb88e/iiif/e-1029-a_0000_000001.tif/full/!300,500/0/default.jpg
453311;https://bndigital.bnportugal.gov.pt//i/?IIIF=/0b/2d/16/0c/0b2d160c-c89d-4da8-a9dc-76b4e4c83598/iiif/cam-374-1-v_0001.tif/full/!300,500/0/default.jpg
453315;https://bndigital.bnportugal.gov.pt//i/?IIIF=/b2/65/91/8e/b265918e-9c5e-44cd-b44d-bec378c0b28c/iiif/cam-374-2-v_0001.tif/full/!300,500/0/default.jpg
453324;https://bndigital.bnportugal.gov.pt//i/?IIIF=/e9/da/42/2c/e9da422c-d1f6-4f63-9f0e-613ad5f164fb/iiif/cam-374-11-v_0001.tif/full/!300,500/0/default.jpg
453566;https://bndigital.bnportugal.gov.pt//i/?IIIF=/41/a1/c3/9e/41a1c39e-9cd9-465c-a54f-fbdfacd2532e/iiif/cam-379-8-v_0001.tif/full/!300,500/0/default.jpg
453573;https://bndigital.bnportugal.gov.pt//i/?IIIF=/fa/60/59/17/fa605917-fe92-40b2-b14c-b999f949ac18/iiif/cam-120-6-v_0000_000001.tif/full/!300,500/0/default.jpg
453714;https://bndigital.bnportugal.gov.pt//i/?IIIF=/64/79/9a/24/64799a24-db5d-475c-862e-7080f3827cdc/iiif/cam-1886-v_0000_000011.tif/full/!300,500/0/default.jpg
453756;https://bndigital.bnportugal.gov.pt//i/?IIIF=/19/4f/71/ad/194f71ad-b49c-45c6-9ce3-2bde62dc5332/iiif/cam-383-7-v_0000_000001.tif/full/!300,500/0/default.jpg
453889;https://bndigital.bnportugal.gov.pt//i/?IIIF=/62/17/42/16/62174216-090e-4983-bec5-68f9d7c96479/iiif/cam-384-7-v_0000_000001.tif/full/!300,500/0/default.jpg
453897;https://bndigital.bnportugal.gov.pt//i/?IIIF=/7e/2c/17/63/7e2c1763-4416-4162-88ba-4e958901ed3d/iiif/cam-384-9-v_0000_000001.tif/full/!300,500/0/default.jpg
453908;https://bndigital.bnportugal.gov.pt//i/?IIIF=/99/c0/8e/9c/99c08e9c-d3e5-47a3-81cc-349e52e135ba/iiif/cam-386-2-v_0000_000001.tif/full/!300,500/0/default.jpg
454218;https://bndigital.bnportugal.gov.pt//i/?IIIF=/a4/54/ba/df/a454badf-dc23-49b9-8ac1-fff9a72f6856/iiif/cam-386-6-v_0000_000001.tif/full/!300,500/0/default.jpg
454461;https://bndigital.bnportugal.gov.pt//i/?IIIF=/36/0d/f9/ec/360df9ec-a27a-4f7d-9d7c-699e212256dd/iiif/cam-399-2-v_0000_000001.tif/full/!300,500/0/default.jpg
454462;https://bndigital.bnportugal.gov.pt//i/?IIIF=/4a/25/b5/6d/4a25b56d-b639-4653-9ab5-5d433b6c2bf3/iiif/cam-399-3-v_0000_000001.tif/full/!300,500/0/default.jpg
454827;https://bndigital.bnportugal.gov.pt//i/?IIIF=/3d/99/3d/48/3d993d48-2d25-4bd1-b01a-d798685a60d6/iiif/cam-399-1-v_0000_000001.tif/full/!300,500/0/default.jpg
454853;https://bndigital.bnportugal.gov.pt//i/?IIIF=/e8/87/0d/68/e8870d68-c36d-4f7d-a4ca-cc3f4a97a830/iiif/cam-399-6-v_0000_000001.tif/full/!300,500/0/default.jpg
454888;https://bndigital.bnportugal.gov.pt//i/?IIIF=/80/0e/e0/86/800ee086-3e99-4c90-88f0-8c9d7ac7d70b/iiif/cam-399-7-v_0000_000001.tif/full/!300,500/0/default.jpg
454890;https://bndigital.bnportugal.gov.pt//i/?IIIF=/88/b6/57/e5/88b657e5-76c3-4e16-bbe0-17274a5773d0/iiif/cam-399-8-v_0000_000001.tif/full/!300,500/0/default.jpg
454900;https://bndigital.bnportugal.gov.pt//i/?IIIF=/99/6f/ed/e9/996fede9-6330-4ba8-9115-0ab184afcd39/iiif/cam-399-10-v_0000_000001.tif/full/!300,500/0/default.jpg
454903;https://bndigital.bnportugal.gov.pt//i/?IIIF=/bc/a3/11/23/bca31123-6d46-48b5-875c-f84d952b2989/iiif/cam-399-11-v_0000_000001.tif/full/!300,500/0/default.jpg
455031;https://bndigital.bnportugal.gov.pt//i/?IIIF=/67/42/1c/52/67421c52-29d1-4fc7-b3cf-83ec756a0221/iiif/cam-402-4-v_0000_000001.tif/full/!300,500/0/default.jpg
455157;https://bndigital.bnportugal.gov.pt//i/?IIIF=/bd/de/0b/68/bdde0b68-b6f5-4bfc-a682-1c2da4623f5f/iiif/cam-402-11-v_0000_000001.tif/full/!300,500/0/default.jpg
455161;https://bndigital.bnportugal.gov.pt//i/?IIIF=/cf/8a/3d/de/cf8a3dde-106b-4dbe-8d41-8c5d03de3e3a/iiif/cam-402-19-v_0000_000001.tif/full/!300,500/0/default.jpg
455171;https://bndigital.bnportugal.gov.pt//i/?IIIF=/16/8e/f4/24/168ef424-b6a1-4981-9761-139d7bb24004/iiif/cam-402-22-v_0000_000001.tif/full/!300,500/0/default.jpg
455268;https://bndigital.bnportugal.gov.pt//i/?IIIF=/e0/e2/36/8e/e0e2368e-06b5-4efd-bb33-762145de2b06/iiif/cam-408-v_0000_000011.tif/full/!300,500/0/default.jpg
455275;https://bndigital.bnportugal.gov.pt//i/?IIIF=/5d/28/c9/4e/5d28c94e-b940-4e81-8f76-f7b1ef6f5a4b/iiif/cam-410-v_0000_000013.tif/full/!300,500/0/default.jpg
455281;https://bndigital.bnportugal.gov.pt//i/?IIIF=/cc/de/eb/9a/ccdeeb9a-b86c-4e68-ad8f-752eb1c6a97c/iiif/cam-415-v_0000_000009.tif/full/!300,500/0/default.jpg
455353;https://bndigital.bnportugal.gov.pt//i/?IIIF=/5c/87/27/07/5c872707-7722-4eb2-97a5-bb4b29aa2e26/iiif/cam-420-4-v_0000_000001.tif/full/!300,500/0/default.jpg
455455;https://bndigital.bnportugal.gov.pt//i/?IIIF=/3e/73/f8/00/3e73f800-2174-44c4-a695-2b736a41088d/iiif/cam-422-4-v_0000_000001.tif/full/!300,500/0/default.jpg
455649;https://bndigital.bnportugal.gov.pt//i/?IIIF=/79/78/fa/25/7978fa25-9bc9-4141-a93d-9db173ee01d5/iiif/cam-436-v_0000_000001.tif/full/!300,500/0/default.jpg
458050;https://bndigital.bnportugal.gov.pt//i/?IIIF=/f4/4e/05/05/f44e0505-b83c-4d60-975b-fa5ef4bc6ec4/iiif/cam-487-v_0000_000009.tif/full/!300,500/0/default.jpg
458290;https://bndigital.bnportugal.gov.pt//i/?IIIF=/3d/ef/d5/dc/3defd5dc-8364-472f-9969-dc10b3471470/iiif/cam-129-a_0000_000011.tif/full/!300,500/0/default.jpg
458538;https://bndigital.bnportugal.gov.pt//i/?IIIF=/92/da/4e/39/92da4e39-d47c-4774-a199-f86cacf95438/iiif/cam-137-6-a_0000_000001.tif/full/!300,500/0/default.jpg
458547;https://bndigital.bnportugal.gov.pt//i/?IIIF=/bf/e0/5c/48/bfe05c48-f942-48ad-8450-60b6c1efa618/iiif/cam-137-9-a_0000_000001.tif/full/!300,500/0/default.jpg
458655;https://bndigital.bnportugal.gov.pt//i/?IIIF=/c4/0f/74/3f/c40f743f-cbf4-4bf9-8481-bce3fdf02c38/iiif/cam-152-a_0000_000011.tif/full/!300,500/0/default.jpg
458763;https://bndigital.bnportugal.gov.pt//i/?IIIF=/3e/7c/31/a7/3e7c31a7-e995-4633-86ed-966d58a36d27/iiif/cam-162-a_0000_000001.tif/full/!300,500/0/default.jpg
465606;https://bndigital.bnportugal.gov.pt//i/?IIIF=/42/cd/d2/e6/42cdd2e6-50ac-44e8-a7c5-107037a0f860/iiif/cam-674-v_0000_000003.tif/full/!300,500/0/default.jpg
466471;https://bndigital.bnportugal.gov.pt//i/?IIIF=/74/c4/c6/96/74c4c696-ee9e-457b-8858-5ecb80aa037a/iiif/cam-693-v_0000_000001.tif/full/!300,500/0/default.jpg
467078;https://bndigital.bnportugal.gov.pt//i/?IIIF=/af/a8/b4/8c/afa8b48c-7771-432b-bf36-97c03e88fc1c/iiif/cam-740-v_0000_000005.tif/full/!300,500/0/default.jpg
467102;https://bndigital.bnportugal.gov.pt//i/?IIIF=/02/05/c1/7c/0205c17c-8104-4904-8d50-a3cd6eaad129/iiif/cam-746-v_0000_000001.tif/full/!300,500/0/default.jpg
470616;https://bndigital.bnportugal.gov.pt//i/?IIIF=/b2/91/d9/5c/b291d95c-4378-4f26-8936-fcf4d3b8b631/iiif/mp-215-a_0000_000001.tif/full/!300,500/0/default.jpg
471392;https://bndigital.bnportugal.gov.pt//i/?IIIF=/f2/8b/c2/cc/f28bc2cc-79a2-4081-ab33-b9fabce3fa4a/iiif/cam-1451-v_0000_000005.tif/full/!300,500/0/default.jpg
475171;https://bndigital.bnportugal.gov.pt//i/?IIIF=/5d/bd/60/12/5dbd6012-a3b6-4853-b7f9-a7245fc80226/iiif/cam-782-p_0013.tif/full/!300,500/0/default.jpg
475201;https://bndigital.bnportugal.gov.pt//i/?IIIF=/1f/c4/c9/63/1fc4c963-2f30-4534-a8ad-21cd387887d2/iiif/cam-64-v_0005.tif/full/!300,500/0/default.jpg
475211;https://bndigital.bnportugal.gov.pt//i/?IIIF=/0b/63/58/38/0b635838-1822-4f3e-aee0-d73b0343e73c/iiif/cam-74-6-v_0000_000001.tif/full/!300,500/0/default.jpg
475214;https://bndigital.bnportugal.gov.pt//i/?IIIF=/70/3f/cc/e5/703fcce5-cee9-4fd0-b063-c58c42d156ac/iiif/cam-74-7-v_0000_000001.tif/full/!300,500/0/default.jpg
475295;https://bndigital.bnportugal.gov.pt//i/?IIIF=/75/03/86/14/75038614-2bc3-41e3-95b2-b79eca7acdeb/iiif/cam-389-v_0000_000007.tif/full/!300,500/0/default.jpg
475441;https://bndigital.bnportugal.gov.pt//i/?IIIF=/4d/3c/34/0c/4d3c340c-7249-4acd-af03-b94f263f537d/iiif/cam-82-a_0000_000009.tif/full/!300,500/0/default.jpg
475453;https://bndigital.bnportugal.gov.pt//i/?IIIF=/57/26/e4/65/5726e465-1ee7-4c62-b7c4-06c930646aa0/iiif/cam-83-1-a_0000_000001.tif/full/!300,500/0/default.jpg
475458;https://bndigital.bnportugal.gov.pt//i/?IIIF=/36/69/d9/d4/3669d9d4-f77b-4fe3-a244-701d17f3e42a/iiif/cam-83-2-a_0000_000001.tif/full/!300,500/0/default.jpg
476957;https://bndigital.bnportugal.gov.pt//i/?IIIF=/86/6c/46/07/866c4607-1618-436f-b006-ed4e4b3aa2eb/iiif/cam-25-a_0000_000005.tif/full/!300,500/0/default.jpg
478282;https://bndigital.bnportugal.gov.pt//i/?IIIF=/e4/8a/20/89/e48a2089-daf4-4d61-83a6-5d6f97ef925c/iiif/cam-80-38-a_0000_000001.tif/full/!300,500/0/default.jpg
478371;https://bndigital.bnportugal.gov.pt//i/?IIIF=/e8/48/64/19/e8486419-d728-4b6c-a94b-ced66b4fb04b/iiif/cam-80-43-a_0000_000001.tif/full/!300,500/0/default.jpg
478466;https://bndigital.bnportugal.gov.pt//i/?IIIF=/b9/14/36/2d/b914362d-ccc2-41cd-bd81-5a6b96d9282c/iiif/cam-80-47-a_0000_000001.tif/full/!300,500/0/default.jpg
478469;https://bndigital.bnportugal.gov.pt//i/?IIIF=/21/35/dd/50/2135dd50-deed-4e90-b8d7-df593a95db03/iiif/cam-80-48-a_0000_000001.tif/full/!300,500/0/default.jpg
478634;https://bndigital.bnportugal.gov.pt//i/?IIIF=/2d/f2/ca/5d/2df2ca5d-1a19-4f0f-8f81-593fae166c8a/iiif/cam-80-49-a_0000_000001.tif/full/!300,500/0/default.jpg
478646;https://bndigital.bnportugal.gov.pt//i/?IIIF=/04/65/29/18/04652918-52fc-4826-b1f9-d7f1ab45c6b0/iiif/cam-80-50-a_0001.tif/full/!300,500/0/default.jpg
478882;https://bndigital.bnportugal.gov.pt//i/?IIIF=/9e/4f/85/46/9e4f8546-992c-4319-909a-ca58e52feeeb/iiif/cam-80-51-a_0000_000001.tif/full/!300,500/0/default.jpg
478908;https://bndigital.bnportugal.gov.pt//i/?IIIF=/ae/8c/62/a9/ae8c62a9-2858-4653-93f5-921b40533bac/iiif/cam-80-52-a_0000_000001.tif/full/!300,500/0/default.jpg
479055;https://bndigital.bnportugal.gov.pt//i/?IIIF=/f8/e5/14/c4/f8e514c4-2e8d-4c03-b2a0-b0795770406d/iiif/cam-80-54-a_0000_000001.tif/full/!300,500/0/default.jpg
479057;https://bndigital.bnportugal.gov.pt//i/?IIIF=/d4/5f/87/93/d45f8793-5557-4260-a368-8fc978388614/iiif/cam-80-55-a_0000_000001.tif/full/!300,500/0/default.jpg
479059;https://bndigital.bnportugal.gov.pt//i/?IIIF=/ef/d0/a3/be/efd0a3be-0ffc-4f8d-8921-8ba3a027b197/iiif/cam-80-56-a_0000_000001.tif/full/!300,500/0/default.jpg
479061;https://bndigital.bnportugal.gov.pt//i/?IIIF=/e0/1f/6d/f3/e01f6df3-2623-49f5-add5-e9740d4eda21/iiif/cam-80-57-a_0001.tif/full/!300,500/0/default.jpg
479062;https://bndigital.bnportugal.gov.pt//i/?IIIF=/f6/a2/8f/4c/f6a28f4c-cfd5-4e38-b10b-523c61e9eb7f/iiif/cam-80-58-a_0000_000001.tif/full/!300,500/0/default.jpg
479066;https://bndigital.bnportugal.gov.pt//i/?IIIF=/bd/22/72/58/bd227258-a748-47cc-88b2-92ebca1e05cb/iiif/cam-80-59-a_0000_000001.tif/full/!300,500/0/default.jpg
479068;https://bndigital.bnportugal.gov.pt//i/?IIIF=/d7/42/b8/8c/d742b88c-05a0-4504-ae4f-c4f61109e08f/iiif/cam-80-60-a_0000_000001.tif/full/!300,500/0/default.jpg
479072;https://bndigital.bnportugal.gov.pt//i/?IIIF=/6a/45/6c/5a/6a456c5a-5315-4c9c-ae82-bccf7927a1b0/iiif/cam-80-61-a_0000_000001.tif/full/!300,500/0/default.jpg
479076;https://bndigital.bnportugal.gov.pt//i/?IIIF=/61/6e/1e/85/616e1e85-5eec-40f5-81a2-56ec93537919/iiif/cam-80-63-a_0000_000001.tif/full/!300,500/0/default.jpg
479079;https://bndigital.bnportugal.gov.pt//i/?IIIF=/c5/1b/85/f9/c51b85f9-2522-413e-b7ef-aebc584037d9/iiif/cam-80-65-a_0000_000001.tif/full/!300,500/0/default.jpg
479557;https://bndigital.bnportugal.gov.pt//i/?IIIF=/89/44/59/c8/894459c8-2b9c-41f2-a490-0f801fc6ef65/iiif/cam-80-67-a_0000_000001.tif/full/!300,500/0/default.jpg
480058;https://bndigital.bnportugal.gov.pt//i/?IIIF=/ac/03/49/21/ac034921-8f14-43b9-a5d4-7c9ee7950d1c/iiif/cam-80-71-a_0000_000001.tif/full/!300,500/0/default.jpg
480066;https://bndigital.bnportugal.gov.pt//i/?IIIF=/50/43/6b/76/50436b76-a50f-4df8-b4ae-8979481a5ac7/iiif/cam-80-72-a_0000_000001.tif/full/!300,500/0/default.jpg
517373;https://bndigital.bnportugal.gov.pt//i/?IIIF=/04/66/c6/42/0466c642-78f6-4fc5-95b5-363da6da589f/iiif/ct-144-g-cx_0000_000001.tif/full/!300,500/0/default.jpg
517897;https://bndigital.bnportugal.gov.pt//i/?IIIF=/f2/02/1d/46/f2021d46-90b3-49c0-a774-3bee1cdaed11/iiif/ct-105-g-pl_0000_000001.tif/full/!300,500/0/default.jpg
567856;https://bndigital.bnportugal.gov.pt//i/?IIIF=/5a/16/be/fa/5a16befa-3e2a-4509-9127-490e1bc53d6b/iiif/cod-13117_0000_capa-capa_t24-C-R0150_000009.tif/full/!300,500/0/default.jpg
569438;https://bndigital.bnportugal.gov.pt//i/?IIIF=/3d/79/71/6c/3d79716c-8954-495a-a2f7-c19f730471ce/iiif/cn-1412-a_0000_000001.tif/full/!300,500/0/default.jpg
357297;https://bndigital.bnportugal.gov.pt//i/?IIIF=/b2/56/5a/a6/b2565aa6-70f7-48fe-a06c-6e301f3b710c/iiif/cam-6-v_0011.tif/full/!300,500/0/default.jpg
601741;https://bndigital.bnportugal.gov.pt//i/?IIIF=/50/1e/d4/2a/501ed42a-3de0-4cf9-821c-15ebd89b7023/iiif/e-3415-p_0000_000001.tif/full/!300,500/0/default.jpg
604127;https://bndigital.bnportugal.gov.pt//i/?IIIF=/84/ce/f5/25/84cef525-7874-41a2-b678-e38e5372d53b/iiif/cc-1054-r_0000_000001.tif/full/!300,500/0/default.jpg
613457;https://bndigital.bnportugal.gov.pt//i/?IIIF=/d6/fc/1e/ec/d6fc1eec-5431-4985-ae4f-544438336cce/iiif/e-3525-p_0000_000001.tif/full/!300,500/0/default.jpg
614521;https://bndigital.bnportugal.gov.pt//i/?IIIF=/97/cc/bc/96/97ccbc96-a88e-42be-92ff-c6a0010e4a17/iiif/e-3548-p_0000_000001.tif/full/!300,500/0/default.jpg
626460;https://bndigital.bnportugal.gov.pt//i/?IIIF=/2e/b6/5c/81/2eb65c81-3c05-4b71-be80-a9b88ddce593/iiif/e-4000-p_0000_000001.tif/full/!300,500/0/default.jpg
626703;https://bndigital.bnportugal.gov.pt//i/?IIIF=/29/a3/8d/74/29a38d74-bbec-4aff-8570-4e947e87c7d8/iiif/e-4002-p_0000_000001.tif/full/!300,500/0/default.jpg
636335;https://bndigital.bnportugal.gov.pt//i/?IIIF=/30/ae/32/70/30ae3270-e8f9-4d96-90e0-ec7eacfd7d52/iiif/e-1772-v_0000_000001.tif/full/!300,500/0/default.jpg
636337;https://bndigital.bnportugal.gov.pt//i/?IIIF=/a1/c7/1e/30/a1c71e30-149f-4d01-a4cd-17eb6386f4ec/iiif/e-1773-v_0000_000001.tif/full/!300,500/0/default.jpg
636371;https://bndigital.bnportugal.gov.pt//i/?IIIF=/4d/33/d1/a8/4d33d1a8-9b14-4816-b086-3bfda8beb020/iiif/e-1775-v_0000_000001.tif/full/!300,500/0/default.jpg
636385;https://bndigital.bnportugal.gov.pt//i/?IIIF=/77/c8/5e/5a/77c85e5a-2edc-447a-be9f-e3b9247fe8a1/iiif/e-1774-v_0000_000001.tif/full/!300,500/0/default.jpg
636389;https://bndigital.bnportugal.gov.pt//i/?IIIF=/7e/61/9f/18/7e619f18-7c28-4232-b632-4cb06e6e808f/iiif/e-1776-v_0000_000001.tif/full/!300,500/0/default.jpg
637133;https://bndigital.bnportugal.gov.pt//i/?IIIF=/2b/63/53/2f/2b63532f-998a-4f7b-8b8c-b4e456bc6390/iiif/e-403-v_0000_000001.tif/full/!300,500/0/default.jpg
637139;https://bndigital.bnportugal.gov.pt//i/?IIIF=/91/93/ef/9e/9193ef9e-3647-4d04-a920-6fce8a1629b8/iiif/e-404-v_0000_000001.tif/full/!300,500/0/default.jpg
637243;https://bndigital.bnportugal.gov.pt//i/?IIIF=/7e/81/ed/6b/7e81ed6b-ad6f-41f9-98f5-7ebb6103562a/iiif/e-405-v_0000_000001.tif/full/!300,500/0/default.jpg
665442;https://bndigital.bnportugal.gov.pt//i/?IIIF=/10/b0/d1/e1/10b0d1e1-7ca8-4acb-b504-95f8a8017a24/iiif/e-1447-v_0000_000001.tif/full/!300,500/0/default.jpg
700486;https://bndigital.bnportugal.gov.pt//i/?IIIF=/68/60/bf/0c/6860bf0c-8b2d-42e5-8809-1edc675de42b/iiif/e-40-a_0000_000001.tif/full/!300,500/0/default.jpg
700487;https://bndigital.bnportugal.gov.pt//i/?IIIF=/f1/a9/3d/d6/f1a93dd6-7849-41fe-998c-148d7cb7b2dd/iiif/e-41-a_0000_000001.tif/full/!300,500/0/default.jpg
704429;https://bndigital.bnportugal.gov.pt//i/?IIIF=/ed/6c/2b/55/ed6c2b55-9065-4ce7-97e4-d3437ec4bfa1/iiif/d-392-v_0000_000001.tif/full/!300,500/0/default.jpg
709106;https://bndigital.bnportugal.gov.pt//i/?IIIF=/c6/65/ed/04/c665ed04-906d-47be-afa9-f49402d8909b/iiif/e-271-a_0000_000001.tif/full/!300,500/0/default.jpg
709129;https://bndigital.bnportugal.gov.pt//i/?IIIF=/d5/4a/55/8b/d54a558b-4168-4ce9-95b6-7b9ac715137f/iiif/e-274-a_0000_000001.tif/full/!300,500/0/default.jpg
721508;https://bndigital.bnportugal.gov.pt//i/?IIIF=/7b/d6/26/b4/7bd626b4-cf9c-4032-a8d8-62466d2b0c48/iiif/mp-644-a_0000_rosto-guardas2_t24-C-R0150_000001.tif/full/!300,500/0/default.jpg
729122;https://bndigital.bnportugal.gov.pt//i/?IIIF=/15/56/29/ac/155629ac-1d4f-4db2-92f1-9e806d18975b/iiif/e-4482-p_0000_000001.tif/full/!300,500/0/default.jpg
730341;https://bndigital.bnportugal.gov.pt//i/?IIIF=/19/3c/83/f5/193c83f5-310f-455d-9964-8f3f8f904fbf/iiif/e-4001-p_0000_000001.tif/full/!300,500/0/default.jpg
733501;https://bndigital.bnportugal.gov.pt//i/?IIIF=/cc/6b/e6/40/cc6be640-2698-4a10-bacd-3f17255ef02f/iiif/e-4484-p_0000_000001.tif/full/!300,500/0/default.jpg
742171;https://bndigital.bnportugal.gov.pt//i/?IIIF=/20/0e/92/c5/200e92c5-aec5-4489-a61a-b6480cdafb72/iiif/cam-41-v_0005.tif/full/!300,500/0/default.jpg
742173;https://bndigital.bnportugal.gov.pt//i/?IIIF=/91/32/17/f9/913217f9-929c-40aa-a5a5-4c25eca6bdac/iiif/cam-142-v_0000_000007.tif/full/!300,500/0/default.jpg
764770;https://bndigital.bnportugal.gov.pt//i/?IIIF=/9e/91/6e/ad/9e916ead-0a6f-45ca-96ba-ec9f9d845df0/iiif/cam-17-p_0000_000007.tif/full/!300,500/0/default.jpg
765471;https://bndigital.bnportugal.gov.pt//i/?IIIF=/2d/ad/e5/e4/2dade5e4-8b5f-448b-8baa-b8be2ef6ae01/iiif/cam-36-p_0009.tif/full/!300,500/0/default.jpg
766296;https://bndigital.bnportugal.gov.pt//i/?IIIF=/17/a4/64/2b/17a4642b-b78f-4df5-a59e-e4722addb1cc/iiif/cam-222-1-v_0000_000001.tif/full/!300,500/0/default.jpg
766871;https://bndigital.bnportugal.gov.pt//i/?IIIF=/13/f8/02/51/13f80251-0db5-4cc7-9f97-357f75faaf56/iiif/cam-402-3-v_0000_000001.tif/full/!300,500/0/default.jpg
767226;https://bndigital.bnportugal.gov.pt//i/?IIIF=/78/25/d5/43/7825d543-ad3b-43c0-9034-6398ee47951b/iiif/cam-566-p_0000_000005.tif/full/!300,500/0/default.jpg
767279;https://bndigital.bnportugal.gov.pt//i/?IIIF=/24/e6/33/ea/24e633ea-eee4-4cb7-82dc-36b2cef41a05/iiif/cam-587-p_0000_000005.tif/full/!300,500/0/default.jpg
767525;https://bndigital.bnportugal.gov.pt//i/?IIIF=/7c/53/55/55/7c535555-bf57-4fa5-b6f4-b9bad743d540/iiif/cam-106-2-v_0000_000001.tif/full/!300,500/0/default.jpg
769738;https://bndigital.bnportugal.gov.pt//i/?IIIF=/97/24/67/c9/972467c9-6037-437e-9365-846758182b6a/iiif/cam-603-5-p_0000_000001.tif/full/!300,500/0/default.jpg
770260;https://bndigital.bnportugal.gov.pt//i/?IIIF=/bf/55/ba/91/bf55ba91-3041-4cb8-a2bf-921509cd0791/iiif/cam-621-6-p_0000_000001.tif/full/!300,500/0/default.jpg
770300;https://bndigital.bnportugal.gov.pt//i/?IIIF=/3a/b7/7c/ca/3ab77cca-29e0-4fcf-9949-7d0349aa2f94/iiif/cam-650-p_0000_000005.tif/full/!300,500/0/default.jpg
771040;https://bndigital.bnportugal.gov.pt//i/?IIIF=/64/8c/2b/e8/648c2be8-9a4d-4358-9369-63af00a45010/iiif/cam-656-2-p_0000_000001.tif/full/!300,500/0/default.jpg
780275;https://bndigital.bnportugal.gov.pt//i/?IIIF=/2c/61/d5/11/2c61d511-0de7-48d2-903a-a8f6abb146f8/iiif/cam-379-1-v_0001.tif/full/!300,500/0/default.jpg
782745;https://bndigital.bnportugal.gov.pt//i/?IIIF=/a1/d0/ad/31/a1d0ad31-73b5-460a-ba20-5f53415efc39/iiif/cam-709-p_0007.tif/full/!300,500/0/default.jpg
784666;https://bndigital.bnportugal.gov.pt//i/?IIIF=/a9/c6/5e/88/a9c65e88-57de-478d-8d7a-c9d4110eb095/iiif/cam-733-p_0007.tif/full/!300,500/0/default.jpg
784746;https://bndigital.bnportugal.gov.pt//i/?IIIF=/e9/d1/1a/5e/e9d11a5e-3231-4766-95b8-9cfef3b3db5e/iiif/cam-735-p_0000_000001.tif/full/!300,500/0/default.jpg
784905;https://bndigital.bnportugal.gov.pt//i/?IIIF=/8a/96/fb/bd/8a96fbbd-fd66-4989-ad82-83bcdf63ae01/iiif/cam-737-p_0005.tif/full/!300,500/0/default.jpg
784907;https://bndigital.bnportugal.gov.pt//i/?IIIF=/b1/0e/f2/ad/b10ef2ad-b90f-419d-ac6d-791303f80865/iiif/cam-738-p_0018.tif/full/!300,500/0/default.jpg
784910;https://bndigital.bnportugal.gov.pt//i/?IIIF=/56/23/78/67/56237867-856a-4d1e-ac55-e84d91daef71/iiif/cam-741-p_0009.tif/full/!300,500/0/default.jpg
785080;https://bndigital.bnportugal.gov.pt//i/?IIIF=/0a/a0/d6/98/0aa0d698-6da1-43e7-8004-b777778c806e/iiif/cam-753-p_0000_000011.tif/full/!300,500/0/default.jpg
788411;https://bndigital.bnportugal.gov.pt//i/?IIIF=/c1/aa/3e/75/c1aa3e75-02ef-462a-8bf1-91a6e6021da2/iiif/cam-815-p_0000_000007.tif/full/!300,500/0/default.jpg
788850;https://bndigital.bnportugal.gov.pt//i/?IIIF=/58/b9/1c/10/58b91c10-5fe4-4502-a679-09d2d40f6c8c/iiif/cam-843-p_0009.tif/full/!300,500/0/default.jpg
788899;https://bndigital.bnportugal.gov.pt//i/?IIIF=/b7/ea/46/6d/b7ea466d-22e7-482d-9272-4dddffd6d49b/iiif/cam-845-p_0007.tif/full/!300,500/0/default.jpg
789166;https://bndigital.bnportugal.gov.pt//i/?IIIF=/a4/d1/3f/bc/a4d13fbc-55d8-47cc-8027-fa75530ef9e0/iiif/cam-860-p_0005.tif/full/!300,500/0/default.jpg
789211;https://bndigital.bnportugal.gov.pt//i/?IIIF=/3a/9e/30/44/3a9e3044-4b8e-4e5c-9b8f-ae39c77a601a/iiif/cam-861-p_0005.tif/full/!300,500/0/default.jpg
789234;https://bndigital.bnportugal.gov.pt//i/?IIIF=/64/7e/51/df/647e51df-eada-4766-bfcb-792cbb108d11/iiif/cam-862-p_0000_000005.tif/full/!300,500/0/default.jpg
789258;https://bndigital.bnportugal.gov.pt//i/?IIIF=/fd/e6/13/fd/fde613fd-339b-45d3-83a9-885411e58708/iiif/cam-863-p_0000_000001.tif/full/!300,500/0/default.jpg
798614;https://bndigital.bnportugal.gov.pt//i/?IIIF=/9a/4f/fc/07/9a4ffc07-96b7-4a90-8728-685e045c56cf/iiif/cam-955-p_0007.tif/full/!300,500/0/default.jpg
798623;https://bndigital.bnportugal.gov.pt//i/?IIIF=/f0/b5/28/08/f0b52808-60f3-4e5e-ae1d-90ab230894f4/iiif/cam-957-p_0009.tif/full/!300,500/0/default.jpg
798859;https://bndigital.bnportugal.gov.pt//i/?IIIF=/9b/37/36/ae/9b3736ae-858e-40af-a91b-24ae83cfb06c/iiif/cam-970-p_0005.tif/full/!300,500/0/default.jpg
798862;https://bndigital.bnportugal.gov.pt//i/?IIIF=/61/03/20/99/61032099-84da-47d8-82c3-3c874bac8242/iiif/cam-975-p_0000_000006.tif/full/!300,500/0/default.jpg
798863;https://bndigital.bnportugal.gov.pt//i/?IIIF=/e5/78/5c/ef/e5785cef-18ea-472c-884a-3e05b1032839/iiif/cam-977-p_0005.tif/full/!300,500/0/default.jpg
798864;https://bndigital.bnportugal.gov.pt//i/?IIIF=/c7/62/23/de/c76223de-5f31-4030-a77d-a7706d53fa5f/iiif/cam-978-p_0007.tif/full/!300,500/0/default.jpg
798879;https://bndigital.bnportugal.gov.pt//i/?IIIF=/ef/71/a1/d0/ef71a1d0-121d-43e4-bd3e-ffa8aed377a1/iiif/cam-991-p_0001.tif/full/!300,500/0/default.jpg
798881;https://bndigital.bnportugal.gov.pt//i/?IIIF=/9a/df/59/a9/9adf59a9-8030-45c6-9c58-6a231a62c5ff/iiif/cam-993-p_0001.tif/full/!300,500/0/default.jpg
798883;https://bndigital.bnportugal.gov.pt//i/?IIIF=/8d/ac/7c/cb/8dac7ccb-fe12-43ef-a427-78e5a553f2a8/iiif/cam-994-p_0000_000001.tif/full/!300,500/0/default.jpg
798885;https://bndigital.bnportugal.gov.pt//i/?IIIF=/bd/e2/74/c5/bde274c5-b492-4c7b-9e62-844357015f09/iiif/cam-995-p_0001.tif/full/!300,500/0/default.jpg
798888;https://bndigital.bnportugal.gov.pt//i/?IIIF=/d3/e5/06/a0/d3e506a0-e562-4775-ab01-d49b23980381/iiif/cam-997-p_0001.tif/full/!300,500/0/default.jpg
798890;https://bndigital.bnportugal.gov.pt//i/?IIIF=/39/24/b5/80/3924b580-b4b7-40a8-9954-cf7794359349/iiif/cam-998-p_0001.tif/full/!300,500/0/default.jpg
798891;https://bndigital.bnportugal.gov.pt//i/?IIIF=/0a/f3/99/40/0af39940-bc74-49fe-811f-4cd04c9a7e8c/iiif/cam-999-p_0001.tif/full/!300,500/0/default.jpg
798906;https://bndigital.bnportugal.gov.pt//i/?IIIF=/98/15/ee/c8/9815eec8-2169-46df-83b6-d2f9318b7462/iiif/cam-1015-p_0003.tif/full/!300,500/0/default.jpg
800848;https://bndigital.bnportugal.gov.pt//i/?IIIF=/26/d3/2c/9a/26d32c9a-aff0-463a-9654-37de1e502cea/iiif/cam-1048-p_0003.tif/full/!300,500/0/default.jpg
800863;https://bndigital.bnportugal.gov.pt//i/?IIIF=/10/9f/ff/c4/109fffc4-85a9-4694-a9fe-8ece7f76b5cc/iiif/cam-1058-p_0000_000007.tif/full/!300,500/0/default.jpg
800870;https://bndigital.bnportugal.gov.pt//i/?IIIF=/6d/03/e5/53/6d03e553-ce6a-40fb-9dc1-3fdf08a2a6c6/iiif/cam-1061-p_0000_000013.tif/full/!300,500/0/default.jpg
800895;https://bndigital.bnportugal.gov.pt//i/?IIIF=/29/09/37/fc/290937fc-b3ae-43d9-a464-c1e9f2083122/iiif/cam-1078-p_0000_000005.tif/full/!300,500/0/default.jpg
801047;https://bndigital.bnportugal.gov.pt//i/?IIIF=/2e/e7/7c/38/2ee77c38-af9b-4d8d-a30d-6d8e8089f6f3/iiif/cam-1080-p_0003.tif/full/!300,500/0/default.jpg
801387;https://bndigital.bnportugal.gov.pt//i/?IIIF=/94/96/92/4a/9496924a-f1ff-45c1-b612-8437e38d789d/iiif/cam-1106-p_0005.tif/full/!300,500/0/default.jpg
804699;https://bndigital.bnportugal.gov.pt//i/?IIIF=/87/08/33/6f/8708336f-2ba1-45b9-9146-62e6c659793f/iiif/cam-14-v_0005.tif/full/!300,500/0/default.jpg
804707;https://bndigital.bnportugal.gov.pt//i/?IIIF=/0f/1a/3d/1d/0f1a3d1d-6792-4f88-be5e-3270be2187fd/iiif/cam-15-v_0011.tif/full/!300,500/0/default.jpg
804731;https://bndigital.bnportugal.gov.pt//i/?IIIF=/c9/5c/2d/80/c95c2d80-0139-4149-b238-327b510e0b9a/iiif/cam-17-v_0000_000011.tif/full/!300,500/0/default.jpg
805036;https://bndigital.bnportugal.gov.pt//i/?IIIF=/04/56/f5/1f/0456f51f-704b-4799-8864-de350710eadb/iiif/cam-28-v_0000_000005.tif/full/!300,500/0/default.jpg
807289;https://bndigital.bnportugal.gov.pt//i/?IIIF=/ad/61/ac/0b/ad61ac0b-adde-4d83-a6af-6214667bc3ab/iiif/cam-40-v_0000_000007.tif/full/!300,500/0/default.jpg
807427;https://bndigital.bnportugal.gov.pt//i/?IIIF=/36/f0/88/40/36f08840-ae78-4ca4-a844-1917e3765f5a/iiif/cam-44-v_0001.tif/full/!300,500/0/default.jpg
807561;https://bndigital.bnportugal.gov.pt//i/?IIIF=/69/f7/a5/f4/69f7a5f4-1a20-4ce9-85d3-24b8134a9685/iiif/cam-47-v_0005.tif/full/!300,500/0/default.jpg
807567;https://bndigital.bnportugal.gov.pt//i/?IIIF=/a8/86/25/9a/a886259a-3e34-4058-aa6a-f259265bbedb/iiif/cam-48-v_0000_000011.tif/full/!300,500/0/default.jpg
807656;https://bndigital.bnportugal.gov.pt//i/?IIIF=/b8/ee/f4/8f/b8eef48f-3bef-4a54-8745-5a56f984fb52/iiif/cam-56-v_0007.tif/full/!300,500/0/default.jpg
807668;https://bndigital.bnportugal.gov.pt//i/?IIIF=/97/16/d5/19/9716d519-8c9e-4337-8cf7-8332eacc9891/iiif/cam-58-2-v_0001.tif/full/!300,500/0/default.jpg
807675;https://bndigital.bnportugal.gov.pt//i/?IIIF=/00/37/6b/04/00376b04-62d3-4bd1-880c-42088be712b3/iiif/cam-62-2-v_0000_000001.tif/full/!300,500/0/default.jpg
808481;https://bndigital.bnportugal.gov.pt//i/?IIIF=/9f/cf/24/a0/9fcf24a0-088b-43b6-b7ee-8166f9ced6d8/iiif/cam-65-v_0007.tif/full/!300,500/0/default.jpg
808492;https://bndigital.bnportugal.gov.pt//i/?IIIF=/4f/fe/fd/43/4ffefd43-f207-403f-a536-b67f75d44c61/iiif/cam-74-1-v_0001.tif/full/!300,500/0/default.jpg
808497;https://bndigital.bnportugal.gov.pt//i/?IIIF=/48/4c/2a/27/484c2a27-fd2e-4680-8a45-98c7dbfd51fd/iiif/cam-77-v_0000_000005.tif/full/!300,500/0/default.jpg
808502;https://bndigital.bnportugal.gov.pt//i/?IIIF=/91/4d/83/ce/914d83ce-db92-46b6-90a3-a93497ddbc41/iiif/cam-79-v_0000_000005.tif/full/!300,500/0/default.jpg
808536;https://bndigital.bnportugal.gov.pt//i/?IIIF=/ae/13/d9/fc/ae13d9fc-af5b-41fa-9c73-13677994f5c1/iiif/cam-84-v_0000_000007.tif/full/!300,500/0/default.jpg
808766;https://bndigital.bnportugal.gov.pt//i/?IIIF=/29/3a/ba/e6/293abae6-2e00-4a86-8ac3-38df069f98ac/iiif/cam-95-v_0000_000005.tif/full/!300,500/0/default.jpg
809345;https://bndigital.bnportugal.gov.pt//i/?IIIF=/88/2a/25/dc/882a25dc-fff9-4baf-8b15-211c275fbc60/iiif/cam-102-2-v_0001.tif/full/!300,500/0/default.jpg
810040;https://bndigital.bnportugal.gov.pt//i/?IIIF=/b6/d0/71/c6/b6d071c6-e05d-4c17-96b2-07a62e35fb7f/iiif/cam-82-1-v_0000_000005.tif/full/!300,500/0/default.jpg
810055;https://bndigital.bnportugal.gov.pt//i/?IIIF=/34/41/92/cf/344192cf-3708-4802-9818-a45312b9e82b/iiif/cam-83-4-v_0000_000001.tif/full/!300,500/0/default.jpg
810381;https://bndigital.bnportugal.gov.pt//i/?IIIF=/79/72/60/1d/7972601d-e856-49df-bc77-f7e76667a402/iiif/cam-96-v_0007.tif/full/!300,500/0/default.jpg
810486;https://bndigital.bnportugal.gov.pt//i/?IIIF=/ba/d2/df/d8/bad2dfd8-e891-4606-9768-5e6d3ec7b6e5/iiif/cam-103-v_0007.tif/full/!300,500/0/default.jpg
810880;https://bndigital.bnportugal.gov.pt//i/?IIIF=/bf/63/ec/a7/bf63eca7-0287-4a06-b36c-7dd8526f3af1/iiif/cam-105-v_0000_000007.tif/full/!300,500/0/default.jpg
811201;https://bndigital.bnportugal.gov.pt//i/?IIIF=/ad/a9/8d/f0/ada98df0-18ee-48c3-abed-fd7547fd66e2/iiif/cam-111-v_0000_000007.tif/full/!300,500/0/default.jpg
814311;https://bndigital.bnportugal.gov.pt//i/?IIIF=/87/da/fd/a7/87dafda7-9d6f-4a02-857c-0859d63cb041/iiif/cam-437-v_0000_000001.tif/full/!300,500/0/default.jpg
845014;https://bndigital.bnportugal.gov.pt//i/?IIIF=/07/36/b3/0c/0736b30c-b65b-458b-9bf4-7a0fb6c263a2/iiif/cam-221-7-v_0000_000001.tif/full/!300,500/0/default.jpg
846006;https://bndigital.bnportugal.gov.pt//i/?IIIF=/37/66/8c/fa/37668cfa-088d-4f7f-884b-0826272c99aa/iiif/cam-100-v_0000_000005.tif/full/!300,500/0/default.jpg
847196;https://bndigital.bnportugal.gov.pt//i/?IIIF=/c6/34/87/47/c6348747-4a91-4fb6-b497-01ffe8b250db/iiif/cam-120-1-v_0000_000001.tif/full/!300,500/0/default.jpg
847198;https://bndigital.bnportugal.gov.pt//i/?IIIF=/7c/6d/a4/08/7c6da408-dbf5-4e0d-be8e-f9a4613ffd26/iiif/cam-120-2-v_0001.tif/full/!300,500/0/default.jpg
847205;https://bndigital.bnportugal.gov.pt//i/?IIIF=/eb/8b/e4/90/eb8be490-9719-4bcf-96f4-a7d1d0c5964d/iiif/cam-120-4-v_0000_000001.tif/full/!300,500/0/default.jpg
847207;https://bndigital.bnportugal.gov.pt//i/?IIIF=/ea/b6/d8/d3/eab6d8d3-aea9-4066-acc5-ef98b43792da/iiif/cam-120-5-v_0000_000001.tif/full/!300,500/0/default.jpg
847329;https://bndigital.bnportugal.gov.pt//i/?IIIF=/c7/af/58/f0/c7af58f0-f7d8-4f23-8f09-f2fd28dd9cb4/iiif/cam-1902-v_0007.tif/full/!300,500/0/default.jpg
848096;https://bndigital.bnportugal.gov.pt//i/?IIIF=/dd/ad/51/d5/ddad51d5-b4d8-49eb-a1b8-6a81a754f4d3/iiif/cam-121-3-v_0001.tif/full/!300,500/0/default.jpg
848098;https://bndigital.bnportugal.gov.pt//i/?IIIF=/f4/28/94/39/f4289439-7058-4424-9475-40df86661cce/iiif/cam-121-4-v_0000_000001.tif/full/!300,500/0/default.jpg
848103;https://bndigital.bnportugal.gov.pt//i/?IIIF=/ec/f8/63/c7/ecf863c7-0a85-4dc5-81f1-d33a68a06c47/iiif/cam-121-5-v_0000_000001.tif/full/!300,500/0/default.jpg
848108;https://bndigital.bnportugal.gov.pt//i/?IIIF=/36/aa/9a/e5/36aa9ae5-22fc-438f-9fb6-b4d798c69359/iiif/cam-121-6-v_0000_000001.tif/full/!300,500/0/default.jpg
848111;https://bndigital.bnportugal.gov.pt//i/?IIIF=/33/2d/df/d6/332ddfd6-8789-48e5-afad-21187b9073f8/iiif/cam-121-7-v_0000_000001.tif/full/!300,500/0/default.jpg
848118;https://bndigital.bnportugal.gov.pt//i/?IIIF=/5a/6e/c5/91/5a6ec591-79e6-4cd3-89a9-ceb90affb013/iiif/cam-121-9-v_0000_000001.tif/full/!300,500/0/default.jpg
849987;https://bndigital.bnportugal.gov.pt//i/?IIIF=/2a/d0/50/0c/2ad0500c-cd5e-4972-afaa-bba6b56cb998/iiif/cam-128-v_0000_000009.tif/full/!300,500/0/default.jpg
851346;https://bndigital.bnportugal.gov.pt//i/?IIIF=/ab/3d/a8/b0/ab3da8b0-db32-4f80-a598-2c1610048f1c/iiif/cam-130-2-v_0000_000001.tif/full/!300,500/0/default.jpg
851350;https://bndigital.bnportugal.gov.pt//i/?IIIF=/56/14/10/91/56141091-d8f1-4fff-94e5-824215338e69/iiif/cam-130-3-v_0000_000001.tif/full/!300,500/0/default.jpg
851352;https://bndigital.bnportugal.gov.pt//i/?IIIF=/16/d6/18/2d/16d6182d-81a4-46e6-a3cb-a0423cf9f4cb/iiif/cam-130-4-v_0000_000001.tif/full/!300,500/0/default.jpg
851361;https://bndigital.bnportugal.gov.pt//i/?IIIF=/c3/55/b9/1f/c355b91f-24fc-44aa-857b-3d4fa5270a55/iiif/cam-132-v_0000_000007.tif/full/!300,500/0/default.jpg
851955;https://bndigital.bnportugal.gov.pt//i/?IIIF=/34/82/cf/1b/3482cf1b-4080-4ce2-92b7-9a9ccbc10f9f/iiif/cam-133-2-v_0000_000001.tif/full/!300,500/0/default.jpg
851956;https://bndigital.bnportugal.gov.pt//i/?IIIF=/c5/e5/48/44/c5e54844-8b31-4783-ba86-9c7b7b208987/iiif/cam-134-v_0000_000001.tif/full/!300,500/0/default.jpg
852108;https://bndigital.bnportugal.gov.pt//i/?IIIF=/f5/b6/01/04/f5b60104-9a74-407a-acca-e64668356f54/iiif/cam-153-4-v_0000_000001.tif/full/!300,500/0/default.jpg
852530;https://bndigital.bnportugal.gov.pt//i/?IIIF=/11/34/4a/29/11344a29-1ab9-4e62-a771-5dc157f7202b/iiif/cam-176-3-v_0000_000001.tif/full/!300,500/0/default.jpg
852826;https://bndigital.bnportugal.gov.pt//i/?IIIF=/d7/00/4d/46/d7004d46-7e63-4a6a-b2d1-278bea642ff3/iiif/cam-179-v_0000_000007.tif/full/!300,500/0/default.jpg
852833;https://bndigital.bnportugal.gov.pt//i/?IIIF=/7a/fb/76/79/7afb7679-f363-4b2d-8ae7-66b17a54fb04/iiif/cam-184-v_0000_000007.tif/full/!300,500/0/default.jpg
855879;https://bndigital.bnportugal.gov.pt//i/?IIIF=/01/f1/2e/4a/01f12e4a-f82a-408e-ab0c-683d3a99b8ec/iiif/cam-221-5-v_0000_000001.tif/full/!300,500/0/default.jpg
859037;https://bndigital.bnportugal.gov.pt//i/?IIIF=/7c/8e/0c/32/7c8e0c32-7301-4cec-97d8-dff5af8467bc/iiif/cam-254-4-v_0000_000001.tif/full/!300,500/0/default.jpg
865410;https://bndigital.bnportugal.gov.pt//i/?IIIF=/3c/74/9e/7c/3c749e7c-418e-4e81-93bd-79e9cd23c0b5/iiif/cam-374-9-v_0001.tif/full/!300,500/0/default.jpg
869394;https://bndigital.bnportugal.gov.pt//i/?IIIF=/41/2f/56/a9/412f56a9-97b3-4fc6-8eba-dd71b67743e5/iiif/cam-336-2-v_0000_000001.tif/full/!300,500/0/default.jpg
874190;https://bndigital.bnportugal.gov.pt//i/?IIIF=/a6/19/5e/24/a6195e24-2197-4879-8d2a-16f0df60b3f1/iiif/cam-402-13-v_0000_000001.tif/full/!300,500/0/default.jpg
874327;https://bndigital.bnportugal.gov.pt//i/?IIIF=/fc/4a/4e/ae/fc4a4eae-d17b-452f-bacc-9d746943ce50/iiif/cam-75-2-v_0000_000001.tif/full/!300,500/0/default.jpg
917387;https://bndigital.bnportugal.gov.pt//i/?IIIF=/2d/6c/e2/cf/2d6ce2cf-28e6-40d1-845f-f33a70f941bc/iiif/e-103-r_0000_000001.tif/full/!300,500/0/default.jpg
931586;https://bndigital.bnportugal.gov.pt//i/?IIIF=/9c/66/7e/93/9c667e93-bd4b-41e5-a06b-b0d8bc6a589f/iiif/e-192-r_0000_000001.tif/full/!300,500/0/default.jpg
950676;https://bndigital.bnportugal.gov.pt//i/?IIIF=/9d/67/63/2e/9d67632e-2781-47f3-ae3e-a11fa91a1de0/iiif/e-1059-a_0000_000001.tif/full/!300,500/0/default.jpg
950691;https://bndigital.bnportugal.gov.pt//i/?IIIF=/c3/71/d7/72/c371d772-03fc-4cef-be97-420dd6a893d8/iiif/e-1060-a_0000_000001.tif/full/!300,500/0/default.jpg
959409;https://bndigital.bnportugal.gov.pt//i/?IIIF=/1a/06/71/22/1a067122-e60e-4b4e-bef4-aecdf1f01e1c/iiif/e-360-r_0000_000001.tif/full/!300,500/0/default.jpg
1025381;https://bndigital.bnportugal.gov.pt//i/?IIIF=/be/78/ab/86/be78ab86-315c-4ba6-b63a-b558416c403f/iiif/cam-1394-p_0000_000003.tif/full/!300,500/0/default.jpg
1036431;https://bndigital.bnportugal.gov.pt//i/?IIIF=/5b/96/f8/8c/5b96f88c-560c-43fd-bbd5-19c833c3a9a5/iiif/cam-29-p_0000_000005.tif/full/!300,500/0/default.jpg
1044776;https://bndigital.bnportugal.gov.pt//i/?IIIF=/4b/91/7c/2c/4b917c2c-294e-4c16-8a85-8fa86d878cce/iiif/ct-569-v_0000_000001.tif/full/!300,500/0/default.jpg
1056196;https://bndigital.bnportugal.gov.pt//i/?IIIF=/14/e4/93/21/14e49321-4143-4819-bdf8-89a6a7652bb5/iiif/cam-243-3-a_0001.tif/full/!300,500/0/default.jpg
1066418;https://bndigital.bnportugal.gov.pt//i/?IIIF=/cf/7c/9e/01/cf7c9e01-20f2-461f-934f-f7fb2ac7283c/iiif/cam-10-a_0007.tif/full/!300,500/0/default.jpg
1073898;https://bndigital.bnportugal.gov.pt//i/?IIIF=/42/12/cf/e0/4212cfe0-f4bb-47af-a836-00a852dac939/iiif/cam-1911-v_0005.tif/full/!300,500/0/default.jpg
1073960;https://bndigital.bnportugal.gov.pt//i/?IIIF=/19/b5/c6/f0/19b5c6f0-4f74-423e-963e-83719775b540/iiif/cam-1475-p_0007.tif/full/!300,500/0/default.jpg
1073966;https://bndigital.bnportugal.gov.pt//i/?IIIF=/ea/d2/7f/fb/ead27ffb-1a01-4efb-bc04-cab1055acc6e/iiif/cam-1474-p_0005.tif/full/!300,500/0/default.jpg
1075896;https://bndigital.bnportugal.gov.pt//i/?IIIF=/28/23/84/83/28238483-7ee6-4b0a-84fe-6b00c0b15e7e/iiif/cam-1476-p_0007.tif/full/!300,500/0/default.jpg
1075909;https://bndigital.bnportugal.gov.pt//i/?IIIF=/56/23/72/68/56237268-5a91-4a29-8033-e6bac0de7e45/iiif/cam-1469-p_0007.tif/full/!300,500/0/default.jpg
1076406;https://bndigital.bnportugal.gov.pt//i/?IIIF=/bf/15/5f/30/bf155f30-a6d5-48f2-a32b-a66d54891312/iiif/cam-1479-p_0011.tif/full/!300,500/0/default.jpg
1076546;https://bndigital.bnportugal.gov.pt//i/?IIIF=/97/f3/a3/73/97f3a373-3a12-49ac-9f2d-d9afbb88c8c5/iiif/cam-987-p_0000_000001.tif/full/!300,500/0/default.jpg
1306834;https://bndigital.bnportugal.gov.pt//i/?IIIF=/ee/8d/cb/29/ee8dcb29-ec79-470f-96f6-347bcbfbd615/iiif/e-2273-v_0000_000001.tif/full/!300,500/0/default.jpg
1313328;https://bndigital.bnportugal.gov.pt//i/?IIIF=/67/fa/fb/81/67fafb81-116d-4ab4-b085-fb4022574959/iiif/mpp-26-1-a_0000_000001.tif/full/!300,500/0/default.jpg
1364753;https://bndigital.bnportugal.gov.pt//i/?IIIF=/3c/7d/20/0b/3c7d200b-e673-43f8-a9e0-2dab66bb3da4/iiif/vm-1073_0000_capa-capa_t24-C-R0150_000003.tif/full/!300,500/0/default.jpg
1364953;https://bndigital.bnportugal.gov.pt//i/?IIIF=/e9/6e/fc/ca/e96efcca-0d7f-49f3-a210-0a195cbbd004/iiif/vm-1062_0000_1-6_t24-C-R0150_000001.tif/full/!300,500/0/default.jpg
1366602;https://bndigital.bnportugal.gov.pt//i/?IIIF=/d7/6c/b6/f7/d76cb6f7-64cd-40e9-8402-7079573e5bd3/iiif/vm-1072_0000_000001.tif/full/!300,500/0/default.jpg
1373463;https://bndigital.bnportugal.gov.pt//i/?IIIF=/52/31/b3/39/5231b339-94a8-46a0-8bca-811d5243bd90/iiif/cn-463_0000_000001.tif/full/!300,500/0/default.jpg
1376687;https://bndigital.bnportugal.gov.pt//i/?IIIF=/11/82/e8/05/1182e805-ff50-4225-b6c0-2be2c44f7f1d/iiif/pi-27899-p_0000_000001.tif/full/!300,500/0/default.jpg
1376717;https://bndigital.bnportugal.gov.pt//i/?IIIF=/90/a7/b9/b1/90a7b9b1-9a8d-4481-bdf7-b9ba1c46c55f/iiif/pi-27904-p_0000_000001.tif/full/!300,500/0/default.jpg
1380949;https://bndigital.bnportugal.gov.pt//i/?IIIF=/e9/a5/d9/de/e9a5d9de-9cd0-45ad-8bc7-5bf81c2b6f5f/iiif/e-49-p_0000_000001.tif/full/!300,500/0/default.jpg
1381028;https://bndigital.bnportugal.gov.pt//i/?IIIF=/24/1a/20/23/241a2023-5c24-445d-a049-5ba8d80cace3/iiif/e-50-p_0000_000001.tif/full/!300,500/0/default.jpg
1381084;https://bndigital.bnportugal.gov.pt//i/?IIIF=/33/3c/50/9e/333c509e-9a7c-4a79-ad74-a9e03d120e37/iiif/e-51-p_0000_000001.tif/full/!300,500/0/default.jpg
1381142;https://bndigital.bnportugal.gov.pt//i/?IIIF=/71/67/71/ac/716771ac-0530-4a07-906d-9ce1a0962f09/iiif/e-52-p_0000_000001.tif/full/!300,500/0/default.jpg
1381247;https://bndigital.bnportugal.gov.pt//i/?IIIF=/37/29/d6/48/3729d648-1fb0-42ea-86da-0b3cda4b47f6/iiif/e-53-p_0000_000001.tif/full/!300,500/0/default.jpg
1384320;https://bndigital.bnportugal.gov.pt//i/?IIIF=/33/44/56/1d/3344561d-810e-449d-b22a-42940397353a/iiif/e-94-p_0000_000001.tif/full/!300,500/0/default.jpg
1578552;https://bndigital.bnportugal.gov.pt//i/?IIIF=/0a/3e/d1/a4/0a3ed1a4-6046-4df5-89f8-cb585fe79baa/iiif/cn-127-1-v_0000_000001.tif/full/!300,500/0/default.jpg
1650766;https://bndigital.bnportugal.gov.pt//i/?IIIF=/f5/ec/77/9c/f5ec779c-205c-4240-b1dc-8e43e2e973e7/iiif/1650766_0001.tif/full/!300,500/0/default.jpg
1650797;https://bndigital.bnportugal.gov.pt//i/?IIIF=/04/1f/38/5f/041f385f-0c1a-4a12-860d-98508837c282/iiif/1650797_0001.tif/full/!300,500/0/default.jpg
1650800;https://bndigital.bnportugal.gov.pt//i/?IIIF=/8b/70/1f/eb/8b701feb-2f9b-4759-adf3-be4f02be12ad/iiif/1650800_0001.tif/full/!300,500/0/default.jpg
1651190;https://bndigital.bnportugal.gov.pt//i/?IIIF=/69/3f/3b/06/693f3b06-26c3-404a-a10b-2612753e34bf/iiif/e-371-p_0000_000001.tif/full/!300,500/0/default.jpg
1661419;https://bndigital.bnportugal.gov.pt//i/?IIIF=/3b/b8/52/75/3bb85275-4ec3-4a1b-9627-114ba4babb9a/iiif/1661419_0001.tif/full/!300,500/0/default.jpg
1669786;https://bndigital.bnportugal.gov.pt//i/?IIIF=/66/1d/2b/82/661d2b82-89fe-40d8-82c3-bc5fd993945f/iiif/e-596-p_0000_000001.tif/full/!300,500/0/default.jpg
1671826;https://bndigital.bnportugal.gov.pt//i/?IIIF=/ff/0e/25/81/ff0e2581-9e34-4e16-8533-d98f127e59ab/iiif/ct-3944-r_0000_000001.tif/full/!300,500/0/default.jpg
1673940;https://bndigital.bnportugal.gov.pt//i/?IIIF=/c7/07/cf/26/c707cf26-99b5-4abd-b450-0ddecca7e68d/iiif/cam-1523-p_0000_000009.tif/full/!300,500/0/default.jpg
1684166;https://bndigital.bnportugal.gov.pt//i/?IIIF=/73/cf/9d/f7/73cf9df7-d8e7-4fc5-ba8c-ade1184e8a61/iiif/e-5098-p_0000_000001.tif/full/!300,500/0/default.jpg
1693675;https://bndigital.bnportugal.gov.pt//i/?IIIF=/50/fa/db/f0/50fadbf0-5ba1-4f20-8b78-70288fcad7fe/iiif/vm-2926_0000_000001.tif/full/!300,500/0/default.jpg
1703453;https://bndigital.bnportugal.gov.pt//i/?IIIF=/52/59/d8/1c/5259d81c-411e-4c84-a622-b90bc695754a/iiif/1703453_0001.tif/full/!300,500/0/default.jpg
1718418;https://bndigital.bnportugal.gov.pt//i/?IIIF=/a1/70/7e/52/a1707e52-7a21-4019-9844-bcd1b4aa3b5e/iiif/cn-1144-a_0000_000001.tif/full/!300,500/0/default.jpg
1721598;https://bndigital.bnportugal.gov.pt//i/?IIIF=/d9/2c/63/2b/d92c632b-0591-4d77-a870-5aed3ea63d16/iiif/1721598_0001.tif/full/!300,500/0/default.jpg
1721870;https://bndigital.bnportugal.gov.pt//i/?IIIF=/0b/0a/7a/e4/0b0a7ae4-a862-4642-a0cf-00b9aeb801c6/iiif/1721870_0001.tif/full/!300,500/0/default.jpg
1721873;https://bndigital.bnportugal.gov.pt//i/?IIIF=/34/71/31/4f/3471314f-31c4-4451-af64-f75cda163283/iiif/1721873_0001.tif/full/!300,500/0/default.jpg
1721885;https://bndigital.bnportugal.gov.pt//i/?IIIF=/d0/4e/e0/32/d04ee032-aac6-42ce-ad81-eabbd36a8831/iiif/1721885_0001.tif/full/!300,500/0/default.jpg
1724855;https://bndigital.bnportugal.gov.pt//i/?IIIF=/43/dc/ad/d7/43dcadd7-d5f5-4535-9b8b-5e60b7c0ad16/iiif/cn-1008-a_0000_000001.tif/full/!300,500/0/default.jpg
1725343;https://bndigital.bnportugal.gov.pt//i/?IIIF=/19/e6/4a/e6/19e64ae6-8e7e-4efd-8d3d-3862e5aecc3f/iiif/cam-1556-p_0007.tif/full/!300,500/0/default.jpg
1725362;https://bndigital.bnportugal.gov.pt//i/?IIIF=/40/13/87/30/40138730-b151-4931-8822-d58d7e796658/iiif/cam-1541-p_0000_000001.tif/full/!300,500/0/default.jpg
1726958;https://bndigital.bnportugal.gov.pt//i/?IIIF=/8c/86/fd/c0/8c86fdc0-b78b-44ec-9ee9-017cf81924ce/iiif/cam-1547-p_0001.tif/full/!300,500/0/default.jpg
1730019;https://bndigital.bnportugal.gov.pt//i/?IIIF=/6e/30/26/6d/6e30266d-f421-40c6-9843-90f4114e9c1e/iiif/cam-2045-v_0001.tif/full/!300,500/0/default.jpg
1732668;https://bndigital.bnportugal.gov.pt//i/?IIIF=/5a/d1/80/e1/5ad180e1-921e-473b-82f1-bb963ab2d788/iiif/1732668_0001.tif/full/!300,500/0/default.jpg
1732784;https://bndigital.bnportugal.gov.pt//i/?IIIF=/ed/ad/78/79/edad7879-f6c4-4d6b-be72-2e6b39487b7b/iiif/1732784_0001.tif/full/!300,500/0/default.jpg
1752559;https://bndigital.bnportugal.gov.pt//i/?IIIF=/1a/e2/14/14/1ae21414-7a32-4a7d-89b1-c58db9a772ee/iiif/d-327-p_0000_000001.tif/full/!300,500/0/default.jpg
1766960;https://bndigital.bnportugal.gov.pt//i/?IIIF=/2b/0e/6b/0f/2b0e6b0f-1814-477b-a04d-350268996e3b/iiif/cn-2141-a_0000_000001.tif/full/!300,500/0/default.jpg
1779910;https://bndigital.bnportugal.gov.pt//i/?IIIF=/68/90/e9/63/6890e963-328e-4ebd-ba24-ab70de40bc15/iiif/e-1688-p_0000_000001.tif/full/!300,500/0/default.jpg
1784317;https://bndigital.bnportugal.gov.pt//i/?IIIF=/43/35/c0/8c/4335c08c-d936-42e4-a9c2-aafd7f06386e/iiif/e-3389-p_0000_000001.tif/full/!300,500/0/default.jpg
1790475;https://bndigital.bnportugal.gov.pt//i/?IIIF=/77/13/3c/98/77133c98-3727-4a8b-8023-3640c6aa758c/iiif/e-157-pq_0000_000001.tif/full/!300,500/0/default.jpg
1888900;https://bndigital.bnportugal.gov.pt//i/?IIIF=/08/cf/57/16/08cf5716-9c50-4274-b8e1-245c41b95fe2/iiif/l-116593-p_0000_000001.tif/full/!300,500/0/default.jpg
1891325;https://bndigital.bnportugal.gov.pt//i/?IIIF=/4d/0f/18/76/4d0f1876-73ce-4910-adfa-0eaa756f89f0/iiif/e-160-pq_0000_000001.tif/full/!300,500/0/default.jpg
1902471;https://bndigital.bnportugal.gov.pt//i/?IIIF=/27/b2/52/93/27b25293-ebd4-4c87-908a-905a281f5301/iiif/mm-7130_0000_000001.tif/full/!300,500/0/default.jpg
1902499;https://bndigital.bnportugal.gov.pt//i/?IIIF=/ee/33/9f/82/ee339f82-9133-4e60-a29a-5b44bb838252/iiif/mm-7131_0000_000001.tif/full/!300,500/0/default.jpg
1915110;https://bndigital.bnportugal.gov.pt//i/?IIIF=/3f/ed/05/26/3fed0526-7a12-406e-b0a2-09f1a0c89145/iiif/fcr-280-a_0000_000001.tif/full/!300,500/0/default.jpg
1952352;https://bndigital.bnportugal.gov.pt//i/?IIIF=/a0/46/35/bd/a04635bd-b21c-4d3e-9fca-5a08e79b3c7e/iiif/1952352_0000_capa-capa_t24-C-R0150_000001.tif/full/!300,500/0/default.jpg
1972246;https://bndigital.bnportugal.gov.pt//i/?IIIF=/10/b5/fb/c5/10b5fbc5-31c5-4746-9256-f7ae15faa6eb/iiif/cod-9492_0000_000007.tif/full/!300,500/0/default.jpg
1976927;https://bndigital.bnportugal.gov.pt//i/?IIIF=/4e/e2/ae/43/4ee2ae43-d45b-4877-8c13-44080e019b4f/iiif/pi-1152-p_0000_000001.tif/full/!300,500/0/default.jpg
1979399;https://bndigital.bnportugal.gov.pt//i/?IIIF=/b8/68/3a/99/b8683a99-f6b6-42ae-b35c-09707c6ceef1/iiif/1979399_0000_000001.tif/full/!300,500/0/default.jpg
1979400;https://bndigital.bnportugal.gov.pt//i/?IIIF=/99/8c/5b/d7/998c5bd7-b96e-4664-ac24-14a646bdaba0/iiif/1979400_0000_000001.tif/full/!300,500/0/default.jpg
1981475;https://bndigital.bnportugal.gov.pt//i/?IIIF=/3e/e0/0f/14/3ee00f14-ca8c-4608-a7e5-c7f036f78dbc/iiif/cod-8610_0005.tif/full/!300,500/0/default.jpg
1997012;https://bndigital.bnportugal.gov.pt//i/?IIIF=/4c/93/f7/d1/4c93f7d1-96c7-4d70-857c-76f74bfd810a/iiif/cod-3069_0007.tif/full/!300,500/0/default.jpg
2011941;https://bndigital.bnportugal.gov.pt//i/?IIIF=/92/36/f2/0d/9236f20d-2e61-4d9b-ae0d-7fa17248eaac/iiif/cod-9391_0001.tif/full/!300,500/0/default.jpg
2012073;https://bndigital.bnportugal.gov.pt//i/?IIIF=/1f/d4/88/75/1fd48875-3b42-403a-8f59-eaab66db9856/iiif/cod-3582_0005.tif/full/!300,500/0/default.jpg
2012326;https://bndigital.bnportugal.gov.pt//i/?IIIF=/ce/6f/a5/c4/ce6fa5c4-2644-4b80-af23-6058d93bf580/iiif/cod-3230_0005.tif/full/!300,500/0/default.jpg
2012422;https://bndigital.bnportugal.gov.pt//i/?IIIF=/1d/d3/35/80/1dd33580-7582-4a79-b967-0aa1f738bd78/iiif/cod-8630_0007.tif/full/!300,500/0/default.jpg
2012523;https://bndigital.bnportugal.gov.pt//i/?IIIF=/11/c3/53/92/11c35392-38d3-4127-ac43-99b7065d6ed9/iiif/cod-8594_0007.tif/full/!300,500/0/default.jpg
2012872;https://bndigital.bnportugal.gov.pt//i/?IIIF=/05/87/97/70/05879770-2c64-43c6-b6c6-d8123cc66e05/iiif/pba-128_0000_000003.tif/full/!300,500/0/default.jpg
2013223;https://bndigital.bnportugal.gov.pt//i/?IIIF=/d8/c3/96/a9/d8c396a9-f9e8-449b-9984-f2db0d9ca104/iiif/cod-9402-5_0001.tif/full/!300,500/0/default.jpg
2035379;https://bndigital.bnportugal.gov.pt//i/?IIIF=/dd/63/59/72/dd635972-939c-40ef-80bc-ae72ce88d654/iiif/cod-9277_0001.tif/full/!300,500/0/default.jpg
2064124;https://bndigital.bnportugal.gov.pt//i/?IIIF=/86/6d/2d/30/866d2d30-fd3c-4585-8c53-dad44ac716d5/iiif/vm-1073-7_0001.tif/full/!300,500/0/default.jpg
2064126;https://bndigital.bnportugal.gov.pt//i/?IIIF=/3c/9a/0e/ac/3c9a0eac-67e0-45e6-b2b5-0a0baba666ad/iiif/vm-1073-4_0001.tif/full/!300,500/0/default.jpg
2064263;https://bndigital.bnportugal.gov.pt//i/?IIIF=/7a/2f/e6/7d/7a2fe67d-fe07-4f97-99a8-9297369f8681/iiif/2064263_0001.tif/full/!300,500/0/default.jpg
2064274;https://bndigital.bnportugal.gov.pt//i/?IIIF=/3c/70/43/90/3c704390-ff41-4b10-aa6e-9e826780a06f/iiif/2064274_0001.tif/full/!300,500/0/default.jpg
2105702;https://bndigital.bnportugal.gov.pt//i/?IIIF=/5d/20/95/21/5d209521-99f3-4848-bea8-f2c7cc5acc63/iiif/pi-12820-p_0000_000001.tif/full/!300,500/0/default.jpg
2106442;https://bndigital.bnportugal.gov.pt//i/?IIIF=/c0/08/fe/0b/c008fe0b-f174-4f3d-b0d9-1bef8688bcd9/iiif/mss-250-n24_0000_000001.tif/full/!300,500/0/default.jpg
2129622;https://bndigital.bnportugal.gov.pt//i/?IIIF=/af/b3/2d/58/afb32d58-23e5-47d0-90b7-ecfb2e365869/iiif/cod-3785_0013.tif/full/!300,500/0/default.jpg
2146321;https://bndigital.bnportugal.gov.pt//i/?IIIF=/bf/48/77/54/bf487754-7d62-458e-92e5-8bc8f57fcfa9/iiif/cod-4655_0007.tif/full/!300,500/0/default.jpg
586409;https://bndigital.bnportugal.gov.pt//i/?IIIF=/d1/36/87/6f/d136876f-a0f8-4fef-8995-9f24cacde63a/iiif/cam-191-a_0001.tif/full/!300,500/0/default.jpg
798894;https://bndigital.bnportugal.gov.pt//i/?IIIF=/7f/b4/c1/1b/7fb4c11b-d401-418a-981f-e239525f07bf/iiif/cam-1003-p_0000_000001.tif/full/!300,500/0/default.jpg
808900;https://bndigital.bnportugal.gov.pt//i/?IIIF=/70/8a/65/79/708a6579-12b5-4e6d-bd9a-c35d625ca277/iiif/cam-102-1-v_0000_000001.tif/full/!300,500/0/default.jpg
810933;https://bndigital.bnportugal.gov.pt//i/?IIIF=/24/be/b1/eb/24beb1eb-37fb-4998-ac93-6ae6da129d99/iiif/cam-106-3-v_0001.tif/full/!300,500/0/default.jpg
811136;https://bndigital.bnportugal.gov.pt//i/?IIIF=/c0/82/a2/69/c082a269-9cb6-447d-ad8b-eea63bdaa6ef/iiif/cam-106-5-v_0001.tif/full/!300,500/0/default.jpg
382967;https://bndigital.bnportugal.gov.pt//i/?IIIF=/b0/bd/33/9f/b0bd339f-8e7e-430e-abe4-12f33dcdc585/iiif/cam-106-6-v_0000_000001.tif/full/!300,500/0/default.jpg
800872;https://bndigital.bnportugal.gov.pt//i/?IIIF=/66/16/4a/24/66164a24-c067-4d90-ad41-d0945702ca6b/iiif/cam-1063-p_0005.tif/full/!300,500/0/default.jpg
800879;https://bndigital.bnportugal.gov.pt//i/?IIIF=/2e/43/05/ec/2e4305ec-ea84-43c7-ab8f-7b250a3f6f2f/iiif/cam-1064-p_0000_000001.tif/full/!300,500/0/default.jpg
800889;https://bndigital.bnportugal.gov.pt//i/?IIIF=/60/db/47/5e/60db475e-9b55-4468-b150-e21cb97c41e9/iiif/cam-1075-p_0000_000001.tif/full/!300,500/0/default.jpg
811200;https://bndigital.bnportugal.gov.pt//i/?IIIF=/95/e9/78/cf/95e978cf-394a-4199-8df3-04e39b757532/iiif/cam-110-v_0000_000007.tif/full/!300,500/0/default.jpg
322583;https://bndigital.bnportugal.gov.pt//i/?IIIF=/73/58/24/4f/7358244f-7c55-47c2-9146-34c91775fecf/iiif/cam-1110-p_0005.tif/full/!300,500/0/default.jpg
253309;https://bndigital.bnportugal.gov.pt//i/?IIIF=/3a/85/e2/8e/3a85e28e-863d-495f-b8fc-4d1fff0e1531/iiif/cam-1124-p_0007.tif/full/!300,500/0/default.jpg
811645;https://bndigital.bnportugal.gov.pt//i/?IIIF=/bb/ff/9c/fc/bbff9cfc-bd5d-4f34-a253-958907761f51/iiif/cam-114-1-v_0000_000001.tif/full/!300,500/0/default.jpg
742174;https://bndigital.bnportugal.gov.pt//i/?IIIF=/0e/ff/9d/b6/0eff9db6-f81c-482d-a565-1c192e6cf88f/iiif/cam-114-3-a_0001.tif/full/!300,500/0/default.jpg
742175;https://bndigital.bnportugal.gov.pt//i/?IIIF=/7f/80/8f/56/7f808f56-bdb5-4754-bc73-776fc80c5edc/iiif/cam-114-4-a_0000_000001.tif/full/!300,500/0/default.jpg
742176;https://bndigital.bnportugal.gov.pt//i/?IIIF=/98/9a/7b/1d/989a7b1d-f6e8-492d-95dc-a4a1bc97599d/iiif/cam-114-6-a_0000_000001.tif/full/!300,500/0/default.jpg
742177;https://bndigital.bnportugal.gov.pt//i/?IIIF=/1c/71/b3/89/1c71b389-42d6-42fe-abc5-c0427ccb1f00/iiif/cam-115-1-a_0001.tif/full/!300,500/0/default.jpg
742180;https://bndigital.bnportugal.gov.pt//i/?IIIF=/db/cb/34/68/dbcb3468-66dc-4bf9-8a8e-36892835986d/iiif/cam-115-4-a_0001.tif/full/!300,500/0/default.jpg
767291;https://bndigital.bnportugal.gov.pt//i/?IIIF=/9e/22/a3/c7/9e22a3c7-38ec-4fa9-8706-602eb73e73d6/iiif/cam-117-v_0000_000007.tif/full/!300,500/0/default.jpg
846541;https://bndigital.bnportugal.gov.pt//i/?IIIF=/f0/16/0c/cc/f0160ccc-e9ba-494e-a95a-97fcb798ecd1/iiif/cam-118-3-v_0001.tif/full/!300,500/0/default.jpg
330874;https://bndigital.bnportugal.gov.pt//i/?IIIF=/b8/dd/ba/2f/b8ddba2f-fd75-4983-a3c4-08453bffbc51/iiif/cam-1199-v_0000_000001.tif/full/!300,500/0/default.jpg
847323;https://bndigital.bnportugal.gov.pt//i/?IIIF=/a7/b0/98/11/a7b09811-eac5-4f65-8866-50128054945d/iiif/cam-120-7-v_0001.tif/full/!300,500/0/default.jpg
848115;https://bndigital.bnportugal.gov.pt//i/?IIIF=/fa/c3/a1/70/fac3a170-4bfd-4a56-a979-4718dba81bf9/iiif/cam-121-8-v_0001.tif/full/!300,500/0/default.jpg
1919670;https://bndigital.bnportugal.gov.pt//i/?IIIF=/42/81/fd/a9/4281fda9-0706-44b5-825e-427230c4918c/iiif/cam-1212-v_0005.tif/full/!300,500/0/default.jpg
458243;https://bndigital.bnportugal.gov.pt//i/?IIIF=/ca/ef/b2/6f/caefb26f-9502-4b44-a1a6-7185f1ebc5d1/iiif/cam-122-a_0000_000007.tif/full/!300,500/0/default.jpg
848120;https://bndigital.bnportugal.gov.pt//i/?IIIF=/65/94/b5/ea/6594b5ea-ffc7-4e94-9ba8-7d066b0a7f79/iiif/cam-122-v_0000_000005.tif/full/!300,500/0/default.jpg
333148;https://bndigital.bnportugal.gov.pt//i/?IIIF=/c9/66/6c/c6/c9666cc6-6209-44f9-9136-e2cb611269e0/iiif/cam-1220-p_0007.tif/full/!300,500/0/default.jpg
335235;https://bndigital.bnportugal.gov.pt//i/?IIIF=/d7/8c/1c/eb/d78c1ceb-b6f5-4939-a0f3-caae1f03afb5/iiif/cam-1225-p_0007.tif/full/!300,500/0/default.jpg
849560;https://bndigital.bnportugal.gov.pt//i/?IIIF=/4c/1c/99/4e/4c1c994e-03af-47a4-a140-038f3a22ad78/iiif/cam-123-1-v_0000_000001.tif/full/!300,500/0/default.jpg
849975;https://bndigital.bnportugal.gov.pt//i/?IIIF=/6a/ab/d1/77/6aabd177-3fba-45f4-879a-0c43471afa39/iiif/cam-123-6-v_0001.tif/full/!300,500/0/default.jpg
335266;https://bndigital.bnportugal.gov.pt//i/?IIIF=/66/6e/9c/c4/666e9cc4-0048-429f-b0b7-4cb99c8d50cf/iiif/cam-1232-p_0007.tif/full/!300,500/0/default.jpg
335452;https://bndigital.bnportugal.gov.pt//i/?IIIF=/dd/bd/94/63/ddbd9463-c1f6-42cf-a333-7d201fc4f220/iiif/cam-1238-p_0005.tif/full/!300,500/0/default.jpg
334008;https://bndigital.bnportugal.gov.pt//i/?IIIF=/d9/34/e8/d7/d934e8d7-6451-449c-870e-656f057449cc/iiif/cam-1239-p_0001.tif/full/!300,500/0/default.jpg
256272;https://bndigital.bnportugal.gov.pt//i/?IIIF=/fe/86/20/98/fe862098-0810-4c61-b65c-dfaf90f3b978/iiif/cam-124-p_0000_000011.tif/full/!300,500/0/default.jpg
849977;https://bndigital.bnportugal.gov.pt//i/?IIIF=/ee/e1/c2/e1/eee1c2e1-f63a-4a51-8b6f-99d9961f5602/iiif/cam-124-v_0000_000009.tif/full/!300,500/0/default.jpg
335455;https://bndigital.bnportugal.gov.pt//i/?IIIF=/d5/26/45/b7/d52645b7-46a4-45c2-b462-b49e7fcf1746/iiif/cam-1242-p_0009.tif/full/!300,500/0/default.jpg
335502;https://bndigital.bnportugal.gov.pt//i/?IIIF=/4a/41/23/2b/4a41232b-0480-45cb-8390-a32fd5ce795d/iiif/cam-1246-p_0009.tif/full/!300,500/0/default.jpg
458267;https://bndigital.bnportugal.gov.pt//i/?IIIF=/ff/05/78/6b/ff05786b-dbe4-4b2e-9965-b30541cc9431/iiif/cam-125-a_0005.tif/full/!300,500/0/default.jpg
849980;https://bndigital.bnportugal.gov.pt//i/?IIIF=/ff/7b/86/ff/ff7b86ff-03d0-4f92-b63e-85c46449c9d1/iiif/cam-125-v_0000_000009.tif/full/!300,500/0/default.jpg
458260;https://bndigital.bnportugal.gov.pt//i/?IIIF=/11/71/d1/08/1171d108-6c81-4a65-8f5d-c4337a19bbb4/iiif/cam-127-a_0001.tif/full/!300,500/0/default.jpg
256276;https://bndigital.bnportugal.gov.pt//i/?IIIF=/83/32/d3/b4/8332d3b4-4478-406b-8987-cef71bd9119e/iiif/cam-127-p_0007.tif/full/!300,500/0/default.jpg
849984;https://bndigital.bnportugal.gov.pt//i/?IIIF=/3a/47/32/8a/3a47328a-1daf-4d63-b5cb-2e3f3cc05a61/iiif/cam-127-v_0000_000007.tif/full/!300,500/0/default.jpg
589426;https://bndigital.bnportugal.gov.pt//i/?IIIF=/47/60/ba/65/4760ba65-3b75-49e2-94fd-1d661380ee6b/iiif/cam-1272-p_0007.tif/full/!300,500/0/default.jpg
303889;https://bndigital.bnportugal.gov.pt//i/?IIIF=/53/98/8e/23/53988e23-6940-4e6f-8fc4-2c589f2d1e80/iiif/cam-1279-p_0007.tif/full/!300,500/0/default.jpg
303899;https://bndigital.bnportugal.gov.pt//i/?IIIF=/67/ad/41/96/67ad4196-14bd-4a51-85a1-f1e334a75925/iiif/cam-1282-p_0007.tif/full/!300,500/0/default.jpg
196323;https://bndigital.bnportugal.gov.pt//i/?IIIF=/81/47/5e/f8/81475ef8-a978-4787-ae2c-6fb7aaa3726b/iiif/cam-1295-p_0009.tif/full/!300,500/0/default.jpg
256279;https://bndigital.bnportugal.gov.pt//i/?IIIF=/ff/b2/16/63/ffb21663-a50b-4093-b82c-d4c0a4c190a7/iiif/cam-130-p_0005.tif/full/!300,500/0/default.jpg
849990;https://bndigital.bnportugal.gov.pt//i/?IIIF=/1c/4c/dd/8a/1c4cdd8a-b1c5-4fc7-b103-3e6d38fd7586/iiif/cam-130-1-v_0001.tif/full/!300,500/0/default.jpg
336377;https://bndigital.bnportugal.gov.pt//i/?IIIF=/27/5a/15/a8/275a15a8-ccf0-44f9-ae24-387f5ac619ea/iiif/cam-1306-v_0003.tif/full/!300,500/0/default.jpg
851358;https://bndigital.bnportugal.gov.pt//i/?IIIF=/eb/79/5f/fb/eb795ffb-b97e-4016-9733-b90efc66c2c7/iiif/cam-131-v_0000_000007.tif/full/!300,500/0/default.jpg
787869;https://bndigital.bnportugal.gov.pt//i/?IIIF=/f2/08/08/de/f20808de-750d-4404-b6f1-aa7aa6fa49d2/iiif/cam-1313-p_0005.tif/full/!300,500/0/default.jpg
256303;https://bndigital.bnportugal.gov.pt//i/?IIIF=/ec/0a/9a/cb/ec0a9acb-6c53-47c8-9a00-02041b69c5b7/iiif/cam-132-p_0005.tif/full/!300,500/0/default.jpg
338426;https://bndigital.bnportugal.gov.pt//i/?IIIF=/cc/6e/21/a0/cc6e21a0-1849-47bc-917a-f9876a85dd8e/iiif/cam-1329-v_0007.tif/full/!300,500/0/default.jpg
256323;https://bndigital.bnportugal.gov.pt//i/?IIIF=/23/df/c4/f3/23dfc4f3-cb3b-47ba-b9b6-273bcfd856b3/iiif/cam-134-p_0005.tif/full/!300,500/0/default.jpg
851957;https://bndigital.bnportugal.gov.pt//i/?IIIF=/af/36/c6/fa/af36c6fa-a524-4c56-91e4-8a0ba612dcf4/iiif/cam-135-1-v_0001.tif/full/!300,500/0/default.jpg
852037;https://bndigital.bnportugal.gov.pt//i/?IIIF=/73/9b/87/2a/739b872a-6078-4a5c-b426-80d7538bf002/iiif/cam-135-15-v_0001.tif/full/!300,500/0/default.jpg
852042;https://bndigital.bnportugal.gov.pt//i/?IIIF=/78/3d/d2/ad/783dd2ad-f72d-4244-8ed5-bccc66dac7fe/iiif/cam-135-16-v_0001.tif/full/!300,500/0/default.jpg
852054;https://bndigital.bnportugal.gov.pt//i/?IIIF=/d4/0a/7c/88/d40a7c88-4535-49e8-b0e8-68c34d9e4988/iiif/cam-135-17-v_0001.tif/full/!300,500/0/default.jpg
780308;https://bndigital.bnportugal.gov.pt//i/?IIIF=/95/68/63/55/95686355-3599-4dd5-88c6-b9d7a520c66b/iiif/cam-135-6-v_0001.tif/full/!300,500/0/default.jpg
528994;https://bndigital.bnportugal.gov.pt//i/?IIIF=/c2/9b/34/96/c29b3496-af4d-4339-991c-923629d9d09d/iiif/cam-1359-v_0005.tif/full/!300,500/0/default.jpg
256336;https://bndigital.bnportugal.gov.pt//i/?IIIF=/60/80/af/f7/6080aff7-d406-4b3c-8e31-5104a5eb7d46/iiif/cam-136-p_0005.tif/full/!300,500/0/default.jpg
852059;https://bndigital.bnportugal.gov.pt//i/?IIIF=/7e/89/0d/cf/7e890dcf-baa2-4a5a-ae9b-e2c2ca6ad36f/iiif/cam-136-1-v_0001.tif/full/!300,500/0/default.jpg
852064;https://bndigital.bnportugal.gov.pt//i/?IIIF=/cd/a8/16/ce/cda816ce-f7c6-43b1-8224-24607ad523b0/iiif/cam-136-2-v_0001.tif/full/!300,500/0/default.jpg
259555;https://bndigital.bnportugal.gov.pt//i/?IIIF=/65/de/b3/89/65deb389-57a9-45ed-bc08-8af6a3fc1a38/iiif/cam-136-3-v_0001.tif/full/!300,500/0/default.jpg
852067;https://bndigital.bnportugal.gov.pt//i/?IIIF=/00/d3/8e/c3/00d38ec3-3984-441b-9f28-ea963ea2acf7/iiif/cam-136-4-v_0001.tif/full/!300,500/0/default.jpg
852070;https://bndigital.bnportugal.gov.pt//i/?IIIF=/83/43/0f/24/83430f24-f419-4bad-b482-3d494225373f/iiif/cam-136-5-v_0001.tif/full/!300,500/0/default.jpg
852073;https://bndigital.bnportugal.gov.pt//i/?IIIF=/76/ce/e8/af/76cee8af-3b58-48ec-96e0-7b32604a29ec/iiif/cam-136-6-v_0001.tif/full/!300,500/0/default.jpg
852078;https://bndigital.bnportugal.gov.pt//i/?IIIF=/a0/d6/64/76/a0d66476-6e62-4450-ac73-ca0e9fbfe92b/iiif/cam-136-7-v_0001.tif/full/!300,500/0/default.jpg
852081;https://bndigital.bnportugal.gov.pt//i/?IIIF=/e9/00/22/b5/e90022b5-8e26-4699-867a-f2772727a5b8/iiif/cam-136-8-v_0001.tif/full/!300,500/0/default.jpg
761882;https://bndigital.bnportugal.gov.pt//i/?IIIF=/5f/80/9f/7d/5f809f7d-40ba-45bf-a1e7-d99db0476501/iiif/cam-136-9-v_0001.tif/full/!300,500/0/default.jpg
852118;https://bndigital.bnportugal.gov.pt//i/?IIIF=/af/27/80/ac/af2780ac-3f60-4b04-88c7-6d5af5454dc7/iiif/cam-1363-p_0007.tif/full/!300,500/0/default.jpg
856591;https://bndigital.bnportugal.gov.pt//i/?IIIF=/29/9e/cd/81/299ecd81-82f0-4d1d-aa4f-6a7d4ee2c02a/iiif/cam-1364-p_0007.tif/full/!300,500/0/default.jpg
526556;https://bndigital.bnportugal.gov.pt//i/?IIIF=/74/36/00/44/74360044-aa3f-4c63-afb5-745aba679eb0/iiif/cam-1365-p_0007.tif/full/!300,500/0/default.jpg
397552;https://bndigital.bnportugal.gov.pt//i/?IIIF=/dd/ff/1a/d3/ddff1ad3-cecb-4f33-8bd4-d53fcc93689d/iiif/cam-1367-p_0007.tif/full/!300,500/0/default.jpg
852088;https://bndigital.bnportugal.gov.pt//i/?IIIF=/3d/30/21/02/3d302102-0506-4dcb-b63b-e2e13e895e4c/iiif/cam-137-v_0009.tif/full/!300,500/0/default.jpg
458462;https://bndigital.bnportugal.gov.pt//i/?IIIF=/88/92/4c/54/88924c54-0b14-44f4-9d78-707183a80eb3/iiif/cam-137-2-a_0000_000001.tif/full/!300,500/0/default.jpg
458465;https://bndigital.bnportugal.gov.pt//i/?IIIF=/c3/f1/a4/0f/c3f1a40f-c15a-4aa2-9dac-1a6be90ccba4/iiif/cam-137-4-a_0001.tif/full/!300,500/0/default.jpg
458467;https://bndigital.bnportugal.gov.pt//i/?IIIF=/f9/85/1d/f3/f9851df3-dc61-448d-bdad-761b3c39e121/iiif/cam-137-5-a_0000_000001.tif/full/!300,500/0/default.jpg
458542;https://bndigital.bnportugal.gov.pt//i/?IIIF=/96/2f/48/bd/962f48bd-7a0d-45db-aa8c-4563adc6870b/iiif/cam-137-7-a_0000_000001.tif/full/!300,500/0/default.jpg
458545;https://bndigital.bnportugal.gov.pt//i/?IIIF=/2f/c6/72/13/2fc67213-c110-4671-8c6c-726d2799e13a/iiif/cam-137-8-a_0000_000001.tif/full/!300,500/0/default.jpg
256360;https://bndigital.bnportugal.gov.pt//i/?IIIF=/8b/1f/25/e4/8b1f25e4-5338-43f3-9362-1128c17a84af/iiif/cam-138-p_0007.tif/full/!300,500/0/default.jpg
852089;https://bndigital.bnportugal.gov.pt//i/?IIIF=/ef/8b/29/53/ef8b2953-577b-4a5c-8d22-d340eac497b5/iiif/cam-138-v_0000_000001.tif/full/!300,500/0/default.jpg
256397;https://bndigital.bnportugal.gov.pt//i/?IIIF=/65/95/59/f6/659559f6-54c2-47d4-a3a7-4c75f49ef7a2/iiif/cam-139-p_0005.tif/full/!300,500/0/default.jpg
852090;https://bndigital.bnportugal.gov.pt//i/?IIIF=/72/87/dc/28/7287dc28-a03b-4c7f-919a-c5c4be73d4bf/iiif/cam-139-v_0000_000001.tif/full/!300,500/0/default.jpg
458601;https://bndigital.bnportugal.gov.pt//i/?IIIF=/09/9d/ae/6c/099dae6c-94e9-491d-885c-aca15d218be7/iiif/cam-139-1-a_0001.tif/full/!300,500/0/default.jpg
458616;https://bndigital.bnportugal.gov.pt//i/?IIIF=/84/f1/c1/a4/84f1c1a4-1d7c-41eb-b0d5-f0e1d3734812/iiif/cam-139-10-a_0001.tif/full/!300,500/0/default.jpg
458619;https://bndigital.bnportugal.gov.pt//i/?IIIF=/81/d0/ac/bb/81d0acbb-f95f-41ed-8170-e62848a4556e/iiif/cam-139-11-a_0001.tif/full/!300,500/0/default.jpg
458620;https://bndigital.bnportugal.gov.pt//i/?IIIF=/3c/f2/83/7f/3cf2837f-58e8-4850-8e85-d5a3e6bb4620/iiif/cam-139-12-a_0001.tif/full/!300,500/0/default.jpg
458621;https://bndigital.bnportugal.gov.pt//i/?IIIF=/f5/d5/ba/60/f5d5ba60-b84e-4011-ba2a-cd3a28c56324/iiif/cam-139-13-a_0001.tif/full/!300,500/0/default.jpg
458625;https://bndigital.bnportugal.gov.pt//i/?IIIF=/0b/dd/ef/f1/0bddeff1-b64a-44fb-bba7-33ce9929da52/iiif/cam-139-14-a_0001.tif/full/!300,500/0/default.jpg
458629;https://bndigital.bnportugal.gov.pt//i/?IIIF=/49/93/ac/f2/4993acf2-1990-4203-a8a7-c8914531bb20/iiif/cam-139-15-a_0001.tif/full/!300,500/0/default.jpg
458630;https://bndigital.bnportugal.gov.pt//i/?IIIF=/8b/ff/a5/d7/8bffa5d7-a23c-44d2-911d-8aecea889d5a/iiif/cam-139-16-a_0001.tif/full/!300,500/0/default.jpg
458633;https://bndigital.bnportugal.gov.pt//i/?IIIF=/b9/9b/d8/14/b99bd814-f73e-480e-ac74-6c639769d3a4/iiif/cam-139-17-a_0001.tif/full/!300,500/0/default.jpg
458605;https://bndigital.bnportugal.gov.pt//i/?IIIF=/9e/6b/a8/6f/9e6ba86f-ea58-445c-b8c3-858506da47aa/iiif/cam-139-2-a_0001.tif/full/!300,500/0/default.jpg
458607;https://bndigital.bnportugal.gov.pt//i/?IIIF=/8a/1b/b2/d8/8a1bb2d8-8059-466c-92c0-ceba9629e401/iiif/cam-139-3-a_0001.tif/full/!300,500/0/default.jpg
742182;https://bndigital.bnportugal.gov.pt//i/?IIIF=/bc/41/81/d7/bc4181d7-157c-4686-9ce5-471bad60cb01/iiif/cam-139-4-a_0001.tif/full/!300,500/0/default.jpg
458609;https://bndigital.bnportugal.gov.pt//i/?IIIF=/56/3b/61/47/563b6147-d8fc-48ef-adee-986fb9c86b3e/iiif/cam-139-5-a_0001.tif/full/!300,500/0/default.jpg
458610;https://bndigital.bnportugal.gov.pt//i/?IIIF=/95/ec/70/c7/95ec70c7-f555-47f7-8b5e-9a01d34a2d0b/iiif/cam-139-6-a_0001.tif/full/!300,500/0/default.jpg
458612;https://bndigital.bnportugal.gov.pt//i/?IIIF=/07/36/0d/c0/07360dc0-69e8-4169-b234-941b54841aa8/iiif/cam-139-7-a_0001.tif/full/!300,500/0/default.jpg
458614;https://bndigital.bnportugal.gov.pt//i/?IIIF=/4f/11/4f/4f/4f114f4f-4595-40d6-b0e3-086a57b1896f/iiif/cam-139-8-a_0001.tif/full/!300,500/0/default.jpg
458959;https://bndigital.bnportugal.gov.pt//i/?IIIF=/3c/8f/0a/25/3c8f0a25-f2be-4cc4-be3d-e94644eb09ae/iiif/cam-139-9-a_0001.tif/full/!300,500/0/default.jpg
1042996;https://bndigital.bnportugal.gov.pt//i/?IIIF=/24/f3/e2/a8/24f3e2a8-aa9f-4a96-99ae-231288dd0ef9/iiif/cam-1400-p_0007.tif/full/!300,500/0/default.jpg
766885;https://bndigital.bnportugal.gov.pt//i/?IIIF=/81/6e/0f/a7/816e0fa7-85bc-4e3e-a63f-8e0d64da6b35/iiif/cam-1409-p_0009.tif/full/!300,500/0/default.jpg
256400;https://bndigital.bnportugal.gov.pt//i/?IIIF=/6c/01/ce/7c/6c01ce7c-8373-4cc8-8200-d1680aff76e9/iiif/cam-141-p_0007.tif/full/!300,500/0/default.jpg
852092;https://bndigital.bnportugal.gov.pt//i/?IIIF=/5c/fd/61/da/5cfd61da-6c49-4416-ac7b-515d6745c56f/iiif/cam-141-v_0000_000007.tif/full/!300,500/0/default.jpg
352640;https://bndigital.bnportugal.gov.pt//i/?IIIF=/34/94/05/63/34940563-8dd9-4ab7-b87c-7e9c8184d005/iiif/cam-1415-v_0001.tif/full/!300,500/0/default.jpg
320515;https://bndigital.bnportugal.gov.pt//i/?IIIF=/1d/37/8b/16/1d378b16-3a3e-40cb-83e6-a8ba10128b0a/iiif/cam-1418-p_0005.tif/full/!300,500/0/default.jpg
1073796;https://bndigital.bnportugal.gov.pt//i/?IIIF=/be/98/5a/ab/be985aab-79ce-4619-b26f-0ab8fd223720/iiif/cam-1422-p_0005.tif/full/!300,500/0/default.jpg
811649;https://bndigital.bnportugal.gov.pt//i/?IIIF=/27/d0/d7/91/27d0d791-86c3-4235-80a9-f1ac57c70860/iiif/cam-1423-p_0005.tif/full/!300,500/0/default.jpg
943524;https://bndigital.bnportugal.gov.pt//i/?IIIF=/0b/7e/27/f6/0b7e27f6-cb2f-4e7f-905e-9289c1b904b0/iiif/cam-1427-p_0007.tif/full/!300,500/0/default.jpg
466860;https://bndigital.bnportugal.gov.pt//i/?IIIF=/86/20/3c/84/86203c84-6128-4125-a40b-5f0a26bc764b/iiif/cam-1428-p_0005.tif/full/!300,500/0/default.jpg
120404;https://bndigital.bnportugal.gov.pt//i/?IIIF=/83/4a/f6/cb/834af6cb-91ac-473c-9481-541d30350a4c/iiif/cam-143-a_0001.tif/full/!300,500/0/default.jpg
397714;https://bndigital.bnportugal.gov.pt//i/?IIIF=/c4/ec/24/7e/c4ec247e-bc70-41df-a66b-2a72ca42cf72/iiif/cam-143-v_0000_000007.tif/full/!300,500/0/default.jpg
775708;https://bndigital.bnportugal.gov.pt//i/?IIIF=/d4/bc/dc/32/d4bcdc32-c146-4bad-a773-2dfed13c99bc/iiif/cam-1430-p_0005.tif/full/!300,500/0/default.jpg
323152;https://bndigital.bnportugal.gov.pt//i/?IIIF=/61/56/eb/ee/6156ebee-4547-4dc0-b164-a1fa22131b59/iiif/cam-1433-p_0007.tif/full/!300,500/0/default.jpg
852023;https://bndigital.bnportugal.gov.pt//i/?IIIF=/7e/e1/b9/c1/7ee1b9c1-8f2f-4d8f-ae76-8682c0943f19/iiif/cam-1435-p_0011.tif/full/!300,500/0/default.jpg
766917;https://bndigital.bnportugal.gov.pt//i/?IIIF=/2d/c5/1b/41/2dc51b41-e53d-4645-8e3a-e2c6af3de1d1/iiif/cam-1437-p_0007.tif/full/!300,500/0/default.jpg
322677;https://bndigital.bnportugal.gov.pt//i/?IIIF=/3c/5b/c2/a8/3c5bc2a8-c35f-4c87-b69f-c8c6a39f45df/iiif/cam-1438-p_0005.tif/full/!300,500/0/default.jpg
1073967;https://bndigital.bnportugal.gov.pt//i/?IIIF=/46/4d/19/fc/464d19fc-8ce9-4f27-99e4-323356b9427e/iiif/cam-1439-p_0005.tif/full/!300,500/0/default.jpg
372105;https://bndigital.bnportugal.gov.pt//i/?IIIF=/61/e6/5a/2d/61e65a2d-4c4d-4782-89ce-ee4b1960e994/iiif/cam-1440-p_0007.tif/full/!300,500/0/default.jpg
380827;https://bndigital.bnportugal.gov.pt//i/?IIIF=/ce/94/c0/ba/ce94c0ba-06bf-4448-af16-a47e84187456/iiif/cam-1441-p_0005.tif/full/!300,500/0/default.jpg
323003;https://bndigital.bnportugal.gov.pt//i/?IIIF=/b0/4a/2e/b0/b04a2eb0-2f68-452f-ba9f-3391107347eb/iiif/cam-1443-p_0007.tif/full/!300,500/0/default.jpg
329082;https://bndigital.bnportugal.gov.pt//i/?IIIF=/78/ec/6d/14/78ec6d14-f59d-44e4-afe8-2f15759e4f60/iiif/cam-1444-p_0011.tif/full/!300,500/0/default.jpg
1074512;https://bndigital.bnportugal.gov.pt//i/?IIIF=/b2/b3/dd/66/b2b3dd66-dc70-43c0-9552-6e55534aca2d/iiif/cam-1446-p_0000_000001.tif/full/!300,500/0/default.jpg
1076121;https://bndigital.bnportugal.gov.pt//i/?IIIF=/c9/29/0f/dc/c9290fdc-d5f2-4c34-bd1a-84a0ef25cc9d/iiif/cam-1447-p_0005.tif/full/!300,500/0/default.jpg
256424;https://bndigital.bnportugal.gov.pt//i/?IIIF=/dc/4a/61/d4/dc4a61d4-40fc-47e4-bf91-c0f6d3af504b/iiif/cam-145-p_0005.tif/full/!300,500/0/default.jpg
329018;https://bndigital.bnportugal.gov.pt//i/?IIIF=/ce/18/c8/55/ce18c855-4547-4578-af03-faeda70047bc/iiif/cam-1450-p_0005.tif/full/!300,500/0/default.jpg
1076059;https://bndigital.bnportugal.gov.pt//i/?IIIF=/6a/04/a2/d4/6a04a2d4-cff4-4f82-a52e-caaafddf1f64/iiif/cam-1452-p_0007.tif/full/!300,500/0/default.jpg
1076409;https://bndigital.bnportugal.gov.pt//i/?IIIF=/a3/4a/19/fc/a34a19fc-a1c5-4246-8d03-58b5cc0801ac/iiif/cam-1454-p_0009.tif/full/!300,500/0/default.jpg
357115;https://bndigital.bnportugal.gov.pt//i/?IIIF=/dc/c5/0d/32/dcc50d32-2a6b-4273-a4af-a9ef7bfcc36f/iiif/cam-1457-p_0005.tif/full/!300,500/0/default.jpg
397864;https://bndigital.bnportugal.gov.pt//i/?IIIF=/57/49/c9/1d/5749c91d-873b-46a2-b4f5-8da947fc1fbb/iiif/cam-1458-p_0011.tif/full/!300,500/0/default.jpg
330035;https://bndigital.bnportugal.gov.pt//i/?IIIF=/e2/5b/5c/fe/e25b5cfe-00d7-4d13-94aa-b18cf20c78e3/iiif/cam-1459-p_0007.tif/full/!300,500/0/default.jpg
852095;https://bndigital.bnportugal.gov.pt//i/?IIIF=/1e/2f/a5/8c/1e2fa58c-b406-4d66-ac80-8b61a8eb668e/iiif/cam-146-1-v_0000_000001.tif/full/!300,500/0/default.jpg
852098;https://bndigital.bnportugal.gov.pt//i/?IIIF=/4d/ef/0f/e6/4def0fe6-cdf4-4f80-8109-2c26ff1f99a1/iiif/cam-146-3-v_0000_000001.tif/full/!300,500/0/default.jpg
74399;https://bndigital.bnportugal.gov.pt//i/?IIIF=/69/f6/40/66/69f64066-655f-4b0d-9ebd-654be9d3906a/iiif/cam-146-4-v_0000_000001.tif/full/!300,500/0/default.jpg
75011;https://bndigital.bnportugal.gov.pt//i/?IIIF=/00/30/9a/81/00309a81-f4d2-4993-b13f-7126d97a99c3/iiif/cam-146-5-v_0000_000001.tif/full/!300,500/0/default.jpg
74380;https://bndigital.bnportugal.gov.pt//i/?IIIF=/cc/1e/0a/d6/cc1e0ad6-922f-418b-8fa4-7f99add02e37/iiif/cam-146-2-v_0000_000001.tif/full/!300,500/0/default.jpg
322463;https://bndigital.bnportugal.gov.pt//i/?IIIF=/9c/90/94/48/9c909448-7815-453c-820e-c7a62a58a5ca/iiif/cam-1461-p_0007.tif/full/!300,500/0/default.jpg
380833;https://bndigital.bnportugal.gov.pt//i/?IIIF=/e0/7c/3d/86/e07c3d86-152d-4e26-a710-2905f5ba6c07/iiif/cam-1463-p_0009.tif/full/!300,500/0/default.jpg
1076114;https://bndigital.bnportugal.gov.pt//i/?IIIF=/3d/90/f0/5d/3d90f05d-2708-46dd-9a6b-7fdafb05dca8/iiif/cam-1464-p_0005.tif/full/!300,500/0/default.jpg
1076082;https://bndigital.bnportugal.gov.pt//i/?IIIF=/fc/f8/ba/f8/fcf8baf8-dd9b-41fb-8ae5-4e6ded020235/iiif/cam-1468-p_0007.tif/full/!300,500/0/default.jpg
256426;https://bndigital.bnportugal.gov.pt//i/?IIIF=/53/22/2b/d9/53222bd9-72fa-478f-bef6-2b0dc193ac70/iiif/cam-147-p_0005.tif/full/!300,500/0/default.jpg
852100;https://bndigital.bnportugal.gov.pt//i/?IIIF=/fe/f8/a0/30/fef8a030-7c38-48cf-bd66-928f00614a36/iiif/cam-147-v_0005.tif/full/!300,500/0/default.jpg
1073963;https://bndigital.bnportugal.gov.pt//i/?IIIF=/a3/b2/23/a1/a3b223a1-2968-4af9-a530-a703534d77e5/iiif/cam-1470-p_0007.tif/full/!300,500/0/default.jpg
1075673;https://bndigital.bnportugal.gov.pt//i/?IIIF=/46/20/19/85/46201985-99b0-4281-99c0-2dcdb7fc7c94/iiif/cam-1471-p_0007.tif/full/!300,500/0/default.jpg
1073961;https://bndigital.bnportugal.gov.pt//i/?IIIF=/7a/06/79/59/7a067959-44e0-4ddb-8bcc-5f5db79ca479/iiif/cam-1472-p_0007.tif/full/!300,500/0/default.jpg
256437;https://bndigital.bnportugal.gov.pt//i/?IIIF=/64/15/bd/7c/6415bd7c-e747-4088-b1c0-627056d1c750/iiif/cam-149-p_0005.tif/full/!300,500/0/default.jpg
381260;https://bndigital.bnportugal.gov.pt//i/?IIIF=/0b/26/c7/e3/0b26c7e3-1958-4e92-8c9d-7d86a61ab2a8/iiif/cam-15-a_0000_000009.tif/full/!300,500/0/default.jpg
397821;https://bndigital.bnportugal.gov.pt//i/?IIIF=/ba/e9/44/c6/bae944c6-abdc-4997-82d4-29762ce0eb22/iiif/cam-150-a_0000_000007.tif/full/!300,500/0/default.jpg
256449;https://bndigital.bnportugal.gov.pt//i/?IIIF=/80/ab/f2/4b/80abf24b-ebf9-4eb6-a45d-e90968f7b95e/iiif/cam-150-p_0009.tif/full/!300,500/0/default.jpg
2284;https://bndigital.bnportugal.gov.pt//i/?IIIF=/f4/aa/32/ae/f4aa32ae-6c1c-4685-b497-6fb573476d75/iiif/cam-151-a_0000_000001.tif/full/!300,500/0/default.jpg
256526;https://bndigital.bnportugal.gov.pt//i/?IIIF=/40/ec/df/2e/40ecdf2e-2986-4e69-8d6f-51a18b105896/iiif/cam-151-p_0007.tif/full/!300,500/0/default.jpg
256539;https://bndigital.bnportugal.gov.pt//i/?IIIF=/99/43/5f/8e/99435f8e-d5b8-475e-b054-7dfe2b35831e/iiif/cam-152-p_0001.tif/full/!300,500/0/default.jpg
852104;https://bndigital.bnportugal.gov.pt//i/?IIIF=/8e/cf/a2/f7/8ecfa2f7-a287-4bac-b7c2-88318f6f6741/iiif/cam-152-v_0005.tif/full/!300,500/0/default.jpg
256547;https://bndigital.bnportugal.gov.pt//i/?IIIF=/2e/52/c6/ba/2e52c6ba-89d9-49ed-bfd3-7689878f43e7/iiif/cam-153-p_0007.tif/full/!300,500/0/default.jpg
852113;https://bndigital.bnportugal.gov.pt//i/?IIIF=/63/df/c6/4a/63dfc64a-1142-495c-bf91-68643a2c0de1/iiif/cam-153-8-v_0000_000001.tif/full/!300,500/0/default.jpg
256557;https://bndigital.bnportugal.gov.pt//i/?IIIF=/a2/94/11/07/a2941107-f894-4efd-832f-2bd62b5b364a/iiif/cam-154-p_0005.tif/full/!300,500/0/default.jpg
852330;https://bndigital.bnportugal.gov.pt//i/?IIIF=/22/ad/4a/49/22ad4a49-61c1-430c-9855-af347a3e8fc0/iiif/cam-154-7-v_0001.tif/full/!300,500/0/default.jpg
852123;https://bndigital.bnportugal.gov.pt//i/?IIIF=/7b/7b/e5/6b/7b7be56b-0b10-4a18-bbf9-d58b026bc699/iiif/cam-154-8-v_0001.tif/full/!300,500/0/default.jpg
1725340;https://bndigital.bnportugal.gov.pt//i/?IIIF=/62/f8/3f/fe/62f83ffe-215e-4578-ad4c-18619c0218f7/iiif/cam-1543-p_0003.tif/full/!300,500/0/default.jpg
1729552;https://bndigital.bnportugal.gov.pt//i/?IIIF=/38/69/8f/cf/38698fcf-1b5f-4796-ad09-0df36d506b40/iiif/cam-1546-p_0001.tif/full/!300,500/0/default.jpg
256560;https://bndigital.bnportugal.gov.pt//i/?IIIF=/e3/79/81/09/e3798109-27bc-49ed-bfeb-9a79c1254c59/iiif/cam-155-p_0009.tif/full/!300,500/0/default.jpg
852124;https://bndigital.bnportugal.gov.pt//i/?IIIF=/ba/d7/a3/02/bad7a302-75b3-4ff9-b607-7b7f042b7268/iiif/cam-155-1-v_0001.tif/full/!300,500/0/default.jpg
852125;https://bndigital.bnportugal.gov.pt//i/?IIIF=/3c/e5/f0/a0/3ce5f0a0-122e-4c33-bf73-f524f685ac36/iiif/cam-155-2-v_0001.tif/full/!300,500/0/default.jpg
852127;https://bndigital.bnportugal.gov.pt//i/?IIIF=/0f/b8/6b/56/0fb86b56-b779-43d0-8052-25187b8f43c2/iiif/cam-155-5-v_0001.tif/full/!300,500/0/default.jpg
852331;https://bndigital.bnportugal.gov.pt//i/?IIIF=/d3/3c/2f/d6/d33c2fd6-697b-4ca3-8c0a-2d267664216a/iiif/cam-156-v_0005.tif/full/!300,500/0/default.jpg
256592;https://bndigital.bnportugal.gov.pt//i/?IIIF=/e3/a6/f8/c7/e3a6f8c7-a533-4d47-9010-c5ef4ecb7cfa/iiif/cam-157-p_0000_000007.tif/full/!300,500/0/default.jpg
852135;https://bndigital.bnportugal.gov.pt//i/?IIIF=/31/d8/16/1e/31d8161e-06e7-4db2-99b3-9ccec0bf0fb6/iiif/cam-157-v_0000_000005.tif/full/!300,500/0/default.jpg
458658;https://bndigital.bnportugal.gov.pt//i/?IIIF=/0e/e5/87/c0/0ee587c0-5779-47fa-8d33-6adf6579b393/iiif/cam-160-a_0000_000006.tif/full/!300,500/0/default.jpg
852140;https://bndigital.bnportugal.gov.pt//i/?IIIF=/f6/af/9c/57/f6af9c57-c756-458c-8669-6a427fa8f668/iiif/cam-160-v_0000_000001.tif/full/!300,500/0/default.jpg
458756;https://bndigital.bnportugal.gov.pt//i/?IIIF=/ad/e3/63/90/ade36390-06a6-4637-b067-700d1519d71a/iiif/cam-161-a_0000_000005.tif/full/!300,500/0/default.jpg
256620;https://bndigital.bnportugal.gov.pt//i/?IIIF=/09/b8/1d/4f/09b81d4f-79e9-4153-a037-9eaca02940a4/iiif/cam-161-p_0005.tif/full/!300,500/0/default.jpg
197691;https://bndigital.bnportugal.gov.pt//i/?IIIF=/cd/ad/0a/7b/cdad0a7b-3540-443e-8642-d8bc410f1b34/iiif/cam-162-1-v_0000_000001.tif/full/!300,500/0/default.jpg
852143;https://bndigital.bnportugal.gov.pt//i/?IIIF=/73/82/e5/a9/7382e5a9-0468-4218-b2f7-687a5f78a8de/iiif/cam-162-2-v_0000_000001.tif/full/!300,500/0/default.jpg
86944;https://bndigital.bnportugal.gov.pt//i/?IIIF=/d3/b5/be/87/d3b5be87-0999-44c4-9850-58d8c5d7cdd6/iiif/cam-162-3-v_0000_000001.tif/full/!300,500/0/default.jpg
476969;https://bndigital.bnportugal.gov.pt//i/?IIIF=/04/01/7b/b4/04017bb4-84a8-4b24-9020-fd2ea100255d/iiif/cam-163-a_0001.tif/full/!300,500/0/default.jpg
197848;https://bndigital.bnportugal.gov.pt//i/?IIIF=/56/30/0a/d0/56300ad0-6577-4120-8f07-dabb9ba672a0/iiif/cam-163-v_0000_000007.tif/full/!300,500/0/default.jpg
852160;https://bndigital.bnportugal.gov.pt//i/?IIIF=/c7/3d/2b/a5/c73d2ba5-9e1a-4277-a2e0-f40616e29918/iiif/cam-164-6-v_0000_000001.tif/full/!300,500/0/default.jpg
257364;https://bndigital.bnportugal.gov.pt//i/?IIIF=/cc/fe/f2/58/ccfef258-11b8-4760-b05c-b8905393207f/iiif/cam-169-p_0007.tif/full/!300,500/0/default.jpg
197068;https://bndigital.bnportugal.gov.pt//i/?IIIF=/19/05/c2/99/1905c299-4899-439f-a6b6-0db4cf336b4e/iiif/cam-1692-v_0003.tif/full/!300,500/0/default.jpg
197059;https://bndigital.bnportugal.gov.pt//i/?IIIF=/38/3b/bf/e4/383bbfe4-4a00-40bb-b772-c2d50ccef248/iiif/cam-1696-v_0007.tif/full/!300,500/0/default.jpg
196562;https://bndigital.bnportugal.gov.pt//i/?IIIF=/9f/39/25/7d/9f39257d-c320-45d7-867e-d488efd57acb/iiif/cam-1699-v_0007.tif/full/!300,500/0/default.jpg
257368;https://bndigital.bnportugal.gov.pt//i/?IIIF=/cc/d6/c1/b6/ccd6c1b6-7bb0-4449-8fd1-613484f17ec2/iiif/cam-170-p_0007.tif/full/!300,500/0/default.jpg
196558;https://bndigital.bnportugal.gov.pt//i/?IIIF=/57/58/16/52/57581652-728c-43bc-a4c0-932ea6aac128/iiif/cam-1700-v_0001.tif/full/!300,500/0/default.jpg
196549;https://bndigital.bnportugal.gov.pt//i/?IIIF=/9f/e7/13/a7/9fe713a7-057b-40eb-881e-d656fc562d57/iiif/cam-1703-v_0001.tif/full/!300,500/0/default.jpg
196547;https://bndigital.bnportugal.gov.pt//i/?IIIF=/4c/eb/66/24/4ceb6624-86e3-4fc3-b3d5-92688f1f67c3/iiif/cam-1704-v_0001.tif/full/!300,500/0/default.jpg
196544;https://bndigital.bnportugal.gov.pt//i/?IIIF=/b4/90/10/05/b4901005-772c-4e0d-a66d-64bde29cb204/iiif/cam-1705-v_0001.tif/full/!300,500/0/default.jpg
196533;https://bndigital.bnportugal.gov.pt//i/?IIIF=/d1/71/14/0e/d171140e-fb6f-4a58-b2da-153ad4fb8fe7/iiif/cam-1707-v_0001.tif/full/!300,500/0/default.jpg
196530;https://bndigital.bnportugal.gov.pt//i/?IIIF=/ef/51/40/82/ef514082-7bed-4df9-ba15-e287a353ab98/iiif/cam-1708-v_0001.tif/full/!300,500/0/default.jpg
196524;https://bndigital.bnportugal.gov.pt//i/?IIIF=/60/8c/25/23/608c2523-6d22-4f5b-87a7-0500bcbaa9d3/iiif/cam-1709-v_0001.tif/full/!300,500/0/default.jpg
257404;https://bndigital.bnportugal.gov.pt//i/?IIIF=/6b/54/86/8e/6b54868e-971b-4084-8b03-1e9e5c9d7749/iiif/cam-171-p_0005.tif/full/!300,500/0/default.jpg
196521;https://bndigital.bnportugal.gov.pt//i/?IIIF=/76/71/52/20/76715220-a68e-471a-b2aa-1a30c7c5e2cc/iiif/cam-1710-v_0003.tif/full/!300,500/0/default.jpg
196467;https://bndigital.bnportugal.gov.pt//i/?IIIF=/53/d1/3c/8c/53d13c8c-7878-455c-a314-74cc3170c50a/iiif/cam-1712-v_0001.tif/full/!300,500/0/default.jpg
220128;https://bndigital.bnportugal.gov.pt//i/?IIIF=/cd/57/7b/1a/cd577b1a-46b3-40c3-8f45-060aafb50cb2/iiif/cam-1719-v_0000_000001.tif/full/!300,500/0/default.jpg
257406;https://bndigital.bnportugal.gov.pt//i/?IIIF=/a5/9a/06/74/a59a0674-2df4-457d-aec4-d72705540bad/iiif/cam-173-p_0007.tif/full/!300,500/0/default.jpg
755713;https://bndigital.bnportugal.gov.pt//i/?IIIF=/67/19/cf/69/6719cf69-f69a-46c0-9491-192040f72ef4/iiif/cam-1736-v_0001.tif/full/!300,500/0/default.jpg
852531;https://bndigital.bnportugal.gov.pt//i/?IIIF=/7c/3b/90/e0/7c3b90e0-bd06-44b5-9937-a1a09da5dbb4/iiif/cam-176-4-v_0000_000001.tif/full/!300,500/0/default.jpg
854013;https://bndigital.bnportugal.gov.pt//i/?IIIF=/42/44/ac/c5/4244acc5-0bbb-4bc2-a45b-24f45b788817/iiif/cam-1771-v_0007.tif/full/!300,500/0/default.jpg
453095;https://bndigital.bnportugal.gov.pt//i/?IIIF=/88/00/15/96/88001596-d055-4919-978a-2399ff1eeca4/iiif/cam-1776-v_0000_000001.tif/full/!300,500/0/default.jpg
258477;https://bndigital.bnportugal.gov.pt//i/?IIIF=/a4/b7/ce/b3/a4b7ceb3-bc54-4b5a-b635-9a5e1a659158/iiif/cam-180-p_0007.tif/full/!300,500/0/default.jpg
852829;https://bndigital.bnportugal.gov.pt//i/?IIIF=/32/a5/de/89/32a5de89-55d6-4828-9ab2-dffc78c889f9/iiif/cam-180-v_0000_000013.tif/full/!300,500/0/default.jpg
950716;https://bndigital.bnportugal.gov.pt//i/?IIIF=/91/5c/e7/3d/915ce73d-d186-4ecc-9a4d-f8611e04a502/iiif/cam-1811-v_0011.tif/full/!300,500/0/default.jpg
258485;https://bndigital.bnportugal.gov.pt//i/?IIIF=/ee/65/d1/e1/ee65d1e1-eabe-436f-9e2a-62c6e4d236bb/iiif/cam-182-p_0001.tif/full/!300,500/0/default.jpg
258492;https://bndigital.bnportugal.gov.pt//i/?IIIF=/b9/c8/02/fd/b9c802fd-5219-46bb-9b34-cd6702118015/iiif/cam-183-p_0001.tif/full/!300,500/0/default.jpg
382849;https://bndigital.bnportugal.gov.pt//i/?IIIF=/0e/a3/16/52/0ea31652-fab1-4350-b121-b9d0d8934352/iiif/cam-1830-v_0003.tif/full/!300,500/0/default.jpg
258488;https://bndigital.bnportugal.gov.pt//i/?IIIF=/52/1a/eb/22/521aeb22-8a32-4f08-9d02-5fd6f46e98ba/iiif/cam-184-p_0007.tif/full/!300,500/0/default.jpg
188938;https://bndigital.bnportugal.gov.pt//i/?IIIF=/5c/1b/09/49/5c1b0949-03dc-4a22-a410-7991d563839d/iiif/cam-1842-v_0005.tif/full/!300,500/0/default.jpg
252303;https://bndigital.bnportugal.gov.pt//i/?IIIF=/d0/dd/45/79/d0dd4579-ee23-44db-963a-7d1cd10ff29f/iiif/cam-187-p_0001.tif/full/!300,500/0/default.jpg
258505;https://bndigital.bnportugal.gov.pt//i/?IIIF=/81/96/1b/89/81961b89-8274-492f-ad1a-20e4ddda8f38/iiif/cam-188-p_0003.tif/full/!300,500/0/default.jpg
329709;https://bndigital.bnportugal.gov.pt//i/?IIIF=/31/35/a7/24/3135a724-e157-44d5-b6d2-c648623bf9c8/iiif/cam-1880-v_0007.tif/full/!300,500/0/default.jpg
874186;https://bndigital.bnportugal.gov.pt//i/?IIIF=/89/50/70/22/89507022-62ce-495d-bfb4-5033c88eee6b/iiif/cam-1885-v_0005.tif/full/!300,500/0/default.jpg
453764;https://bndigital.bnportugal.gov.pt//i/?IIIF=/a3/a9/0a/3d/a3a90a3d-4d90-4834-b63f-dac1a3754311/iiif/cam-1888-v_0005.tif/full/!300,500/0/default.jpg
865326;https://bndigital.bnportugal.gov.pt//i/?IIIF=/9e/c5/00/aa/9ec500aa-b115-43a3-bae1-64040ee17eef/iiif/cam-1889-v_0007.tif/full/!300,500/0/default.jpg
258529;https://bndigital.bnportugal.gov.pt//i/?IIIF=/06/64/fc/d8/0664fcd8-c423-4f90-a95b-e11a646bfe81/iiif/cam-189-p_0007.tif/full/!300,500/0/default.jpg
86775;https://bndigital.bnportugal.gov.pt//i/?IIIF=/3e/25/2b/82/3e252b82-3184-4b8c-91bf-9b0bf9b486d1/iiif/cam-1890-v_0005.tif/full/!300,500/0/default.jpg
397762;https://bndigital.bnportugal.gov.pt//i/?IIIF=/24/77/a1/c3/2477a1c3-94cd-4cec-bc19-cbfb0a1e81d6/iiif/cam-1893-v_0005.tif/full/!300,500/0/default.jpg
475209;https://bndigital.bnportugal.gov.pt//i/?IIIF=/68/fd/57/88/68fd5788-e7f8-40c4-885c-634cb3ac7f7f/iiif/cam-1895-v_0007.tif/full/!300,500/0/default.jpg
403852;https://bndigital.bnportugal.gov.pt//i/?IIIF=/b6/cf/e4/d6/b6cfe4d6-badd-41db-8fa1-d0593eec9d53/iiif/cam-1897-v_0007.tif/full/!300,500/0/default.jpg
849973;https://bndigital.bnportugal.gov.pt//i/?IIIF=/59/25/a4/c8/5925a4c8-aef1-46c3-8561-d778aa3b9e14/iiif/cam-1898-v_0007.tif/full/!300,500/0/default.jpg
258571;https://bndigital.bnportugal.gov.pt//i/?IIIF=/c2/50/f7/9c/c250f79c-12a9-495e-b689-b5f8671ac7fc/iiif/cam-190-p_0007.tif/full/!300,500/0/default.jpg
869409;https://bndigital.bnportugal.gov.pt//i/?IIIF=/fb/0c/90/bc/fb0c90bc-84e1-4c33-86f4-1b6e53e76196/iiif/cam-1900-v_0007.tif/full/!300,500/0/default.jpg
397744;https://bndigital.bnportugal.gov.pt//i/?IIIF=/7f/1f/c3/40/7f1fc340-c330-4761-bc8c-248c1c596ebd/iiif/cam-1901-v_0011.tif/full/!300,500/0/default.jpg
382847;https://bndigital.bnportugal.gov.pt//i/?IIIF=/73/ca/76/c7/73ca76c7-4e5e-416c-ac00-7db7ae9a8ec5/iiif/cam-1903-v_0011.tif/full/!300,500/0/default.jpg
397749;https://bndigital.bnportugal.gov.pt//i/?IIIF=/ef/99/20/d6/ef9920d6-27bd-46c5-92aa-563d0f3a98dd/iiif/cam-1905-v_0013.tif/full/!300,500/0/default.jpg
1075889;https://bndigital.bnportugal.gov.pt//i/?IIIF=/a5/32/cd/a6/a532cda6-fdfc-48b5-9686-3fabb332801f/iiif/cam-1921-v_0007.tif/full/!300,500/0/default.jpg
1072941;https://bndigital.bnportugal.gov.pt//i/?IIIF=/1d/ec/23/82/1dec2382-4086-4ea6-bdde-935a2fdf4f94/iiif/cam-1922-v_0011.tif/full/!300,500/0/default.jpg
1073971;https://bndigital.bnportugal.gov.pt//i/?IIIF=/f1/6c/41/cd/f16c41cd-06be-41c9-bc59-f97d55ab45ba/iiif/cam-1924-v_0005.tif/full/!300,500/0/default.jpg
1073970;https://bndigital.bnportugal.gov.pt//i/?IIIF=/0f/2b/9e/5e/0f2b9e5e-a746-407d-82e7-f13f0cf94439/iiif/cam-1925-v_0005.tif/full/!300,500/0/default.jpg
1074122;https://bndigital.bnportugal.gov.pt//i/?IIIF=/6a/f6/30/a7/6af630a7-aa6e-4952-a65d-0c9508e337de/iiif/cam-1926-1-v_0005.tif/full/!300,500/0/default.jpg
1074123;https://bndigital.bnportugal.gov.pt//i/?IIIF=/61/56/e8/6c/6156e86c-1229-4207-b8fd-cac13f412e1a/iiif/cam-1926-2-v_0005.tif/full/!300,500/0/default.jpg
258643;https://bndigital.bnportugal.gov.pt//i/?IIIF=/f3/af/6e/48/f3af6e48-13e7-4578-bdde-48afb7f26984/iiif/cam-193-p_0007.tif/full/!300,500/0/default.jpg
475369;https://bndigital.bnportugal.gov.pt//i/?IIIF=/d5/85/ee/af/d585eeaf-1488-41a7-91c8-3d937322948c/iiif/cam-196-v_0000_000001.tif/full/!300,500/0/default.jpg
865324;https://bndigital.bnportugal.gov.pt//i/?IIIF=/cf/e8/d1/bf/cfe8d1bf-3d4f-4d8b-87eb-719f075ebe0a/iiif/cam-1983-v_0005.tif/full/!300,500/0/default.jpg
1725322;https://bndigital.bnportugal.gov.pt//i/?IIIF=/07/b2/5b/52/07b25b52-8603-4206-a544-1feec67ba50c/iiif/cam-2032-v_0003.tif/full/!300,500/0/default.jpg
1725320;https://bndigital.bnportugal.gov.pt//i/?IIIF=/8b/ae/50/85/8bae5085-c96e-4f2f-9cdb-6c739a9c367c/iiif/cam-2033-v_0003.tif/full/!300,500/0/default.jpg
1725124;https://bndigital.bnportugal.gov.pt//i/?IIIF=/5f/6b/88/9f/5f6b889f-6bb3-4b88-8d58-ec4e619ad49e/iiif/cam-2034-v_0001.tif/full/!300,500/0/default.jpg
1725326;https://bndigital.bnportugal.gov.pt//i/?IIIF=/c3/f0/e9/62/c3f0e962-5232-4300-ae52-12b46c000ead/iiif/cam-2035-v_0005.tif/full/!300,500/0/default.jpg
1725344;https://bndigital.bnportugal.gov.pt//i/?IIIF=/f1/06/85/3c/f106853c-a769-4dae-b68e-b63264baa1f4/iiif/cam-2036-v_0001.tif/full/!300,500/0/default.jpg
1725363;https://bndigital.bnportugal.gov.pt//i/?IIIF=/52/71/2d/5e/52712d5e-61bf-440c-a21b-385c6bc3ac98/iiif/cam-2037-v_0001.tif/full/!300,500/0/default.jpg
1725327;https://bndigital.bnportugal.gov.pt//i/?IIIF=/50/a8/ba/84/50a8ba84-490a-495e-8d3d-d157e59d9fa6/iiif/cam-2038-v_0001.tif/full/!300,500/0/default.jpg
1725128;https://bndigital.bnportugal.gov.pt//i/?IIIF=/ac/95/d9/d7/ac95d9d7-1b60-4f60-ad89-b4dbcd98bf34/iiif/cam-2039-v_0001.tif/full/!300,500/0/default.jpg
1725323;https://bndigital.bnportugal.gov.pt//i/?IIIF=/11/cc/d4/9c/11ccd49c-5a85-4164-9b2e-1c9bda8ab703/iiif/cam-2040-v_0003.tif/full/!300,500/0/default.jpg
1734387;https://bndigital.bnportugal.gov.pt//i/?IIIF=/32/33/1e/eb/32331eeb-502e-456d-96b5-5212d765f023/iiif/cam-2041-v_0003.tif/full/!300,500/0/default.jpg
1729556;https://bndigital.bnportugal.gov.pt//i/?IIIF=/0f/db/b4/5a/0fdbb45a-18de-4975-bac2-4a994807f55f/iiif/cam-2042-v_0003.tif/full/!300,500/0/default.jpg
1730024;https://bndigital.bnportugal.gov.pt//i/?IIIF=/c4/e9/69/53/c4e96953-943d-4a98-9758-95be605e2837/iiif/cam-2043-v_0001.tif/full/!300,500/0/default.jpg
388329;https://bndigital.bnportugal.gov.pt//i/?IIIF=/cb/a6/8a/40/cba68a40-0fbd-4463-ab68-fb1a21c26eeb/iiif/cam-206-v_0000_000007.tif/full/!300,500/0/default.jpg
258791;https://bndigital.bnportugal.gov.pt//i/?IIIF=/22/82/26/d0/228226d0-268d-460e-9d03-2d54154d7534/iiif/cam-207-p_0005.tif/full/!300,500/0/default.jpg
179885;https://bndigital.bnportugal.gov.pt//i/?IIIF=/4f/39/65/ad/4f3965ad-6edd-44c1-926f-950b96ca6780/iiif/cam-212-v_0000_000007.tif/full/!300,500/0/default.jpg
1951715;https://bndigital.bnportugal.gov.pt//i/?IIIF=/02/c2/b2/f7/02c2b2f7-35e0-47f1-8687-16a440c04cdb/iiif/cam-2123-v_0006.tif/full/!300,500/0/default.jpg
252438;https://bndigital.bnportugal.gov.pt//i/?IIIF=/bf/89/eb/26/bf89eb26-5b3e-47b7-9d40-2d548d1b57ae/iiif/cam-213-a_0005.tif/full/!300,500/0/default.jpg
718199;https://bndigital.bnportugal.gov.pt//i/?IIIF=/90/05/54/80/90055480-28e5-4baa-be1c-b4dd75a3eaf4/iiif/cam-213-v_0000_000007.tif/full/!300,500/0/default.jpg
718172;https://bndigital.bnportugal.gov.pt//i/?IIIF=/96/89/4c/bc/96894cbc-e7e7-46b8-8713-441d2feaabc6/iiif/cam-215-v_0000_000007.tif/full/!300,500/0/default.jpg
252594;https://bndigital.bnportugal.gov.pt//i/?IIIF=/95/bc/ec/57/95bcec57-6676-4bed-9b57-6d0824fa3a4c/iiif/cam-216-a_0005.tif/full/!300,500/0/default.jpg
854137;https://bndigital.bnportugal.gov.pt//i/?IIIF=/6a/96/82/1a/6a96821a-cb4c-4274-9e19-c012227e674a/iiif/cam-216-2-v_0000_000001.tif/full/!300,500/0/default.jpg
1919817;https://bndigital.bnportugal.gov.pt//i/?IIIF=/3f/9c/dc/1b/3f9cdc1b-b256-4f88-a258-e217320b83dc/iiif/cam-217-a_0005.tif/full/!300,500/0/default.jpg
854974;https://bndigital.bnportugal.gov.pt//i/?IIIF=/8d/cc/31/83/8dcc3183-d700-4fdc-82df-6b4c780d2d39/iiif/cam-217-2-v_0000_000001.tif/full/!300,500/0/default.jpg
259140;https://bndigital.bnportugal.gov.pt//i/?IIIF=/19/18/83/ae/191883ae-fa38-402d-984c-48c1d84f9eb5/iiif/cam-218-p_0000_000005.tif/full/!300,500/0/default.jpg
855339;https://bndigital.bnportugal.gov.pt//i/?IIIF=/60/30/8e/ea/60308eea-3936-4f02-aa91-f699a42a9b70/iiif/cam-218-v_0000_000007.tif/full/!300,500/0/default.jpg
855528;https://bndigital.bnportugal.gov.pt//i/?IIIF=/d9/93/1f/03/d9931f03-be6a-4bc5-9e87-a558fd32b07b/iiif/cam-219-v_0000_000011.tif/full/!300,500/0/default.jpg
252226;https://bndigital.bnportugal.gov.pt//i/?IIIF=/61/31/14/32/61311432-6e42-4e1d-a7a9-6ff9cc6038b0/iiif/cam-220-a_0005.tif/full/!300,500/0/default.jpg
164562;https://bndigital.bnportugal.gov.pt//i/?IIIF=/d6/a0/4e/3c/d6a04e3c-22be-49dd-b61b-4ec0476a576b/iiif/cam-221-4-v_0000_000001.tif/full/!300,500/0/default.jpg
855880;https://bndigital.bnportugal.gov.pt//i/?IIIF=/3f/71/33/5e/3f71335e-2a89-4cc9-a04c-557354ebf5cd/iiif/cam-221-8-v_0000_000001.tif/full/!300,500/0/default.jpg
164561;https://bndigital.bnportugal.gov.pt//i/?IIIF=/74/28/8f/ef/74288fef-4a9f-4ee9-a63b-fd7176a91a0d/iiif/cam-222-6-v_0000_000001.tif/full/!300,500/0/default.jpg
157627;https://bndigital.bnportugal.gov.pt//i/?IIIF=/86/46/8f/22/86468f22-78d0-401b-b7bb-a055caf13a3e/iiif/cam-222-9-v_0001.tif/full/!300,500/0/default.jpg
259248;https://bndigital.bnportugal.gov.pt//i/?IIIF=/69/fe/9d/02/69fe9d02-19c6-4ee9-9093-11266d5a5fd8/iiif/cam-223-p_0007.tif/full/!300,500/0/default.jpg
259166;https://bndigital.bnportugal.gov.pt//i/?IIIF=/a5/eb/85/b2/a5eb85b2-543d-47e6-9040-80893f688ed0/iiif/cam-224-p_0007.tif/full/!300,500/0/default.jpg
258999;https://bndigital.bnportugal.gov.pt//i/?IIIF=/a2/0f/16/89/a20f1689-096d-4622-b751-6e482e71520c/iiif/cam-225-p_0007.tif/full/!300,500/0/default.jpg
259273;https://bndigital.bnportugal.gov.pt//i/?IIIF=/66/3b/8a/1e/663b8a1e-3fe9-4378-940d-c2fe59ca9149/iiif/cam-226-p_0005.tif/full/!300,500/0/default.jpg
259295;https://bndigital.bnportugal.gov.pt//i/?IIIF=/c2/5e/a5/4c/c25ea54c-8e35-4429-b013-9d389abb5e26/iiif/cam-227-p_0007.tif/full/!300,500/0/default.jpg
381381;https://bndigital.bnportugal.gov.pt//i/?IIIF=/40/11/2b/50/40112b50-448a-4af8-9acf-f37ad3446f4e/iiif/cam-23-a_0000_000007.tif/full/!300,500/0/default.jpg
259434;https://bndigital.bnportugal.gov.pt//i/?IIIF=/70/61/0b/88/70610b88-fdc0-4a58-8c43-3c1c039be1d0/iiif/cam-231-p_0011.tif/full/!300,500/0/default.jpg
592633;https://bndigital.bnportugal.gov.pt//i/?IIIF=/70/84/49/9b/7084499b-0fba-4367-96ef-91d8b855344d/iiif/cam-232-a_0001.tif/full/!300,500/0/default.jpg
259482;https://bndigital.bnportugal.gov.pt//i/?IIIF=/fe/eb/18/e5/feeb18e5-7e51-488a-be1a-9ef61a3dd129/iiif/cam-233-p_0007.tif/full/!300,500/0/default.jpg
259505;https://bndigital.bnportugal.gov.pt//i/?IIIF=/39/46/b0/8e/3946b08e-83a4-49a9-908a-768402ed3df8/iiif/cam-238-p_0007.tif/full/!300,500/0/default.jpg
913393;https://bndigital.bnportugal.gov.pt//i/?IIIF=/44/70/7d/ae/44707dae-1515-4f2b-b542-18a686f168ae/iiif/cam-239-a_0005.tif/full/!300,500/0/default.jpg
857274;https://bndigital.bnportugal.gov.pt//i/?IIIF=/54/e8/00/ca/54e800ca-57fe-479c-b5d6-d323741af2db/iiif/cam-240-v_0005.tif/full/!300,500/0/default.jpg
1030655;https://bndigital.bnportugal.gov.pt//i/?IIIF=/ce/b8/10/0a/ceb8100a-556f-40a6-a869-bc90b648b5dd/iiif/cam-243-1-a_0000_000001.tif/full/!300,500/0/default.jpg
1056188;https://bndigital.bnportugal.gov.pt//i/?IIIF=/20/55/ba/44/2055ba44-008e-4398-9440-d636997182ba/iiif/cam-243-2-a_0000_000001.tif/full/!300,500/0/default.jpg
1056197;https://bndigital.bnportugal.gov.pt//i/?IIIF=/e7/77/b5/89/e777b589-255a-40f7-862e-858c2428ff01/iiif/cam-243-4-a_0000_000001.tif/full/!300,500/0/default.jpg
331426;https://bndigital.bnportugal.gov.pt//i/?IIIF=/78/8d/44/e2/788d44e2-f40b-4e8c-b164-b9b0dbdb5e56/iiif/cam-247-p_0002.tif/full/!300,500/0/default.jpg
857883;https://bndigital.bnportugal.gov.pt//i/?IIIF=/fa/07/7d/5a/fa077d5a-4f1f-4269-aa56-6c378017010e/iiif/cam-252-11-v_0001.tif/full/!300,500/0/default.jpg
857884;https://bndigital.bnportugal.gov.pt//i/?IIIF=/ff/72/ab/61/ff72ab61-79ce-4a27-ad66-e1db8c843a9c/iiif/cam-252-18-v_0001.tif/full/!300,500/0/default.jpg
856610;https://bndigital.bnportugal.gov.pt//i/?IIIF=/b8/90/9d/ab/b8909dab-e3e7-4bf6-a6b8-125d5c497a66/iiif/cam-252-19-v_0001.tif/full/!300,500/0/default.jpg
856594;https://bndigital.bnportugal.gov.pt//i/?IIIF=/a2/99/0e/82/a2990e82-5e77-4a12-be6a-5d8127d63751/iiif/cam-252-2-v_0001.tif/full/!300,500/0/default.jpg
74733;https://bndigital.bnportugal.gov.pt//i/?IIIF=/5c/b7/2c/e5/5cb72ce5-955f-4479-9a1b-f288cee32597/iiif/cam-252-3-v_0001.tif/full/!300,500/0/default.jpg
74377;https://bndigital.bnportugal.gov.pt//i/?IIIF=/b8/f2/07/83/b8f20783-7095-4b18-b997-fea5efd6e38a/iiif/cam-252-4-v_0001.tif/full/!300,500/0/default.jpg
263699;https://bndigital.bnportugal.gov.pt//i/?IIIF=/96/52/0a/26/96520a26-3f63-4957-9cb6-381d4b57f308/iiif/cam-252-5-v_0001.tif/full/!300,500/0/default.jpg
857875;https://bndigital.bnportugal.gov.pt//i/?IIIF=/8e/2a/a1/ac/8e2aa1ac-e809-4663-8c06-73c0fbf6c2a1/iiif/cam-252-6-v_0001.tif/full/!300,500/0/default.jpg
856599;https://bndigital.bnportugal.gov.pt//i/?IIIF=/ec/55/35/24/ec553524-581f-4ecd-a068-548dc48bcd1b/iiif/cam-252-9-v_0001.tif/full/!300,500/0/default.jpg
858437;https://bndigital.bnportugal.gov.pt//i/?IIIF=/92/fa/15/d7/92fa15d7-5add-48ca-86b6-0d7e989dd8fe/iiif/cam-253-9-v_0001.tif/full/!300,500/0/default.jpg
259605;https://bndigital.bnportugal.gov.pt//i/?IIIF=/d5/2d/20/13/d52d2013-855a-4a5e-9ac9-5d9006a788d9/iiif/cam-256-p_0003.tif/full/!300,500/0/default.jpg
259614;https://bndigital.bnportugal.gov.pt//i/?IIIF=/04/d1/9d/f6/04d19df6-e82d-44ac-acff-fa6136899404/iiif/cam-258-p_0001.tif/full/!300,500/0/default.jpg
259721;https://bndigital.bnportugal.gov.pt//i/?IIIF=/ae/db/44/e3/aedb44e3-d31a-4075-a54b-c4abd99678b1/iiif/cam-259-p_0002.tif/full/!300,500/0/default.jpg
381386;https://bndigital.bnportugal.gov.pt//i/?IIIF=/5b/5f/ee/bc/5b5feebc-6c0c-4b38-a9d5-dc89df1678f7/iiif/cam-26-a_0000_000007.tif/full/!300,500/0/default.jpg
804973;https://bndigital.bnportugal.gov.pt//i/?IIIF=/8b/c0/56/bd/8bc056bd-3ac1-47b3-8d81-5e006410c749/iiif/cam-26-v_0000_000013.tif/full/!300,500/0/default.jpg
259731;https://bndigital.bnportugal.gov.pt//i/?IIIF=/c9/6a/ed/db/c96aeddb-85b1-406f-a926-a7c4d7647ad1/iiif/cam-260-p_0007.tif/full/!300,500/0/default.jpg
259774;https://bndigital.bnportugal.gov.pt//i/?IIIF=/e2/63/c5/3c/e263c53c-8a73-4ddd-afda-a03b30841400/iiif/cam-267-p_0007.tif/full/!300,500/0/default.jpg
859029;https://bndigital.bnportugal.gov.pt//i/?IIIF=/04/d6/98/11/04d69811-1b1d-4cb6-945b-1a2d6c7129ff/iiif/cam-269-v_0005.tif/full/!300,500/0/default.jpg
252299;https://bndigital.bnportugal.gov.pt//i/?IIIF=/84/eb/f6/e4/84ebf6e4-1b73-48f4-9488-51065744c1be/iiif/cam-270-p_0001.tif/full/!300,500/0/default.jpg
860111;https://bndigital.bnportugal.gov.pt//i/?IIIF=/d3/05/2c/6e/d3052c6e-7b7e-4abc-957e-d7c39f1b185f/iiif/cam-272-v_0005.tif/full/!300,500/0/default.jpg
259944;https://bndigital.bnportugal.gov.pt//i/?IIIF=/11/a9/d2/be/11a9d2be-f8aa-444d-87e2-138f6cd5e768/iiif/cam-277-p_0005.tif/full/!300,500/0/default.jpg
259972;https://bndigital.bnportugal.gov.pt//i/?IIIF=/44/08/fd/5e/4408fd5e-25fb-48de-a0bf-b34d3803b56f/iiif/cam-279-p_0005.tif/full/!300,500/0/default.jpg
259976;https://bndigital.bnportugal.gov.pt//i/?IIIF=/a4/b1/ee/3b/a4b1ee3b-3e37-495d-9f59-e9c55002d0c6/iiif/cam-280-p_0007.tif/full/!300,500/0/default.jpg
259978;https://bndigital.bnportugal.gov.pt//i/?IIIF=/d8/74/71/09/d8747109-5846-4237-b1c2-184a8136febf/iiif/cam-281-p_0007.tif/full/!300,500/0/default.jpg
259979;https://bndigital.bnportugal.gov.pt//i/?IIIF=/c8/87/6d/93/c8876d93-3660-46e2-abf6-664dddb4591a/iiif/cam-283-p_0011.tif/full/!300,500/0/default.jpg
862113;https://bndigital.bnportugal.gov.pt//i/?IIIF=/c8/f8/ef/a7/c8f8efa7-a7c6-4e09-a24d-8fc8a34a74bd/iiif/cam-283-10-v_0001.tif/full/!300,500/0/default.jpg
862117;https://bndigital.bnportugal.gov.pt//i/?IIIF=/fe/ee/bc/71/feeebc71-a8d6-4bb8-8142-ef6f8a8968d0/iiif/cam-283-11-v_0001.tif/full/!300,500/0/default.jpg
862035;https://bndigital.bnportugal.gov.pt//i/?IIIF=/41/49/73/6a/4149736a-192c-43f0-8a31-9c7179ce5d7c/iiif/cam-283-5-v_0001.tif/full/!300,500/0/default.jpg
259984;https://bndigital.bnportugal.gov.pt//i/?IIIF=/86/d0/0e/80/86d00e80-18af-45f3-9074-e564ff7f0e53/iiif/cam-284-p_0007.tif/full/!300,500/0/default.jpg
259989;https://bndigital.bnportugal.gov.pt//i/?IIIF=/9f/21/40/22/9f214022-2d31-4196-9e41-2a24a74e8f48/iiif/cam-285-p_0007.tif/full/!300,500/0/default.jpg
865296;https://bndigital.bnportugal.gov.pt//i/?IIIF=/fc/1d/6a/a2/fc1d6aa2-e839-4b01-bb29-5ede3ba30fc3/iiif/cam-285-12-v_0001.tif/full/!300,500/0/default.jpg
865245;https://bndigital.bnportugal.gov.pt//i/?IIIF=/c9/2f/66/3b/c92f663b-0bd8-4892-830a-da3f64e8b549/iiif/cam-285-3-v_0001.tif/full/!300,500/0/default.jpg
865247;https://bndigital.bnportugal.gov.pt//i/?IIIF=/19/da/c6/3c/19dac63c-de1a-423d-9ec3-cefde4d3ddc9/iiif/cam-285-4-v_0001.tif/full/!300,500/0/default.jpg
259994;https://bndigital.bnportugal.gov.pt//i/?IIIF=/b0/7d/81/9c/b07d819c-0929-4e74-adcd-ad7d28a014ce/iiif/cam-286-p_0007.tif/full/!300,500/0/default.jpg
865315;https://bndigital.bnportugal.gov.pt//i/?IIIF=/b9/ea/56/ba/b9ea56ba-7e1c-4a5e-ab26-1dbc034a8edf/iiif/cam-286-2-v_0001.tif/full/!300,500/0/default.jpg
865336;https://bndigital.bnportugal.gov.pt//i/?IIIF=/3c/06/f0/38/3c06f038-ce86-4287-8561-b97a2d171f0d/iiif/cam-286-7-v_0001.tif/full/!300,500/0/default.jpg
865344;https://bndigital.bnportugal.gov.pt//i/?IIIF=/c3/04/ab/22/c304ab22-c74b-4b7c-b4cf-23c2609659bb/iiif/cam-286-9-v_0001.tif/full/!300,500/0/default.jpg
865405;https://bndigital.bnportugal.gov.pt//i/?IIIF=/8b/50/05/10/8b500510-4ad9-4545-ae78-57daeb1ef0ad/iiif/cam-289-4-v_0001.tif/full/!300,500/0/default.jpg
865408;https://bndigital.bnportugal.gov.pt//i/?IIIF=/58/16/9f/5e/58169f5e-f026-41c6-a4ee-9c3f0b342212/iiif/cam-289-8-v_0003.tif/full/!300,500/0/default.jpg
260058;https://bndigital.bnportugal.gov.pt//i/?IIIF=/0b/3a/fd/80/0b3afd80-c3bd-4225-8bf6-ff13c58f31f2/iiif/cam-290-p_0005.tif/full/!300,500/0/default.jpg
382851;https://bndigital.bnportugal.gov.pt//i/?IIIF=/d5/1c/83/5e/d51c835e-0ec1-4e21-9759-d7774be8b3af/iiif/cam-290-1-v_0001.tif/full/!300,500/0/default.jpg
260069;https://bndigital.bnportugal.gov.pt//i/?IIIF=/23/94/90/0c/2394900c-102d-42b7-9255-b3282bf20c17/iiif/cam-291-p_0007.tif/full/!300,500/0/default.jpg
397837;https://bndigital.bnportugal.gov.pt//i/?IIIF=/51/62/51/c6/516251c6-2d04-42df-9ed2-1f79910e6355/iiif/cam-291-v_0000_000005.tif/full/!300,500/0/default.jpg
261532;https://bndigital.bnportugal.gov.pt//i/?IIIF=/dc/05/d9/b7/dc05d9b7-7445-42f9-8ef8-39f2b57165b5/iiif/cam-293-p_0013.tif/full/!300,500/0/default.jpg
263814;https://bndigital.bnportugal.gov.pt//i/?IIIF=/fd/f2/bd/17/fdf2bd17-8cb5-4004-a968-a0f81666036e/iiif/cam-294-4-p_0001.tif/full/!300,500/0/default.jpg
277515;https://bndigital.bnportugal.gov.pt//i/?IIIF=/0a/e2/5b/82/0ae25b82-9f91-4725-b06f-88317ff44913/iiif/cam-297-2-p_0000_000001.tif/full/!300,500/0/default.jpg
320556;https://bndigital.bnportugal.gov.pt//i/?IIIF=/78/d8/20/85/78d82085-05bf-4471-9575-4f6d61e23592/iiif/cam-297-3-p_0001.tif/full/!300,500/0/default.jpg
320558;https://bndigital.bnportugal.gov.pt//i/?IIIF=/55/e8/f4/8e/55e8f48e-c31a-460f-bfc3-4d017f67d9b4/iiif/cam-298-p_0009.tif/full/!300,500/0/default.jpg
865420;https://bndigital.bnportugal.gov.pt//i/?IIIF=/20/aa/8d/69/20aa8d69-e05b-40db-af08-a1e289bc29f4/iiif/cam-298-v_0009.tif/full/!300,500/0/default.jpg
321750;https://bndigital.bnportugal.gov.pt//i/?IIIF=/37/92/b6/d5/3792b6d5-58ad-4002-b4f9-04ceed684f58/iiif/cam-299-p_0000_000005.tif/full/!300,500/0/default.jpg
257351;https://bndigital.bnportugal.gov.pt//i/?IIIF=/ed/fd/41/71/edfd4171-6b1a-43fd-a36e-623c5ee5f9dd/iiif/cam-300-p_0005.tif/full/!300,500/0/default.jpg
321756;https://bndigital.bnportugal.gov.pt//i/?IIIF=/70/be/ef/88/70beef88-9bbc-4c36-8a1f-3d782ff449eb/iiif/cam-301-p_0000_000007.tif/full/!300,500/0/default.jpg
865431;https://bndigital.bnportugal.gov.pt//i/?IIIF=/5b/7f/23/73/5b7f2373-9b48-49de-961e-d3aae4aa6232/iiif/cam-308-7-v_0001.tif/full/!300,500/0/default.jpg
865431;https://bndigital.bnportugal.gov.pt//i/?IIIF=/5b/7f/23/73/5b7f2373-9b48-49de-961e-d3aae4aa6232/iiif/cam-308-7-v_0001.tif/full/!300,500/0/default.jpg
321919;https://bndigital.bnportugal.gov.pt//i/?IIIF=/7b/16/10/8f/7b16108f-ecc6-4dee-a50e-819649a15a89/iiif/cam-309-p_0000_000001.tif/full/!300,500/0/default.jpg
322059;https://bndigital.bnportugal.gov.pt//i/?IIIF=/af/6f/c6/29/af6fc629-508b-42b0-8473-7a19929e0144/iiif/cam-310-2-p_0000_000001.tif/full/!300,500/0/default.jpg
322212;https://bndigital.bnportugal.gov.pt//i/?IIIF=/18/73/81/bc/187381bc-a42f-4c0a-bc9b-c0a94f8c8b89/iiif/cam-311-p_0001.tif/full/!300,500/0/default.jpg
322214;https://bndigital.bnportugal.gov.pt//i/?IIIF=/5b/e8/93/e6/5be893e6-c289-4b66-841b-878b12434034/iiif/cam-312-p_0000_000010.tif/full/!300,500/0/default.jpg
322278;https://bndigital.bnportugal.gov.pt//i/?IIIF=/ce/8e/4b/e3/ce8e4be3-201a-4e56-80ee-2c3e479bf165/iiif/cam-314-p_0000_000001.tif/full/!300,500/0/default.jpg
322579;https://bndigital.bnportugal.gov.pt//i/?IIIF=/56/24/fc/45/5624fc45-f795-4a0f-b53b-5ae722831028/iiif/cam-318-1-p_0000_000001.tif/full/!300,500/0/default.jpg
255920;https://bndigital.bnportugal.gov.pt//i/?IIIF=/07/a0/69/30/07a06930-9333-48fd-821f-e80d59b8e215/iiif/cam-318-2-p_0000_000001.tif/full/!300,500/0/default.jpg
322325;https://bndigital.bnportugal.gov.pt//i/?IIIF=/63/5e/9c/47/635e9c47-8907-4111-a497-3e7476657376/iiif/cam-320-p_0007.tif/full/!300,500/0/default.jpg
255888;https://bndigital.bnportugal.gov.pt//i/?IIIF=/a9/18/42/77/a9184277-0f47-4ab4-a5ed-e878167f33b9/iiif/cam-321-p_0000_000007.tif/full/!300,500/0/default.jpg
866522;https://bndigital.bnportugal.gov.pt//i/?IIIF=/f9/30/2e/07/f9302e07-4792-44ec-8ef0-3c0856716624/iiif/cam-321-v_0000_000013.tif/full/!300,500/0/default.jpg
322729;https://bndigital.bnportugal.gov.pt//i/?IIIF=/cc/83/67/79/cc836779-6d9a-4807-a0e4-31471f77a59f/iiif/cam-322-3-p_0000_000001.tif/full/!300,500/0/default.jpg
322747;https://bndigital.bnportugal.gov.pt//i/?IIIF=/af/f7/71/ec/aff771ec-1bb4-45a7-9e8b-10d2692b9350/iiif/cam-323-p_0000_000005.tif/full/!300,500/0/default.jpg
765088;https://bndigital.bnportugal.gov.pt//i/?IIIF=/06/d7/50/a9/06d750a9-d160-476c-a776-98bccfbfdfd2/iiif/cam-33-1-p_0000_000001.tif/full/!300,500/0/default.jpg
322981;https://bndigital.bnportugal.gov.pt//i/?IIIF=/50/82/be/13/5082be13-0a26-48c0-911f-36eeac852449/iiif/cam-334-p_0000_000007.tif/full/!300,500/0/default.jpg
323266;https://bndigital.bnportugal.gov.pt//i/?IIIF=/74/c4/1b/44/74c41b44-4a07-4607-ba35-a92591f445e6/iiif/cam-356-p_0007.tif/full/!300,500/0/default.jpg
328220;https://bndigital.bnportugal.gov.pt//i/?IIIF=/95/b3/84/77/95b38477-0c44-4081-b2cd-bd8b0ad14618/iiif/cam-365-p_0011.tif/full/!300,500/0/default.jpg
328233;https://bndigital.bnportugal.gov.pt//i/?IIIF=/01/af/8d/f0/01af8df0-1e45-4d64-975a-3a813efda538/iiif/cam-367-p_0007.tif/full/!300,500/0/default.jpg
328261;https://bndigital.bnportugal.gov.pt//i/?IIIF=/18/07/92/54/18079254-f170-4dfe-a875-f12955cac5e3/iiif/cam-368-p_0007.tif/full/!300,500/0/default.jpg
328278;https://bndigital.bnportugal.gov.pt//i/?IIIF=/88/6d/cc/80/886dcc80-1bb5-4bf3-b1cc-f49246b29821/iiif/cam-369-p_0001.tif/full/!300,500/0/default.jpg
328899;https://bndigital.bnportugal.gov.pt//i/?IIIF=/6a/d6/8a/ac/6ad68aac-2177-4c7d-9760-66046375d76f/iiif/cam-369-2-v_0000_000001.tif/full/!300,500/0/default.jpg
328287;https://bndigital.bnportugal.gov.pt//i/?IIIF=/15/23/5f/3f/15235f3f-7c71-4ad7-86dd-6ee4456a6b99/iiif/cam-370-p_0005.tif/full/!300,500/0/default.jpg
328381;https://bndigital.bnportugal.gov.pt//i/?IIIF=/16/87/ba/8e/1687ba8e-d0aa-490b-b9c8-3ffce301c403/iiif/cam-371-1-p_0001.tif/full/!300,500/0/default.jpg
328366;https://bndigital.bnportugal.gov.pt//i/?IIIF=/c8/85/91/8d/c885918d-d054-49cc-b446-646a937fee5a/iiif/cam-371-2-p_0001.tif/full/!300,500/0/default.jpg
328432;https://bndigital.bnportugal.gov.pt//i/?IIIF=/3a/4b/ca/44/3a4bca44-fff5-44fa-88a9-9ef3979004ec/iiif/cam-371-3-p_0001.tif/full/!300,500/0/default.jpg
328453;https://bndigital.bnportugal.gov.pt//i/?IIIF=/13/42/a6/06/1342a606-7d2d-42e5-9b25-82a2b815c32b/iiif/cam-371-4-p_0001.tif/full/!300,500/0/default.jpg
328491;https://bndigital.bnportugal.gov.pt//i/?IIIF=/c4/6f/38/99/c46f3899-37c1-4f25-bc45-8aa38d3e8b5b/iiif/cam-371-5-p_0001.tif/full/!300,500/0/default.jpg
328855;https://bndigital.bnportugal.gov.pt//i/?IIIF=/4e/66/8f/be/4e668fbe-547c-4728-b0ee-d28d1dbd24d7/iiif/cam-371-6-p_0001.tif/full/!300,500/0/default.jpg
328901;https://bndigital.bnportugal.gov.pt//i/?IIIF=/eb/77/fa/66/eb77fa66-9157-4355-b265-307b86a1f551/iiif/cam-372-p_0005.tif/full/!300,500/0/default.jpg
328922;https://bndigital.bnportugal.gov.pt//i/?IIIF=/dd/87/66/1c/dd87661c-33bc-4ef4-b6fe-d5adfd6a64fd/iiif/cam-373-p_0005.tif/full/!300,500/0/default.jpg
328993;https://bndigital.bnportugal.gov.pt//i/?IIIF=/f6/3f/9c/ea/f63f9cea-6e97-4708-b5b3-958aa82e8199/iiif/cam-376-p_0007.tif/full/!300,500/0/default.jpg
329013;https://bndigital.bnportugal.gov.pt//i/?IIIF=/4b/a2/f1/c0/4ba2f1c0-3b70-45ee-8880-53afbc9e69db/iiif/cam-377-p_0007.tif/full/!300,500/0/default.jpg
325307;https://bndigital.bnportugal.gov.pt//i/?IIIF=/4f/a0/84/95/4fa08495-074b-48b4-8bd5-7ec6245eb451/iiif/cam-378-p_0009.tif/full/!300,500/0/default.jpg
329034;https://bndigital.bnportugal.gov.pt//i/?IIIF=/1f/0a/99/12/1f0a9912-2071-4bd6-9276-3115cfb3dedd/iiif/cam-379-p_0007.tif/full/!300,500/0/default.jpg
329046;https://bndigital.bnportugal.gov.pt//i/?IIIF=/e3/7f/7e/f7/e37f7ef7-deda-4e61-ba87-d8301804d24e/iiif/cam-380-p_0007.tif/full/!300,500/0/default.jpg
329068;https://bndigital.bnportugal.gov.pt//i/?IIIF=/65/f1/71/96/65f17196-cef9-4dbe-a62b-09b243d2bca6/iiif/cam-381-p_0009.tif/full/!300,500/0/default.jpg
453589;https://bndigital.bnportugal.gov.pt//i/?IIIF=/6e/96/cf/fd/6e96cffd-16d4-4208-8a1e-8e59ce44e176/iiif/cam-381-10-v_0001.tif/full/!300,500/0/default.jpg
453682;https://bndigital.bnportugal.gov.pt//i/?IIIF=/93/7d/d0/4a/937dd04a-58c4-41c2-9127-1d72f8d9c99d/iiif/cam-381-16-v_0001.tif/full/!300,500/0/default.jpg
874179;https://bndigital.bnportugal.gov.pt//i/?IIIF=/95/df/14/33/95df1433-b5ea-49ab-b8a8-0a2bdadff127/iiif/cam-381-2-v_0001.tif/full/!300,500/0/default.jpg
453684;https://bndigital.bnportugal.gov.pt//i/?IIIF=/f6/14/7b/05/f6147b05-49aa-4d22-83d1-5a7f72b7c163/iiif/cam-381-23-v_0001.tif/full/!300,500/0/default.jpg
453580;https://bndigital.bnportugal.gov.pt//i/?IIIF=/f0/7e/0e/7f/f07e0e7f-0d02-4e4d-8be3-2b64e2de724f/iiif/cam-381-5-v_0001.tif/full/!300,500/0/default.jpg
847335;https://bndigital.bnportugal.gov.pt//i/?IIIF=/eb/12/82/35/eb128235-e1ad-403f-8029-8b9d0b95a624/iiif/cam-381-6-v_0001.tif/full/!300,500/0/default.jpg
329076;https://bndigital.bnportugal.gov.pt//i/?IIIF=/08/49/1a/3c/08491a3c-7d48-45e2-9f48-ed59247ce3b8/iiif/cam-382-1-p_0001.tif/full/!300,500/0/default.jpg
329092;https://bndigital.bnportugal.gov.pt//i/?IIIF=/ed/99/af/11/ed99af11-66af-4903-b29f-f0afacf7d6ce/iiif/cam-382-2-p_0001.tif/full/!300,500/0/default.jpg
197691;https://bndigital.bnportugal.gov.pt//i/?IIIF=/cd/ad/0a/7b/cdad0a7b-3540-443e-8642-d8bc410f1b34/iiif/cam-162-1-v_0000_000001.tif/full/!300,500/0/default.jpg
258560;https://bndigital.bnportugal.gov.pt//i/?IIIF=/63/3e/ae/8b/633eae8b-eb0d-4f4c-9de8-2e302b200c9b/iiif/cam-382-3-p_0001.tif/full/!300,500/0/default.jpg
258746;https://bndigital.bnportugal.gov.pt//i/?IIIF=/ae/fb/7c/80/aefb7c80-cc6c-4e19-aecc-04fc47078c11/iiif/cam-382-4-p_0001.tif/full/!300,500/0/default.jpg
329593;https://bndigital.bnportugal.gov.pt//i/?IIIF=/d4/1f/02/7b/d41f027b-0cae-4330-8c6b-12e490258738/iiif/cam-382-5-p_0001.tif/full/!300,500/0/default.jpg
329595;https://bndigital.bnportugal.gov.pt//i/?IIIF=/46/df/eb/17/46dfeb17-1834-4ef0-93db-01c48864863c/iiif/cam-383-1-p_0002.tif/full/!300,500/0/default.jpg
329607;https://bndigital.bnportugal.gov.pt//i/?IIIF=/4f/cf/71/ea/4fcf71ea-9ca8-4574-8e5a-d81a73499a1e/iiif/cam-383-2-p_0002.tif/full/!300,500/0/default.jpg
272242;https://bndigital.bnportugal.gov.pt//i/?IIIF=/35/e8/43/1f/35e8431f-eb2d-4a4d-b594-ff1196510697/iiif/cam-384-3-p_0001.tif/full/!300,500/0/default.jpg
453894;https://bndigital.bnportugal.gov.pt//i/?IIIF=/84/72/1d/8f/84721d8f-b174-43b0-8e60-4470e6468c26/iiif/cam-384-8-v_0001.tif/full/!300,500/0/default.jpg
454227;https://bndigital.bnportugal.gov.pt//i/?IIIF=/d3/11/70/56/d3117056-6ab5-4f36-b8cf-9b6004f9f0d7/iiif/cam-387-1-v_0001.tif/full/!300,500/0/default.jpg
329695;https://bndigital.bnportugal.gov.pt//i/?IIIF=/d4/f1/dd/55/d4f1dd55-5dec-4b1b-acc4-0649a66c3d5c/iiif/cam-387-2-p_0001.tif/full/!300,500/0/default.jpg
454231;https://bndigital.bnportugal.gov.pt//i/?IIIF=/cf/f6/db/c4/cff6dbc4-b590-402d-b561-0b50ebd4eccf/iiif/cam-387-2-v_0001.tif/full/!300,500/0/default.jpg
454234;https://bndigital.bnportugal.gov.pt//i/?IIIF=/5a/56/55/6e/5a56556e-3faf-4e6e-971d-0a1b7f2c7360/iiif/cam-387-3-v_0001.tif/full/!300,500/0/default.jpg
453594;https://bndigital.bnportugal.gov.pt//i/?IIIF=/10/cc/b8/57/10ccb857-540b-4ff7-b008-4b1d3a89cc7f/iiif/cam-387-4-v_0001.tif/full/!300,500/0/default.jpg
454241;https://bndigital.bnportugal.gov.pt//i/?IIIF=/06/74/67/4b/0674674b-7869-4656-916c-c09dd2a6f5b3/iiif/cam-387-5-v_0001.tif/full/!300,500/0/default.jpg
454246;https://bndigital.bnportugal.gov.pt//i/?IIIF=/27/fb/dc/ef/27fbdcef-0923-4d27-b28e-97f13dce8e45/iiif/cam-387-6-v_0001.tif/full/!300,500/0/default.jpg
454251;https://bndigital.bnportugal.gov.pt//i/?IIIF=/e1/21/7e/9b/e1217e9b-67b0-441e-ac6a-72339cb90315/iiif/cam-387-7-v_0001.tif/full/!300,500/0/default.jpg
454252;https://bndigital.bnportugal.gov.pt//i/?IIIF=/72/8d/cb/0f/728dcb0f-5d6e-426b-8aba-4348cfaaa749/iiif/cam-387-8-v_0001.tif/full/!300,500/0/default.jpg
329970;https://bndigital.bnportugal.gov.pt//i/?IIIF=/c9/65/87/f4/c96587f4-be67-4033-a862-1257983f5d6f/iiif/cam-394-p_0007.tif/full/!300,500/0/default.jpg
329712;https://bndigital.bnportugal.gov.pt//i/?IIIF=/48/1c/6a/7b/481c6a7b-48a6-4d1e-9e41-1b21744fcf64/iiif/cam-396-p_0013.tif/full/!300,500/0/default.jpg
330079;https://bndigital.bnportugal.gov.pt//i/?IIIF=/dd/41/c3/e6/dd41c3e6-0837-449a-8d73-8f92bf2afac6/iiif/cam-397-10-p_0001.tif/full/!300,500/0/default.jpg
330080;https://bndigital.bnportugal.gov.pt//i/?IIIF=/b4/f3/2d/4b/b4f32d4b-a3be-4154-be2e-31d0a5ac19ab/iiif/cam-397-11-p_0001.tif/full/!300,500/0/default.jpg
330132;https://bndigital.bnportugal.gov.pt//i/?IIIF=/88/1f/95/c8/881f95c8-5d31-4566-8a21-51b48c5b195e/iiif/cam-397-12-p_0001.tif/full/!300,500/0/default.jpg
330063;https://bndigital.bnportugal.gov.pt//i/?IIIF=/43/83/e4/98/4383e498-9fbe-47e0-b0c2-eae9f7bf78d6/iiif/cam-397-3-p_0001.tif/full/!300,500/0/default.jpg
325285;https://bndigital.bnportugal.gov.pt//i/?IIIF=/93/d6/35/9a/93d6359a-cad3-406e-b1e4-5a22263f4aec/iiif/cam-397-4-p_0001.tif/full/!300,500/0/default.jpg
320509;https://bndigital.bnportugal.gov.pt//i/?IIIF=/75/26/da/23/7526da23-a2cb-40df-9ef4-ac122e7883e1/iiif/cam-397-5-p_0001.tif/full/!300,500/0/default.jpg
330133;https://bndigital.bnportugal.gov.pt//i/?IIIF=/ac/1f/e1/e9/ac1fe1e9-88b2-4347-8d4e-d8bf12529734/iiif/cam-398-p_0009.tif/full/!300,500/0/default.jpg
473474;https://bndigital.bnportugal.gov.pt//i/?IIIF=/ae/97/22/ad/ae9722ad-c99f-403d-96d2-e2a3b28bdb26/iiif/cam-399-1-p_0001.tif/full/!300,500/0/default.jpg
473486;https://bndigital.bnportugal.gov.pt//i/?IIIF=/d7/13/2c/a4/d7132ca4-f9a3-466c-b8ca-d4ad09704f04/iiif/cam-399-2-p_0001.tif/full/!300,500/0/default.jpg
473496;https://bndigital.bnportugal.gov.pt//i/?IIIF=/bd/bb/df/e7/bdbbdfe7-3fb3-49da-b4f0-960a655ea022/iiif/cam-399-3-p_0001.tif/full/!300,500/0/default.jpg
253978;https://bndigital.bnportugal.gov.pt//i/?IIIF=/18/3c/68/a5/183c68a5-d036-4fad-970e-a7e97e238d2d/iiif/cam-400-p_0009.tif/full/!300,500/0/default.jpg
330255;https://bndigital.bnportugal.gov.pt//i/?IIIF=/27/a5/f1/95/27a5f195-bf2d-42cf-9206-088d66ea8836/iiif/cam-401-p_0007.tif/full/!300,500/0/default.jpg
851358;https://bndigital.bnportugal.gov.pt//i/?IIIF=/eb/79/5f/fb/eb795ffb-b97e-4016-9733-b90efc66c2c7/iiif/cam-131-v_0000_000007.tif/full/!300,500/0/default.jpg
330249;https://bndigital.bnportugal.gov.pt//i/?IIIF=/c6/6e/bf/a3/c66ebfa3-bd55-412c-a295-64d2480cd5c7/iiif/cam-402-p_0001.tif/full/!300,500/0/default.jpg
330193;https://bndigital.bnportugal.gov.pt//i/?IIIF=/45/4e/71/af/454e71af-d9ea-447a-aef1-5ad309c7fbae/iiif/cam-403-p_0007.tif/full/!300,500/0/default.jpg
330198;https://bndigital.bnportugal.gov.pt//i/?IIIF=/9d/4e/12/2b/9d4e122b-cc33-4d98-ac3d-946f8438b4a5/iiif/cam-405-p_0007.tif/full/!300,500/0/default.jpg
330201;https://bndigital.bnportugal.gov.pt//i/?IIIF=/73/31/96/2a/7331962a-f4ba-4343-a68f-8398ad85209c/iiif/cam-406-1-p_0002.tif/full/!300,500/0/default.jpg
330207;https://bndigital.bnportugal.gov.pt//i/?IIIF=/07/00/c7/0f/0700c70f-5f87-419e-b2b5-6a2c5dd1381a/iiif/cam-406-2-p_0002.tif/full/!300,500/0/default.jpg
367193;https://bndigital.bnportugal.gov.pt//i/?IIIF=/2a/41/ed/bc/2a41edbc-d7af-46ba-9136-b3d92fa2ce19/iiif/cam-407-1-p_0002.tif/full/!300,500/0/default.jpg
473332;https://bndigital.bnportugal.gov.pt//i/?IIIF=/63/03/96/8e/6303968e-620a-4b24-a3cd-a9d90f672113/iiif/cam-407-2-p_0001.tif/full/!300,500/0/default.jpg
473316;https://bndigital.bnportugal.gov.pt//i/?IIIF=/a5/0b/c9/f3/a50bc9f3-3679-4be6-a56f-f65f714a409f/iiif/cam-407-3-p_0001.tif/full/!300,500/0/default.jpg
473341;https://bndigital.bnportugal.gov.pt//i/?IIIF=/32/aa/54/4b/32aa544b-224d-426c-8b0a-8c1e553c1567/iiif/cam-407-4-p_0001.tif/full/!300,500/0/default.jpg
473348;https://bndigital.bnportugal.gov.pt//i/?IIIF=/49/bc/48/ff/49bc48ff-9a52-448e-8a35-1114bc53aec7/iiif/cam-407-5-p_0001.tif/full/!300,500/0/default.jpg
473352;https://bndigital.bnportugal.gov.pt//i/?IIIF=/89/9f/b2/ff/899fb2ff-4d9d-477b-8611-9d0c4ec7314b/iiif/cam-407-6-p_0003.tif/full/!300,500/0/default.jpg
262235;https://bndigital.bnportugal.gov.pt//i/?IIIF=/9e/3a/25/33/9e3a2533-19b4-4d5a-acdb-45a0607b2f9e/iiif/cam-408-p_0001.tif/full/!300,500/0/default.jpg
330264;https://bndigital.bnportugal.gov.pt//i/?IIIF=/31/1e/91/2f/311e912f-195b-4458-9195-2ebdde2ade0f/iiif/cam-413-p_0005.tif/full/!300,500/0/default.jpg
455278;https://bndigital.bnportugal.gov.pt//i/?IIIF=/45/47/77/f0/454777f0-4c97-417d-b880-29d86f22458d/iiif/cam-413-v_0009.tif/full/!300,500/0/default.jpg
330282;https://bndigital.bnportugal.gov.pt//i/?IIIF=/31/1c/22/58/311c2258-3915-4fdf-89ba-0fccbef09dc6/iiif/cam-419-5-p_0001.tif/full/!300,500/0/default.jpg
330312;https://bndigital.bnportugal.gov.pt//i/?IIIF=/3e/d9/ab/66/3ed9ab66-ea4b-44e8-b6b8-69f3f081a2b7/iiif/cam-420-1-p_0001.tif/full/!300,500/0/default.jpg
330358;https://bndigital.bnportugal.gov.pt//i/?IIIF=/13/f4/1d/1f/13f41d1f-90e6-4b0c-84be-d2572bb1aa50/iiif/cam-421-p_0007.tif/full/!300,500/0/default.jpg
330426;https://bndigital.bnportugal.gov.pt//i/?IIIF=/a6/3d/4b/99/a63d4b99-0980-48c7-ac4e-55d6e2821aac/iiif/cam-425-p_0007.tif/full/!300,500/0/default.jpg
330544;https://bndigital.bnportugal.gov.pt//i/?IIIF=/6e/8b/bb/30/6e8bbb30-59dd-4f1d-9845-a6c7460a5b1c/iiif/cam-432-p_0005.tif/full/!300,500/0/default.jpg
330555;https://bndigital.bnportugal.gov.pt//i/?IIIF=/10/77/b8/a9/1077b8a9-85bf-488f-824a-2f30f033fd46/iiif/cam-434-p_0005.tif/full/!300,500/0/default.jpg
367114;https://bndigital.bnportugal.gov.pt//i/?IIIF=/5c/9b/fe/38/5c9bfe38-f027-461d-8338-134bf82a6e8a/iiif/cam-435-p_0007.tif/full/!300,500/0/default.jpg
68939;https://bndigital.bnportugal.gov.pt//i/?IIIF=/54/a3/f9/f7/54a3f9f7-f07a-4b8e-99e4-7fdbf42c05b3/iiif/cam-437-p_0007.tif/full/!300,500/0/default.jpg
367256;https://bndigital.bnportugal.gov.pt//i/?IIIF=/02/a0/96/92/02a09692-6bfe-45ef-b732-f3cb16c9028f/iiif/cam-442-p_0007.tif/full/!300,500/0/default.jpg
367269;https://bndigital.bnportugal.gov.pt//i/?IIIF=/2e/f8/fe/b1/2ef8feb1-3e2f-4145-bcf0-ee8d31a29b9e/iiif/cam-443-p_0009.tif/full/!300,500/0/default.jpg
367270;https://bndigital.bnportugal.gov.pt//i/?IIIF=/88/9c/ac/3b/889cac3b-c6d6-4de2-92e6-afd4cd68d1a0/iiif/cam-444-p_0005.tif/full/!300,500/0/default.jpg
367311;https://bndigital.bnportugal.gov.pt//i/?IIIF=/11/af/73/8e/11af738e-fb24-4ca1-ba47-8d842728b8d9/iiif/cam-449-p_0005.tif/full/!300,500/0/default.jpg
367321;https://bndigital.bnportugal.gov.pt//i/?IIIF=/a6/90/70/ec/a69070ec-66ec-4134-8133-6e401d12a66d/iiif/cam-450-p_0005.tif/full/!300,500/0/default.jpg
367315;https://bndigital.bnportugal.gov.pt//i/?IIIF=/07/17/53/2d/0717532d-ef3c-4a93-97b1-900767009be5/iiif/cam-451-p_0001.tif/full/!300,500/0/default.jpg
506797;https://bndigital.bnportugal.gov.pt//i/?IIIF=/4f/16/2a/77/4f162a77-fc0d-43c3-a28e-ea604666427f/iiif/cam-458-p_0005.tif/full/!300,500/0/default.jpg
473530;https://bndigital.bnportugal.gov.pt//i/?IIIF=/4a/8e/05/57/4a8e0557-ae81-4dc8-baee-877478757969/iiif/cam-464-p_0013.tif/full/!300,500/0/default.jpg
256601;https://bndigital.bnportugal.gov.pt//i/?IIIF=/ca/a9/94/85/caa99485-6ddc-4e77-803f-f9ee4eb467e2/iiif/cam-482-p_0005.tif/full/!300,500/0/default.jpg
457999;https://bndigital.bnportugal.gov.pt//i/?IIIF=/fb/2b/84/d8/fb2b84d8-e212-4bb6-a509-0f685df148b3/iiif/cam-482-1-v_0001.tif/full/!300,500/0/default.jpg
458002;https://bndigital.bnportugal.gov.pt//i/?IIIF=/d9/01/a7/80/d901a780-06d5-4372-91e0-f888449f4c79/iiif/cam-482-2-v_0001.tif/full/!300,500/0/default.jpg
369142;https://bndigital.bnportugal.gov.pt//i/?IIIF=/a3/fd/88/fc/a3fd88fc-d9b1-4bb7-8dc7-6fb1888b2704/iiif/cam-483-p_0007.tif/full/!300,500/0/default.jpg
457931;https://bndigital.bnportugal.gov.pt//i/?IIIF=/d2/57/85/cb/d25785cb-f66b-4880-ba0b-e64715d4d356/iiif/cam-483-v_0003.tif/full/!300,500/0/default.jpg
369151;https://bndigital.bnportugal.gov.pt//i/?IIIF=/b6/30/e9/80/b630e980-895a-4a26-a8b7-4a8f20ff935e/iiif/cam-487-p_0001.tif/full/!300,500/0/default.jpg
322260;https://bndigital.bnportugal.gov.pt//i/?IIIF=/e6/44/0a/f1/e6440af1-b5c6-4b77-9dc3-14e6f3642b6e/iiif/cam-489-p_0001.tif/full/!300,500/0/default.jpg
458231;https://bndigital.bnportugal.gov.pt//i/?IIIF=/06/77/99/24/06779924-36f5-4fd2-9684-d6743a914060/iiif/cam-501-v_0005.tif/full/!300,500/0/default.jpg
369515;https://bndigital.bnportugal.gov.pt//i/?IIIF=/f5/0b/f5/34/f50bf534-3fcb-43e3-90b3-e3819bc9f181/iiif/cam-502-p_0005.tif/full/!300,500/0/default.jpg
458233;https://bndigital.bnportugal.gov.pt//i/?IIIF=/b5/97/85/e3/b59785e3-a94f-4165-a4b3-23ebc585ea52/iiif/cam-502-v_0005.tif/full/!300,500/0/default.jpg
458241;https://bndigital.bnportugal.gov.pt//i/?IIIF=/20/cb/99/1c/20cb991c-0f7f-4d6f-b15b-3789aa7f3e6c/iiif/cam-504-v_0005.tif/full/!300,500/0/default.jpg
458062;https://bndigital.bnportugal.gov.pt//i/?IIIF=/aa/23/16/bf/aa2316bf-270d-4898-8b3c-ff3ad38f001b/iiif/cam-506-v_0005.tif/full/!300,500/0/default.jpg
458252;https://bndigital.bnportugal.gov.pt//i/?IIIF=/ec/4d/43/5d/ec4d435d-d323-4509-8f9b-774b2cb3d70e/iiif/cam-508-v_0003.tif/full/!300,500/0/default.jpg
874174;https://bndigital.bnportugal.gov.pt//i/?IIIF=/a5/e7/5a/f9/a5e75af9-eb19-4c39-ae5e-cbcbcdee97a0/iiif/cam-509-v_0007.tif/full/!300,500/0/default.jpg
369991;https://bndigital.bnportugal.gov.pt//i/?IIIF=/a6/3b/9f/b3/a63b9fb3-d913-4bf6-bca2-a0650b11f50f/iiif/cam-509-10-p_0001.tif/full/!300,500/0/default.jpg
369996;https://bndigital.bnportugal.gov.pt//i/?IIIF=/33/34/15/fa/333415fa-a514-4528-a2f0-0308319843af/iiif/cam-509-13-p_0001.tif/full/!300,500/0/default.jpg
369913;https://bndigital.bnportugal.gov.pt//i/?IIIF=/60/f1/13/75/60f11375-931c-44c8-b6ab-1931676d7a74/iiif/cam-509-4-p_0001.tif/full/!300,500/0/default.jpg
808484;https://bndigital.bnportugal.gov.pt//i/?IIIF=/4b/43/60/b8/4b4360b8-15f4-46c9-bc0a-e2ba5918a292/iiif/cam-66-v_0000_000007.tif/full/!300,500/0/default.jpg
189268;https://bndigital.bnportugal.gov.pt//i/?IIIF=/6c/3e/4c/92/6c3e4c92-d1b3-40c7-a316-feeed498b93b/iiif/cam-71-v_0000_000007.tif/full/!300,500/0/default.jpg
808486;https://bndigital.bnportugal.gov.pt//i/?IIIF=/e0/93/be/4f/e093be4f-2793-4525-9c8a-24d57a1db7bd/iiif/cam-72-v_0000_000007.tif/full/!300,500/0/default.jpg
397738;https://bndigital.bnportugal.gov.pt//i/?IIIF=/7a/48/12/0d/7a48120d-61d5-4acf-832d-4cffe543bb5f/iiif/cam-75-3-v_0000_000001.tif/full/!300,500/0/default.jpg
810044;https://bndigital.bnportugal.gov.pt//i/?IIIF=/6b/7a/c9/47/6b7ac947-55a9-4acc-bbcd-d5f2fa65add1/iiif/cam-82-2-v_0000_000001.tif/full/!300,500/0/default.jpg
397710;https://bndigital.bnportugal.gov.pt//i/?IIIF=/81/d5/63/8a/81d5638a-45be-42ab-8801-174a208a9449/iiif/cam-83-2-v_0000_000001.tif/full/!300,500/0/default.jpg
412780;https://bndigital.bnportugal.gov.pt//i/?IIIF=/6f/05/b0/6e/6f05b06e-0073-46cf-96b8-08d4f4ad4869/iiif/cam-84-1-a_0000_000001.tif/full/!300,500/0/default.jpg
397743;https://bndigital.bnportugal.gov.pt//i/?IIIF=/f3/d9/d0/ba/f3d9d0ba-2e42-479e-989e-0572fdf4017a/iiif/cam-90-v_0000_000007.tif/full/!300,500/0/default.jpg
865534;https://bndigital.bnportugal.gov.pt//i/?IIIF=/0e/08/ec/c8/0e08ecc8-6614-4667-b7aa-bd0459b06668/iiif/cam-99-v_0000_000007.tif/full/!300,500/0/default.jpg
90451;https://bndigital.bnportugal.gov.pt//i/?IIIF=/94/56/64/3e/9456643e-a1b4-4be5-b270-29dd635113a1/iiif/j-5716-2-b_0001.tif/full/!300,500/0/default.jpg
98840;https://bndigital.bnportugal.gov.pt//i/?IIIF=/91/d0/b9/e6/91d0b9e6-dade-4731-93db-1f5883f197d7/iiif/cam-595-v_0000_000007.tif/full/!300,500/0/default.jpg
224027;https://bndigital.bnportugal.gov.pt//i/?IIIF=/7b/7a/f5/77/7b7af577-eb20-40d0-8bd4-f587cc634b01/iiif/cam-198-p_0000_capa-capa_t24-C-R0150_000007.tif/full/!300,500/0/default.jpg
224029;https://bndigital.bnportugal.gov.pt//i/?IIIF=/e5/e2/70/cb/e5e270cb-b593-4c17-b688-ed4d7fb4ae7c/iiif/cam-199-p_0000_1-638_t24-C-R0150_000007.tif/full/!300,500/0/default.jpg
224030;https://bndigital.bnportugal.gov.pt//i/?IIIF=/d9/b9/5d/55/d9b95d55-068a-4d82-a917-90fc6bdec12f/iiif/cam-200-p_0000_capa-capa_t24-C-R0150_000005.tif/full/!300,500/0/default.jpg
251973;https://bndigital.bnportugal.gov.pt//i/?IIIF=/e2/87/4b/ea/e2874bea-f246-4633-bd9b-517c7955a0df/iiif/cam-206-a_0000_000005.tif/full/!300,500/0/default.jpg
252379;https://bndigital.bnportugal.gov.pt//i/?IIIF=/d5/ab/b8/aa/d5abb8aa-18b9-4cf9-ab9b-b037333dbfab/iiif/cam-952-p_0009.tif/full/!300,500/0/default.jpg
253094;https://bndigital.bnportugal.gov.pt//i/?IIIF=/7c/21/88/b9/7c2188b9-a666-4ea9-9461-f8b34915c0fa/iiif/cam-575-p_0000_000001.tif/full/!300,500/0/default.jpg
254834;https://bndigital.bnportugal.gov.pt//i/?IIIF=/2d/78/20/e3/2d7820e3-9b22-40bc-8efe-635485e95989/iiif/cod-12917_0000_capa-capa_t24-C-R0150_000003.tif/full/!300,500/0/default.jpg
256351;https://bndigital.bnportugal.gov.pt//i/?IIIF=/1f/f8/56/85/1ff85685-3fe2-44f1-9b7d-d63f196958d2/iiif/cam-137-p_0005.tif/full/!300,500/0/default.jpg
256593;https://bndigital.bnportugal.gov.pt//i/?IIIF=/42/a3/74/17/42a37417-f7ba-4ef9-b43b-0f14f1657192/iiif/cam-711-p_0007.tif/full/!300,500/0/default.jpg
258798;https://bndigital.bnportugal.gov.pt//i/?IIIF=/78/02/d7/04/7802d704-62e3-4579-87a6-9e8ed05b0134/iiif/cam-208-p_0000_000007.tif/full/!300,500/0/default.jpg
259033;https://bndigital.bnportugal.gov.pt//i/?IIIF=/81/9e/c1/15/819ec115-acbb-41d1-9214-ca754be7bf56/iiif/cam-211-p_0000_capa-capa_t24-C-R0150_000009.tif/full/!300,500/0/default.jpg
259315;https://bndigital.bnportugal.gov.pt//i/?IIIF=/8b/ee/d5/57/8beed557-0e3e-44a3-a93d-2d1558663b77/iiif/cam-228-p_0000_capa-capa_t24-C-R0150_000005.tif/full/!300,500/0/default.jpg
259429;https://bndigital.bnportugal.gov.pt//i/?IIIF=/12/94/16/81/12941681-d3b0-458f-863c-39fb0a8616c2/iiif/cam-230-p_0000_capa-capa_t24-C-R0150_000005.tif/full/!300,500/0/default.jpg
259593;https://bndigital.bnportugal.gov.pt//i/?IIIF=/a6/13/1c/0c/a6131c0c-4958-4058-b6f2-7374b94e402d/iiif/cam-254-p_0000_capa-capa_t24-C-R0150_000007.tif/full/!300,500/0/default.jpg
259598;https://bndigital.bnportugal.gov.pt//i/?IIIF=/3d/47/45/e3/3d4745e3-f410-463f-a24c-e291fee52635/iiif/cam-255-p_0000_capa-capa_t24-C-R0150_000005.tif/full/!300,500/0/default.jpg
259610;https://bndigital.bnportugal.gov.pt//i/?IIIF=/7a/e3/86/65/7ae38665-043f-4b6d-9b55-a9a91a992ef7/iiif/cam-257-p_0000_capa-capa_t24-C-R0150_000007.tif/full/!300,500/0/default.jpg
259828;https://bndigital.bnportugal.gov.pt//i/?IIIF=/46/6b/f4/64/466bf464-afe3-42d4-ad1d-22ca68557b64/iiif/cam-271-p_0000_capa-capa_t24-C-R0150_000009.tif/full/!300,500/0/default.jpg
259850;https://bndigital.bnportugal.gov.pt//i/?IIIF=/08/c3/45/86/08c34586-bb57-43e2-84e5-11160c919b52/iiif/cam-272-p_0000_capa-capa_t24-C-R0150_000007.tif/full/!300,500/0/default.jpg
259864;https://bndigital.bnportugal.gov.pt//i/?IIIF=/7d/ec/a0/34/7deca034-b6d7-4996-ad6c-71874749445f/iiif/cam-273-p_0000_capa-capa_t24-C-R0150_000005.tif/full/!300,500/0/default.jpg
259867;https://bndigital.bnportugal.gov.pt//i/?IIIF=/8c/86/49/d5/8c8649d5-2aa2-44c3-a944-9b921529fad1/iiif/cam-274-p_0000_capa-capa_t24-C-R0150_000005.tif/full/!300,500/0/default.jpg
259877;https://bndigital.bnportugal.gov.pt//i/?IIIF=/9e/9b/06/9a/9e9b069a-285e-4af2-a84e-47feb1545612/iiif/cam-275-p_0000_capa-capa_t24-C-R0150_000011.tif/full/!300,500/0/default.jpg
259953;https://bndigital.bnportugal.gov.pt//i/?IIIF=/e7/bf/b9/29/e7bfb929-253c-4002-a8b2-e0cfe62e0b04/iiif/cam-278-p_0000_capa-capa_t24-C-R0150_000007.tif/full/!300,500/0/default.jpg
260046;https://bndigital.bnportugal.gov.pt//i/?IIIF=/9b/52/ee/80/9b52ee80-f985-4970-b1fe-d509add36110/iiif/l-81022-p_0000_capa-lomb_t24-C-R0150_000007.tif/full/!300,500/0/default.jpg
262234;https://bndigital.bnportugal.gov.pt//i/?IIIF=/db/a2/56/b0/dba256b0-f4ac-4c7e-8bbb-d9cb2d046ca3/iiif/cam-579-v_0001.tif/full/!300,500/0/default.jpg
294237;https://bndigital.bnportugal.gov.pt//i/?IIIF=/5c/0b/ef/e3/5c0befe3-2fb5-44cf-9e87-c0a282e74332/iiif/cam-1041-v_0000_000001.tif/full/!300,500/0/default.jpg
303898;https://bndigital.bnportugal.gov.pt//i/?IIIF=/8a/d7/7c/27/8ad77c27-3ca1-4f47-9eb1-faeab1ff3493/iiif/cam-1281-p_0000_capa-capa_t24-C-R0150_000011.tif/full/!300,500/0/default.jpg
323612;https://bndigital.bnportugal.gov.pt//i/?IIIF=/af/b6/59/07/afb65907-fd63-4606-8edd-0b04da642185/iiif/cam-1-p_0000_capa-capa_t24-C-R0150_000019.tif/full/!300,500/0/default.jpg
323613;https://bndigital.bnportugal.gov.pt//i/?IIIF=/e6/54/ee/2b/e654ee2b-c8e0-45f2-abb3-ffdf1f576e20/iiif/cam-3-p_0000_capa-capa_t24-C-R0150_000007.tif/full/!300,500/0/default.jpg
323614;https://bndigital.bnportugal.gov.pt//i/?IIIF=/1e/1d/ed/d8/1e1dedd8-793f-4368-affa-73d9c8e95f89/iiif/cam-7-p_0000_capa-capa_t24-C-R0150_000023.tif/full/!300,500/0/default.jpg
323615;https://bndigital.bnportugal.gov.pt//i/?IIIF=/06/33/a5/e7/0633a5e7-8715-41fc-87d1-0ecc81da22f9/iiif/cam-1163-p_0000_capa-capa_t24-C-R0150_000009.tif/full/!300,500/0/default.jpg
323616;https://bndigital.bnportugal.gov.pt//i/?IIIF=/c9/46/0a/21/c9460a21-19a9-4fa8-8f45-ae0083d6f047/iiif/cam-12-p_0000_capa-capa_t24-C-R0150_000005.tif/full/!300,500/0/default.jpg
323617;https://bndigital.bnportugal.gov.pt//i/?IIIF=/65/f0/b5/eb/65f0b5eb-2845-4af8-b55e-cd6634f60f16/iiif/cam-10-p_0000_capa-capa_t24-C-R0150_000009.tif/full/!300,500/0/default.jpg
329698;https://bndigital.bnportugal.gov.pt//i/?IIIF=/15/30/ad/c9/1530adc9-3a17-4006-9801-f07860e878de/iiif/cam-389-p_0000_Obra%20Completa_t24-C-R0150_000003.tif/full/!300,500/0/default.jpg
331404;https://bndigital.bnportugal.gov.pt//i/?IIIF=/89/21/4e/d8/89214ed8-c260-4700-a6f0-d82cc2f804a0/iiif/cam-1275-p_0000_000011.tif/full/!300,500/0/default.jpg
331411;https://bndigital.bnportugal.gov.pt//i/?IIIF=/b5/3d/a6/9a/b53da69a-8593-421a-abd4-abbffeb7d24d/iiif/cam-606-v_0000_000007.tif/full/!300,500/0/default.jpg
352383;https://bndigital.bnportugal.gov.pt//i/?IIIF=/0b/f7/a6/52/0bf7a652-69ee-4161-85fa-b738154fbccb/iiif/cam-1365-v_0000_capa-capa_t24-C-R0150_000001.tif/full/!300,500/0/default.jpg
353828;https://bndigital.bnportugal.gov.pt//i/?IIIF=/a8/d1/01/a7/a8d101a7-7a78-4f36-9831-78c30e08c162/iiif/353828_0000_rosto-b_t24-C-R0150_000001.tif/full/!300,500/0/default.jpg
354067;https://bndigital.bnportugal.gov.pt//i/?IIIF=/c0/4c/7b/32/c04c7b32-9e64-45cc-9a2b-6bb0029f93e9/iiif/cam-44-2-p_0000_Obra%20Completa_t24-C-R0150_000004.tif/full/!300,500/0/default.jpg
354071;https://bndigital.bnportugal.gov.pt//i/?IIIF=/e3/29/bf/c7/e329bfc7-9f55-4106-bb30-94696ce3f983/iiif/cam-50-2-p_0000_Obra%20Completa_t24-C-R0150_000002.tif/full/!300,500/0/default.jpg
374705;https://bndigital.bnportugal.gov.pt//i/?IIIF=/64/39/0c/74/64390c74-d848-4a43-b57f-8fca3accc476/iiif/cam-538-9-p_0001.tif/full/!300,500/0/default.jpg
380158;https://bndigital.bnportugal.gov.pt//i/?IIIF=/e8/12/2e/d7/e8122ed7-0d67-4475-8c7c-99b27cea6e59/iiif/cam-756-p_0003.tif/full/!300,500/0/default.jpg
380835;https://bndigital.bnportugal.gov.pt//i/?IIIF=/11/3b/da/f1/113bdaf1-8a69-41a3-a466-178d1b5df558/iiif/cam-539-10-p_0001.tif/full/!300,500/0/default.jpg
381202;https://bndigital.bnportugal.gov.pt//i/?IIIF=/ed/43/ff/cc/ed43ffcc-166f-4953-9d07-faa7ae8d8725/iiif/cam-5-a_0000_1-640_t24-C-R0150_000007.tif/full/!300,500/0/default.jpg
381444;https://bndigital.bnportugal.gov.pt//i/?IIIF=/c8/a6/98/5b/c8a6985b-4c45-4a5c-a72e-2251665ada36/iiif/cam-29-a_0000_000009.tif/full/!300,500/0/default.jpg
381504;https://bndigital.bnportugal.gov.pt//i/?IIIF=/6a/37/38/2e/6a37382e-f376-4998-8030-b00e6347bea0/iiif/cam-35-a_0000_capa-capa_t24-C-R0150_000009.tif/full/!300,500/0/default.jpg
381585;https://bndigital.bnportugal.gov.pt//i/?IIIF=/c3/b2/ce/4f/c3b2ce4f-707e-4a69-833d-62f9817b41b6/iiif/cam-95-a_0000_capa-capa_t24-C-R0150_000005.tif/full/!300,500/0/default.jpg
381588;https://bndigital.bnportugal.gov.pt//i/?IIIF=/ce/25/45/e9/ce2545e9-68b4-403c-bc10-126f7c29eef9/iiif/cam-38-a_0000_capa-capa_t24-C-R0150_000007.tif/full/!300,500/0/default.jpg
397754;https://bndigital.bnportugal.gov.pt//i/?IIIF=/0b/44/41/cd/0b4441cd-eb0a-49ec-bf96-cdeb42cb7284/iiif/cam-542-v_0003.tif/full/!300,500/0/default.jpg
397763;https://bndigital.bnportugal.gov.pt//i/?IIIF=/f6/d4/25/5f/f6d4255f-f3fe-421f-af9d-a6ff8e757597/iiif/cam-181-v_0000_000007.tif/full/!300,500/0/default.jpg
397884;https://bndigital.bnportugal.gov.pt//i/?IIIF=/8b/ca/fa/b8/8bcafab8-80e2-4863-93c4-8ac80d554d2e/iiif/cam-537-v_0001.tif/full/!300,500/0/default.jpg
401879;https://bndigital.bnportugal.gov.pt//i/?IIIF=/22/e0/4a/b4/22e04ab4-db58-43fd-9ab9-ef49c6df8216/iiif/cam-984-p_0007.tif/full/!300,500/0/default.jpg
417399;https://bndigital.bnportugal.gov.pt//i/?IIIF=/88/93/c9/2d/8893c92d-a8ae-46d1-aca1-2bf0c4260f3d/iiif/cn-664-a_0000_000001.tif/full/!300,500/0/default.jpg
452326;https://bndigital.bnportugal.gov.pt//i/?IIIF=/d2/c2/b5/31/d2c2b531-215e-4c76-ac52-7bae671edd95/iiif/cam-344-v_0000_000005.tif/full/!300,500/0/default.jpg
452510;https://bndigital.bnportugal.gov.pt//i/?IIIF=/0f/25/74/72/0f257472-2793-4b33-8088-093f6546f87e/iiif/452510_0000_capa-capa_t24-C-R0150_000001.tif/full/!300,500/0/default.jpg
454223;https://bndigital.bnportugal.gov.pt//i/?IIIF=/75/fd/7e/3e/75fd7e3e-4e12-4f5c-ab28-6e0578d382e5/iiif/454223_0000_capa-capa_t24-C-R0150_000001.tif/full/!300,500/0/default.jpg
454832;https://bndigital.bnportugal.gov.pt//i/?IIIF=/ae/ef/95/e8/aeef95e8-e244-42a4-8baf-908a0f8f4dbb/iiif/454832_0000_1-2_t24-C-R0150_000001.tif/full/!300,500/0/default.jpg
458654;https://bndigital.bnportugal.gov.pt//i/?IIIF=/87/e1/da/c8/87e1dac8-1255-4f1e-bd16-9d6917bd3aaa/iiif/cam-544-v_0001.tif/full/!300,500/0/default.jpg
458663;https://bndigital.bnportugal.gov.pt//i/?IIIF=/6e/2d/31/c9/6e2d31c9-0503-437f-9792-9872b157e424/iiif/cam-556-v_0001.tif/full/!300,500/0/default.jpg
464823;https://bndigital.bnportugal.gov.pt//i/?IIIF=/bc/f6/8c/ea/bcf68cea-a5fa-4baf-a74e-722cc595e317/iiif/cam-610-v_0001.tif/full/!300,500/0/default.jpg
464840;https://bndigital.bnportugal.gov.pt//i/?IIIF=/d8/b3/4a/96/d8b34a96-c79c-492c-8a16-4fb618931ccc/iiif/cam-612-v_0001.tif/full/!300,500/0/default.jpg
464849;https://bndigital.bnportugal.gov.pt//i/?IIIF=/4f/bf/bb/8a/4fbfbb8a-be92-452e-9166-713092b99ffe/iiif/cam-615-v_0001.tif/full/!300,500/0/default.jpg
464971;https://bndigital.bnportugal.gov.pt//i/?IIIF=/4c/b4/0b/67/4cb40b67-54b2-447f-9db4-186f0b67c7b8/iiif/cam-616-v_0013.tif/full/!300,500/0/default.jpg
465156;https://bndigital.bnportugal.gov.pt//i/?IIIF=/3c/e5/f1/ea/3ce5f1ea-dd2a-46be-96db-9f206a50cca4/iiif/cam-633-v_0001.tif/full/!300,500/0/default.jpg
465386;https://bndigital.bnportugal.gov.pt//i/?IIIF=/c8/60/b0/85/c860b085-ffb6-45f7-a04e-eacc14309cfd/iiif/cam-654-v_0005.tif/full/!300,500/0/default.jpg
465618;https://bndigital.bnportugal.gov.pt//i/?IIIF=/bf/b6/3d/46/bfb63d46-93a4-4efa-b8f7-39b8e4a2a3c0/iiif/cam-678-v_0000_000005.tif/full/!300,500/0/default.jpg
468395;https://bndigital.bnportugal.gov.pt//i/?IIIF=/24/d3/ac/2e/24d3ac2e-f6d4-423f-861b-26f5d865b2a0/iiif/cam-803-v_0000_capa-capa_t24-C-R0150_000003.tif/full/!300,500/0/default.jpg
475180;https://bndigital.bnportugal.gov.pt//i/?IIIF=/1f/3e/25/a5/1f3e25a5-9487-4e5d-9ee2-bb25dc3c8a95/iiif/cam-572-v_0003.tif/full/!300,500/0/default.jpg
475197;https://bndigital.bnportugal.gov.pt//i/?IIIF=/75/b5/36/34/75b53634-d5a8-4a32-b5a5-46989eb06eff/iiif/cam-61-2-v_0000_000003.tif/full/!300,500/0/default.jpg
475386;https://bndigital.bnportugal.gov.pt//i/?IIIF=/7b/ea/48/81/7bea4881-9971-4ba1-bb34-ba1a9d98ae86/iiif/cam-653-10-v_0000_000001.tif/full/!300,500/0/default.jpg
475558;https://bndigital.bnportugal.gov.pt//i/?IIIF=/53/13/d8/11/5313d811-be4a-47ec-b693-3e73f3b5f6ab/iiif/cam-1738-v_0000_capa-capa_t24-C-R0150_000011.tif/full/!300,500/0/default.jpg
478277;https://bndigital.bnportugal.gov.pt//i/?IIIF=/7b/e1/4f/72/7be14f72-c733-43fd-9638-a8c651f1c769/iiif/478277_1880-06-10_0001_rosto_t24-C-R0150.tif/full/!300,500/0/default.jpg
709123;https://bndigital.bnportugal.gov.pt//i/?IIIF=/e8/a9/9e/88/e8a99e88-5d8a-43a0-a100-ccdff9663422/iiif/e-272-a_0000_000001.tif/full/!300,500/0/default.jpg
764124;https://bndigital.bnportugal.gov.pt//i/?IIIF=/dd/a5/dc/50/dda5dc50-f1fc-4212-bcdc-259b7dc6c687/iiif/cam-16-p_0000_Obra%20Completa_t24-C-R0150_000007.tif/full/!300,500/0/default.jpg
764789;https://bndigital.bnportugal.gov.pt//i/?IIIF=/42/c3/07/32/42c30732-e50a-4e9b-a516-0c0abbcb32c5/iiif/cam-22-p_0000_Obra%20Completa_t24-C-R0150_000005.tif/full/!300,500/0/default.jpg
765273;https://bndigital.bnportugal.gov.pt//i/?IIIF=/ed/67/b8/03/ed67b803-d174-404c-96c8-f9172de7d2af/iiif/cam-34-p_0000_Obra%20Completa_t24-C-R0150_000007.tif/full/!300,500/0/default.jpg
766189;https://bndigital.bnportugal.gov.pt//i/?IIIF=/7b/95/f3/be/7b95f3be-f000-4c8e-a9ea-6902a5d969f2/iiif/cam-42-1-p_0000_Obra%20Completa_t24-C-R0150_000005.tif/full/!300,500/0/default.jpg
769535;https://bndigital.bnportugal.gov.pt//i/?IIIF=/e8/f9/92/43/e8f99243-331e-4bd2-8f37-6fca824aded5/iiif/cam-197-p_0000_capa-capa_t24-C-R0150_000007.tif/full/!300,500/0/default.jpg
780537;https://bndigital.bnportugal.gov.pt//i/?IIIF=/67/3e/b0/1a/673eb01a-1320-4002-b3ee-ac2e51ebe3e6/iiif/cam-693-p_0007.tif/full/!300,500/0/default.jpg
782735;https://bndigital.bnportugal.gov.pt//i/?IIIF=/ee/74/51/ad/ee7451ad-c3eb-4656-aea0-b2a6f599626d/iiif/cam-697-p_0011.tif/full/!300,500/0/default.jpg
782740;https://bndigital.bnportugal.gov.pt//i/?IIIF=/e2/d8/e3/da/e2d8e3da-feac-4242-841c-a7c397ba6cf7/iiif/cam-704-p_0009.tif/full/!300,500/0/default.jpg
782742;https://bndigital.bnportugal.gov.pt//i/?IIIF=/24/13/93/47/24139347-fc15-498f-ba60-fe497a04e675/iiif/cam-705-p_0007.tif/full/!300,500/0/default.jpg
782743;https://bndigital.bnportugal.gov.pt//i/?IIIF=/7c/1b/79/de/7c1b79de-0fd7-4ae3-82cb-4284eafb6a13/iiif/cam-708-p_0007.tif/full/!300,500/0/default.jpg
782747;https://bndigital.bnportugal.gov.pt//i/?IIIF=/14/97/a3/6e/1497a36e-6de3-472e-a98f-770f565edde5/iiif/cam-710-p_0007.tif/full/!300,500/0/default.jpg
783484;https://bndigital.bnportugal.gov.pt//i/?IIIF=/6e/58/ac/a0/6e58aca0-ab9a-4695-bf07-897dc6f38937/iiif/cam-719-p_0011.tif/full/!300,500/0/default.jpg
783488;https://bndigital.bnportugal.gov.pt//i/?IIIF=/98/57/31/69/98573169-36ab-4b1d-b55e-e867e2153959/iiif/cam-720-p_0009.tif/full/!300,500/0/default.jpg
784526;https://bndigital.bnportugal.gov.pt//i/?IIIF=/39/93/51/e7/399351e7-2d8a-4ac7-99f9-00aa8b263e8a/iiif/cam-723-p_0007.tif/full/!300,500/0/default.jpg
784562;https://bndigital.bnportugal.gov.pt//i/?IIIF=/fd/ab/a2/20/fdaba220-f8a3-4a2a-9fa3-2db444ceefba/iiif/cam-724-p_0009.tif/full/!300,500/0/default.jpg
784628;https://bndigital.bnportugal.gov.pt//i/?IIIF=/f2/4a/bf/c0/f24abfc0-6017-4ae8-a10f-9245541b95e8/iiif/cam-728-p_0007.tif/full/!300,500/0/default.jpg
784630;https://bndigital.bnportugal.gov.pt//i/?IIIF=/ec/1a/56/e8/ec1a56e8-d308-4e64-b5e8-0aeef0723e2b/iiif/cam-730-p_0005.tif/full/!300,500/0/default.jpg
784634;https://bndigital.bnportugal.gov.pt//i/?IIIF=/2c/19/91/94/2c199194-4af1-4da6-b4e9-725f4bc54406/iiif/cam-731-p_0007.tif/full/!300,500/0/default.jpg
788400;https://bndigital.bnportugal.gov.pt//i/?IIIF=/4f/d3/0e/4f/4fd30e4f-4261-4e96-8618-d499d255f77d/iiif/cam-802-p_0001.tif/full/!300,500/0/default.jpg
788401;https://bndigital.bnportugal.gov.pt//i/?IIIF=/85/90/da/27/8590da27-3f74-4a7d-9509-c59cbc45097f/iiif/cam-803-p_0007.tif/full/!300,500/0/default.jpg
788849;https://bndigital.bnportugal.gov.pt//i/?IIIF=/4b/de/25/3e/4bde253e-5b4a-427f-b069-f239edfc8010/iiif/cam-839-p_0000_capa-capa_t24-C-R0150_000001.tif/full/!300,500/0/default.jpg
788999;https://bndigital.bnportugal.gov.pt//i/?IIIF=/d5/78/02/6f/d578026f-611b-43f0-9fbb-ecb15e69f6b5/iiif/cam-847-p_0000_000001.tif/full/!300,500/0/default.jpg
789259;https://bndigital.bnportugal.gov.pt//i/?IIIF=/18/7f/ff/72/187fff72-4768-4918-b3f1-0988575e316b/iiif/cam-864-p_0009.tif/full/!300,500/0/default.jpg
789260;https://bndigital.bnportugal.gov.pt//i/?IIIF=/73/51/67/77/73516777-da1f-4f2e-bdd1-3584f1867f98/iiif/cam-865-p_0009.tif/full/!300,500/0/default.jpg
790145;https://bndigital.bnportugal.gov.pt//i/?IIIF=/a8/ba/55/b4/a8ba55b4-8fc6-4a87-9a05-0e64c76235ee/iiif/cam-877-p_0005.tif/full/!300,500/0/default.jpg
790177;https://bndigital.bnportugal.gov.pt//i/?IIIF=/be/44/08/f5/be4408f5-1fe9-4aee-b109-68b0e7c4745c/iiif/cam-878-p_0007.tif/full/!300,500/0/default.jpg
790266;https://bndigital.bnportugal.gov.pt//i/?IIIF=/04/1e/15/12/041e1512-0abd-4f00-b73c-20b66916b1ed/iiif/cam-879-p_0003.tif/full/!300,500/0/default.jpg
796042;https://bndigital.bnportugal.gov.pt//i/?IIIF=/8e/2e/84/0b/8e2e840b-d47a-4fed-9759-393e227be23c/iiif/cam-942-p_0003.tif/full/!300,500/0/default.jpg
796045;https://bndigital.bnportugal.gov.pt//i/?IIIF=/cc/c9/fe/c6/ccc9fec6-d1bd-43bc-86b0-4ac480c45714/iiif/cam-943-p_0005.tif/full/!300,500/0/default.jpg
798610;https://bndigital.bnportugal.gov.pt//i/?IIIF=/fc/07/fe/5d/fc07fe5d-24b8-4877-904a-ace1de2d9176/iiif/cam-954-p_0005.tif/full/!300,500/0/default.jpg
798620;https://bndigital.bnportugal.gov.pt//i/?IIIF=/ab/a8/0b/cc/aba80bcc-0819-4b54-b782-d0100f1edcb3/iiif/cam-956-p_0009.tif/full/!300,500/0/default.jpg
798858;https://bndigital.bnportugal.gov.pt//i/?IIIF=/4f/ab/74/d6/4fab74d6-c668-4e70-ba83-768d192f5ab7/iiif/cam-960-p_0005.tif/full/!300,500/0/default.jpg
798865;https://bndigital.bnportugal.gov.pt//i/?IIIF=/86/a1/4f/9a/86a14f9a-5c5f-4726-b3b0-d8fbe83682b0/iiif/cam-979-p_0009.tif/full/!300,500/0/default.jpg
798866;https://bndigital.bnportugal.gov.pt//i/?IIIF=/48/4c/cc/38/484ccc38-cd42-46f9-a1e2-2a499dc72947/iiif/cam-980-p_0001.tif/full/!300,500/0/default.jpg
798867;https://bndigital.bnportugal.gov.pt//i/?IIIF=/16/5c/6b/ce/165c6bce-3f0d-4173-907c-f0f521c708f8/iiif/cam-981-p_0005.tif/full/!300,500/0/default.jpg
798869;https://bndigital.bnportugal.gov.pt//i/?IIIF=/47/4a/53/40/474a5340-73e7-4773-ad1b-fabdab8f6a2b/iiif/cam-985-p_0005.tif/full/!300,500/0/default.jpg
798887;https://bndigital.bnportugal.gov.pt//i/?IIIF=/51/9b/ff/f0/519bfff0-afab-4305-aa4a-ae30dbc1e1c6/iiif/cam-996-p_0007.tif/full/!300,500/0/default.jpg
857882;https://bndigital.bnportugal.gov.pt//i/?IIIF=/75/9c/38/2e/759c382e-9074-41bb-8a5a-71e4c68149cf/iiif/cam-630-v_0000_000001.tif/full/!300,500/0/default.jpg
874176;https://bndigital.bnportugal.gov.pt//i/?IIIF=/44/bc/82/a9/44bc82a9-9b54-41b1-a472-be42fe4c074c/iiif/cam-628-v_0001.tif/full/!300,500/0/default.jpg
913711;https://bndigital.bnportugal.gov.pt//i/?IIIF=/08/7e/48/15/087e4815-92e8-4dba-98b1-f1b4ad36e7c8/iiif/cam-1395-p_0000_capa-capa_t24-C-R0150_000007.tif/full/!300,500/0/default.jpg
993818;https://bndigital.bnportugal.gov.pt//i/?IIIF=/9e/ec/fb/41/9eecfb41-a554-46c6-80bc-4046aefebfad/iiif/ct-389-a_0000_000001.tif/full/!300,500/0/default.jpg
1001679;https://bndigital.bnportugal.gov.pt//i/?IIIF=/87/f5/5f/0a/87f55f0a-c5e2-495e-a7e9-6212d2fe64f8/iiif/ct-1398-a_0000_000001.tif/full/!300,500/0/default.jpg
1363233;https://bndigital.bnportugal.gov.pt//i/?IIIF=/ad/12/0e/db/ad120edb-2902-4cd1-b481-a7eb8f0d90b2/iiif/1363233_0000_rosto-b_t24-C-R0150_000001.tif/full/!300,500/0/default.jpg
1366577;https://bndigital.bnportugal.gov.pt//i/?IIIF=/6c/d7/47/e6/6cd747e6-f55c-444e-8d02-8c4c86a67972/iiif/cam-1529-p_0000_capa-capa_t24-C-R0150_000001.tif/full/!300,500/0/default.jpg
1917811;https://bndigital.bnportugal.gov.pt//i/?IIIF=/8d/ff/2a/19/8dff2a19-54a5-4ad3-b5a6-94470c24be7f/iiif/pi-9193-p_0000_1-2_t24-C-R0150_000001.tif/full/!300,500/0/default.jpg
2186705;https://bndigital.bnportugal.gov.pt//i/?IIIF=/f5/7b/4e/98/f57b4e98-afd8-4d5e-a925-ee472a48647e/iiif/cam-60-1-3-a_0000_000001.tif/full/!300,500/0/default.jpg
2186716;https://bndigital.bnportugal.gov.pt//i/?IIIF=/34/15/80/96/34158096-8213-4bbc-9ed1-900a4e8c3786/iiif/cam-80-11-a_0000_000001.tif/full/!300,500/0/default.jpg
2194813;https://bndigital.bnportugal.gov.pt//i/?IIIF=/cd/74/72/44/cd747244-4edb-43a8-b47a-c90386660876/iiif/cam-80-5-a_0001.tif/full/!300,500/0/default.jpg
2195036;https://bndigital.bnportugal.gov.pt//i/?IIIF=/0a/13/93/d4/0a1393d4-9213-4b2a-bcd4-fcccad9c174f/iiif/cam-80-32-a_0000_000001.tif/full/!300,500/0/default.jpg
2195040;https://bndigital.bnportugal.gov.pt//i/?IIIF=/17/bd/c8/9a/17bdc89a-f7a2-4c68-baa5-b06004d144a8/iiif/cam-80-33-a_0000_000001.tif/full/!300,500/0/default.jpg
330719;https://bndigital.bnportugal.gov.pt//i/?IIIF=/c9/f4/79/4a/c9f4794a-8a44-4445-8cc5-4a0e358bc51d/iiif/cam-665-p_0000_000001.tif/full/!300,500/0/default.jpg
773912;https://bndigital.bnportugal.gov.pt//i/?IIIF=/3b/4e/46/7f/3b4e467f-3eb5-45fe-9e12-56ae6393cf72/iiif/cam-667-8-p_0000_000001.tif/full/!300,500/0/default.jpg
808488;https://bndigital.bnportugal.gov.pt//i/?IIIF=/7d/47/99/ed/7d4799ed-8bfa-4b2a-a724-7079ed045840/iiif/cam-73-v_0000_000005.tif/full/!300,500/0/default.jpg
412796;https://bndigital.bnportugal.gov.pt//i/?IIIF=/24/6e/4d/a9/246e4da9-9a39-43ca-ae6a-6ddd1f114644/iiif/cam-75-a_0007.tif/full/!300,500/0/default.jpg
397656;https://bndigital.bnportugal.gov.pt//i/?IIIF=/02/5f/f5/2f/025ff52f-4b1f-457c-925c-069ce2ad7a68/iiif/cam-78-v_0013.tif/full/!300,500/0/default.jpg
478151;https://bndigital.bnportugal.gov.pt//i/?IIIF=/7d/dc/6a/e7/7ddc6ae7-2765-4676-955b-b1215aeeb64f/iiif/cam-80-28-a_0001.tif/full/!300,500/0/default.jpg
26417;https://bndigital.bnportugal.gov.pt//i/?IIIF=/3a/2c/10/ec/3a2c10ec-9844-40b0-931c-8eb71525148f/iiif/cam-594-v_0005.tif/full/!300,500/0/default.jpg
197686;https://bndigital.bnportugal.gov.pt//i/?IIIF=/45/5c/fb/7c/455cfb7c-1d3a-44e5-853a-876e894fac36/iiif/cam-644-v_0001.tif/full/!300,500/0/default.jpg
251617;https://bndigital.bnportugal.gov.pt//i/?IIIF=/3d/9d/64/c4/3d9d64c4-21f8-441a-9ded-a1ba7c12e628/iiif/cam-840-p_0005.tif/full/!300,500/0/default.jpg
251864;https://bndigital.bnportugal.gov.pt//i/?IIIF=/74/f8/6c/67/74f86c67-c5bc-4318-b5c1-1cd5bde706e1/iiif/cam-718-p_0009.tif/full/!300,500/0/default.jpg
251946;https://bndigital.bnportugal.gov.pt//i/?IIIF=/56/06/23/21/56062321-fb56-4432-8dbe-1c31081c956b/iiif/cam-715-p_0005.tif/full/!300,500/0/default.jpg
252584;https://bndigital.bnportugal.gov.pt//i/?IIIF=/ed/45/b6/6e/ed45b66e-e8d2-4ac1-8584-95c8935768b3/iiif/cam-990-p_0013.tif/full/!300,500/0/default.jpg
252714;https://bndigital.bnportugal.gov.pt//i/?IIIF=/ab/d4/12/ef/abd412ef-f3c1-48c7-b3c4-52aed7a371ec/iiif/cam-714-p_0007.tif/full/!300,500/0/default.jpg
331063;https://bndigital.bnportugal.gov.pt//i/?IIIF=/eb/f9/54/5e/ebf9545e-85f2-4d1a-852a-5eeae35873cd/iiif/cam-717-p_0009.tif/full/!300,500/0/default.jpg
370691;https://bndigital.bnportugal.gov.pt//i/?IIIF=/80/26/01/1a/8026011a-b3a3-40ec-8677-e50093e3c66f/iiif/cam-527-p_0007.tif/full/!300,500/0/default.jpg
370694;https://bndigital.bnportugal.gov.pt//i/?IIIF=/b4/03/66/24/b4036624-9d61-46d3-aaba-d40ac6b40a93/iiif/cam-528-p_0005.tif/full/!300,500/0/default.jpg
371524;https://bndigital.bnportugal.gov.pt//i/?IIIF=/76/4f/bc/93/764fbc93-418c-4d8d-afa4-01cbb7c8004e/iiif/cam-537-p_0001.tif/full/!300,500/0/default.jpg
380837;https://bndigital.bnportugal.gov.pt//i/?IIIF=/ac/11/5a/5a/ac115a5a-3aeb-477b-8e46-cda38ac5d65f/iiif/cam-539-12-p_0001.tif/full/!300,500/0/default.jpg
397796;https://bndigital.bnportugal.gov.pt//i/?IIIF=/3c/e0/d8/5c/3ce0d85c-9110-4e5c-9e9c-9fd4583fc710/iiif/cam-958-p_0005.tif/full/!300,500/0/default.jpg
397797;https://bndigital.bnportugal.gov.pt//i/?IIIF=/9b/d6/f2/01/9bd6f201-e699-4b5f-9323-5597a62561fa/iiif/cam-706-p_0005.tif/full/!300,500/0/default.jpg
397855;https://bndigital.bnportugal.gov.pt//i/?IIIF=/35/4d/2b/9c/354d2b9c-1cb5-439d-837c-7cf7a957ef5f/iiif/cam-600-v_0001.tif/full/!300,500/0/default.jpg
397874;https://bndigital.bnportugal.gov.pt//i/?IIIF=/6c/02/0b/fa/6c020bfa-f040-4daa-b77a-7d9e9ac4bcb8/iiif/cam-631-v_0001.tif/full/!300,500/0/default.jpg
397878;https://bndigital.bnportugal.gov.pt//i/?IIIF=/a9/00/f4/e8/a900f4e8-5a70-494b-a014-3ddb40bb2837/iiif/cam-659-8-v_0001.tif/full/!300,500/0/default.jpg
397880;https://bndigital.bnportugal.gov.pt//i/?IIIF=/31/2a/e9/4d/312ae94d-db1a-4a8e-8f2c-544e688d768c/iiif/cam-938-p_0003.tif/full/!300,500/0/default.jpg
403411;https://bndigital.bnportugal.gov.pt//i/?IIIF=/fd/ec/98/8d/fdec988d-42e2-40f6-a5da-d0e226fdf553/iiif/cam-578-v_0001.tif/full/!300,500/0/default.jpg
431017;https://bndigital.bnportugal.gov.pt//i/?IIIF=/72/7d/57/85/727d5785-74f6-4924-9f1f-3546e75df22c/iiif/cam-530-v_0007.tif/full/!300,500/0/default.jpg
453696;https://bndigital.bnportugal.gov.pt//i/?IIIF=/7c/01/82/ad/7c0182ad-5876-4e4b-b111-3467232c6552/iiif/cam-626-v_0001.tif/full/!300,500/0/default.jpg
458381;https://bndigital.bnportugal.gov.pt//i/?IIIF=/af/b1/dd/2a/afb1dd2a-13d1-4982-88e4-3eb01615ec44/iiif/cam-520-v_0007.tif/full/!300,500/0/default.jpg
458536;https://bndigital.bnportugal.gov.pt//i/?IIIF=/88/08/58/4e/8808584e-e2bc-464c-ac27-e5e89b5769a9/iiif/cam-524-v_0005.tif/full/!300,500/0/default.jpg
458550;https://bndigital.bnportugal.gov.pt//i/?IIIF=/f6/ab/44/3e/f6ab443e-1588-407b-b244-d5129aa15b5f/iiif/cam-536-v_0002.tif/full/!300,500/0/default.jpg
458556;https://bndigital.bnportugal.gov.pt//i/?IIIF=/d2/dd/d2/ac/d2ddd2ac-5038-4398-9fa8-009930c7a264/iiif/cam-541-v_0001.tif/full/!300,500/0/default.jpg
458660;https://bndigital.bnportugal.gov.pt//i/?IIIF=/d5/0b/23/a7/d50b23a7-3584-4597-ab6a-e02a3e78bf2b/iiif/cam-548-v_0001.tif/full/!300,500/0/default.jpg
458661;https://bndigital.bnportugal.gov.pt//i/?IIIF=/05/db/b8/52/05dbb852-a68a-4f1f-8f90-141ed3bb8f4d/iiif/cam-549-v_0001.tif/full/!300,500/0/default.jpg
458662;https://bndigital.bnportugal.gov.pt//i/?IIIF=/85/3e/50/18/853e5018-0bae-46f2-bdc5-c368509bdcf8/iiif/cam-554-v_0003.tif/full/!300,500/0/default.jpg
458664;https://bndigital.bnportugal.gov.pt//i/?IIIF=/76/6a/5d/e3/766a5de3-6cbd-4b9c-9d6f-ae3ef1c84503/iiif/cam-557-v_0001.tif/full/!300,500/0/default.jpg
458668;https://bndigital.bnportugal.gov.pt//i/?IIIF=/e8/c2/58/f5/e8c258f5-d92f-4588-81c2-37d5f84a3115/iiif/cam-562-v_0001.tif/full/!300,500/0/default.jpg
458670;https://bndigital.bnportugal.gov.pt//i/?IIIF=/df/bb/d6/0e/dfbbd60e-dd87-4f43-9153-19959b7aa9b5/iiif/cam-566-p_0003.tif/full/!300,500/0/default.jpg
458778;https://bndigital.bnportugal.gov.pt//i/?IIIF=/d8/b1/9f/ac/d8b19fac-c9e1-4146-9f51-41f229e64343/iiif/cam-583-v_0004.tif/full/!300,500/0/default.jpg
459245;https://bndigital.bnportugal.gov.pt//i/?IIIF=/d1/c8/a1/f7/d1c8a1f7-b329-48a7-a374-1e5848863ea0/iiif/cam-591-v_0003.tif/full/!300,500/0/default.jpg
459269;https://bndigital.bnportugal.gov.pt//i/?IIIF=/f8/f6/e7/3b/f8f6e73b-3209-4c00-b136-9028b57761b9/iiif/cam-601-v_0005.tif/full/!300,500/0/default.jpg
459275;https://bndigital.bnportugal.gov.pt//i/?IIIF=/ea/e9/db/15/eae9db15-3185-4ffb-a394-f191cc814ec0/iiif/cam-602-v_0001.tif/full/!300,500/0/default.jpg
459279;https://bndigital.bnportugal.gov.pt//i/?IIIF=/23/3e/89/49/233e8949-b8ba-4f72-b3e2-b129cebb4d7d/iiif/cam-603-v_0001.tif/full/!300,500/0/default.jpg
459285;https://bndigital.bnportugal.gov.pt//i/?IIIF=/0b/70/83/1f/0b70831f-3cdd-4d46-8324-fc6d45b791a1/iiif/cam-604-v_0001.tif/full/!300,500/0/default.jpg
464797;https://bndigital.bnportugal.gov.pt//i/?IIIF=/e6/86/b5/f2/e686b5f2-d535-4a62-a9c6-4853b1123c50/iiif/cam-605-v_0007.tif/full/!300,500/0/default.jpg
464811;https://bndigital.bnportugal.gov.pt//i/?IIIF=/35/b8/a5/60/35b8a560-baf3-4c9e-ba05-30da3e5e5b8c/iiif/cam-608-v_0007.tif/full/!300,500/0/default.jpg
464833;https://bndigital.bnportugal.gov.pt//i/?IIIF=/54/51/c9/72/5451c972-cb3c-4a6f-9d66-47120602fbdc/iiif/cam-611-v_0003.tif/full/!300,500/0/default.jpg
464965;https://bndigital.bnportugal.gov.pt//i/?IIIF=/91/3e/3c/dc/913e3cdc-92a0-4856-a779-84105c8d3709/iiif/cam-614-v_0001.tif/full/!300,500/0/default.jpg
464977;https://bndigital.bnportugal.gov.pt//i/?IIIF=/a6/e2/2b/83/a6e22b83-eb8d-4db9-bb74-e361249918d3/iiif/cam-620-v_0001.tif/full/!300,500/0/default.jpg
465127;https://bndigital.bnportugal.gov.pt//i/?IIIF=/1f/2b/cb/5a/1f2bcb5a-d3b0-41df-b3bc-2bfe8ea70af7/iiif/cam-622-v_0003.tif/full/!300,500/0/default.jpg
465130;https://bndigital.bnportugal.gov.pt//i/?IIIF=/e3/4b/c2/d7/e34bc2d7-e8ea-4d00-a4ae-af320a5ff71f/iiif/cam-623-v_0001.tif/full/!300,500/0/default.jpg
465150;https://bndigital.bnportugal.gov.pt//i/?IIIF=/7a/fa/a0/1b/7afaa01b-4902-41bc-83f0-a45f02728feb/iiif/cam-629-v_0001.tif/full/!300,500/0/default.jpg
465155;https://bndigital.bnportugal.gov.pt//i/?IIIF=/61/2c/3c/3e/612c3c3e-edbc-40ee-8dd0-245c5faacbf7/iiif/cam-632-v_0005.tif/full/!300,500/0/default.jpg
465372;https://bndigital.bnportugal.gov.pt//i/?IIIF=/7b/32/9c/48/7b329c48-ac08-4d10-b01e-125ffe5a58da/iiif/cam-634-v_0001.tif/full/!300,500/0/default.jpg
465375;https://bndigital.bnportugal.gov.pt//i/?IIIF=/48/6a/fa/07/486afa07-b68f-40d7-81f0-e198b87a311d/iiif/cam-638-v_0001.tif/full/!300,500/0/default.jpg
766896;https://bndigital.bnportugal.gov.pt//i/?IIIF=/b2/24/5f/03/b2245f03-3bff-489d-b11a-6bbcefb34b77/iiif/cam-531-5-p_0001.tif/full/!300,500/0/default.jpg
767013;https://bndigital.bnportugal.gov.pt//i/?IIIF=/ed/0d/4a/14/ed0d4a14-464d-41ba-8369-6f9322e5a875/iiif/cam-539-8-p_0001.tif/full/!300,500/0/default.jpg
767023;https://bndigital.bnportugal.gov.pt//i/?IIIF=/7e/fe/73/7f/7efe737f-6366-4db4-b6d6-e9b15eb35adf/iiif/cam-539-11-p_0001.tif/full/!300,500/0/default.jpg
773993;https://bndigital.bnportugal.gov.pt//i/?IIIF=/47/fa/fd/90/47fafd90-091e-4f46-8e81-63622fd00853/iiif/cam-671-p_0003.tif/full/!300,500/0/default.jpg
780599;https://bndigital.bnportugal.gov.pt//i/?IIIF=/09/d5/fd/c4/09d5fdc4-e572-4f39-99ea-00281c02b4a9/iiif/cam-694-p_0001.tif/full/!300,500/0/default.jpg
782738;https://bndigital.bnportugal.gov.pt//i/?IIIF=/53/96/60/6e/5396606e-746e-45a4-acca-09d74fd70fad/iiif/cam-701-p_0007.tif/full/!300,500/0/default.jpg
784624;https://bndigital.bnportugal.gov.pt//i/?IIIF=/d0/40/39/a0/d04039a0-2f3d-4ed0-b37a-da8ae9ef2104/iiif/cam-725-p_0009.tif/full/!300,500/0/default.jpg
788695;https://bndigital.bnportugal.gov.pt//i/?IIIF=/a0/14/95/a6/a01495a6-233f-4244-9cee-c5cb948117f5/iiif/cam-833-p_0005.tif/full/!300,500/0/default.jpg
788846;https://bndigital.bnportugal.gov.pt//i/?IIIF=/50/5f/c5/89/505fc589-5b98-4eb2-ad2d-ab8759afe82f/iiif/cam-837-p_0005.tif/full/!300,500/0/default.jpg
788847;https://bndigital.bnportugal.gov.pt//i/?IIIF=/11/e0/32/c5/11e032c5-65f2-4d1f-9d6c-7780eb22ce79/iiif/cam-838-p_0005.tif/full/!300,500/0/default.jpg
789264;https://bndigital.bnportugal.gov.pt//i/?IIIF=/d2/dc/04/81/d2dc0481-8db0-44e7-b9a9-8d2d8c63ae0f/iiif/cam-869-p_0005.tif/full/!300,500/0/default.jpg
790143;https://bndigital.bnportugal.gov.pt//i/?IIIF=/cc/df/cd/25/ccdfcd25-26f0-47ad-b4f1-a7a5d20cc196/iiif/cam-876-p_0009.tif/full/!300,500/0/default.jpg
798861;https://bndigital.bnportugal.gov.pt//i/?IIIF=/e6/3c/2a/9c/e63c2a9c-47dd-451b-a545-05c303b656b3/iiif/cam-972-p_0007.tif/full/!300,500/0/default.jpg
798873;https://bndigital.bnportugal.gov.pt//i/?IIIF=/fd/07/3b/25/fd073b25-f776-432d-95b0-d26cd417aa0a/iiif/cam-988-p_0003.tif/full/!300,500/0/default.jpg
851954;https://bndigital.bnportugal.gov.pt//i/?IIIF=/31/d3/c9/7d/31d3c97d-53a8-4562-9afe-85d7e1004589/iiif/cam-599-v_0001.tif/full/!300,500/0/default.jpg
862043;https://bndigital.bnportugal.gov.pt//i/?IIIF=/15/07/28/fc/150728fc-31f7-45e4-90d2-e4ad6c59d6ca/iiif/cam-624-v_0001.tif/full/!300,500/0/default.jpg
874191;https://bndigital.bnportugal.gov.pt//i/?IIIF=/a0/63/83/e3/a06383e3-edcd-485a-98fc-dafc1c281033/iiif/cam-543-v_0003.tif/full/!300,500/0/default.jpg
874197;https://bndigital.bnportugal.gov.pt//i/?IIIF=/79/cb/a9/8e/79cba98e-bb2b-4f40-b20f-305d0df4e969/iiif/cam-619-v_0001.tif/full/!300,500/0/default.jpg
224029;https://bndigital.bnportugal.gov.pt//i/?IIIF=/e5/e2/70/cb/e5e270cb-b593-4c17-b688-ed4d7fb4ae7c/iiif/cam-199-p_0000_1-638_t24-C-R0150_000007.tif/full/!300,500/0/default.jpg
224027;https://bndigital.bnportugal.gov.pt//i/?IIIF=/7b/7a/f5/77/7b7af577-eb20-40d0-8bd4-f587cc634b01/iiif/cam-198-p_0000_capa-capa_t24-C-R0150_000007.tif/full/!300,500/0/default.jpg
6786;https://bndigital.bnportugal.gov.pt//i/?IIIF=/37/22/36/1b/3722361b-76ca-4305-bddd-d183a30ee250/iiif/l-70789-v_0000_000001.tif/full/!300,500/0/default.jpg
9413;https://bndigital.bnportugal.gov.pt//i/?IIIF=/ba/42/5c/2b/ba425c2b-606d-477e-8124-8e22e680f4c2/iiif/cam-1138-v_0000_000001.tif/full/!300,500/0/default.jpg
36519;https://bndigital.bnportugal.gov.pt//i/?IIIF=/86/a9/16/8c/86a9168c-2912-43f3-a571-6705c3ff0615/iiif/cam-1409-v_0000_capa-capa_t24-C-R0150_000001.tif/full/!300,500/0/default.jpg
51530;https://bndigital.bnportugal.gov.pt//i/?IIIF=/3a/f0/8e/09/3af08e09-1403-4932-b207-cabbc0c4b992/iiif/cam-8-p_0000_capa-capa_t24-C-R0150_000009.tif/full/!300,500/0/default.jpg
120121;https://bndigital.bnportugal.gov.pt//i/?IIIF=/54/83/d6/b9/5483d6b9-40b8-493b-9d61-f313e62ce257/iiif/j-2462-8-v_1877-08-31_0001_1_t24-C-R0150.tif/full/!300,500/0/default.jpg
139244;https://bndigital.bnportugal.gov.pt//i/?IIIF=/63/8b/7d/2d/638b7d2d-0c75-48c9-85c7-4c3902059044/iiif/cam-987-v_0000_000001.tif/full/!300,500/0/default.jpg
145213;https://bndigital.bnportugal.gov.pt//i/?IIIF=/94/2b/90/bb/942b90bb-15b8-4746-af6d-f624a9060bf5/iiif/cam-900-v_0000_capa-capa_t24-C-R0150_000001.tif/full/!300,500/0/default.jpg
281733;https://bndigital.bnportugal.gov.pt//i/?IIIF=/7b/1e/39/11/7b1e3911-753c-4f81-9832-510e8658d736/iiif/hg-15981-v_0000_capa-capa_t24-C-R0150_000005.tif/full/!300,500/0/default.jpg
289933;https://bndigital.bnportugal.gov.pt//i/?IIIF=/66/b3/f4/35/66b3f435-5fe0-4a0c-b006-48c1c6534aeb/iiif/cam-252-a_0000_capa-capa_t24-C-R0150_000001.tif/full/!300,500/0/default.jpg
306985;https://bndigital.bnportugal.gov.pt//i/?IIIF=/dc/72/87/43/dc728743-afba-4952-99d3-4700fdd71fbd/iiif/cam-186-a_0000_anterrosto-1_t24-C-R0150_000003.tif/full/!300,500/0/default.jpg
321765;https://bndigital.bnportugal.gov.pt//i/?IIIF=/1f/1d/cc/fe/1f1dccfe-c72d-40b4-aeab-30265dfe188d/iiif/321765_0000_capa-capa_t24-C-R0150_000005.tif/full/!300,500/0/default.jpg
323619;https://bndigital.bnportugal.gov.pt//i/?IIIF=/f2/a6/97/56/f2a69756-ebf3-48c6-a949-3b0519c1821e/iiif/cam-14-p_0000_capa-capa_t24-C-R0150_000007.tif/full/!300,500/0/default.jpg
329663;https://bndigital.bnportugal.gov.pt//i/?IIIF=/3c/21/0b/d4/3c210bd4-ee33-40df-8783-98f3b4be2743/iiif/cam-385-3-p_0000_000001.tif/full/!300,500/0/default.jpg
330274;https://bndigital.bnportugal.gov.pt//i/?IIIF=/d9/de/ac/11/d9deac11-8edd-495d-a996-79d5c42a00e6/iiif/cam-417-p_0000_000005.tif/full/!300,500/0/default.jpg
330401;https://bndigital.bnportugal.gov.pt//i/?IIIF=/28/9f/03/29/289f0329-1d1a-4dff-a4a5-5845ca17b1ec/iiif/cam-423-p_0000_1-236_t24-C-R0150_000005.tif/full/!300,500/0/default.jpg
330864;https://bndigital.bnportugal.gov.pt//i/?IIIF=/37/1c/fa/b2/371cfab2-5855-4caf-a2e7-fdba5512cd1a/iiif/l-24827-p_0000_1-318_t24-C-R0150_000007.tif/full/!300,500/0/default.jpg
331504;https://bndigital.bnportugal.gov.pt//i/?IIIF=/c9/de/0a/2f/c9de0a2f-138a-42ac-bcc4-70679d390455/iiif/cam-1182-p_0000_capa-capa_t24-C-R0150_000001.tif/full/!300,500/0/default.jpg
347365;https://bndigital.bnportugal.gov.pt//i/?IIIF=/17/5c/95/11/175c9511-0791-435d-baeb-26376205571d/iiif/cam-1050-v_0000_000001.tif/full/!300,500/0/default.jpg
353083;https://bndigital.bnportugal.gov.pt//i/?IIIF=/09/92/0f/6e/09920f6e-381c-4d94-80db-e2a9f6dc3e46/iiif/l-70785-v_0000_capa-capa_t08-G-R0150_000007.tif/full/!300,500/0/default.jpg
354066;https://bndigital.bnportugal.gov.pt//i/?IIIF=/7b/da/de/9e/7bdade9e-3c1f-40f5-b1be-3d4799a848c8/iiif/cam-44-1-p_0000_Obra%20Completa_t24-C-R0150_000007.tif/full/!300,500/0/default.jpg
354068;https://bndigital.bnportugal.gov.pt//i/?IIIF=/71/27/5a/dd/71275add-d6aa-423b-b2e6-6ef7edab8c22/iiif/cam-46-p_0000_capa-capa_t24-C-R0150_000005.tif/full/!300,500/0/default.jpg
354069;https://bndigital.bnportugal.gov.pt//i/?IIIF=/87/d3/a3/3a/87d3a33a-58ed-480b-b9ac-c97a02158180/iiif/cam-45-p_0000_Obra%20Completa_t24-C-R0150_000005.tif/full/!300,500/0/default.jpg
354070;https://bndigital.bnportugal.gov.pt//i/?IIIF=/d9/f7/05/4f/d9f7054f-9bc1-4afc-a163-bb08aafc8a0e/iiif/cam-50-1-p_0000_Obra%20Completa_t24-C-R0150_000007.tif/full/!300,500/0/default.jpg
354072;https://bndigital.bnportugal.gov.pt//i/?IIIF=/28/e4/bb/7c/28e4bb7c-f498-4278-8836-3b2b1cab0f84/iiif/cam-580-v_0000_Obra%20Completa_t24-C-R0150_000003.tif/full/!300,500/0/default.jpg
367425;https://bndigital.bnportugal.gov.pt//i/?IIIF=/f8/4b/4a/97/f84b4a97-740f-4ef7-9ddb-8bbc3be330f7/iiif/cam-471-p_0000_000001.tif/full/!300,500/0/default.jpg
369070;https://bndigital.bnportugal.gov.pt//i/?IIIF=/ce/9a/91/ab/ce9a91ab-9f30-4abf-9455-dfc10d18c0b2/iiif/369070_0000_1-14_t24-C-R0150_000001.tif/full/!300,500/0/default.jpg
370411;https://bndigital.bnportugal.gov.pt//i/?IIIF=/7d/ce/25/53/7dce2553-b8be-422c-952a-0707a3e57f85/iiif/l-2108-v_0000_capa-capa_t24-C-R0150_000005.tif/full/!300,500/0/default.jpg
371694;https://bndigital.bnportugal.gov.pt//i/?IIIF=/f0/f8/42/6b/f0f8426b-79ee-4d7a-8099-21d5c1d65643/iiif/371694_0000_capa-capa_t24-C-R0150_000003.tif/full/!300,500/0/default.jpg
380896;https://bndigital.bnportugal.gov.pt//i/?IIIF=/af/71/82/12/af718212-3459-441c-b95a-d5afa519b36c/iiif/l-4268-v_0000_000001.tif/full/!300,500/0/default.jpg
381189;https://bndigital.bnportugal.gov.pt//i/?IIIF=/35/3a/f7/86/353af786-af35-4823-aad5-6c0473e49078/iiif/cam-248-a_0000_capa-capa_t24-C-R0150_000001.tif/full/!300,500/0/default.jpg
381297;https://bndigital.bnportugal.gov.pt//i/?IIIF=/7a/f5/a1/57/7af5a157-cb79-4c61-ac2b-23423412371c/iiif/cam-19-a_0000_000010.tif/full/!300,500/0/default.jpg
381496;https://bndigital.bnportugal.gov.pt//i/?IIIF=/bd/4d/db/1a/bd4ddb1a-3a0d-4237-b40a-a0aa6e20c004/iiif/cam-110-a_0000_000011.tif/full/!300,500/0/default.jpg
384309;https://bndigital.bnportugal.gov.pt//i/?IIIF=/0b/b8/6e/1a/0bb86e1a-6e26-412b-ba9e-b1628b9813bf/iiif/384309_0000_capa-capa_t24-C-R0150_000005.tif/full/!300,500/0/default.jpg
397485;https://bndigital.bnportugal.gov.pt//i/?IIIF=/13/3b/42/7f/133b427f-3588-46cb-8d6d-40f8b285cd71/iiif/res-2850-p_0000_1-166_t24-C-R0150_000007.tif/full/!300,500/0/default.jpg
397764;https://bndigital.bnportugal.gov.pt//i/?IIIF=/08/fc/31/65/08fc3165-98c4-4fba-ba1a-1865596c7085/iiif/cam-871-p_0000_capa-capa_t24-C-R0150_000007.tif/full/!300,500/0/default.jpg
409017;https://bndigital.bnportugal.gov.pt//i/?IIIF=/0a/91/d9/df/0a91d9df-bd05-4359-991a-8f72d07d091d/iiif/cam-101-v_0000_000007.tif/full/!300,500/0/default.jpg
410603;https://bndigital.bnportugal.gov.pt//i/?IIIF=/6f/8f/50/7a/6f8f507a-72f3-43c7-911d-22a32c990847/iiif/cam-89-a_0000_capa-capa_t24-C-R0150_000013.tif/full/!300,500/0/default.jpg
418131;https://bndigital.bnportugal.gov.pt//i/?IIIF=/91/6e/8c/2f/916e8c2f-ead7-4ecf-aef6-abab48f45334/iiif/cam-285-2-v_0000_000001.tif/full/!300,500/0/default.jpg
452977;https://bndigital.bnportugal.gov.pt//i/?IIIF=/a2/83/8e/3b/a2838e3b-9b86-47ad-ac35-cd447fb4a6ac/iiif/sni-701_0000_000005.tif/full/!300,500/0/default.jpg
453338;https://bndigital.bnportugal.gov.pt//i/?IIIF=/18/b2/ef/89/18b2ef89-2784-43e1-ab04-5e0521cfd992/iiif/453338_0000_000001.tif/full/!300,500/0/default.jpg
454847;https://bndigital.bnportugal.gov.pt//i/?IIIF=/7f/6a/b5/b8/7f6ab5b8-5355-4fbe-a64e-2101ca760692/iiif/cam-399-5-v_0000_000001.tif/full/!300,500/0/default.jpg
454895;https://bndigital.bnportugal.gov.pt//i/?IIIF=/db/41/94/4c/db41944c-6f22-42ee-8633-f3ac03aa2fb6/iiif/sa-11389-12-p_0000_000001.tif/full/!300,500/0/default.jpg
455285;https://bndigital.bnportugal.gov.pt//i/?IIIF=/2e/47/82/bf/2e4782bf-b6c4-4a4d-8276-95ab3543d7ee/iiif/cam-419-3-v_0000_000001.tif/full/!300,500/0/default.jpg
455286;https://bndigital.bnportugal.gov.pt//i/?IIIF=/79/8d/09/f0/798d09f0-0055-4761-b90f-f01e416b0937/iiif/cam-431-v_0000_capa-capa_t24-C-R0150_000001.tif/full/!300,500/0/default.jpg
458554;https://bndigital.bnportugal.gov.pt//i/?IIIF=/64/79/e8/f4/6479e8f4-4101-4e40-9053-edf484b7d89c/iiif/cam-539-v_0000_capa-capa_t24-C-R0150_000001.tif/full/!300,500/0/default.jpg
464848;https://bndigital.bnportugal.gov.pt//i/?IIIF=/01/ce/e3/f4/01cee3f4-68c2-4448-b09c-85e1601149d7/iiif/cam-613-v_0000_capa-capa_t24-C-R0150_000005.tif/full/!300,500/0/default.jpg
465383;https://bndigital.bnportugal.gov.pt//i/?IIIF=/ba/5e/2b/75/ba5e2b75-85a9-40d1-b31c-4bea94701a69/iiif/cam-652-v_0000_capa-capa_t24-C-R0150_000001.tif/full/!300,500/0/default.jpg
466734;https://bndigital.bnportugal.gov.pt//i/?IIIF=/ce/46/78/bb/ce4678bb-6510-48ef-9072-3e418b409cac/iiif/466734_1849-09-01_0001_559_t24-C-R0150.tif/full/!300,500/0/default.jpg
468416;https://bndigital.bnportugal.gov.pt//i/?IIIF=/e3/23/cc/7d/e323cc7d-18cc-41d9-9515-cac3185c347a/iiif/cam-809-v_0000_000005.tif/full/!300,500/0/default.jpg
475192;https://bndigital.bnportugal.gov.pt//i/?IIIF=/ad/ad/f3/9b/adadf39b-99f4-4a09-9040-ee3f75546a3e/iiif/cam-61-1-v_0000_000001.tif/full/!300,500/0/default.jpg
475373;https://bndigital.bnportugal.gov.pt//i/?IIIF=/b0/c5/f1/55/b0c5f155-f2bf-4632-9c5e-d8da43272b14/iiif/cam-653-1-v_0000_000001.tif/full/!300,500/0/default.jpg
475377;https://bndigital.bnportugal.gov.pt//i/?IIIF=/c3/cb/56/18/c3cb5618-9d2b-458f-b9e9-2cd2bcabeb03/iiif/cam-653-2-v_0000_000001.tif/full/!300,500/0/default.jpg
475379;https://bndigital.bnportugal.gov.pt//i/?IIIF=/2e/21/61/3f/2e21613f-8bda-4561-b94d-ca8917b5eb9a/iiif/cam-653-3-v_0000_000001.tif/full/!300,500/0/default.jpg
475380;https://bndigital.bnportugal.gov.pt//i/?IIIF=/90/06/c4/39/9006c439-3194-4488-a5bf-73226ad5d55f/iiif/cam-653-4-v_0000_000001.tif/full/!300,500/0/default.jpg
475383;https://bndigital.bnportugal.gov.pt//i/?IIIF=/d7/9a/f2/1b/d79af21b-3a11-45f8-94a4-0f783dab9c72/iiif/cam-653-6-v_0000_000001.tif/full/!300,500/0/default.jpg
475384;https://bndigital.bnportugal.gov.pt//i/?IIIF=/a6/83/4c/be/a6834cbe-876a-4286-a5a3-4b3a234cf137/iiif/cam-653-7-v_0000_000001.tif/full/!300,500/0/default.jpg
475385;https://bndigital.bnportugal.gov.pt//i/?IIIF=/d1/55/1f/9a/d1551f9a-dc05-453d-8d0c-f71ebcc92d25/iiif/cam-653-9-v_0000_000001.tif/full/!300,500/0/default.jpg
475387;https://bndigital.bnportugal.gov.pt//i/?IIIF=/93/27/cf/29/9327cf29-37b9-48cf-8fe1-f2c34409e176/iiif/cam-653-11-v_0000_000001.tif/full/!300,500/0/default.jpg
475425;https://bndigital.bnportugal.gov.pt//i/?IIIF=/3b/57/80/49/3b578049-ea00-44c7-a8cb-fc2fd8c2d7b4/iiif/cam-653-13-v_0000_000001.tif/full/!300,500/0/default.jpg
475428;https://bndigital.bnportugal.gov.pt//i/?IIIF=/1a/ca/ae/50/1acaae50-9433-4a46-9331-910286d233fd/iiif/cam-653-15-v_0000_000001.tif/full/!300,500/0/default.jpg
475467;https://bndigital.bnportugal.gov.pt//i/?IIIF=/8e/b9/68/96/8eb96896-2c5c-4ab4-856b-0610f50b0c15/iiif/475467_0000_000001.tif/full/!300,500/0/default.jpg
490174;
523218;https://bndigital.bnportugal.gov.pt//i/?IIIF=/cb/9a/10/17/cb9a1017-e7e1-4ee8-bfd9-74eccc6a53c2/iiif/523218_0000_capa-capa_t24-C-R0150_000001.tif/full/!300,500/0/default.jpg
640093;https://bndigital.bnportugal.gov.pt//i/?IIIF=/75/54/42/62/75544262-ae09-40c2-80b9-ad7e5817da6c/iiif/e-1557-v_0000_000001.tif/full/!300,500/0/default.jpg
742179;https://bndigital.bnportugal.gov.pt//i/?IIIF=/30/66/2c/60/30662c60-8d90-4a3b-b24c-a59f48c85b30/iiif/742179_0000_capa-capa_t24-C-R0150_000005.tif/full/!300,500/0/default.jpg
764114;https://bndigital.bnportugal.gov.pt//i/?IIIF=/9b/3a/b6/61/9b3ab661-b1b0-48a2-aee7-07401e644959/iiif/cam-15-p_0000_Obra%20Completa_t24-C-R0150_000005.tif/full/!300,500/0/default.jpg
764841;https://bndigital.bnportugal.gov.pt//i/?IIIF=/24/42/9f/32/24429f32-3a33-43c2-b1a8-d58479c3ff2e/iiif/cam-25-p_0000_capa-capa_t24-C-R0300_000003.tif/full/!300,500/0/default.jpg
764871;https://bndigital.bnportugal.gov.pt//i/?IIIF=/8e/53/d9/67/8e53d967-caf8-492d-8965-8fa64b95df81/iiif/cam-28-p_0000_Obra%20Completa_t24-C-R0150_000007.tif/full/!300,500/0/default.jpg
765042;https://bndigital.bnportugal.gov.pt//i/?IIIF=/b4/df/15/37/b4df1537-90e9-497f-b2b3-dbeb502b5098/iiif/cam-30-p_0000_Obra%20Completa_t24-C-R0150_000007.tif/full/!300,500/0/default.jpg
765278;https://bndigital.bnportugal.gov.pt//i/?IIIF=/ef/e7/d7/c0/efe7d7c0-eaf2-48cb-bbf9-53fb55956726/iiif/cam-35-p_0000_Obra%20Completa_t24-C-R0150_000005.tif/full/!300,500/0/default.jpg
765475;https://bndigital.bnportugal.gov.pt//i/?IIIF=/a4/ef/0e/72/a4ef0e72-de65-4223-8186-3562bea43a18/iiif/cam-37-p_0000_Obra%20Completa_t24-C-R0150_000005.tif/full/!300,500/0/default.jpg
765479;https://bndigital.bnportugal.gov.pt//i/?IIIF=/03/b3/d4/6b/03b3d46b-32c3-491e-a067-4c639d96fceb/iiif/cam-38-1-p_0000_Obra%20Completa_t24-C-R0150_000005.tif/full/!300,500/0/default.jpg
765481;https://bndigital.bnportugal.gov.pt//i/?IIIF=/af/2d/b4/c5/af2db4c5-1b40-4007-9da9-d807d69859a9/iiif/cam-39-p_0000_Obra%20Completa_t24-C-R0300_000003.tif/full/!300,500/0/default.jpg
765484;https://bndigital.bnportugal.gov.pt//i/?IIIF=/a2/5e/7d/43/a25e7d43-b817-4732-982d-8fcb4d7d20f8/iiif/cam-40-1-p_0000_000005.tif/full/!300,500/0/default.jpg
765489;https://bndigital.bnportugal.gov.pt//i/?IIIF=/23/29/1f/d4/23291fd4-71ee-4b05-9007-1e5ce3402ca6/iiif/cam-41-p_0000_Obra%20Completa_t24-C-R0150_000005.tif/full/!300,500/0/default.jpg
766192;https://bndigital.bnportugal.gov.pt//i/?IIIF=/94/a3/ba/a0/94a3baa0-a305-43ed-9c3a-44218a5ab50c/iiif/cam-42-2-p_0000_Obra%20Completa_t24-C-R0150_000002.tif/full/!300,500/0/default.jpg
766195;https://bndigital.bnportugal.gov.pt//i/?IIIF=/78/a5/f3/a0/78a5f3a0-a4eb-40ae-a06d-71b9ce11e55f/iiif/cam-43-1-p_0000_Obra%20Completa_t24-C-R0150_000007.tif/full/!300,500/0/default.jpg
766200;https://bndigital.bnportugal.gov.pt//i/?IIIF=/aa/25/92/b1/aa2592b1-ba8a-471d-a879-d66c0678fe4e/iiif/cam-43-2-p_0000_Obra%20Completa_t24-C-R0150_000004.tif/full/!300,500/0/default.jpg
770257;https://bndigital.bnportugal.gov.pt//i/?IIIF=/87/77/52/1f/8777521f-0ea4-4feb-abf7-2704f2126765/iiif/770257_0000_1-10_t24-C-R0150_000001.tif/full/!300,500/0/default.jpg
789263;https://bndigital.bnportugal.gov.pt//i/?IIIF=/4d/63/ef/c9/4d63efc9-9d06-4119-81fc-e68482e16796/iiif/cam-868-p_0000_capa-capa_t24-C-R0150_000005.tif/full/!300,500/0/default.jpg
804502;https://bndigital.bnportugal.gov.pt//i/?IIIF=/05/d9/66/4d/05d9664d-c0c7-4606-9613-ff1b7c37424e/iiif/res-1330-p_0000_capa-capa_t24-C-R0150_000005.tif/full/!300,500/0/default.jpg
808818;https://bndigital.bnportugal.gov.pt//i/?IIIF=/e2/02/20/0f/e202200f-f988-4c56-a1a4-5c5385b99931/iiif/cam-1801-v_0000_capa-capa_t24-C-R0150_000011.tif/full/!300,500/0/default.jpg
823010;https://bndigital.bnportugal.gov.pt//i/?IIIF=/30/84/6f/2e/30846f2e-8231-41be-8f03-f25cfaa07751/iiif/l-86515-p_0000_capa-capa_t24-C-R0150_000003.tif/full/!300,500/0/default.jpg
831967;https://bndigital.bnportugal.gov.pt//i/?IIIF=/8c/4b/43/42/8c4b4342-3db6-4b01-96fa-189baa304d10/iiif/l-11985-18-v_0000_000005.tif/full/!300,500/0/default.jpg
845518;https://bndigital.bnportugal.gov.pt//i/?IIIF=/3b/7d/62/48/3b7d6248-734b-461c-9372-c36f6ce1197d/iiif/845518_0000_capa-capa_t24-C-R0150_000001.tif/full/!300,500/0/default.jpg
846012;https://bndigital.bnportugal.gov.pt//i/?IIIF=/b1/4c/26/09/b14c2609-a4c8-4e7b-87e3-5bc2b50ca325/iiif/sa-11389-10-p_0000_000001.tif/full/!300,500/0/default.jpg
849665;https://bndigital.bnportugal.gov.pt//i/?IIIF=/ce/42/42/29/ce424229-5b43-4024-993c-88afc855bf30/iiif/cam-385-2-v_0000_000003.tif/full/!300,500/0/default.jpg
849972;https://bndigital.bnportugal.gov.pt//i/?IIIF=/c3/47/c7/37/c347c737-9d85-4d66-be5e-4fb26799ad22/iiif/cam-123-4-v_0000_000001.tif/full/!300,500/0/default.jpg
852138;https://bndigital.bnportugal.gov.pt//i/?IIIF=/a9/ac/0b/4e/a9ac0b4e-7949-4ada-9457-781bb74e3b7d/iiif/cam-158-v_0000_capa-capa_t24-C-R0150_000011.tif/full/!300,500/0/default.jpg
862634;https://bndigital.bnportugal.gov.pt//i/?IIIF=/5b/c8/96/9e/5bc8969e-dc43-47d4-bad0-409735a53fd9/iiif/cam-511-v_0000_capa-capa_t24-C-R0150_000001.tif/full/!300,500/0/default.jpg
865321;https://bndigital.bnportugal.gov.pt//i/?IIIF=/23/df/1a/f5/23df1af5-ae23-4994-b70d-7589e6fde81b/iiif/cam-374-8-v_0000_capa-capa_t24-C-R0150_000001.tif/full/!300,500/0/default.jpg
865343;https://bndigital.bnportugal.gov.pt//i/?IIIF=/a9/13/f4/84/a913f484-f6ef-4445-97a5-6bf780f454f6/iiif/865343_1839-05-N11_0001_1_t24-C-R0150.tif/full/!300,500/0/default.jpg
865402;https://bndigital.bnportugal.gov.pt//i/?IIIF=/a8/09/d9/c8/a809d9c8-386f-468d-aaa5-fc2fa6474a87/iiif/cam-286-16-v_0000_000001.tif/full/!300,500/0/default.jpg
865416;https://bndigital.bnportugal.gov.pt//i/?IIIF=/00/41/b3/63/0041b363-d8c9-474a-bf42-e370029d84a0/iiif/l-61046-v_0000_000001.tif/full/!300,500/0/default.jpg
874437;https://bndigital.bnportugal.gov.pt//i/?IIIF=/7d/09/e9/ff/7d09e9ff-36ae-40e7-8b23-f8d44465dd63/iiif/cam-342-5-v_0000_capa-capa_t24-C-R0150_000001.tif/full/!300,500/0/default.jpg
960015;https://bndigital.bnportugal.gov.pt//i/?IIIF=/64/b8/f0/d4/64b8f0d4-f606-426a-9913-a1fb4c75f45c/iiif/tr-7208-p_0000_000001.tif/full/!300,500/0/default.jpg
1066416;https://bndigital.bnportugal.gov.pt//i/?IIIF=/8e/d2/b7/7d/8ed2b77d-902e-4009-9035-3fc60caa8412/iiif/cam-581-v_0000_Obra%20Completa_t24-C-R0150_000001.tif/full/!300,500/0/default.jpg
1072997;https://bndigital.bnportugal.gov.pt//i/?IIIF=/d2/41/a8/d1/d241a8d1-b7d3-4feb-848a-c7ba703bf611/iiif/cam-1453-p_0000_000005.tif/full/!300,500/0/default.jpg
1075528;https://bndigital.bnportugal.gov.pt//i/?IIIF=/80/5f/be/0d/805fbe0d-bc74-4e52-bf90-fdcff748a262/iiif/cam-1415-p_0000_capa-capa_t24-C-R0150_000007.tif/full/!300,500/0/default.jpg
1730027;https://bndigital.bnportugal.gov.pt//i/?IIIF=/e2/13/12/3f/e213123f-b6c7-4291-9ad7-2c48dbec1c22/iiif/cam-1545-p_0000_capa-capa_t24-C-R0150_000001.tif/full/!300,500/0/default.jpg
2194758;https://bndigital.bnportugal.gov.pt//i/?IIIF=/73/3c/1c/5c/733c1c5c-a790-4c10-b49a-316f3e4f9508/iiif/cam-80-2-a_0000_000001.tif/full/!300,500/0/default.jpg
2194769;https://bndigital.bnportugal.gov.pt//i/?IIIF=/c4/ed/56/70/c4ed5670-00b9-4ee0-aed1-cc939a97e939/iiif/cam-80-3-a_0000_000001.tif/full/!300,500/0/default.jpg
2194786;https://bndigital.bnportugal.gov.pt//i/?IIIF=/ed/24/b7/f6/ed24b7f6-5eeb-4cdc-889d-cb417254f157/iiif/cam-80-4-a_0001.tif/full/!300,500/0/default.jpg
2194827;https://bndigital.bnportugal.gov.pt//i/?IIIF=/69/83/b5/dc/6983b5dc-136f-4e94-a447-f95cffae4d91/iiif/cam-80-6-a_0001.tif/full/!300,500/0/default.jpg
2194832;https://bndigital.bnportugal.gov.pt//i/?IIIF=/f7/25/2f/18/f7252f18-fc26-4a1f-b5e0-83e3ac5f2ef8/iiif/cam-80-7-a_0001.tif/full/!300,500/0/default.jpg
2194842;https://bndigital.bnportugal.gov.pt//i/?IIIF=/bf/8c/be/74/bf8cbe74-3b15-4e47-a126-818c2957b757/iiif/cam-80-10-a_0000_000001.tif/full/!300,500/0/default.jpg
2194846;https://bndigital.bnportugal.gov.pt//i/?IIIF=/2f/06/12/6e/2f06126e-606d-4363-a768-a2f7256f92da/iiif/cam-80-12-a_0000_000001.tif/full/!300,500/0/default.jpg
2194848;https://bndigital.bnportugal.gov.pt//i/?IIIF=/c3/56/a2/12/c356a212-9f6a-41c7-9c7d-c1ed76da821e/iiif/cam-80-13-a_0001.tif/full/!300,500/0/default.jpg
2194855;https://bndigital.bnportugal.gov.pt//i/?IIIF=/f2/ae/39/75/f2ae3975-c528-4bf4-9e49-dc2ae0ed5b0c/iiif/cam-80-14-a_0000_000001.tif/full/!300,500/0/default.jpg
2194859;https://bndigital.bnportugal.gov.pt//i/?IIIF=/df/17/3c/4f/df173c4f-bfb9-48bb-924f-c7704fd3f213/iiif/cam-80-17-a_0000_000001.tif/full/!300,500/0/default.jpg
2194870;https://bndigital.bnportugal.gov.pt//i/?IIIF=/f5/2f/c2/0d/f52fc20d-1916-4568-8064-db0ac0a211a1/iiif/cam-80-20-a_0001.tif/full/!300,500/0/default.jpg
2194873;https://bndigital.bnportugal.gov.pt//i/?IIIF=/81/59/cf/c4/8159cfc4-599b-415d-9ecb-122bbbc56b05/iiif/cam-80-21-a_0000_000001.tif/full/!300,500/0/default.jpg
2194875;https://bndigital.bnportugal.gov.pt//i/?IIIF=/d7/68/50/00/d7685000-b179-43f1-a55d-ee4c7203a70e/iiif/cam-80-27-a_0000_000001.tif/full/!300,500/0/default.jpg
2194878;https://bndigital.bnportugal.gov.pt//i/?IIIF=/68/63/cf/ce/6863cfce-449e-41a5-b989-c06e138c1e0e/iiif/cam-80-29-a_0000_000001.tif/full/!300,500/0/default.jpg
2194879;https://bndigital.bnportugal.gov.pt//i/?IIIF=/ae/75/b1/6d/ae75b16d-567d-4412-b1ad-f3e71cb0af99/iiif/cam-80-30-a_0000_000001.tif/full/!300,500/0/default.jpg
2195048;https://bndigital.bnportugal.gov.pt//i/?IIIF=/b1/56/f7/0c/b156f70c-50f0-470f-a8b8-48fb6ee4802c/iiif/cam-80-34-a_0000_000001.tif/full/!300,500/0/default.jpg
2195057;https://bndigital.bnportugal.gov.pt//i/?IIIF=/21/a7/6d/fa/21a76dfa-4ba2-472e-b3cf-4fe335a886bc/iiif/cam-80-35-a_0000_000001.tif/full/!300,500/0/default.jpg
2195072;https://bndigital.bnportugal.gov.pt//i/?IIIF=/d7/9a/ac/44/d79aac44-f96c-4a52-928c-5f5988db74f2/iiif/cam-80-40-a_0000_000001.tif/full/!300,500/0/default.jpg
2195077;https://bndigital.bnportugal.gov.pt//i/?IIIF=/a2/c9/5a/f7/a2c95af7-c5e7-440d-8a6b-507cef69de5c/iiif/cam-80-41-a_0000_000001.tif/full/!300,500/0/default.jpg
2195081;https://bndigital.bnportugal.gov.pt//i/?IIIF=/98/ff/8c/1a/98ff8c1a-60a1-4863-8f1d-3ad47812bb04/iiif/cam-80-42-a_0001.tif/full/!300,500/0/default.jpg
2195084;https://bndigital.bnportugal.gov.pt//i/?IIIF=/5c/01/0b/1b/5c010b1b-ef07-4619-ba9e-fe49a3b8131c/iiif/cam-80-45-a_0000_000001.tif/full/!300,500/0/default.jpg
2195085;https://bndigital.bnportugal.gov.pt//i/?IIIF=/92/f3/95/0f/92f3950f-e34e-4283-aebd-b2d020d19679/iiif/cam-80-69-a_0000_000001.tif/full/!300,500/0/default.jpg
2195086;https://bndigital.bnportugal.gov.pt//i/?IIIF=/13/b0/42/81/13b04281-b30d-4915-aa48-27d6dc8b0180/iiif/cam-80-70-a_0000_000001.tif/full/!300,500/0/default.jpg
2195087;https://bndigital.bnportugal.gov.pt//i/?IIIF=/62/69/c9/af/6269c9af-9d38-403a-8cb8-7e5bb4be2804/iiif/cam-137-1-a_0000_000001.tif/full/!300,500/0/default.jpg
2195088;https://bndigital.bnportugal.gov.pt//i/?IIIF=/22/f0/d3/43/22f0d343-1d50-4fa1-98c9-e7abf267dc0e/iiif/cam-137-3-a_0000_000001.tif/full/!300,500/0/default.jpg
2195089;https://bndigital.bnportugal.gov.pt//i/?IIIF=/d1/5c/d3/d1/d15cd3d1-0b97-4546-8c65-ecbbe940e0a2/iiif/cam-215-a_0005.tif/full/!300,500/0/default.jpg
2195090;https://bndigital.bnportugal.gov.pt//i/?IIIF=/fe/12/45/12/fe124512-72d5-4d7b-8499-b7f4fbaddfe8/iiif/cam-218-a_0001.tif/full/!300,500/0/default.jpg
2195091;https://bndigital.bnportugal.gov.pt//i/?IIIF=/f5/16/73/6d/f516736d-f1fc-4cc2-9f8c-7549be243c15/iiif/cam-219-a_0005.tif/full/!300,500/0/default.jpg
2195173;https://bndigital.bnportugal.gov.pt//i/?IIIF=/36/f8/8e/1e/36f88e1e-abc7-4192-a5ee-03b947d75706/iiif/cam-531-13-p_0001.tif/full/!300,500/0/default.jpg
2195186;https://bndigital.bnportugal.gov.pt//i/?IIIF=/ce/10/d6/f7/ce10d6f7-53bb-498f-8192-aa76326a79d6/iiif/cam-379-3-v_0001.tif/full/!300,500/0/default.jpg
2195195;https://bndigital.bnportugal.gov.pt//i/?IIIF=/b4/41/7b/63/b4417b63-c2ca-4ced-bdff-195e21472ee0/iiif/cam-379-4-v_0001.tif/full/!300,500/0/default.jpg
2195202;https://bndigital.bnportugal.gov.pt//i/?IIIF=/46/2c/79/4c/462c794c-c012-4856-97ee-3e53e1aff49d/iiif/cam-379-5-v_0001.tif/full/!300,500/0/default.jpg
2195211;https://bndigital.bnportugal.gov.pt//i/?IIIF=/eb/b2/bf/21/ebb2bf21-476a-41a8-9530-c140fc242fce/iiif/cam-379-6-v_0001.tif/full/!300,500/0/default.jpg
2195231;https://bndigital.bnportugal.gov.pt//i/?IIIF=/de/92/a9/9d/de92a99d-eb92-4d20-8314-0715fbc20300/iiif/cam-402-7-v_0000_000001.tif/full/!300,500/0/default.jpg
