ncb|purl|capa|tipo de material|língua|língua da obra original|título|subtítulo|título original|edição|publicação|data da publicação|data da publicação2|dimensões|autor|autor - organização|co-autores|autores secundários|co-autores - organizações|autores secundários - organizações|cota|coleção|id persistente|acesso|notas gerais|notas título|notas conteúdo|sumário|título uniforme|título colectivo uniforme
367428|https://purl.pt/43428||Livro impresso|Italiano||I Lusiadi|poema||1.ª ed.|Milano : Edoardo Sonzogno,editore|1882|1882|196 p.|Luís de Camões, 1524-1580|||Antonio Nervi, 1760-1836, Tradutor|||CAM. 479 P.|CAM500|http://id.bnportugal.gov.pt/bib/catbnp/367428|Livre
381074|https://purl.pt/43747||Livro impresso|Português||Os Lusíadas|edição consagrada a comemorar o terceiro centenário do poeta...||1.ª ed.|Lisboa : Of. de Castro Irmão|1880|1880|XCIII, 422 p., 1 il.|Luís de Camões, 1524-1580|||Adolfo Coelho, 1847-1919, Revisor ; Ramalho Ortigão, 1836-1915, Autor da introdução, etc. ; Reinaldo Carlos Montoro, 1831-?, Autor da introdução, etc.||Gabinete Português de Leitura, Editor literário|L. 94571 V.|CAM500|http://id.bnportugal.gov.pt/bib/catbnp/381074|Livre
381465|https://purl.pt/43233||Livro impresso|Português||Os Lusíadas|profusamente illustrada com desenhos allegoricos...||1.ª ed.|Lisboa : Silvestre Castanheiro|1898|1898|XXXIII, 599 p.|Luís de Camões, 1524-1580|||António Mendes Belo, 1842-1929, Comentador (em meio audiovisual) ; Pinheiro Chagas, 1842-1895, Comentador (em meio audiovisual) ; José Fernandes Costa, 1848-1920, Comentador (em meio audiovisual)|||L. 5864 A.|CAM500|http://id.bnportugal.gov.pt/bib/catbnp/381465|Livre
381468|https://purl.pt/43745||Livro impresso|Espanhol|Português|Os Lusiadas Los Portugueses|||Edicion acompañada del legitimo texto portugues y de copiosas notas y noticias biograficas sobre el insigne poeta ibero|Badajoz : Establecimiento Tipográfico de José Santamaría|1873|1873|263, 1 p.|Luís de Camões, 1524-1580|||Carlos Soler y Arqués, 1836-1896, Tradutor|||CAM. 33 A.|CAM500|http://id.bnportugal.gov.pt/bib/catbnp/381468|Livre
381701|https://purl.pt/43724||Livro impresso|Poliglota|Português|Inês de Castro|episódio extraído do canto terceiro do poema épico Os Lusíadas||1.ª ed.|Lisboa : Imprensa Nacional|1873|1873|76 p.|Luís de Camões, 1524-1580||||||CAM. 40 A.|CAM500|http://id.bnportugal.gov.pt/bib/catbnp/381701|Livre
381889|https://purl.pt/43659||Periódico|Português||Pérolas de Camões|publicação dedicada ao povo||1.ª ed.|Lisboa : Lallement Fréres|1880|1880|||||||Lallement Frères, Editor comercial|CAM. 44//2 A.|CAM500|http://id.bnportugal.gov.pt/bib/catbnp/381889|Livre
381903|https://purl.pt/42920||Periódico|Polaco||Illustrowane Tygedniowe|||1.ª ed.||1880|1880||||||||CAM. 45//2 A.|CAM500|http://id.bnportugal.gov.pt/bib/catbnp/381903|Livre
382749|https://purl.pt/42835||Livro impresso|Português||Pretidão de amor|endechas a Bárbara escrava seguidas da respectiva tradução em várias línguas...||1.ª ed.|Lisboa : Imprensa Nacional|1893|1893|2 v.|Luís de Camões, 1524-1580|||Xavier da Cunha, 1840-1920, Autor da introdução, etc.|||CAM. 270 V.|CAM500|http://id.bnportugal.gov.pt/bib/catbnp/382749|Livre
382749|https://purl.pt/42835||Livro impresso|Português||Pretidão de amor|endechas a Bárbara escrava seguidas da respectiva tradução em várias línguas...||1.ª ed.|Lisboa : Imprensa Nacional|1893|1893|2 v.|Luís de Camões, 1524-1580|||Xavier da Cunha, 1840-1920, Autor da introdução, etc.|||CAM. 270 V.|CAM500|http://id.bnportugal.gov.pt/bib/catbnp/382749|Livre
382749|https://purl.pt/42835||Livro impresso|Português||Pretidão de amor|endechas a Bárbara escrava seguidas da respectiva tradução em várias línguas...||1.ª ed.|Lisboa : Imprensa Nacional|1893|1893|2 v.|Luís de Camões, 1524-1580|||Xavier da Cunha, 1840-1920, Autor da introdução, etc.|||CAM. 270 V.|CAM500|http://id.bnportugal.gov.pt/bib/catbnp/382749|Livre
382834|https://purl.pt/43815||Livro impresso|Português||Comemoração gloriosa da morte de Luiz de Camões 10 de Junho de 1889|||1.ª ed.|Evora : Minerva Eborense de J. José Baptista, Rua d'Aviz|1889|1889|12, 4 p.|António Francisco Barata, 1836-1910|||Luís de Camões, 1524-1580, Antecedente bibliográfico|||CAM. 309//13 V.|CAM500|http://id.bnportugal.gov.pt/bib/catbnp/382834|Livre
382844|https://purl.pt/43227||Livro impresso|Português||A Luiz de Camões|com notas curiosas e tres ineditos do poeta||1.ª ed.|Evora : Tip. Minerva, de A.F. Barata|1880|1880|24 p.|António Francisco Barata, 1836-1910|||Luís de Camões, 1524-1580, Antecedente bibliográfico|||L. 599//32 A.|CAM500|http://id.bnportugal.gov.pt/bib/catbnp/382844|Livre
382955|https://purl.pt/43816||Livro impresso|Português||Auto da cunhagem da medalha comemorativa das festas da Grande Comissão Portuense...|||1.ª ed.|Porto : s. n.|1880|1880|||Grande Comissão Portuense||Luís de Camões, 1524-1580, Antecedente bibliográfico|||CAM. 53//5 A.|CAM500|http://id.bnportugal.gov.pt/bib/catbnp/382955|Livre
382972|https://purl.pt/43819||Livro impresso|Português||Surrexit|homenagem a Luís de Camões||1.ª ed.|Lisboa : Imprensa Nacional|1880|1880||Tomás Ribeiro, 1831-1901||||||CAM. 55 A.|CAM500|http://id.bnportugal.gov.pt/bib/catbnp/382972|Livre
382978|https://purl.pt/43823||Livro impresso|Português||Programa da celebração em Lisboa do terceiro centenário de Luís de Camões|comemoração promovida pela imprensa jornalística auxiliada pela Câmara Municipal||1.ª ed.|Lisboa : Tip. Universal|1880|1880|8 p.||||Luís de Camões, 1524-1580, Antecedente bibliográfico|||CAM. 134 A.|CAM500|http://id.bnportugal.gov.pt/bib/catbnp/382978|Livre
382978|https://purl.pt/43823||Livro impresso|Português||Programa da celebração em Lisboa do terceiro centenário de Luís de Camões|comemoração promovida pela imprensa jornalística auxiliada pela Câmara Municipal||1.ª ed.|Lisboa : Tip. Universal|1880|1880|8 p.||||Luís de Camões, 1524-1580, Antecedente bibliográfico|||CAM. 134 A.|CAM500|http://id.bnportugal.gov.pt/bib/catbnp/382978|Livre
382978|https://purl.pt/43823||Livro impresso|Português||Programa da celebração em Lisboa do terceiro centenário de Luís de Camões|comemoração promovida pela imprensa jornalística auxiliada pela Câmara Municipal||1.ª ed.|Lisboa : Tip. Universal|1880|1880|8 p.||||Luís de Camões, 1524-1580, Antecedente bibliográfico|||CAM. 134 A.|CAM500|http://id.bnportugal.gov.pt/bib/catbnp/382978|Livre
382981|https://purl.pt/43818||Livro impresso|Português||Relatório da Directoria do Gabinete de Leitura do Rio de Janeiro em 1880|||1.ª ed.|Rio de Janeiro : Tip e lit. Moreira Maximino|1881|1881|||||||Real Gabinete Português de Leitura do Rio de Janeiro|CAM. 57 A.|CAM500|http://id.bnportugal.gov.pt/bib/catbnp/382981|Livre
385945|https://purl.pt/43873||Livro impresso|Poliglota|Português|Álbum literário comemorativo do terceiro centenário de Luís de Camões|||1.ª ed.|Porto : Tip. Ocidental|1880|1880|28 p.||||Francisco Xavier Esteves, 1864-1944, Editor literário|||CAM. 133 A.|CAM500|http://id.bnportugal.gov.pt/bib/catbnp/385945|Livre
385949|https://purl.pt/43866||Livro impresso|Português||Homenagem a Camões|Luís de Camões e a nacionalidade portuguesa||1.ª ed.|São Miguel : s. n.|1880|1880|||Centro Republicano Federal de Ponta Delgada|||||CAM. 64//1 A.|CAM500|http://id.bnportugal.gov.pt/bib/catbnp/385949|Livre
386935|https://purl.pt/43871||Livro impresso|Português||Vianna a Camões|comemoração do tricentenário do imortal cantor dos Lusíadas||1.ª ed.|Viana do Castelo : André Jorge Pereira & Filho|1880|1880||||||||CAM. 64//3 A.|CAM500|http://id.bnportugal.gov.pt/bib/catbnp/386935|Livre
386992|https://purl.pt/43661||Livro impresso|Português||Homenagem da Sociedade Amizade, Recreio e Ínstrução|||1.ª ed.|S. Miguel : Lit. dos Açores|1880|1880|||||Luís de Camões, 1524-1580, Antecedente bibliográfico||Sociedade Amizade Recreio e Ínstrução|CAM. 64//4 A.|CAM500|http://id.bnportugal.gov.pt/bib/catbnp/386992|Livre
396405|https://purl.pt/6115||Iconografia|Português||Luís de Camões|||1.ª ed.|Macau : Com. Org. Comem. Dia de Portugal de Camões e das Comunid. Portuguesas|1992|1992|1 imagem|Fernando Jorge Fialho, 1965-||||||PURL 6115/0||http://id.bnportugal.gov.pt/bib/catbnp/396405|Interno
397670|https://purl.pt/43874||Livro impresso|Português ; Francês||Episodio da Ilha de Venus extrahido dos Lusiadas de Camões|||1.ª ed.|Braga : Typ. Lealdade : Sociedade Democrática Recreativa|1880|1880|23 p.|Luís de Camões, 1524-1580|||José Joaquim da Silva Pereira Caldas, 1818-1903, Autor da introdução, etc. ; Antoine de Cournand, Autor da introdução, etc.|||L. 5895//9 A|CAM500|http://id.bnportugal.gov.pt/bib/catbnp/397670|Livre
397818|https://purl.pt/43426||Livro impresso|Português||Os Lusíadas|poema épico||Nova ed., cuidadosamente revista|Lisboa : Livraria de António Maria Pereira|1891|1891|XVIII, 457 p., 2 est.|Luís de Camões, 1524-1580|||Inocêncio Francisco da Silva, 1810-1876, Autor da introdução, etc.|||CAM. 707 P.|CAM500|http://id.bnportugal.gov.pt/bib/catbnp/397818|Livre
397822|https://purl.pt/43741||Livro impresso|Português||Os Lusíadas|||Ed. comemorativa do IV Centenário do Descobrimento Marítimo da India|Lisboa : Typographia do Commercio|1898|1898|186 fls.|Luís de Camões, 1524-1580||||||CAM. 35 V.|CAM500|http://id.bnportugal.gov.pt/bib/catbnp/397822|Livre
397852|https://purl.pt/43811||Livro impresso|Francês ; Português||Les Lusiades|chant primier||Edition commemorative du septieme anniversaire du tricentenaire de Camöes|Lisboa : Imprensa Nacional|1887|1887|79 p.|Luís de Camões, 1524-1580|||Henri de Courtois, Tradutor|||L. 5907//7 A.|CAM500|http://id.bnportugal.gov.pt/bib/catbnp/397852|Livre
397863|https://purl.pt/43931||Livro impresso|Português||A Ode de Luiz de Camões ao Conde do Redondo, restituida á sua primitiva licção|||Edição commemorativa do 4º anniversario do Tricentenario Camoniano|Lisboa : Typographia Elzeviriana|1884|1884|22, 2 p.|Luís de Camões, 1524-1580|||Xavier da Cunha, 1840-1920, Editor literário ; Alfredo de Carvalho, fl. 1884, Tipógrafo|||CAM. 69 V.|CAM500|http://id.bnportugal.gov.pt/bib/catbnp/397863|Livre
397876|https://purl.pt/43825||Livro impresso|Francês|Português|Sonnets choisis|||1.ª ed.|Paris : Plon|1879|1879|VII, 40 p.|Luís de Camões, 1524-1580|||Léonce Cazaubon, Tradutor|||CAM. 59 V.|CAM500|http://id.bnportugal.gov.pt/bib/catbnp/397876|Livre
397877|https://purl.pt/43875||Livro impresso|Português||Tercetos impressos pela primeira vez, em 1576, na História da Província de Santa Cruz, de Pedro de Magalhães Gandavo|||1.ª ed.|Lisboa : Joaquim Eusébio dos Santos|1894|1894|12 p., 1 est.|Luís de Camões, 1524-1580|||Teófilo Braga, 1843-1924, Comentador (em meio audiovisual)|||CAM. 75//1 V.|CAM500|http://id.bnportugal.gov.pt/bib/catbnp/397877|Livre
401648|https://purl.pt/43662||Periódico|Português||Plutarcho portuguez|colecção de retratos e biographias dos principaes vultos historicos da civilisação portugueza||1.ª ed.|Porto : Julio Costa, Emilio Biel|1881|1881||||||||J. 1690//7 V.|CAM500|http://id.bnportugal.gov.pt/bib/catbnp/401648|Livre
401658|https://purl.pt/43862||Livro impresso|Português||Victor Hugo a Camões no 3º centenário|||1.ª ed.|Lisboa : J. Camilo Videira|1880|1880||||||||CAM. 66//2 A.|CAM500|http://id.bnportugal.gov.pt/bib/catbnp/401658|Livre
401739|https://purl.pt/43865||Livro impresso|Português||Homenagem ao príncipe dos poetas peninsulares ao reconstrutor da língua portuguesa, a Luís de Camões|||1.ª ed.|Lisboa : Emp. Dic. Univ. Português|1880|1880|4 p.|||||||CAM. 66//5 A.|CAM500|http://id.bnportugal.gov.pt/bib/catbnp/401739|Livre
402086|https://purl.pt/43891||Livro impresso|Português||Collecção Camoneana de José do Canto|tentativa de um catalogo methodico e remissivo||1.ª ed.|Lisboa : Imprensa Nacional|1895|1895|XI, 357, 5 p.|José do Canto, 1820-1898|||Jaime Batalha Reis, 1847-1935, Antigo possuidor|||CAM. 69 A.|CAM500|http://id.bnportugal.gov.pt/bib/catbnp/402086|Livre
402086|https://purl.pt/43891||Livro impresso|Português||Collecção Camoneana de José do Canto|tentativa de um catalogo methodico e remissivo||1.ª ed.|Lisboa : Imprensa Nacional|1895|1895|XI, 357, 5 p.|José do Canto, 1820-1898|||Jaime Batalha Reis, 1847-1935, Antigo possuidor|||CAM. 69 A.|CAM500|http://id.bnportugal.gov.pt/bib/catbnp/402086|Livre
402917|https://purl.pt/43923||Livro impresso|Português|Alemão|Camoëns in Cintra|poemeto extrahido do livro Tag und Nachstucke||1.ª ed.|Lisboa : M. Gomes, Livreiro-Editor|1891|1891|39, 1 p.|Adolf Friederich Graf von Schack, 1815-1894|||Luís de Camões, 1524-1580, Antecedente bibliográfico|||CAM. 71//1 A.|CAM500|http://id.bnportugal.gov.pt/bib/catbnp/402917|Livre
404543|https://purl.pt/43827||Livro impresso|Português||Excerptos dos Lusíadas|canto II||1.ª ed.|Lisboa : Imprensa Nacional|1889|1889||Luís de Camões, 1524-1580||||||CAM. 81 A.|CAM500|http://id.bnportugal.gov.pt/bib/catbnp/404543|Livre
404800|https://purl.pt/43914||Livro impresso|Português||Os festejos do centenario da India|grande album commemorativo||1.ª ed.|Lisboa : publicado pela empreza do Pimpão|1898|1898|31 f.|||||||CAM. 85 A.|CAM500|http://id.bnportugal.gov.pt/bib/catbnp/404800|Livre
404800|https://purl.pt/43914||Livro impresso|Português||Os festejos do centenario da India|grande album commemorativo||1.ª ed.|Lisboa : publicado pela empreza do Pimpão|1898|1898|31 f.|||||||CAM. 85 A.|CAM500|http://id.bnportugal.gov.pt/bib/catbnp/404800|Livre
410449|https://purl.pt/43911||Livro impresso|Espanhol|Português|Os Lusiadas Los Portugueses|||Edicion acompañada del legitimo texto portugues y de copiosas notas y noticias biograficas sobre el insigne poeta ibero|Badajoz : Establecimiento Tipográfico de José Santamaría|1873|1873|263, 1 p.|Luís de Camões, 1524-1580|||Carlos Soler y Arqués, 1836-1896, Tradutor|||CAM. 96 A.|CAM500|http://id.bnportugal.gov.pt/bib/catbnp/410449|Livre
411542|https://purl.pt/43786||Livro impresso|Português||O Centenario no Estrangeiro|conferencia realisada na Sociedade de Geographia de Lisboa no dia 11 de Novembro de 1897||1.ª ed.|Lisboa : A Liberal|1897|1897|30, 2 p.|Magalhães Lima, 1850-1928|||Ernesto Jardim de Vilhena, 1876-1967, Antigo possuidor|||H.G. 5865//1 A.|CAM500|http://id.bnportugal.gov.pt/bib/catbnp/411542|Livre
426512|https://purl.pt/43588||Livro impresso|Português||Homenagem a Camões|melodia para piano||1.ª ed.|Lisboa : s.n.|1870|1870|1 partitura 2 p.|Maria Cornélia de Melo de Castro Pacheco||||||C.I.C. 142 A.|PRR2022|http://id.bnportugal.gov.pt/bib/catbnp/426512|Livre
446302|https://purl.pt/43429||Livro impresso|Português||Primeiros documentos para a historia do Jubileu Nacional de 1880|||1.ª ed.|Lisboa : Impr. Nacional|1887|1887|29 p.||||||Sociedade de Geografia de Lisboa, Editor literário|H.G. 18363//4 V.|CAM500|http://id.bnportugal.gov.pt/bib/catbnp/446302|Livre
452363|https://purl.pt/11841||Iconografia|Português||Camões|||1.ª ed.|S.l. : s.n.|1887|1887|1 gravura|Lubin David, fl. ca 1887|||Eugène-André Champollion, 1848-1901, Gravador em metal ; Louis Adolphe Salmon, 1806-1895, Impressor de ilustrações em chapa gravada|||PURL 11841/0||http://id.bnportugal.gov.pt/bib/catbnp/452363|Livre
453897|https://purl.pt/43792||Livro impresso|Português||Á memoria de Luiz de Camões no seu tricentenario em 10 de Junho de 1880...|||1.ª ed.|Braga : Typ. de Gonçalves Gouvea|1880|1880|16 p.|||||||CAM. 384//9 V.|CAM500|http://id.bnportugal.gov.pt/bib/catbnp/453897|Livre
454218|https://purl.pt/43793||Livro impresso|Português||Vida de Luiz de Camões e seu retrato|||1.ª ed.|Coimbra : Impr. Academica|1881|1881|15 p.|||||||CAM. 386//6 V.|CAM500|http://id.bnportugal.gov.pt/bib/catbnp/454218|Livre
455268|https://purl.pt/42934||Livro impresso|Italiano|Português|I Lusiadi|||Seconde edizione illustrata con note di D. B.|Milano : Societá Tipog. dei Classici Italiani|1821|1821|XXXX, 517, 1 p. 2 v.|Luís de Camões, 1524-1580|||Antonio Nervi, 1760-1836, Tradutor|||CAM. 408 V.|CAM500|http://id.bnportugal.gov.pt/bib/catbnp/455268|Livre
455268|https://purl.pt/42934||Livro impresso|Italiano|Português|I Lusiadi|||Seconde edizione illustrata con note di D. B.|Milano : Societá Tipog. dei Classici Italiani|1821|1821|XXXX, 517, 1 p. 2 v.|Luís de Camões, 1524-1580|||Antonio Nervi, 1760-1836, Tradutor|||CAM. 408 V.|CAM500|http://id.bnportugal.gov.pt/bib/catbnp/455268|Livre
455268|https://purl.pt/42934||Livro impresso|Italiano|Português|I Lusiadi|||Seconde edizione illustrata con note di D. B.|Milano : Societá Tipog. dei Classici Italiani|1821|1821|XXXX, 517, 1 p. 2 v.|Luís de Camões, 1524-1580|||Antonio Nervi, 1760-1836, Tradutor|||CAM. 408 V.|CAM500|http://id.bnportugal.gov.pt/bib/catbnp/455268|Livre
455275|https://purl.pt/42943||Livro impresso|Português||Obras completas de Luis de Camões|||1.ª ed.|Lisboa : s.n.|1843|1843|3 t.|Luís de Camões, 1524-1580|||José Vitorino Barreto Feio, 1782-1850, Compilador ; José Gomes Monteiro, 1807-1879, Compilador|||CAM. 410 V.|CAM500|http://id.bnportugal.gov.pt/bib/catbnp/455275|Livre
458290|https://purl.pt/43921||Livro impresso|Português ; Francês|Português|A ilha de Venus|episodio extrahido do nono canto dos Lusiadas||1.ª ed.|Porto : Livraria Camões de Fernandes Possas|1890|1890|VII, 1 br., 38, 2 p.|Luís de Camões, 1524-1580|||P. L. M. Baour-Lormian, 1770-1854, Tradutor ; M. Parsival Grandmaison, Tradutor ; Brito Aranha, 1833-1914, Antigo possuidor|||CAM. 129 A.|CAM500|http://id.bnportugal.gov.pt/bib/catbnp/458290|Livre
458655|https://purl.pt/42928||Livro impresso|Português||Florilegio camoneano|||1.ª ed.|Porto : Livr. Camões|1887|1887|8 T.|||||||CAM. 152 A.|CAM500|http://id.bnportugal.gov.pt/bib/catbnp/458655|Livre
458655|https://purl.pt/42928||Livro impresso|Português||Florilegio camoneano|||1.ª ed.|Porto : Livr. Camões|1887|1887|8 T.|||||||CAM. 152 A.|CAM500|http://id.bnportugal.gov.pt/bib/catbnp/458655|Livre
458655|https://purl.pt/42928||Livro impresso|Português||Florilegio camoneano|||1.ª ed.|Porto : Livr. Camões|1887|1887|8 T.|||||||CAM. 152 A.|CAM500|http://id.bnportugal.gov.pt/bib/catbnp/458655|Livre
458655|https://purl.pt/42928||Livro impresso|Português||Florilegio camoneano|||1.ª ed.|Porto : Livr. Camões|1887|1887|8 T.|||||||CAM. 152 A.|CAM500|http://id.bnportugal.gov.pt/bib/catbnp/458655|Livre
458655|https://purl.pt/42928||Livro impresso|Português||Florilegio camoneano|||1.ª ed.|Porto : Livr. Camões|1887|1887|8 T.|||||||CAM. 152 A.|CAM500|http://id.bnportugal.gov.pt/bib/catbnp/458655|Livre
458655|https://purl.pt/42928||Livro impresso|Português||Florilegio camoneano|||1.ª ed.|Porto : Livr. Camões|1887|1887|8 T.|||||||CAM. 152 A.|CAM500|http://id.bnportugal.gov.pt/bib/catbnp/458655|Livre
465606|https://purl.pt/43836||Livro impresso|Inglês||Sonnets|||1.ª ed.|Newcastle upon Tinet : Impr. by M. A. Richardson|1845|1845|16 p.|John Adamson, 1787-1851||| Sucena, 1850-?, Antigo possuidor|||CAM. 674 V.|CAM500|http://id.bnportugal.gov.pt/bib/catbnp/465606|Livre
471392|https://purl.pt/43854||Livro impresso|Italiano||Camões|musica||1.ª ed.|Lisboa : s.n.|1857|1857|36 p.|Luigi Farina||||||CAM. 1451 V.|CAM500|http://id.bnportugal.gov.pt/bib/catbnp/471392|Livre
475171|https://purl.pt/43413||Livro manuscrito|Latim|Português|Ludouici Camoenij Lusitani libri X ex materno rhythmico in latinum & virgilianu carmen à D. Andrea Baiano Lusiada Orientali traducti & ab eodem manuscripti. Anno jubilei CIICXXV 1625|||1.ª ed.||1625|1625|24, 383 p.|Luís de Camões, 1524-1580|||André Baião, 1566-1639, Tradutor|||F. 9|CAM500|http://id.bnportugal.gov.pt/bib/catbnp/475171|Livre
475214|https://purl.pt/43856||Livro impresso|Hebraico antigo ; Francês||Inês de Castro|episode des Lusiades ...||1.ª ed.|Lisbonne : Imp. Nationale|1892|1892|XI, 24 p.|Luís de Camões, 1524-1580|||Ernesto Jardim de Vilhena, 1876-1967, Antigo possuidor ; Joseph Benoliel, 1873-1932, Tradutor ; Lazare Eliezer Wogue, 1817-1897, Comentador (em meio audiovisual)||Congresso Internacional dos Orientalistas, Organizador de conferência|H.G. 7378//5 V.|CAM500|http://id.bnportugal.gov.pt/bib/catbnp/475214|Livre
475453|https://purl.pt/43768||Periódico|Português||Recreio musical|album de musicas para piano||1.ª ed.|Lisboa : s.n.|1880|1880||||||||CAM. 83//1 A.|CAM500|http://id.bnportugal.gov.pt/bib/catbnp/475453|Livre
475458|https://purl.pt/43675||Livro impresso|Português||Os Lusíadas|musica para piano e canto||1.ª ed.|Lisboa : Verol Senior|1880|1880|1 partitura 5 p.|Augusto José de Carvalho, 1848-1910||Luís de Camões, 1524-1580||||C.I.C. 140 A.|PRR2022|http://id.bnportugal.gov.pt/bib/catbnp/475458|Livre
476957|https://purl.pt/43755||Livro impresso|Português||Os Lusiadas|||Ed. popular gratuita|Lisboa : Emp. do Diario de Noticias|1880|1880|17, 1 p.|Luís de Camões, 1524-1580||||||CAM. 25 A.|CAM500|http://id.bnportugal.gov.pt/bib/catbnp/476957|Livre
479076|https://purl.pt/42929||Periódico|Polaco||Tygodnik Illustrowany|||1.ª ed.|Warszawa : drukiem J. Ungra|1880|1880|||||J. Lenike, Editor literário|||CAM. 80//63 A.|CAM500|http://id.bnportugal.gov.pt/bib/catbnp/479076|Livre
479079|https://purl.pt/42930||Periódico|Polaco||Tygodnik Powszechny|||1.ª ed.|Warszawa : drukarni S. Orgelbrando Synow|1880|1880|||||Maurycy Orgelbrand, Editor literário|||CAM. 80//65 A.|CAM500|http://id.bnportugal.gov.pt/bib/catbnp/479079|Livre
480058|https://purl.pt/43673||Periódico|Português||Jornal do Commercio|||1.ª ed.|Rio de Janeiro : s.n.|1880|1880|||||Júlio Constâncio de Villeneuve, Director|||CAM. 80//71 A.|CAM500|http://id.bnportugal.gov.pt/bib/catbnp/480058|Livre
357297|https://purl.pt/43384||Livro impresso|Português||Os Lusíadas|||Nova edição correcta, e dada á luz, conforme á de 1817, in-4º|Paris : na officina typographica de Firmino Didot...|1817|1817|CX, 420 p.|Luís de Camões, 1524-1580|||Morgado de Mateus, 1758-1825, Editor literário ; Firmin Didot, fl. 1789-1829, Impressor ; Tomás Norton, 1804-1860, Antigo possuidor|||CAM. 6 V.|CAM500|http://id.bnportugal.gov.pt/bib/catbnp/357297|Livre
601741|https://purl.pt/1066||Iconografia|Francês||Camoens|||1.ª ed.|La Haye : van Lier fréres|1860|1860|1 gravura|||||||PURL 1066/0||http://id.bnportugal.gov.pt/bib/catbnp/601741|Livre
604127|https://purl.pt/27537||Cartografia|Português||Carta da geographia dos Lusiadas|dedicada a S.M. El-rei D. Luis I||1.ª ed.|Lisboa : Litografia da Imprensa Nacional|1883|1883|1 mapa|António Cardoso Borges de Figueiredo, 1851?-1890|||Luís de Camões, 1524-1580, Antecedente bibliográfico|||C.C. 1054 R.||http://id.bnportugal.gov.pt/bib/catbnp/604127|Livre
613457|https://purl.pt/43563||Iconografia|Português||Camões|||1.ª ed.|S.l. : s.n.|1968|1968|1 imagem|||||||E. 3525 P.|CAM500|http://id.bnportugal.gov.pt/bib/catbnp/613457|Livre
614521|https://purl.pt/1127||Iconografia|Português||Luiz de Camões|||1.ª ed.|Lisboa : Imprensa Nacional|1873|1873|1 gravura|Joaquim Pedro de Sousa, 1822-1878||||||PURL 1127/0||http://id.bnportugal.gov.pt/bib/catbnp/614521|Livre
626460|https://purl.pt/12554||Iconografia|Francês||Camoens|||1.ª ed.|Paris : s.n.|1846|1846|1 gravura|Augustin François Lemaitre, 1797-1870||||||PURL 12554/0||http://id.bnportugal.gov.pt/bib/catbnp/626460|Livre
626703|https://purl.pt/12562||Iconografia|Alemão||Camoëns im Gefangnisse zu Goa|||1.ª ed.|S.l. : s.n.|1840|1840|1 gravura|Andrew Duncan, 1795-?|||Charles Florent Léon Moreaux, 1815-?, Antecedente bibliográfico|||PURL 12562/0||http://id.bnportugal.gov.pt/bib/catbnp/626703|Livre
636335|https://purl.pt/5762||Iconografia|Português||Á memoria do immortal cantor das glorias portuguezas|||1.ª ed.|Lisboa : s.n.|1880|1880|1 gravura|||||||PURL 5762/0||http://id.bnportugal.gov.pt/bib/catbnp/636335|Livre
636337|https://purl.pt/5763||Iconografia|Português||10 de Junho de 1880|||1.ª ed.|Lisboa : s.n.|1880|1880|1 gravura|||||||PURL 5763/0||http://id.bnportugal.gov.pt/bib/catbnp/636337|Livre
636371|https://purl.pt/5756||Iconografia|Português||Camões na gruta de Macau|homenagem do Diario de Portugal a Luiz de Camões||1.ª ed.|S.l. : s.n.|1880|1880|1 gravura| Cardon, ca 1880|||Francisco Augusto Metrass, 1825-1861, Antecedente bibliográfico|||PURL 5756/0|OChina|http://id.bnportugal.gov.pt/bib/catbnp/636371|Livre
636385|https://purl.pt/5757||Iconografia|Português||Monumento a Camões|||1.ª ed.|S.l. : s.n.|1868|1868|1 gravura|Joaquim Pedro de Sousa, 1822-1878|||Silêncio Cristão de Barros, 1798-1867, Impressor de ilustrações em chapa gravada|||PURL 5757/0|CAM500|http://id.bnportugal.gov.pt/bib/catbnp/636385|Livre
636389|https://purl.pt/5761||Iconografia|Português||O tempo levando os Lusíadas à posteridade|||1.ª ed.|S.l. : s.n.|1880|1880|1 gravura|J. Medeiros, ca. 18- -||||||PURL 5761/0||http://id.bnportugal.gov.pt/bib/catbnp/636389|Livre
637133|https://purl.pt/4762||Iconografia|Português||Epitome da vida de Luiz de Camoens|||1.ª ed.|Lisboa : s.n.|1808|1808|1 gravura|João Cardini, fl. 1804-1825?||||||PURL 4762/0||http://id.bnportugal.gov.pt/bib/catbnp/637133|Livre
637139|https://purl.pt/4760||Iconografia|Português||Ao tricentenário de Luiz de Camões|aos 10 de Junho de 1880, Rio de Janeiro||1.ª ed.|Rio de Janeiro : s.n.|1880|1880|1 gravura||||||Litografia António Lobo & Companhia|PURL 4760/0||http://id.bnportugal.gov.pt/bib/catbnp/637139|Livre
665442|https://purl.pt/5904||Iconografia|||Tricentenário de Camões|||1.ª ed.|S.l. : s.n.|1880|1880|1 gravura|||||||PURL 5904/0||http://id.bnportugal.gov.pt/bib/catbnp/665442|Livre|
700486|https://purl.pt/6773||Iconografia|Português||Camões lendo os Lusíadas a D. Sebastião|||1.ª ed.|Lisboa : s.n.|1893|1893|1 gravura|António Ramalho, 1858-1916|||||Litografia de Portugal, Impressor|PURL 6773/0||http://id.bnportugal.gov.pt/bib/catbnp/700486|Livre
700487|https://purl.pt/6771||Iconografia|Português||Camões no leito de morte|||1.ª ed.|Lisboa : s.n.|1861|1861|1 gravura| Cupertino, fl. 1860||||||PURL 6771/0||http://id.bnportugal.gov.pt/bib/catbnp/700487|Livre
704429|https://purl.pt/1227||Iconografia|Português||Os Lusíadas|ilustração||1.ª ed.||1900|1900|1 desenho|Alfredo Roque Gameiro, 1864-1935||||||PURL 1227/0||http://id.bnportugal.gov.pt/bib/catbnp/704429|Livre
709106|https://purl.pt/6901||Iconografia|Português||Luiz de Camões|||1.ª ed.|S.l. : s.n.|1878|1878|1 gravura| Grossi, ca 1880||||||PURL 6901/0||http://id.bnportugal.gov.pt/bib/catbnp/709106|Livre
709129|https://purl.pt/6844||Iconografia|Português||Vasco da Gama apresenta a D. Manuel as primicias da India|Entraram pela foz do Tejo ameno... Lusiadas, canto X, est. 144||1.ª ed.|Lisboa ; : João Romano Torres|1890|1890|1 imagem||||Luís de Camões, 1524-1580, Autor em citações ou excertos de textos ; José Pires Marinho, 1857-1929?, Técnico gráfico ; João Romano Torres, 1855-1935, Editor comercial|||PURL 6844/0||http://id.bnportugal.gov.pt/bib/catbnp/709129|Livre
729122|https://purl.pt/12937||Iconografia|Latim||Ludovicus Camonius, Lusitanus epicorum poetar, in Hispania Princeps, vixit an. LV. obiit an M.DLXXIX|||1.ª ed.|Lisboa : na Officina Luisiana|1779|1779|1 gravura|António Fernandes Rodrigues, 1727-1807|||||Oficina Luisiana, Impressor|PURL 12937/0||http://id.bnportugal.gov.pt/bib/catbnp/729122|Livre
730341|https://purl.pt/12929||Iconografia|Francês||Camoens|||1.ª ed.|Paris : Furne|1841|1841|1 gravura|François Adolphe Bruneau Audibran, 1810-?||||||PURL 12929/0||http://id.bnportugal.gov.pt/bib/catbnp/730341|Livre
733501|https://purl.pt/12938||Iconografia|Inglês||Luis de Camoens|||1.ª ed.|London : Longman|1820|1820|1 gravura|William Skelton, 1763-1848||||||PURL 12938/0|PCulture|http://id.bnportugal.gov.pt/bib/catbnp/733501|Livre
742171|https://purl.pt/43810||Livro impresso|Francês||Les Lusiades|||1.ª ed.|Lisboa : Tip da Comp. Nacional Editora|1889|1889|338 p.|Luís de Camões, 1524-1580|||Hyacinthe Garin, Editor literário|||L. 5855 A.|CAM500|http://id.bnportugal.gov.pt/bib/catbnp/742171|Livre
742171|https://purl.pt/43810||Livro impresso|Francês||Les Lusiades|||1.ª ed.|Lisboa : Tip da Comp. Nacional Editora|1889|1889|338 p.|Luís de Camões, 1524-1580|||Hyacinthe Garin, Editor literário|||L. 5855 A.|CAM500|http://id.bnportugal.gov.pt/bib/catbnp/742171|Livre
764770|https://purl.pt/42608||Livro impresso|Português||Os Lusiadas|||1.ª ed.|Em Lisboa : por Pedro Crasbeeck : com privilegio, à custa de Domingos Fernandez livreyro|1609|1609|2, 186 f.|Luís de Camões, 1524-1580|||Rodrigo da Cunha, 1577-1643, Personalidade a quem é dedicada a obra ; Luís de Sousa, 1555-1632, Autor ; Pedro da Silva e Mendonça, Autor ; Torquato Tasso, 1544-1595, Autor ; Diogo Taborda Leitão, 15--, Autor ; Tomás Tamayo de Vargas, 1588-1641, Autor ; Diogo Bernardes, ca 1530-1596, Autor ; Pedro Craesbeeck, fl. 1597-1632, Impressor ; Tomás Norton, 1804-1860, Antigo possuidor ; Domingos Fernandes, 15---16--, Editor comercial ; Domingos da Costa Barreto, Antigo possuidor ; António Lourenço Caminha, ?-1831, Antigo possuidor|||F. 2553|CAM500|http://id.bnportugal.gov.pt/bib/catbnp/764770|Livre
767226|https://purl.pt/43749||Livro impresso|Português||Os Lusiadas|poema épico...||Nova ed. cuidadosamente revista e conforme às de 1572, precedida da biografia do poeta e seguida de um dicionário dos nomes próprios|Lisboa : Livr. António Maria Pereira|1875|1875|XVIII, 457, 6 p.|Luís de Camões, 1524-1580||||||CAM. 566 P.|CAM500|http://id.bnportugal.gov.pt/bib/catbnp/767226|Livre
767525|https://purl.pt/43772||Livro impresso|Português||Á memoria de Luiz de Camões|301.º anniversario do fallecimento do grande épico||1.ª ed.|Loanda : Tip. do Mercantil|1881|1881|26, 2 p.||Sociedade Propagadora de Conhecimentos Geográfico-Africanos||Ernesto Jardim de Vilhena, 1876-1967, Antigo possuidor|||H.G. 12224//6 V.|CAM500|http://id.bnportugal.gov.pt/bib/catbnp/767525|Livre
782745|https://purl.pt/43415||Livro impresso|Português||Os Lusiadas|poema épico||Nova ed|Porto : Livr. Ed. Cruz Coutinho|1889|1889|XII, 480 p.|Luís de Camões, 1524-1580||||||CAM. 709 P.|CAM500|http://id.bnportugal.gov.pt/bib/catbnp/782745|Livre
784907|https://purl.pt/43424||Livro impresso|Português||Lusiadas de Luis de Camões a que se ajuntam a vida do Poeta, hum argumento historico dos Lusiadas... com 10 estampas|||1.ª ed.|Lisboa : Tip. de Eugénio Augusti|1836|1836||Luís de Camões, 1524-1580||||||CAM. 738 P.|CAM500|http://id.bnportugal.gov.pt/bib/catbnp/784907|Livre
784907|https://purl.pt/43424||Livro impresso|Português||Lusiadas de Luis de Camões a que se ajuntam a vida do Poeta, hum argumento historico dos Lusiadas... com 10 estampas|||1.ª ed.|Lisboa : Tip. de Eugénio Augusti|1836|1836||Luís de Camões, 1524-1580||||||CAM. 738 P.|CAM500|http://id.bnportugal.gov.pt/bib/catbnp/784907|Livre
784907|https://purl.pt/43424||Livro impresso|Português||Lusiadas de Luis de Camões a que se ajuntam a vida do Poeta, hum argumento historico dos Lusiadas... com 10 estampas|||1.ª ed.|Lisboa : Tip. de Eugénio Augusti|1836|1836||Luís de Camões, 1524-1580||||||CAM. 738 P.|CAM500|http://id.bnportugal.gov.pt/bib/catbnp/784907|Livre
784907|https://purl.pt/43424||Livro impresso|Português||Lusiadas de Luis de Camões a que se ajuntam a vida do Poeta, hum argumento historico dos Lusiadas... com 10 estampas|||1.ª ed.|Lisboa : Tip. de Eugénio Augusti|1836|1836||Luís de Camões, 1524-1580||||||CAM. 738 P.|CAM500|http://id.bnportugal.gov.pt/bib/catbnp/784907|Livre
784907|https://purl.pt/43424||Livro impresso|Português||Lusiadas de Luis de Camões a que se ajuntam a vida do Poeta, hum argumento historico dos Lusiadas... com 10 estampas|||1.ª ed.|Lisboa : Tip. de Eugénio Augusti|1836|1836||Luís de Camões, 1524-1580||||||CAM. 738 P.|CAM500|http://id.bnportugal.gov.pt/bib/catbnp/784907|Livre
784907|https://purl.pt/43424||Livro impresso|Português||Lusiadas de Luis de Camões a que se ajuntam a vida do Poeta, hum argumento historico dos Lusiadas... com 10 estampas|||1.ª ed.|Lisboa : Tip. de Eugénio Augusti|1836|1836||Luís de Camões, 1524-1580||||||CAM. 738 P.|CAM500|http://id.bnportugal.gov.pt/bib/catbnp/784907|Livre
784907|https://purl.pt/43424||Livro impresso|Português||Lusiadas de Luis de Camões a que se ajuntam a vida do Poeta, hum argumento historico dos Lusiadas... com 10 estampas|||1.ª ed.|Lisboa : Tip. de Eugénio Augusti|1836|1836||Luís de Camões, 1524-1580||||||CAM. 738 P.|CAM500|http://id.bnportugal.gov.pt/bib/catbnp/784907|Livre
784907|https://purl.pt/43424||Livro impresso|Português||Lusiadas de Luis de Camões a que se ajuntam a vida do Poeta, hum argumento historico dos Lusiadas... com 10 estampas|||1.ª ed.|Lisboa : Tip. de Eugénio Augusti|1836|1836||Luís de Camões, 1524-1580||||||CAM. 738 P.|CAM500|http://id.bnportugal.gov.pt/bib/catbnp/784907|Livre
784907|https://purl.pt/43424||Livro impresso|Português||Lusiadas de Luis de Camões a que se ajuntam a vida do Poeta, hum argumento historico dos Lusiadas... com 10 estampas|||1.ª ed.|Lisboa : Tip. de Eugénio Augusti|1836|1836||Luís de Camões, 1524-1580||||||CAM. 738 P.|CAM500|http://id.bnportugal.gov.pt/bib/catbnp/784907|Livre
784907|https://purl.pt/43424||Livro impresso|Português||Lusiadas de Luis de Camões a que se ajuntam a vida do Poeta, hum argumento historico dos Lusiadas... com 10 estampas|||1.ª ed.|Lisboa : Tip. de Eugénio Augusti|1836|1836||Luís de Camões, 1524-1580||||||CAM. 738 P.|CAM500|http://id.bnportugal.gov.pt/bib/catbnp/784907|Livre
784907|https://purl.pt/43424||Livro impresso|Português||Lusiadas de Luis de Camões a que se ajuntam a vida do Poeta, hum argumento historico dos Lusiadas... com 10 estampas|||1.ª ed.|Lisboa : Tip. de Eugénio Augusti|1836|1836||Luís de Camões, 1524-1580||||||CAM. 738 P.|CAM500|http://id.bnportugal.gov.pt/bib/catbnp/784907|Livre
785080|https://purl.pt/43416||Livro impresso|Inglês|Português|Poems from the portuguese|||A new ed|London : Printed for James Carpenter and Son|1824|1824|157 p.|Luís de Camões, 1524-1580||| Strangford, 1780-1855, Tradutor|||CAM. 753 P.|CAM500|http://id.bnportugal.gov.pt/bib/catbnp/785080|Livre
788850|https://purl.pt/43407||Livro impresso|Francês|Português|Poésies|||1.ª ed.|Bruxelles : Impr. de Vandoren Fréres|1828|1828|XLV, 229 p.|Luís de Camões, 1524-1580||| Strangford, 1780-1855, Tradutor ; B. Barère, Tradutor|||CAM. 843 P.|CAM500|http://id.bnportugal.gov.pt/bib/catbnp/788850|Livre
788899|https://purl.pt/43414||Livro impresso|Inglês|Francês|Classical descriptions of love, from the mort celebrated epic poets|Homer, Ariosto, Tasso, Milton and Camoens||1.ª ed.|London : J. Blacklock|1809|1809|224 p.||||M. Parsival Grandmaison, Tradutor|||CAM. 845 P.|CAM500|http://id.bnportugal.gov.pt/bib/catbnp/788899|Livre
798614|https://purl.pt/43421||Livro impresso|Inglês|Português|The Lusiad|||1.ª ed.|London : T. & W. Boone|1854|1854|310 p.|Luís de Camões, 1524-1580|||T. Livingston Mitchell, Tradutor|||CAM. 955 P.|CAM500|http://id.bnportugal.gov.pt/bib/catbnp/798614|Livre
798623|https://purl.pt/42612||Livro impresso|Inglês|Português|Poems|||1.ª ed.|London : James Carpenter|1803|1803|159 p.|Luís de Camões, 1524-1580||| Strangford, 1780-1855, Tradutor|||CAM. 957 P.|CAM500|http://id.bnportugal.gov.pt/bib/catbnp/798623|Livre
798863|https://purl.pt/43430||Livro impresso|Português||Os Lusiadas|poema epico||Nova ed. correcta|Pernambuco : Tip. de Santos & Comp.|1843|1843|391 p.|Luís de Camões, 1524-1580||||||CAM. 977 P.|CAM500|http://id.bnportugal.gov.pt/bib/catbnp/798863|Livre
798864|https://purl.pt/43423||Livro impresso|Português||Os Lusiadas|epopeia||Ed. popular, conforme a 2ª de 1572 com um prospecto chronologico da vida do poeta, as variações e estâncias omittidas|Porto : Impr. Portuguesa|1870|1870|XXIV, 449 p.|Luís de Camões, 1524-1580||||||CAM. 978 P.|CAM500|http://id.bnportugal.gov.pt/bib/catbnp/798864|Livre
798881|https://purl.pt/43139||Livro impresso|Português||A lyra de Camões|||1.ª ed.|Porto : Impr. Portugueza|1883|1883|8 p.|Ariosto Machado, ca 18--||||||CAM. 993 P.|CAM500|http://id.bnportugal.gov.pt/bib/catbnp/798881|Livre
800848|https://purl.pt/43379||Livro impresso|Português ; Alemão|Português|Alma minha gentil|||1.ª ed.|Porto : Impr. Ferreira de Brito|1883|1883|4 f.|Luís de Camões, 1524-1580|||Wilhelm Storck, 1829-1905, Tradutor|||CAM. 1048 P.|CAM500|http://id.bnportugal.gov.pt/bib/catbnp/800848|Livre
800863|https://purl.pt/42945||Livro impresso|Português||Rimas de João Xavier de Matos, entre os pastores da Arcadia Portuense Albano Erithreo, dedicadas à memoria do Grande Luiz de Camões, Principe dos Poetas Portugueses|||1.ª ed.|Lisboa : na Regia Off. Typ.|1800|1800|2 v.|João Xavier de Matos, 1730-1789|||Caetano de Lima e Melo, Editor literário|||CAM. 1058 P.|CAM500|http://id.bnportugal.gov.pt/bib/catbnp/800863|Livre
800870|https://purl.pt/43887||Livro impresso|Português||Sonetos a Dona Ignez de Castro|||1.ª ed.|Lisboa : na Officina de Filippe da Silva e Azevedo|1784|1784|15, 1 br. p.|António Ribeiro dos Santos, 1745-1818|||Filipe da Silva e Azevedo, fl. 1745-1793, Impressor|||H.G. 9789//6 P.|CAM500|http://id.bnportugal.gov.pt/bib/catbnp/800870|Livre
801047|https://purl.pt/43383||Livro impresso|Português||Homenagem a Luís de Camões|tricentenario 10 de Junho de 1880||1.ª ed.|Lisboa : s.n.|1880|1880|2, XIV p.|J. Estevão de Azevedo, ca 1880||||||CAM. 1080 P.|CAM500|http://id.bnportugal.gov.pt/bib/catbnp/801047|Livre
804699|https://purl.pt/43740||Livro impresso|Português||Os Lusiadas|poema epico||Nova ed. correcta e dada à luz conforme a de 1817 in 4º|Paris : Livr. Portugueza de J. P. Aillaud|1836|1836|VI, 2, CX, 420 p.|Luís de Camões, 1524-1580|||Morgado de Mateus, 1758-1825, Editor literário|||CAM. 14 V.|CAM500|http://id.bnportugal.gov.pt/bib/catbnp/804699|Livre
804707|https://purl.pt/43403||Livro impresso|Português||Os Lusiadas|poema epico restituido à sua primitiva linguagem, auctorisada com exemplos extrahidos dos escriptores contemporaneos a Camões, augmentado com a vida deste poeta, uma noticia ácerca de Vasco da Gama, as estancias e lições achadas||1.ª ed.|Paris : na Livr. Europea de Baudry|1840|1840|XXXIV, 585, 1 p.|Luís de Camões, 1524-1580|||Manuel de Faria e Sousa, 1590-1649, Autor da introdução, etc. ; José da Fonseca, 1788-1866, Autor da introdução, etc.|||CAM. 15 V.|CAM500|http://id.bnportugal.gov.pt/bib/catbnp/804707|Livre
804707|https://purl.pt/43403||Livro impresso|Português||Os Lusiadas|poema epico restituido à sua primitiva linguagem, auctorisada com exemplos extrahidos dos escriptores contemporaneos a Camões, augmentado com a vida deste poeta, uma noticia ácerca de Vasco da Gama, as estancias e lições achadas||1.ª ed.|Paris : na Livr. Europea de Baudry|1840|1840|XXXIV, 585, 1 p.|Luís de Camões, 1524-1580|||Manuel de Faria e Sousa, 1590-1649, Autor da introdução, etc. ; José da Fonseca, 1788-1866, Autor da introdução, etc.|||CAM. 15 V.|CAM500|http://id.bnportugal.gov.pt/bib/catbnp/804707|Livre
804731|https://purl.pt/42825||Livro impresso|Português||Obras de Luiz de Camões|precedidas de um ensaio biographico, no qual se relatam alguns factos não conhecidos da sua vida augmentadas com algumas composições ineditas do poeta pelo Visconde de Juromenha||1.ª ed.|Lisboa : Imprensa Nacional|1860|1860|6 vol.|Luís de Camões, 1524-1580||| Juromenha, 1807-1887, Autor da introdução, etc.|||L. 11176 V.|CAM500|http://id.bnportugal.gov.pt/bib/catbnp/804731|Livre
804731|https://purl.pt/42825||Livro impresso|Português||Obras de Luiz de Camões|precedidas de um ensaio biographico, no qual se relatam alguns factos não conhecidos da sua vida augmentadas com algumas composições ineditas do poeta pelo Visconde de Juromenha||1.ª ed.|Lisboa : Imprensa Nacional|1860|1860|6 vol.|Luís de Camões, 1524-1580||| Juromenha, 1807-1887, Autor da introdução, etc.|||L. 11176 V.|CAM500|http://id.bnportugal.gov.pt/bib/catbnp/804731|Livre
804731|https://purl.pt/42825||Livro impresso|Português||Obras de Luiz de Camões|precedidas de um ensaio biographico, no qual se relatam alguns factos não conhecidos da sua vida augmentadas com algumas composições ineditas do poeta pelo Visconde de Juromenha||1.ª ed.|Lisboa : Imprensa Nacional|1860|1860|6 vol.|Luís de Camões, 1524-1580||| Juromenha, 1807-1887, Autor da introdução, etc.|||L. 11176 V.|CAM500|http://id.bnportugal.gov.pt/bib/catbnp/804731|Livre
804731|https://purl.pt/42825||Livro impresso|Português||Obras de Luiz de Camões|precedidas de um ensaio biographico, no qual se relatam alguns factos não conhecidos da sua vida augmentadas com algumas composições ineditas do poeta pelo Visconde de Juromenha||1.ª ed.|Lisboa : Imprensa Nacional|1860|1860|6 vol.|Luís de Camões, 1524-1580||| Juromenha, 1807-1887, Autor da introdução, etc.|||L. 11176 V.|CAM500|http://id.bnportugal.gov.pt/bib/catbnp/804731|Livre
804731|https://purl.pt/42825||Livro impresso|Português||Obras de Luiz de Camões|precedidas de um ensaio biographico, no qual se relatam alguns factos não conhecidos da sua vida augmentadas com algumas composições ineditas do poeta pelo Visconde de Juromenha||1.ª ed.|Lisboa : Imprensa Nacional|1860|1860|6 vol.|Luís de Camões, 1524-1580||| Juromenha, 1807-1887, Autor da introdução, etc.|||L. 11176 V.|CAM500|http://id.bnportugal.gov.pt/bib/catbnp/804731|Livre
805036|https://purl.pt/42615||Livro impresso|Português||Os Lusiadas...|a primeira edição impressa em vida de Luis de Camões 1572||1.ª ed.|Lisboa : s.n.|1886|1886|10, 38, 1 p.|Luís de Camões, 1524-1580|||Joaquim Eusébio dos Santos, ca 18--, Litógrafo|||CAM. 28 V.||http://id.bnportugal.gov.pt/bib/catbnp/805036|Livre
807561|https://purl.pt/43817||Livro impresso|Italiano|Português|I Lusiadi|poema||1.ª ed.|Milano : presso Carlo Branca|1862|1862|13, XXXIX, 471, 1 p.|Luís de Camões, 1524-1580|||Felice Bellotti, Tradutor ; Giovanni Antonio Maggi, Autor da introdução, etc.|||CAM. 47 V.|CAM500|http://id.bnportugal.gov.pt/bib/catbnp/807561|Livre
807567|https://purl.pt/42617||Livro impresso|Inglês|Português|The Lusiad or the discovery of India|an epic poem||3rd ed|Dublin : printed by Graisberry and Campbell|1791|1791|2 v.|Luís de Camões, 1524-1580|||William Julius Mickle, 1734-1788, Tradutor|||CAM. 48 V.|CAM500|http://id.bnportugal.gov.pt/bib/catbnp/807567|Livre
807675|https://purl.pt/43868||Livro impresso|Italiano|Português|O Soneto de Luis de Camões Alma minha gentil|||Edição de 200 exemplares numerados|Lisboa : Typ. Casa Portugueza|1884|1884|2 f.|Luís de Camões, 1524-1580|||Prospero Peragallo, 1823-1916, Tradutor|||CAM. 62//2 V.|CAM500|http://id.bnportugal.gov.pt/bib/catbnp/807675|Livre
808481|https://purl.pt/43870||Livro impresso|Português||A primeira poesia impressa de Luiz de Camões no livro do Doctor Garcia dOrta intitulado Coloquios dos simples e drogas|||1.ª ed.|Lisboa : s.n.|1887|1887|10, 12 p.|Luís de Camões, 1524-1580|||Teófilo Braga, 1843-1924, Editor literário ; Garcia de Orta, 1499?-1568, Nome associado|||CAM. 284//6 V.|CAM500|http://id.bnportugal.gov.pt/bib/catbnp/808481|Livre
808481|https://purl.pt/43870||Livro impresso|Português||A primeira poesia impressa de Luiz de Camões no livro do Doctor Garcia dOrta intitulado Coloquios dos simples e drogas|||1.ª ed.|Lisboa : s.n.|1887|1887|10, 12 p.|Luís de Camões, 1524-1580|||Teófilo Braga, 1843-1924, Editor literário ; Garcia de Orta, 1499?-1568, Nome associado|||CAM. 284//6 V.|CAM500|http://id.bnportugal.gov.pt/bib/catbnp/808481|Livre
808481|https://purl.pt/43870||Livro impresso|Português||A primeira poesia impressa de Luiz de Camões no livro do Doctor Garcia dOrta intitulado Coloquios dos simples e drogas|||1.ª ed.|Lisboa : s.n.|1887|1887|10, 12 p.|Luís de Camões, 1524-1580|||Teófilo Braga, 1843-1924, Editor literário ; Garcia de Orta, 1499?-1568, Nome associado|||CAM. 284//6 V.|CAM500|http://id.bnportugal.gov.pt/bib/catbnp/808481|Livre
808497|https://purl.pt/43932||Livro impresso|Português ; Italiano|Português|Flores de poesia portugueza|||1.ª ed.|Lisboa : Empreza do Ocidente|1893|1893|86 p.||||Prospero Peragallo, 1823-1916, Tradutor|||CAM. 77 V.|CAM500|http://id.bnportugal.gov.pt/bib/catbnp/808497|Livre
808502|https://purl.pt/42915||Livro impresso|Português ; Italiano|Português|Poesias de Luiz de Camões e outros|||1.ª ed.|Lisboa : Impr. Nacional|1890|1890|2 v.|||Luís de Camões, 1524-1580|Prospero Peragallo, 1823-1916, Tradutor|||CAM. 79 V.|CAM500|http://id.bnportugal.gov.pt/bib/catbnp/808502|Livre
808536|https://purl.pt/42822||Livro impresso|Italiano|Português|Poesie portoghese e sivigliane|||1.ª ed.|Genova : Stablimento Typ. Ved. Papini e Figli|1899|1899|2 v.||||Prospero Peragallo, 1823-1916, Tradutor|||CAM. 84 V.|CAM500|http://id.bnportugal.gov.pt/bib/catbnp/808536|Livre
808536|https://purl.pt/42822||Livro impresso|Italiano|Português|Poesie portoghese e sivigliane|||1.ª ed.|Genova : Stablimento Typ. Ved. Papini e Figli|1899|1899|2 v.||||Prospero Peragallo, 1823-1916, Tradutor|||CAM. 84 V.|CAM500|http://id.bnportugal.gov.pt/bib/catbnp/808536|Livre
808536|https://purl.pt/42822||Livro impresso|Italiano|Português|Poesie portoghese e sivigliane|||1.ª ed.|Genova : Stablimento Typ. Ved. Papini e Figli|1899|1899|2 v.||||Prospero Peragallo, 1823-1916, Tradutor|||CAM. 84 V.|CAM500|http://id.bnportugal.gov.pt/bib/catbnp/808536|Livre
808536|https://purl.pt/42822||Livro impresso|Italiano|Português|Poesie portoghese e sivigliane|||1.ª ed.|Genova : Stablimento Typ. Ved. Papini e Figli|1899|1899|2 v.||||Prospero Peragallo, 1823-1916, Tradutor|||CAM. 84 V.|CAM500|http://id.bnportugal.gov.pt/bib/catbnp/808536|Livre
808536|https://purl.pt/42822||Livro impresso|Italiano|Português|Poesie portoghese e sivigliane|||1.ª ed.|Genova : Stablimento Typ. Ved. Papini e Figli|1899|1899|2 v.||||Prospero Peragallo, 1823-1916, Tradutor|||CAM. 84 V.|CAM500|http://id.bnportugal.gov.pt/bib/catbnp/808536|Livre
808536|https://purl.pt/42822||Livro impresso|Italiano|Português|Poesie portoghese e sivigliane|||1.ª ed.|Genova : Stablimento Typ. Ved. Papini e Figli|1899|1899|2 v.||||Prospero Peragallo, 1823-1916, Tradutor|||CAM. 84 V.|CAM500|http://id.bnportugal.gov.pt/bib/catbnp/808536|Livre
808536|https://purl.pt/42822||Livro impresso|Italiano|Português|Poesie portoghese e sivigliane|||1.ª ed.|Genova : Stablimento Typ. Ved. Papini e Figli|1899|1899|2 v.||||Prospero Peragallo, 1823-1916, Tradutor|||CAM. 84 V.|CAM500|http://id.bnportugal.gov.pt/bib/catbnp/808536|Livre
808766|https://purl.pt/43857||Livro impresso|Sueco|Português|Nãgra dikter|||1.ª ed.|Upsala : Harald Wretmans Boktryckeri|1899|1899|20 p.|Luís de Camões, 1524-1580|||Göran Björkman, 1860-1923, Tradutor|||CAM. 95 V.|CAM500|http://id.bnportugal.gov.pt/bib/catbnp/808766|Livre
810040|https://purl.pt/43815||Livro impresso|Português||Episodio do Gigante Adamastor|Lusiadas, Canto V, Est. XXXVII-LXX||1.ª ed.|Lisboa : Imp. Nacional|1898|1898|48, 1 p.|Joseph Benoliel, 1873-1932|||Ernesto Jardim de Vilhena, 1876-1967, Antigo possuidor|||L. 31751 V.|CAM500|http://id.bnportugal.gov.pt/bib/catbnp/810040|Livre
810055|https://purl.pt/43756||Livro impresso|Português ; Italiano ; Espanhol ; Francês|Português|A epopéa das navegações portuguezas|estrophes||1.ª ed.|Lisboa : Imp. Nacional|1898|1898|27, 5 p.|Xavier da Cunha, 1840-1920|||Ernesto Jardim de Vilhena, 1876-1967, Antigo possuidor ; Prospero Peragallo, 1823-1916, Tradutor ; José Lamarque de Novoa, 1828-1904, Tradutor ; Joseph Benoliel, 1873-1932, Tradutor|||L. 5627 V.|CAM500|http://id.bnportugal.gov.pt/bib/catbnp/810055|Livre
810055|https://purl.pt/43756||Livro impresso|Português ; Italiano ; Espanhol ; Francês|Português|A epopéa das navegações portuguezas|estrophes||1.ª ed.|Lisboa : Imp. Nacional|1898|1898|27, 5 p.|Xavier da Cunha, 1840-1920|||Ernesto Jardim de Vilhena, 1876-1967, Antigo possuidor ; Prospero Peragallo, 1823-1916, Tradutor ; José Lamarque de Novoa, 1828-1904, Tradutor ; Joseph Benoliel, 1873-1932, Tradutor|||L. 5627 V.|CAM500|http://id.bnportugal.gov.pt/bib/catbnp/810055|Livre
810381|https://purl.pt/43913||Livro impresso|Espanhol||Sesion de la Real Academia Española à que asistió S. M. el Emperador del Brasil|||1.ª ed.|Madrid : Imprenta y Estereotipia de M. Rivadeneyra|1873|1873|177, 1 br. p.|Leopoldo Augusto de Cueto, 1815-1901||Juan Valera, 1824-1905, Autor|||Real Academia Española, Editor literário|CAM. 96 V.|CAM500|http://id.bnportugal.gov.pt/bib/catbnp/810381|Livre
847196|https://purl.pt/43757||Livro impresso|Português||Camões|homenagem aos antigos heróis portuguezes e sobre todos ao seu divino cantor Luís de Camões||1.ª ed.|Porto : Typ. Nacional|1880|1880|32 p.|Rosalino Cândido de Sampaio e Brito||||||CAM. 120//1 V.|CAM500|http://id.bnportugal.gov.pt/bib/catbnp/847196|Livre
851350|https://purl.pt/43922||Livro impresso|Português||A leitura dos Lusiadas|||1.ª ed.|Porto : Imprensa Ferreira de Brito|1880|1880|4 f.|Alfredo Campos, 1847-1906||||||CAM. 130//3 V.|CAM500|http://id.bnportugal.gov.pt/bib/catbnp/851350|Livre
852833|https://purl.pt/43927||Livro impresso|Português||O pranto de Camões|||1.ª ed.|Porto : Livraria Civilisação|1891|1891|18 f.|Horácio de Araújo, fl. 1890-1893||||||CAM. 184 V.|CAM500|http://id.bnportugal.gov.pt/bib/catbnp/852833|Livre
859037|https://purl.pt/43752||Livro impresso|Português||Notas para uma edição crítica e comentada dos Lusíadas|||1.ª ed.|Coimbra : Impr. da Universidade|1920|1920|63 p.|José Maria Rodrigues, 1857-1942||||||CAM. 254//4 V.|CAM500|http://id.bnportugal.gov.pt/bib/catbnp/859037|Livre
865410|https://purl.pt/42601||Livro impresso|Português||O brazão do apellido de Camões|||1.ª ed.|Coimbra : Impr. Litteraria|1880|1880||||||||CAM. 289//10 V.|CAM500|http://id.bnportugal.gov.pt/bib/catbnp/865410|Livre
874327|https://purl.pt/43876||Livro impresso|Francês||Épisode dInês de Castro, imité du portugais, de Camoens|||1.ª ed.|Porto : Circulo Camoniano|1890|1890|8 p.|Antoine de Cournand|||Aníbal Fernandes Tomás, 1849-1911|||CAM. 75//2 V.|CAM500|http://id.bnportugal.gov.pt/bib/catbnp/874327|Livre
917387|https://purl.pt/43557||Iconografia|Português||Terceiro Centenário de Camões - Botafogo - Rio de Janeiro|||1.ª ed.|Rio de Janeiro : Com. Promot. do Cent. de Camões|1880|1880|1 gravura|Augusto Off, fl. ca. 1880||||||E. 103 R.|CAM500|http://id.bnportugal.gov.pt/bib/catbnp/917387|Livre
931586|https://purl.pt/43561||Iconografia|||Luís de Camões|||1.ª ed.|S.l. : s.n.|1890|1890|1 rep. de obra de arte|||||||E. 192 R.|CAM500|http://id.bnportugal.gov.pt/bib/catbnp/931586|Livre|
950676|https://purl.pt/12259||Iconografia|Francês||Derniers moments de Camoëns|||1.ª ed.|Paris : s.n.|1840|1840|1 gravura|Lustrel Dulong, 18--|||Jean-Louis Dulong, 1800-1868, Antecedente bibliográfico|||PURL 12259/0||http://id.bnportugal.gov.pt/bib/catbnp/950676|Livre
950691|https://purl.pt/12253||Iconografia|Francês||Le Camoens|||1.ª ed.|Paris : s.n.|1850|1850|1 gravura|Jean-Baptiste Meunier, 1821-1900||H. Degrox, ca 1880, Autor|Gustave Wappers, 1803-1874, Antecedente bibliográfico|||PURL 12253/0||http://id.bnportugal.gov.pt/bib/catbnp/950691|Livre
959409|https://purl.pt/27596||Iconografia|Português||Camões na gruta de Macau|5.º anno||1.ª ed.|Lisboa : s.n.|1866|1866|1 gravura|Francisco Augusto Metrass, 1825-1861|||Joaquim Pedro de Sousa, 1822-1878, Litógrafo ; Domingos Francisco Lopes, fl. 1835-ca 1874, Impressor||Sociedade Promotora das Belas Artes em Portugal, Nome associado|E. 360 R.|OChina|http://id.bnportugal.gov.pt/bib/catbnp/959409|Livre
1025381|https://purl.pt/43841||Livro impresso|Português||Homenagem a Camões|discursos e poesias recitados pelos alumnos e alumnas das aulas da Ordem Terceira do Carmo por ocasião do tricentenário de Camões||1.ª ed.|Porto : Typ. Alexandre da Fonseca Vasconcellos|1880|1880|16 p.||||Alexandre da Fonseca Vasconcelos, 18--|||CAM. 1394 P.|CAM500|http://id.bnportugal.gov.pt/bib/catbnp/1025381|Livre
1044776|https://purl.pt/43556||Iconografia|Português||Os Lusiadas|dedicado à digna Commissão dos Festejos a Camões em 1880||1.ª ed.|Lisboa : V. S.|1880|1880|1 cartaz| Verol Sénior, 1814-1898|||Enrique Casanova, 1850-1913, Técnico gráfico|||CT. 569 V.|CAM500|http://id.bnportugal.gov.pt/bib/catbnp/1044776|Livre
1066418|https://purl.pt/43744||Livro impresso|Português ; Espanhol||Rimas varias|||1.ª ed.|Lisboa : en la Imprenta Craesbeeckiana|1689|1689|4, 207, 1 br., 339 p.|Luís de Camões, 1524-1580|||Garcia de Melo, ?- 1706, Personalidade a quem é dedicada a obra ; António Craesbeeck de Melo, fl. 1685, Autor da dedicatória ; Manuel de Faria e Sousa, 1590-1649, Comentador (em meio audiovisual) ;  Gama, fl. séc. 18, Antigo possuidor ; Joaquim José Ferreira Gordo, 1758-1838, Antigo possuidor ; Leão de Araújo Silva, fl. séc. 18, Antigo possuidor||Oficina Craesbeeckiana, Impressor|CAM. 10 A.|CAM500|http://id.bnportugal.gov.pt/bib/catbnp/1066418|Livre
1066418|https://purl.pt/43744||Livro impresso|Português ; Espanhol||Rimas varias|||1.ª ed.|Lisboa : en la Imprenta Craesbeeckiana|1689|1689|4, 207, 1 br., 339 p.|Luís de Camões, 1524-1580|||Garcia de Melo, ?- 1706, Personalidade a quem é dedicada a obra ; António Craesbeeck de Melo, fl. 1685, Autor da dedicatória ; Manuel de Faria e Sousa, 1590-1649, Comentador (em meio audiovisual) ;  Gama, fl. séc. 18, Antigo possuidor ; Joaquim José Ferreira Gordo, 1758-1838, Antigo possuidor ; Leão de Araújo Silva, fl. séc. 18, Antigo possuidor||Oficina Craesbeeckiana, Impressor|CAM. 10 A.|CAM500|http://id.bnportugal.gov.pt/bib/catbnp/1066418|Livre
1073960|https://purl.pt/43436||Livro impresso|Italiano||Camoens|dramma lirico in tre atti da rappresentarsi nel Regio Teatro il Carnevale Quaresima 1852 alla presenza delle IL. SS. RR. MM.||1.ª ed.|Torino : Off. Tipografica e Litografica di Giuseppe Fodratti|1852|1852|10, 52 p.||||Antonio Cortesi, fl. 1823-1852, Libretista ; Gualtiero Sanelli, 1816-1861, Maestro ; Andrea Codedó, 18--, Libretista|||CAM. 1475 P.|CAM500|http://id.bnportugal.gov.pt/bib/catbnp/1073960|Livre
1076546|https://purl.pt/42613||Periódico|Português||Almanach Camões para...|||1.ª ed.|Porto : Empreza do Semanario "O Camões"|1882|1882|||||António Augusto Leal, ca 18 --, Autor da introdução, etc.|||TR. 6015//1 P.|CAM500|http://id.bnportugal.gov.pt/bib/catbnp/1076546|Livre
1076546|https://purl.pt/42613||Periódico|Português||Almanach Camões para...|||1.ª ed.|Porto : Empreza do Semanario "O Camões"|1882|1882|||||António Augusto Leal, ca 18 --, Autor da introdução, etc.|||TR. 6015//1 P.|CAM500|http://id.bnportugal.gov.pt/bib/catbnp/1076546|Livre
1076546|https://purl.pt/42613||Periódico|Português||Almanach Camões para...|||1.ª ed.|Porto : Empreza do Semanario "O Camões"|1882|1882|||||António Augusto Leal, ca 18 --, Autor da introdução, etc.|||TR. 6015//1 P.|CAM500|http://id.bnportugal.gov.pt/bib/catbnp/1076546|Livre
1306834|https://purl.pt/6233||Iconografia|Francês||Grotte du Camoens dans le jardin de M. Perira, a Macao Chine|||1.ª ed.|S.l. : s.n.|1845|1845|1 gravura|Louis-Philippe-Alphonse Bichebois, 1801-1850||Alphonse Jean Baptiste Bayot, 1810-?, Autor|Edmond La Touanne, ca 1830, Antecedente bibliográfico|||PURL 6233/0|OChina|http://id.bnportugal.gov.pt/bib/catbnp/1306834|Livre
1313328|https://purl.pt/43574||Periódico|Português||O genio de Camões|Romança||1.ª ed.|Lisboa : J. I. Canongia & C.|1850|1850|Partitura 6 p.|Francisco António Norberto dos Santos Pinto, 1815-1860|||José Romano, 1825-1887, Autor de letras para trechos musicais ; Ernesto Vieira, 1848-1915, Antigo possuidor||J. I. Canongia e C.ª, Editor comercial|M.P.P. 26//1 A.|CAM500|http://id.bnportugal.gov.pt/bib/catbnp/1313328|Livre
1376687|https://purl.pt/31492||Iconografia|Inglês||Old Goa|statue of poet Camoes||1.ª ed.|S.l. : s.n.|1930|1930|1 postal|||||||P.I. 27899 P.||http://id.bnportugal.gov.pt/bib/catbnp/1376687|Livre
1376717|https://purl.pt/43578||Iconografia|Inglês||Camoes Grotto - Macao|||1.ª ed.|Hong Kong : M. Sternberg.|1910|1910|1 postal|||||||P.I. 27904 P.|CAM500|http://id.bnportugal.gov.pt/bib/catbnp/1376717|Livre
1380949|https://purl.pt/13721||Iconografia|Francês||Mort de Camoëns|||1.ª ed.|S.l. : s.n.|1831|1831|1 gravura|Simon Guérin, 1812-1850|||Louis Félix Leullier, 1811-1882, Antecedente bibliográfico||Petit & Bertauts, Impressor|PURL 13721/0||http://id.bnportugal.gov.pt/bib/catbnp/1380949|Livre
1381028|https://purl.pt/13722||Iconografia|Português||Luís de Camões|dequelle cuia lyra sonorosa será mais affamada que ditosa||1.ª ed.|S.l. : s.n.|1890|1890|1 imagem|||François Gérard, 1770-1837, Antecedente bibliográfico ; L. Visconti, ca 1817, Antecedente bibliográfico|Étienne Frédéric Lignon, 1779-1833, Antecedente bibliográfico|||PURL 13722/0|CAM500|http://id.bnportugal.gov.pt/bib/catbnp/1381028|Livre
1381084|https://purl.pt/13740||Iconografia|Português||Exposição de 1843|esbocete modelado em barro pelo Sr. F. de Assis Rodrigues||1.ª ed.|Lisboa : s.n.|1843|1843|1 gravura|António Manuel da Fonseca, 1796-1890||Joaquim António Marques, 1821-1885, Artista|C. Legrand, fl. 1839-1847, Litógrafo ; Francisco de Assis Rodrigues, 1801-1877, Antecedente bibliográfico||Litografia de Manuel Luís da Costa, Impressor|PURL 13740/0||http://id.bnportugal.gov.pt/bib/catbnp/1381084|Livre
1381142|https://purl.pt/13738||Iconografia|Português||Luiz de Camões|||1.ª ed.|Lisboa : s.n.|1841|1841|1 gravura|C. Legrand, fl. 1839-1847|||||Litografia de Manuel Luís da Costa, Impressor|PURL 13738/0||http://id.bnportugal.gov.pt/bib/catbnp/1381142|Livre
1381247|https://purl.pt/13739||Iconografia|Português||Camões|para ser-vos braço as armas feito...||1.ª ed.|Lisboa : s.n.|1841|1841|1 gravura|C. Legrand, fl. 1839-1847|||||Litografia de Manuel Luís da Costa, Impressor|PURL 13739/0||http://id.bnportugal.gov.pt/bib/catbnp/1381247|Livre
1384320|https://purl.pt/15135||Iconografia|Português||Luiz de Camões|||1.ª ed.|S.l. : s.n.|1880|1880|1 gravura|||||||E. 94 P.||http://id.bnportugal.gov.pt/bib/catbnp/1384320|Livre
1651190|https://purl.pt/43564||Iconografia|Latim||In utrunque paratus|fama volans cita...||1.ª ed.|S.l. : s.n.|1880|1880|1 imagem|Jean Charles Allet, ca. 1668-1732?||||||E. 371 P.|CAM500|http://id.bnportugal.gov.pt/bib/catbnp/1651190|Livre
1669786|https://purl.pt/43566||Iconografia|Francês||Lisbonne|bronze de Victor Bastos||1.ª ed.|S.l. : s.n.|1880|1880|1 gravura| E. R., fl. 1880|||Vítor Bastos, 1831-1894, Antecedente bibliográfico|||E. 596 P.|CAM500|http://id.bnportugal.gov.pt/bib/catbnp/1669786|Livre
1671826|https://purl.pt/43555||Iconografia|Português||Semana Camoneana em Lisboa|3 a 10 de Junho de 1924||1.ª ed.|Lisboa : s.n.|1924|1924|1 cartaz|||||||CT. 3944 R.|CAM500|http://id.bnportugal.gov.pt/bib/catbnp/1671826|Livre
1684166|https://purl.pt/43565||Iconografia|Português||Os netos dos varões assignalados...|História seculo XV||1.ª ed.|Lisboa : s.n.|1898|1898|1 gravura|||Tomás Ribeiro, 1831-1901, Autor ; Raphael Bordallo Pinheiro, 1846-1905, Autor|||Litografia da Companhia Nacional Editora, Impressor|E. 5098 P.|CAM500|http://id.bnportugal.gov.pt/bib/catbnp/1684166|Livre
1718418|https://purl.pt/32817||Partitura|Português||Supplica dAmor|||1.ª ed.|Lisboa : Lith. Castro R. Douradores 10|1870|1870|Partitura 4 p.|José Heliodoro Vargas Júnior, 1835-1920|||Luís de Camões, 1524-1580, Autor||Portugal. Conservatório Nacional. Escola de Música, Antigo possuidor|C.N. 1144 A.|CAM500|http://id.bnportugal.gov.pt/bib/catbnp/1718418|Livre
1718418|https://purl.pt/32817||Partitura|Português||Supplica dAmor|||1.ª ed.|Lisboa : Lith. Castro R. Douradores 10|1870|1870|Partitura 4 p.|José Heliodoro Vargas Júnior, 1835-1920|||Luís de Camões, 1524-1580, Autor||Portugal. Conservatório Nacional. Escola de Música, Antigo possuidor|C.N. 1144 A.|CAM500|http://id.bnportugal.gov.pt/bib/catbnp/1718418|Livre
1724855|https://purl.pt/42660||Partitura|Português||Fado Camões|Fado para piano||1.ª ed.|Lisboa : Lith. Palhares T. da Palha 15|1880|1880|Partitura 2 p.|Carlos Augusto Alves Braga, 1842-1888|||||Portugal. Conservatório Nacional. Escola de Música, Antigo possuidor ; Litografia Palhares. Conservatório Nacional. Escola de Música, Impressor|C.N. 1008 A.|CAM500|http://id.bnportugal.gov.pt/bib/catbnp/1724855|Livre
1752559|https://purl.pt/25720||Iconografia|Português||A morte de Camões|||1.ª ed.||1866|1866|1 desenho|Joaquim Pedro de Sousa, 1822-1878||||||D. 327 P.|CAM500|http://id.bnportugal.gov.pt/bib/catbnp/1752559|Livre
1779910|https://purl.pt/43560||Iconografia|Espanhol||Camoens, principe de los poetas portugueses|||1.ª ed.|S.l. : s.n.|1800|1800|1 gravura|||||||E. 1688 P.|CAM500|http://id.bnportugal.gov.pt/bib/catbnp/1779910|Livre
1784317|https://purl.pt/43562||Iconografia|Francês||Le Camoens appuyé sur des debris du vaisseau|||1.ª ed.|S.l. : s.n.|1810|1810|1 gravura||||Horace Vernet, 1789-1863, Antecedente bibliográfico ;  Lefèvre, fl. 18, Impressor ;  Nyon, fl. 18--, Impressor|||E. 3389 P.|CAM500|http://id.bnportugal.gov.pt/bib/catbnp/1784317|Livre
1790475|https://purl.pt/43558||Iconografia|Português||Luiz de Camoes|Apollo portuguez honra de Espanha nasceu 1524, morreo 1570, optimo poetñ Lt. Baro de Dillon dedicavit 1782||1.ª ed.|Lisboa : s.n.|1793|1793|1 gravura||||Tomás José de Aquino, 1718/20-1804, Editor literário ; José Lúcio da Costa, 1763-fl. até 1810, Gravador (aguafortista) ; John Talbot Dillon, 1739-1805, Antecedente bibliográfico|||E. 157 PQ.|CAM500|http://id.bnportugal.gov.pt/bib/catbnp/1790475|Livre
1888900|https://purl.pt/42921||Livro impresso|Português||Os Lusíadas|||1.ª ed.|Rio de Janeiro : Edições de Ouro|1958|1958|788, 12 p.|Luís de Camões, 1524-1580|||Francisco da Silveira Bueno, 1898-, Editor literário|||L. 116593 P.|CAM500|http://id.bnportugal.gov.pt/bib/catbnp/1888900|Livre
1888900|https://purl.pt/42921||Livro impresso|Português||Os Lusíadas|||1.ª ed.|Rio de Janeiro : Edições de Ouro|1958|1958|788, 12 p.|Luís de Camões, 1524-1580|||Francisco da Silveira Bueno, 1898-, Editor literário|||L. 116593 P.|CAM500|http://id.bnportugal.gov.pt/bib/catbnp/1888900|Livre
1888900|https://purl.pt/42921||Livro impresso|Português||Os Lusíadas|||1.ª ed.|Rio de Janeiro : Edições de Ouro|1958|1958|788, 12 p.|Luís de Camões, 1524-1580|||Francisco da Silveira Bueno, 1898-, Editor literário|||L. 116593 P.|CAM500|http://id.bnportugal.gov.pt/bib/catbnp/1888900|Livre
1888900|https://purl.pt/42921||Livro impresso|Português||Os Lusíadas|||1.ª ed.|Rio de Janeiro : Edições de Ouro|1958|1958|788, 12 p.|Luís de Camões, 1524-1580|||Francisco da Silveira Bueno, 1898-, Editor literário|||L. 116593 P.|CAM500|http://id.bnportugal.gov.pt/bib/catbnp/1888900|Livre
1888900|https://purl.pt/42921||Livro impresso|Português||Os Lusíadas|||1.ª ed.|Rio de Janeiro : Edições de Ouro|1958|1958|788, 12 p.|Luís de Camões, 1524-1580|||Francisco da Silveira Bueno, 1898-, Editor literário|||L. 116593 P.|CAM500|http://id.bnportugal.gov.pt/bib/catbnp/1888900|Livre
1888900|https://purl.pt/42921||Livro impresso|Português||Os Lusíadas|||1.ª ed.|Rio de Janeiro : Edições de Ouro|1958|1958|788, 12 p.|Luís de Camões, 1524-1580|||Francisco da Silveira Bueno, 1898-, Editor literário|||L. 116593 P.|CAM500|http://id.bnportugal.gov.pt/bib/catbnp/1888900|Livre
1888900|https://purl.pt/42921||Livro impresso|Português||Os Lusíadas|||1.ª ed.|Rio de Janeiro : Edições de Ouro|1958|1958|788, 12 p.|Luís de Camões, 1524-1580|||Francisco da Silveira Bueno, 1898-, Editor literário|||L. 116593 P.|CAM500|http://id.bnportugal.gov.pt/bib/catbnp/1888900|Livre
1888900|https://purl.pt/42921||Livro impresso|Português||Os Lusíadas|||1.ª ed.|Rio de Janeiro : Edições de Ouro|1958|1958|788, 12 p.|Luís de Camões, 1524-1580|||Francisco da Silveira Bueno, 1898-, Editor literário|||L. 116593 P.|CAM500|http://id.bnportugal.gov.pt/bib/catbnp/1888900|Livre
1888900|https://purl.pt/42921||Livro impresso|Português||Os Lusíadas|||1.ª ed.|Rio de Janeiro : Edições de Ouro|1958|1958|788, 12 p.|Luís de Camões, 1524-1580|||Francisco da Silveira Bueno, 1898-, Editor literário|||L. 116593 P.|CAM500|http://id.bnportugal.gov.pt/bib/catbnp/1888900|Livre
1888900|https://purl.pt/42921||Livro impresso|Português||Os Lusíadas|||1.ª ed.|Rio de Janeiro : Edições de Ouro|1958|1958|788, 12 p.|Luís de Camões, 1524-1580|||Francisco da Silveira Bueno, 1898-, Editor literário|||L. 116593 P.|CAM500|http://id.bnportugal.gov.pt/bib/catbnp/1888900|Livre
1888900|https://purl.pt/42921||Livro impresso|Português||Os Lusíadas|||1.ª ed.|Rio de Janeiro : Edições de Ouro|1958|1958|788, 12 p.|Luís de Camões, 1524-1580|||Francisco da Silveira Bueno, 1898-, Editor literário|||L. 116593 P.|CAM500|http://id.bnportugal.gov.pt/bib/catbnp/1888900|Livre
1888900|https://purl.pt/42921||Livro impresso|Português||Os Lusíadas|||1.ª ed.|Rio de Janeiro : Edições de Ouro|1958|1958|788, 12 p.|Luís de Camões, 1524-1580|||Francisco da Silveira Bueno, 1898-, Editor literário|||L. 116593 P.|CAM500|http://id.bnportugal.gov.pt/bib/catbnp/1888900|Livre
1888900|https://purl.pt/42921||Livro impresso|Português||Os Lusíadas|||1.ª ed.|Rio de Janeiro : Edições de Ouro|1958|1958|788, 12 p.|Luís de Camões, 1524-1580|||Francisco da Silveira Bueno, 1898-, Editor literário|||L. 116593 P.|CAM500|http://id.bnportugal.gov.pt/bib/catbnp/1888900|Livre
1888900|https://purl.pt/42921||Livro impresso|Português||Os Lusíadas|||1.ª ed.|Rio de Janeiro : Edições de Ouro|1958|1958|788, 12 p.|Luís de Camões, 1524-1580|||Francisco da Silveira Bueno, 1898-, Editor literário|||L. 116593 P.|CAM500|http://id.bnportugal.gov.pt/bib/catbnp/1888900|Livre
1888900|https://purl.pt/42921||Livro impresso|Português||Os Lusíadas|||1.ª ed.|Rio de Janeiro : Edições de Ouro|1958|1958|788, 12 p.|Luís de Camões, 1524-1580|||Francisco da Silveira Bueno, 1898-, Editor literário|||L. 116593 P.|CAM500|http://id.bnportugal.gov.pt/bib/catbnp/1888900|Livre
1888900|https://purl.pt/42921||Livro impresso|Português||Os Lusíadas|||1.ª ed.|Rio de Janeiro : Edições de Ouro|1958|1958|788, 12 p.|Luís de Camões, 1524-1580|||Francisco da Silveira Bueno, 1898-, Editor literário|||L. 116593 P.|CAM500|http://id.bnportugal.gov.pt/bib/catbnp/1888900|Livre
1888900|https://purl.pt/42921||Livro impresso|Português||Os Lusíadas|||1.ª ed.|Rio de Janeiro : Edições de Ouro|1958|1958|788, 12 p.|Luís de Camões, 1524-1580|||Francisco da Silveira Bueno, 1898-, Editor literário|||L. 116593 P.|CAM500|http://id.bnportugal.gov.pt/bib/catbnp/1888900|Livre
1888900|https://purl.pt/42921||Livro impresso|Português||Os Lusíadas|||1.ª ed.|Rio de Janeiro : Edições de Ouro|1958|1958|788, 12 p.|Luís de Camões, 1524-1580|||Francisco da Silveira Bueno, 1898-, Editor literário|||L. 116593 P.|CAM500|http://id.bnportugal.gov.pt/bib/catbnp/1888900|Livre
1888900|https://purl.pt/42921||Livro impresso|Português||Os Lusíadas|||1.ª ed.|Rio de Janeiro : Edições de Ouro|1958|1958|788, 12 p.|Luís de Camões, 1524-1580|||Francisco da Silveira Bueno, 1898-, Editor literário|||L. 116593 P.|CAM500|http://id.bnportugal.gov.pt/bib/catbnp/1888900|Livre
1888900|https://purl.pt/42921||Livro impresso|Português||Os Lusíadas|||1.ª ed.|Rio de Janeiro : Edições de Ouro|1958|1958|788, 12 p.|Luís de Camões, 1524-1580|||Francisco da Silveira Bueno, 1898-, Editor literário|||L. 116593 P.|CAM500|http://id.bnportugal.gov.pt/bib/catbnp/1888900|Livre
1888900|https://purl.pt/42921||Livro impresso|Português||Os Lusíadas|||1.ª ed.|Rio de Janeiro : Edições de Ouro|1958|1958|788, 12 p.|Luís de Camões, 1524-1580|||Francisco da Silveira Bueno, 1898-, Editor literário|||L. 116593 P.|CAM500|http://id.bnportugal.gov.pt/bib/catbnp/1888900|Livre
1888900|https://purl.pt/42921||Livro impresso|Português||Os Lusíadas|||1.ª ed.|Rio de Janeiro : Edições de Ouro|1958|1958|788, 12 p.|Luís de Camões, 1524-1580|||Francisco da Silveira Bueno, 1898-, Editor literário|||L. 116593 P.|CAM500|http://id.bnportugal.gov.pt/bib/catbnp/1888900|Livre
1888900|https://purl.pt/42921||Livro impresso|Português||Os Lusíadas|||1.ª ed.|Rio de Janeiro : Edições de Ouro|1958|1958|788, 12 p.|Luís de Camões, 1524-1580|||Francisco da Silveira Bueno, 1898-, Editor literário|||L. 116593 P.|CAM500|http://id.bnportugal.gov.pt/bib/catbnp/1888900|Livre
1888900|https://purl.pt/42921||Livro impresso|Português||Os Lusíadas|||1.ª ed.|Rio de Janeiro : Edições de Ouro|1958|1958|788, 12 p.|Luís de Camões, 1524-1580|||Francisco da Silveira Bueno, 1898-, Editor literário|||L. 116593 P.|CAM500|http://id.bnportugal.gov.pt/bib/catbnp/1888900|Livre
1888900|https://purl.pt/42921||Livro impresso|Português||Os Lusíadas|||1.ª ed.|Rio de Janeiro : Edições de Ouro|1958|1958|788, 12 p.|Luís de Camões, 1524-1580|||Francisco da Silveira Bueno, 1898-, Editor literário|||L. 116593 P.|CAM500|http://id.bnportugal.gov.pt/bib/catbnp/1888900|Livre
1888900|https://purl.pt/42921||Livro impresso|Português||Os Lusíadas|||1.ª ed.|Rio de Janeiro : Edições de Ouro|1958|1958|788, 12 p.|Luís de Camões, 1524-1580|||Francisco da Silveira Bueno, 1898-, Editor literário|||L. 116593 P.|CAM500|http://id.bnportugal.gov.pt/bib/catbnp/1888900|Livre
1888900|https://purl.pt/42921||Livro impresso|Português||Os Lusíadas|||1.ª ed.|Rio de Janeiro : Edições de Ouro|1958|1958|788, 12 p.|Luís de Camões, 1524-1580|||Francisco da Silveira Bueno, 1898-, Editor literário|||L. 116593 P.|CAM500|http://id.bnportugal.gov.pt/bib/catbnp/1888900|Livre
1888900|https://purl.pt/42921||Livro impresso|Português||Os Lusíadas|||1.ª ed.|Rio de Janeiro : Edições de Ouro|1958|1958|788, 12 p.|Luís de Camões, 1524-1580|||Francisco da Silveira Bueno, 1898-, Editor literário|||L. 116593 P.|CAM500|http://id.bnportugal.gov.pt/bib/catbnp/1888900|Livre
1888900|https://purl.pt/42921||Livro impresso|Português||Os Lusíadas|||1.ª ed.|Rio de Janeiro : Edições de Ouro|1958|1958|788, 12 p.|Luís de Camões, 1524-1580|||Francisco da Silveira Bueno, 1898-, Editor literário|||L. 116593 P.|CAM500|http://id.bnportugal.gov.pt/bib/catbnp/1888900|Livre
1888900|https://purl.pt/42921||Livro impresso|Português||Os Lusíadas|||1.ª ed.|Rio de Janeiro : Edições de Ouro|1958|1958|788, 12 p.|Luís de Camões, 1524-1580|||Francisco da Silveira Bueno, 1898-, Editor literário|||L. 116593 P.|CAM500|http://id.bnportugal.gov.pt/bib/catbnp/1888900|Livre
1888900|https://purl.pt/42921||Livro impresso|Português||Os Lusíadas|||1.ª ed.|Rio de Janeiro : Edições de Ouro|1958|1958|788, 12 p.|Luís de Camões, 1524-1580|||Francisco da Silveira Bueno, 1898-, Editor literário|||L. 116593 P.|CAM500|http://id.bnportugal.gov.pt/bib/catbnp/1888900|Livre
1888900|https://purl.pt/42921||Livro impresso|Português||Os Lusíadas|||1.ª ed.|Rio de Janeiro : Edições de Ouro|1958|1958|788, 12 p.|Luís de Camões, 1524-1580|||Francisco da Silveira Bueno, 1898-, Editor literário|||L. 116593 P.|CAM500|http://id.bnportugal.gov.pt/bib/catbnp/1888900|Livre
1888900|https://purl.pt/42921||Livro impresso|Português||Os Lusíadas|||1.ª ed.|Rio de Janeiro : Edições de Ouro|1958|1958|788, 12 p.|Luís de Camões, 1524-1580|||Francisco da Silveira Bueno, 1898-, Editor literário|||L. 116593 P.|CAM500|http://id.bnportugal.gov.pt/bib/catbnp/1888900|Livre
1888900|https://purl.pt/42921||Livro impresso|Português||Os Lusíadas|||1.ª ed.|Rio de Janeiro : Edições de Ouro|1958|1958|788, 12 p.|Luís de Camões, 1524-1580|||Francisco da Silveira Bueno, 1898-, Editor literário|||L. 116593 P.|CAM500|http://id.bnportugal.gov.pt/bib/catbnp/1888900|Livre
1888900|https://purl.pt/42921||Livro impresso|Português||Os Lusíadas|||1.ª ed.|Rio de Janeiro : Edições de Ouro|1958|1958|788, 12 p.|Luís de Camões, 1524-1580|||Francisco da Silveira Bueno, 1898-, Editor literário|||L. 116593 P.|CAM500|http://id.bnportugal.gov.pt/bib/catbnp/1888900|Livre
1888900|https://purl.pt/42921||Livro impresso|Português||Os Lusíadas|||1.ª ed.|Rio de Janeiro : Edições de Ouro|1958|1958|788, 12 p.|Luís de Camões, 1524-1580|||Francisco da Silveira Bueno, 1898-, Editor literário|||L. 116593 P.|CAM500|http://id.bnportugal.gov.pt/bib/catbnp/1888900|Livre
1888900|https://purl.pt/42921||Livro impresso|Português||Os Lusíadas|||1.ª ed.|Rio de Janeiro : Edições de Ouro|1958|1958|788, 12 p.|Luís de Camões, 1524-1580|||Francisco da Silveira Bueno, 1898-, Editor literário|||L. 116593 P.|CAM500|http://id.bnportugal.gov.pt/bib/catbnp/1888900|Livre
1888900|https://purl.pt/42921||Livro impresso|Português||Os Lusíadas|||1.ª ed.|Rio de Janeiro : Edições de Ouro|1958|1958|788, 12 p.|Luís de Camões, 1524-1580|||Francisco da Silveira Bueno, 1898-, Editor literário|||L. 116593 P.|CAM500|http://id.bnportugal.gov.pt/bib/catbnp/1888900|Livre
1891325|https://purl.pt/43559||Iconografia|Português||A leitura dos "Lusíadas"|aguarela de Roque Gameiro||1.ª ed.|S.l. : s.n.|1890|1890|1 gravura||||José Pires Marinho, 1857-1929?, Gravador em madeira ; Alfredo Roque Gameiro, 1864-1935, Nome associado|||E. 160 PQ.|CAM500|http://id.bnportugal.gov.pt/bib/catbnp/1891325|Livre
1915110|https://purl.pt/38119||Partitura|Francês||Souvenir de Camões|suite de valses pour piano||1.ª ed.|Lisboa : Lence & V. Canongia|1867|1867||Manoel Marti, 1819-1873|||Joaquim Pedro de Sousa, 1822-1878, Gravador||Lence e Viúva Canongia. Instituto Português do Património Cultural. Departamento de Musicologia, Editor comercial ; Portugal. Instituto Português do Património Cultural. Departamento de Musicologia, Antigo possuidor ; Lence. Instituto Português do Património Cultural. Departamento de Musicologia|F.C.R. 280 A.|CAM500|http://id.bnportugal.gov.pt/bib/catbnp/1915110|Livre
1976927|https://purl.pt/43576||Iconografia|Português||Camões e as tágides|quadro de Columbano||1.ª ed.|Lisbonne : F.A.Martins|1903|1903|1 postal| Columbano, 1857-1929|||F.A. Martins, fl. 1867-1916, Editor comercial|||P.I. 1152 P.|CAM500|http://id.bnportugal.gov.pt/bib/catbnp/1976927|Livre
1979399|https://purl.pt/43584||Iconografia|Português||Biblioteca Nacional|||1.ª ed.|Lisboa : Biblioteca Nacional|1911|1911|1 estampa||Portugal. Biblioteca Nacional|||||EL 1|CAM500|http://id.bnportugal.gov.pt/bib/catbnp/1979399|Livre
1979400|https://purl.pt/43585||Iconografia|Português||Biblioteca Nacional de Lisboa|||1.ª ed.|Lisboa : Biblioteca Nacional|1911|1911|1 estampa||Portugal. Biblioteca Nacional|||||EL 2|CAM500|http://id.bnportugal.gov.pt/bib/catbnp/1979400|Livre
2129622|https://purl.pt/43591||Livro manuscrito|Português ; Espanhol||Ramilhete de fragrantes, e engraçadas flores Colhidas Por varias e diuersas mãos dos amenos bosques do Pindo e vistozos prados do Parnazo, E Regadas das lizongeiras correntes de Aganipe.|||1.ª ed.||1712|1712|XI, 195 f., enc.|||Pedro de Azevedo Tojal, 16---1742, Autor ; Violante do Céu, 1601-1693, Autor ; Francisco de Rojas Zorilla, 1607-1648, Autor ; Jerónimo Baía, 1620-1688, Autor ; Maria de Lara e Meneses, 1610-1649, Autor ; Luís de Camões, 1524-1580, Autor ; Tomás de Noronha, ?-1651, Autor ; Duarte Ribeiro de Macedo, 1618-1680, Autor ; Luis de Góngora y Argote, 1561-1627, Autor ; António Barbosa Bacelar, 1610-1663, Autor||||COD. 3785|CAM500|http://id.bnportugal.gov.pt/bib/catbnp/2129622|Livre
2129622|https://purl.pt/43591||Livro manuscrito|Português ; Espanhol||Ramilhete de fragrantes, e engraçadas flores Colhidas Por varias e diuersas mãos dos amenos bosques do Pindo e vistozos prados do Parnazo, E Regadas das lizongeiras correntes de Aganipe.|||1.ª ed.||1712|1712|XI, 195 f., enc.|||Pedro de Azevedo Tojal, 16---1742, Autor ; Violante do Céu, 1601-1693, Autor ; Francisco de Rojas Zorilla, 1607-1648, Autor ; Jerónimo Baía, 1620-1688, Autor ; Maria de Lara e Meneses, 1610-1649, Autor ; Luís de Camões, 1524-1580, Autor ; Tomás de Noronha, ?-1651, Autor ; Duarte Ribeiro de Macedo, 1618-1680, Autor ; Luis de Góngora y Argote, 1561-1627, Autor ; António Barbosa Bacelar, 1610-1663, Autor||||COD. 3785|CAM500|http://id.bnportugal.gov.pt/bib/catbnp/2129622|Livre
586409|https://purl.pt/44278||Livro impresso|Português||Homenagem a Camoes|Op. 30||1.ª ed.|Porto : J. Carli|1850|1850|4 p.|Jacopo Carli||||||C.I.C. 204 A.|PRR2022|http://id.bnportugal.gov.pt/bib/catbnp/586409|Livre
811645|https://purl.pt/43997||Livro impresso|Francês||Luiz de Camões, ses oeuvres et sa littérature|catalogue dune nouvelle collection importante déditions originales de ses poésies, de traductions et douvrages rares sur sa vie et ses oeuvres en vente aux prix marqués||1.ª ed.|Berlin : W. H. Kühl|1884|1884|19, 1 br. p.||||W. H. Kühl, Editor comercial|||CAM. 114//1 V.|CAM500|http://id.bnportugal.gov.pt/bib/catbnp/811645|Livre
742175|https://purl.pt/43998||Livro impresso|Italiano|Português|O Gigante Adamastor|episodio dOs Lusíadas de Luiz de Camões||1.ª ed.|Lisboa : Typographia Castro Irmão|1898|1898|XIX, 1, 19, 5 p.|Luís de Camões, 1524-1580|||Xavier da Cunha, 1840-1920, Autor da introdução, etc. ; Prospero Peragallo, 1823-1916, Tradutor|||CAM. 114//4 A.|CAM500|http://id.bnportugal.gov.pt/bib/catbnp/742175|Livre
742176|https://purl.pt/43999||Livro impresso|Português||O naufragio de Camões e dos Lusiadas|||1.ª ed.|Lisboa : Typographia Castro Irmão|1915|1915|50, 2 p.|Jordão A. de Freitas, 1866-1950||||||CAM. 114//6 A.|CAM500|http://id.bnportugal.gov.pt/bib/catbnp/742176|Livre
742180|https://purl.pt/43980||Livro impresso|Inglês|Português|Camões|um capítulo da História de Portugal||1.ª ed.|Lisboa : s.n.|1892|1892|26 p.| Stephens|||J. T. da Silva Bastos, 1852-1939, Editor literário ; Oliveira Martins, 1845-1894|||CAM. 115//4 A.|CAM500|http://id.bnportugal.gov.pt/bib/catbnp/742180|Livre
458243|https://purl.pt/44000||Livro impresso|Português||Os Lusíadas|||Edição artística comemorativa do 3º centenário da restauração da independência de Portugal|Barcelos : Companhia Editora do Minho|1940|1940|LVII, 7, 318, 2 p.|Luís de Camões, 1524-1580|||Hernâni Cidade, 1887-1975, Autor da introdução, etc. ; Eleutério Cerdeira, 1876-?, Comentador (em meio audiovisual) ; Joaquim Lopes, 1886-1956, Ilustrador|||CAM. 122 A.|CAM500|http://id.bnportugal.gov.pt/bib/catbnp/458243|Livre
458243|https://purl.pt/44000||Livro impresso|Português||Os Lusíadas|||Edição artística comemorativa do 3º centenário da restauração da independência de Portugal|Barcelos : Companhia Editora do Minho|1940|1940|LVII, 7, 318, 2 p.|Luís de Camões, 1524-1580|||Hernâni Cidade, 1887-1975, Autor da introdução, etc. ; Eleutério Cerdeira, 1876-?, Comentador (em meio audiovisual) ; Joaquim Lopes, 1886-1956, Ilustrador|||CAM. 122 A.|CAM500|http://id.bnportugal.gov.pt/bib/catbnp/458243|Livre
458243|https://purl.pt/44000||Livro impresso|Português||Os Lusíadas|||Edição artística comemorativa do 3º centenário da restauração da independência de Portugal|Barcelos : Companhia Editora do Minho|1940|1940|LVII, 7, 318, 2 p.|Luís de Camões, 1524-1580|||Hernâni Cidade, 1887-1975, Autor da introdução, etc. ; Eleutério Cerdeira, 1876-?, Comentador (em meio audiovisual) ; Joaquim Lopes, 1886-1956, Ilustrador|||CAM. 122 A.|CAM500|http://id.bnportugal.gov.pt/bib/catbnp/458243|Livre
458243|https://purl.pt/44000||Livro impresso|Português||Os Lusíadas|||Edição artística comemorativa do 3º centenário da restauração da independência de Portugal|Barcelos : Companhia Editora do Minho|1940|1940|LVII, 7, 318, 2 p.|Luís de Camões, 1524-1580|||Hernâni Cidade, 1887-1975, Autor da introdução, etc. ; Eleutério Cerdeira, 1876-?, Comentador (em meio audiovisual) ; Joaquim Lopes, 1886-1956, Ilustrador|||CAM. 122 A.|CAM500|http://id.bnportugal.gov.pt/bib/catbnp/458243|Livre
458243|https://purl.pt/44000||Livro impresso|Português||Os Lusíadas|||Edição artística comemorativa do 3º centenário da restauração da independência de Portugal|Barcelos : Companhia Editora do Minho|1940|1940|LVII, 7, 318, 2 p.|Luís de Camões, 1524-1580|||Hernâni Cidade, 1887-1975, Autor da introdução, etc. ; Eleutério Cerdeira, 1876-?, Comentador (em meio audiovisual) ; Joaquim Lopes, 1886-1956, Ilustrador|||CAM. 122 A.|CAM500|http://id.bnportugal.gov.pt/bib/catbnp/458243|Livre
458243|https://purl.pt/44000||Livro impresso|Português||Os Lusíadas|||Edição artística comemorativa do 3º centenário da restauração da independência de Portugal|Barcelos : Companhia Editora do Minho|1940|1940|LVII, 7, 318, 2 p.|Luís de Camões, 1524-1580|||Hernâni Cidade, 1887-1975, Autor da introdução, etc. ; Eleutério Cerdeira, 1876-?, Comentador (em meio audiovisual) ; Joaquim Lopes, 1886-1956, Ilustrador|||CAM. 122 A.|CAM500|http://id.bnportugal.gov.pt/bib/catbnp/458243|Livre
458243|https://purl.pt/44000||Livro impresso|Português||Os Lusíadas|||Edição artística comemorativa do 3º centenário da restauração da independência de Portugal|Barcelos : Companhia Editora do Minho|1940|1940|LVII, 7, 318, 2 p.|Luís de Camões, 1524-1580|||Hernâni Cidade, 1887-1975, Autor da introdução, etc. ; Eleutério Cerdeira, 1876-?, Comentador (em meio audiovisual) ; Joaquim Lopes, 1886-1956, Ilustrador|||CAM. 122 A.|CAM500|http://id.bnportugal.gov.pt/bib/catbnp/458243|Livre
458243|https://purl.pt/44000||Livro impresso|Português||Os Lusíadas|||Edição artística comemorativa do 3º centenário da restauração da independência de Portugal|Barcelos : Companhia Editora do Minho|1940|1940|LVII, 7, 318, 2 p.|Luís de Camões, 1524-1580|||Hernâni Cidade, 1887-1975, Autor da introdução, etc. ; Eleutério Cerdeira, 1876-?, Comentador (em meio audiovisual) ; Joaquim Lopes, 1886-1956, Ilustrador|||CAM. 122 A.|CAM500|http://id.bnportugal.gov.pt/bib/catbnp/458243|Livre
458243|https://purl.pt/44000||Livro impresso|Português||Os Lusíadas|||Edição artística comemorativa do 3º centenário da restauração da independência de Portugal|Barcelos : Companhia Editora do Minho|1940|1940|LVII, 7, 318, 2 p.|Luís de Camões, 1524-1580|||Hernâni Cidade, 1887-1975, Autor da introdução, etc. ; Eleutério Cerdeira, 1876-?, Comentador (em meio audiovisual) ; Joaquim Lopes, 1886-1956, Ilustrador|||CAM. 122 A.|CAM500|http://id.bnportugal.gov.pt/bib/catbnp/458243|Livre
458243|https://purl.pt/44000||Livro impresso|Português||Os Lusíadas|||Edição artística comemorativa do 3º centenário da restauração da independência de Portugal|Barcelos : Companhia Editora do Minho|1940|1940|LVII, 7, 318, 2 p.|Luís de Camões, 1524-1580|||Hernâni Cidade, 1887-1975, Autor da introdução, etc. ; Eleutério Cerdeira, 1876-?, Comentador (em meio audiovisual) ; Joaquim Lopes, 1886-1956, Ilustrador|||CAM. 122 A.|CAM500|http://id.bnportugal.gov.pt/bib/catbnp/458243|Livre
458243|https://purl.pt/44000||Livro impresso|Português||Os Lusíadas|||Edição artística comemorativa do 3º centenário da restauração da independência de Portugal|Barcelos : Companhia Editora do Minho|1940|1940|LVII, 7, 318, 2 p.|Luís de Camões, 1524-1580|||Hernâni Cidade, 1887-1975, Autor da introdução, etc. ; Eleutério Cerdeira, 1876-?, Comentador (em meio audiovisual) ; Joaquim Lopes, 1886-1956, Ilustrador|||CAM. 122 A.|CAM500|http://id.bnportugal.gov.pt/bib/catbnp/458243|Livre
458243|https://purl.pt/44000||Livro impresso|Português||Os Lusíadas|||Edição artística comemorativa do 3º centenário da restauração da independência de Portugal|Barcelos : Companhia Editora do Minho|1940|1940|LVII, 7, 318, 2 p.|Luís de Camões, 1524-1580|||Hernâni Cidade, 1887-1975, Autor da introdução, etc. ; Eleutério Cerdeira, 1876-?, Comentador (em meio audiovisual) ; Joaquim Lopes, 1886-1956, Ilustrador|||CAM. 122 A.|CAM500|http://id.bnportugal.gov.pt/bib/catbnp/458243|Livre
458243|https://purl.pt/44000||Livro impresso|Português||Os Lusíadas|||Edição artística comemorativa do 3º centenário da restauração da independência de Portugal|Barcelos : Companhia Editora do Minho|1940|1940|LVII, 7, 318, 2 p.|Luís de Camões, 1524-1580|||Hernâni Cidade, 1887-1975, Autor da introdução, etc. ; Eleutério Cerdeira, 1876-?, Comentador (em meio audiovisual) ; Joaquim Lopes, 1886-1956, Ilustrador|||CAM. 122 A.|CAM500|http://id.bnportugal.gov.pt/bib/catbnp/458243|Livre
458243|https://purl.pt/44000||Livro impresso|Português||Os Lusíadas|||Edição artística comemorativa do 3º centenário da restauração da independência de Portugal|Barcelos : Companhia Editora do Minho|1940|1940|LVII, 7, 318, 2 p.|Luís de Camões, 1524-1580|||Hernâni Cidade, 1887-1975, Autor da introdução, etc. ; Eleutério Cerdeira, 1876-?, Comentador (em meio audiovisual) ; Joaquim Lopes, 1886-1956, Ilustrador|||CAM. 122 A.|CAM500|http://id.bnportugal.gov.pt/bib/catbnp/458243|Livre
335235|https://purl.pt/44973||Livro impresso|Português||Os Lusiadas|poema epico||Nova edição...|Rio de Janeiro : Eduardo & Henrique Laemmert|1856|1856|2 tomos em 1 vol. XV, 234; 287 p.|Luís de Camões, 1524-1580|||José Caetano Mazziotti Salema Garção, 1886-1961, Antigo possuidor|||CAM. 1225 P.|CAM500|http://id.bnportugal.gov.pt/bib/catbnp/335235|Livre
335235|https://purl.pt/44973||Livro impresso|Português||Os Lusiadas|poema epico||Nova edição...|Rio de Janeiro : Eduardo & Henrique Laemmert|1856|1856|2 tomos em 1 vol. XV, 234; 287 p.|Luís de Camões, 1524-1580|||José Caetano Mazziotti Salema Garção, 1886-1961, Antigo possuidor|||CAM. 1225 P.|CAM500|http://id.bnportugal.gov.pt/bib/catbnp/335235|Livre
335235|https://purl.pt/44973||Livro impresso|Português||Os Lusiadas|poema epico||Nova edição...|Rio de Janeiro : Eduardo & Henrique Laemmert|1856|1856|2 tomos em 1 vol. XV, 234; 287 p.|Luís de Camões, 1524-1580|||José Caetano Mazziotti Salema Garção, 1886-1961, Antigo possuidor|||CAM. 1225 P.|CAM500|http://id.bnportugal.gov.pt/bib/catbnp/335235|Livre
335235|https://purl.pt/44973||Livro impresso|Português||Os Lusiadas|poema epico||Nova edição...|Rio de Janeiro : Eduardo & Henrique Laemmert|1856|1856|2 tomos em 1 vol. XV, 234; 287 p.|Luís de Camões, 1524-1580|||José Caetano Mazziotti Salema Garção, 1886-1961, Antigo possuidor|||CAM. 1225 P.|CAM500|http://id.bnportugal.gov.pt/bib/catbnp/335235|Livre
335235|https://purl.pt/44973||Livro impresso|Português||Os Lusiadas|poema epico||Nova edição...|Rio de Janeiro : Eduardo & Henrique Laemmert|1856|1856|2 tomos em 1 vol. XV, 234; 287 p.|Luís de Camões, 1524-1580|||José Caetano Mazziotti Salema Garção, 1886-1961, Antigo possuidor|||CAM. 1225 P.|CAM500|http://id.bnportugal.gov.pt/bib/catbnp/335235|Livre
335235|https://purl.pt/44973||Livro impresso|Português||Os Lusiadas|poema epico||Nova edição...|Rio de Janeiro : Eduardo & Henrique Laemmert|1856|1856|2 tomos em 1 vol. XV, 234; 287 p.|Luís de Camões, 1524-1580|||José Caetano Mazziotti Salema Garção, 1886-1961, Antigo possuidor|||CAM. 1225 P.|CAM500|http://id.bnportugal.gov.pt/bib/catbnp/335235|Livre
335235|https://purl.pt/44973||Livro impresso|Português||Os Lusiadas|poema epico||Nova edição...|Rio de Janeiro : Eduardo & Henrique Laemmert|1856|1856|2 tomos em 1 vol. XV, 234; 287 p.|Luís de Camões, 1524-1580|||José Caetano Mazziotti Salema Garção, 1886-1961, Antigo possuidor|||CAM. 1225 P.|CAM500|http://id.bnportugal.gov.pt/bib/catbnp/335235|Livre
335235|https://purl.pt/44973||Livro impresso|Português||Os Lusiadas|poema epico||Nova edição...|Rio de Janeiro : Eduardo & Henrique Laemmert|1856|1856|2 tomos em 1 vol. XV, 234; 287 p.|Luís de Camões, 1524-1580|||José Caetano Mazziotti Salema Garção, 1886-1961, Antigo possuidor|||CAM. 1225 P.|CAM500|http://id.bnportugal.gov.pt/bib/catbnp/335235|Livre
256272|https://purl.pt/44001||Livro impresso|Português||Os Lusiadas|||Nova edição correcta, e dada á luz, conforme á de 1817, in 4º|Paris : J.P. Aillaud, Quai Voltaire, n 21|1823|1823|2, 377, 1 br., 1, 1 br. p., 1 grav.|Luís de Camões, 1524-1580|||François Gérard, 1770-1837, Artista ; William Thomas Fry, 1789-1843, Gravador (aguafortista) ; Morgado de Mateus, 1758-1825, Editor literário ; Firmin Didot, fl. 1789-1829, Impressor ; João Pedro Aillaud, 1785-ca 1853, Livreiro ; Tomás Norton, 1804-1860, Antigo possuidor|||CAM. 123 P.|CAM500|http://id.bnportugal.gov.pt/bib/catbnp/256272|Livre
256272|https://purl.pt/44001||Livro impresso|Português||Os Lusiadas|||Nova edição correcta, e dada á luz, conforme á de 1817, in 4º|Paris : J.P. Aillaud, Quai Voltaire, n 21|1823|1823|2, 377, 1 br., 1, 1 br. p., 1 grav.|Luís de Camões, 1524-1580|||François Gérard, 1770-1837, Artista ; William Thomas Fry, 1789-1843, Gravador (aguafortista) ; Morgado de Mateus, 1758-1825, Editor literário ; Firmin Didot, fl. 1789-1829, Impressor ; João Pedro Aillaud, 1785-ca 1853, Livreiro ; Tomás Norton, 1804-1860, Antigo possuidor|||CAM. 123 P.|CAM500|http://id.bnportugal.gov.pt/bib/catbnp/256272|Livre
458267|https://purl.pt/43971||Livro impresso|Português||Per Umbram...|||1.ª ed.|Lisboa : Imprensa Nacional|1887|1887|7 f.|Eugénio de Castro, 1869-1944||||||CAM. 125 A.|PRR2024|http://id.bnportugal.gov.pt/bib/catbnp/458267|Livre
849980|https://purl.pt/44002||Livro impresso|Português||A primeira edição dos Lusiadas|||1.ª ed.|Porto e Braga : Livraria Internacional de Ernesto Chardron|1880|1880|87, 9 p.|Tito de Noronha, 1834-1896||||||J.S. 1077|CAM500|http://id.bnportugal.gov.pt/bib/catbnp/849980|Livre
849980|https://purl.pt/44002||Livro impresso|Português||A primeira edição dos Lusiadas|||1.ª ed.|Porto e Braga : Livraria Internacional de Ernesto Chardron|1880|1880|87, 9 p.|Tito de Noronha, 1834-1896||||||J.S. 1077|CAM500|http://id.bnportugal.gov.pt/bib/catbnp/849980|Livre
849980|https://purl.pt/44002||Livro impresso|Português||A primeira edição dos Lusiadas|||1.ª ed.|Porto e Braga : Livraria Internacional de Ernesto Chardron|1880|1880|87, 9 p.|Tito de Noronha, 1834-1896||||||J.S. 1077|CAM500|http://id.bnportugal.gov.pt/bib/catbnp/849980|Livre
849980|https://purl.pt/44002||Livro impresso|Português||A primeira edição dos Lusiadas|||1.ª ed.|Porto e Braga : Livraria Internacional de Ernesto Chardron|1880|1880|87, 9 p.|Tito de Noronha, 1834-1896||||||J.S. 1077|CAM500|http://id.bnportugal.gov.pt/bib/catbnp/849980|Livre
458260|https://purl.pt/44062||Livro impresso|Português||Adamastor|episodio do Canto V dos Lusiadas||1.ª ed.|Lisboa : Imprensa Nacional|1888|1888|10 f.|Luís de Camões, 1524-1580||||||CAM. 127 A.|CAM500|http://id.bnportugal.gov.pt/bib/catbnp/458260|Livre
256276|https://purl.pt/44065||Livro impresso|Português||Os Lusiadas|||Nova edição mais correcta|Lisboa : na Impressão Regia : vende-se na Loja dos Pobres|1827|1827|377, 1 br. p.|Luís de Camões, 1524-1580|||Tomás Norton, 1804-1860, Antigo possuidor||Tipografia Régia, Impressor|CAM. 126 P.|CAM500|http://id.bnportugal.gov.pt/bib/catbnp/256276|Livre
849990|https://purl.pt/44063||Livro impresso|Português||Leitura dum trecho dos Lusiadas|canto decimo||1.ª ed.|Porto : Typographia Occidental|1880|1880|XXXI, 1 br. p.|Augusto Luso da Silva, 1827-1902||||||CAM. 130//1 V.|CAM500|http://id.bnportugal.gov.pt/bib/catbnp/849990|Livre
851358|https://purl.pt/44344||Livro impresso|Português||A Obra monumental de Luiz de Camões|estudos bibliographicos||1.ª ed.|Lisboa : Imprensa Nacional|1886|1886|2 v.|Brito Aranha, 1833-1914||||||CAM. 131 V.|CAM500|http://id.bnportugal.gov.pt/bib/catbnp/851358|Livre
851358|https://purl.pt/44344||Livro impresso|Português||A Obra monumental de Luiz de Camões|estudos bibliographicos||1.ª ed.|Lisboa : Imprensa Nacional|1886|1886|2 v.|Brito Aranha, 1833-1914||||||CAM. 131 V.|CAM500|http://id.bnportugal.gov.pt/bib/catbnp/851358|Livre
851358|https://purl.pt/44344||Livro impresso|Português||A Obra monumental de Luiz de Camões|estudos bibliographicos||1.ª ed.|Lisboa : Imprensa Nacional|1886|1886|2 v.|Brito Aranha, 1833-1914||||||CAM. 131 V.|CAM500|http://id.bnportugal.gov.pt/bib/catbnp/851358|Livre
851358|https://purl.pt/44344||Livro impresso|Português||A Obra monumental de Luiz de Camões|estudos bibliographicos||1.ª ed.|Lisboa : Imprensa Nacional|1886|1886|2 v.|Brito Aranha, 1833-1914||||||CAM. 131 V.|CAM500|http://id.bnportugal.gov.pt/bib/catbnp/851358|Livre
851358|https://purl.pt/44344||Livro impresso|Português||A Obra monumental de Luiz de Camões|estudos bibliographicos||1.ª ed.|Lisboa : Imprensa Nacional|1886|1886|2 v.|Brito Aranha, 1833-1914||||||CAM. 131 V.|CAM500|http://id.bnportugal.gov.pt/bib/catbnp/851358|Livre
851358|https://purl.pt/44344||Livro impresso|Português||A Obra monumental de Luiz de Camões|estudos bibliographicos||1.ª ed.|Lisboa : Imprensa Nacional|1886|1886|2 v.|Brito Aranha, 1833-1914||||||CAM. 131 V.|CAM500|http://id.bnportugal.gov.pt/bib/catbnp/851358|Livre
851358|https://purl.pt/44344||Livro impresso|Português||A Obra monumental de Luiz de Camões|estudos bibliographicos||1.ª ed.|Lisboa : Imprensa Nacional|1886|1886|2 v.|Brito Aranha, 1833-1914||||||CAM. 131 V.|CAM500|http://id.bnportugal.gov.pt/bib/catbnp/851358|Livre
851358|https://purl.pt/44344||Livro impresso|Português||A Obra monumental de Luiz de Camões|estudos bibliographicos||1.ª ed.|Lisboa : Imprensa Nacional|1886|1886|2 v.|Brito Aranha, 1833-1914||||||CAM. 131 V.|CAM500|http://id.bnportugal.gov.pt/bib/catbnp/851358|Livre
851358|https://purl.pt/44344||Livro impresso|Português||A Obra monumental de Luiz de Camões|estudos bibliographicos||1.ª ed.|Lisboa : Imprensa Nacional|1886|1886|2 v.|Brito Aranha, 1833-1914||||||CAM. 131 V.|CAM500|http://id.bnportugal.gov.pt/bib/catbnp/851358|Livre
851358|https://purl.pt/44344||Livro impresso|Português||A Obra monumental de Luiz de Camões|estudos bibliographicos||1.ª ed.|Lisboa : Imprensa Nacional|1886|1886|2 v.|Brito Aranha, 1833-1914||||||CAM. 131 V.|CAM500|http://id.bnportugal.gov.pt/bib/catbnp/851358|Livre
851358|https://purl.pt/44344||Livro impresso|Português||A Obra monumental de Luiz de Camões|estudos bibliographicos||1.ª ed.|Lisboa : Imprensa Nacional|1886|1886|2 v.|Brito Aranha, 1833-1914||||||CAM. 131 V.|CAM500|http://id.bnportugal.gov.pt/bib/catbnp/851358|Livre
851358|https://purl.pt/44344||Livro impresso|Português||A Obra monumental de Luiz de Camões|estudos bibliographicos||1.ª ed.|Lisboa : Imprensa Nacional|1886|1886|2 v.|Brito Aranha, 1833-1914||||||CAM. 131 V.|CAM500|http://id.bnportugal.gov.pt/bib/catbnp/851358|Livre
851358|https://purl.pt/44344||Livro impresso|Português||A Obra monumental de Luiz de Camões|estudos bibliographicos||1.ª ed.|Lisboa : Imprensa Nacional|1886|1886|2 v.|Brito Aranha, 1833-1914||||||CAM. 131 V.|CAM500|http://id.bnportugal.gov.pt/bib/catbnp/851358|Livre
851358|https://purl.pt/44344||Livro impresso|Português||A Obra monumental de Luiz de Camões|estudos bibliographicos||1.ª ed.|Lisboa : Imprensa Nacional|1886|1886|2 v.|Brito Aranha, 1833-1914||||||CAM. 131 V.|CAM500|http://id.bnportugal.gov.pt/bib/catbnp/851358|Livre
851358|https://purl.pt/44344||Livro impresso|Português||A Obra monumental de Luiz de Camões|estudos bibliographicos||1.ª ed.|Lisboa : Imprensa Nacional|1886|1886|2 v.|Brito Aranha, 1833-1914||||||CAM. 131 V.|CAM500|http://id.bnportugal.gov.pt/bib/catbnp/851358|Livre
851358|https://purl.pt/44344||Livro impresso|Português||A Obra monumental de Luiz de Camões|estudos bibliographicos||1.ª ed.|Lisboa : Imprensa Nacional|1886|1886|2 v.|Brito Aranha, 1833-1914||||||CAM. 131 V.|CAM500|http://id.bnportugal.gov.pt/bib/catbnp/851358|Livre
851957|https://purl.pt/44061||Livro impresso|Português||A Camões|poesia recitada pelo actor Salazar no Theatro da Rua dos Condes||1.ª ed.|Lisboa : Typ. de Ximenes Leopoldino Corrêa|1880|1880|8 p.|Joaquim dos Anjos, 1856-1918||||||CAM. 135//1 V.|CAM500|http://id.bnportugal.gov.pt/bib/catbnp/851957|Livre
780308|https://purl.pt/44064||Livro impresso|Português||Homenagem a Luiz de Camões|||1.ª ed.|Lisboa : Typographia Coelho & Irmão|1880|1880|18 p.|Antónia Gertrudes Pusich, 1805-1883||||||CAM. 135//6 V.|CAM500|http://id.bnportugal.gov.pt/bib/catbnp/780308|Livre
852081|https://purl.pt/44095||Livro impresso|Português||Homenagem a Luiz de Camões|sessão solemne da Associação Typographica Lisbonense para commemorar o Tricentenario||1.ª ed.|Lisboa : Imprensa Nacional|1880|1880|51, 1 br. p., 1 estampa||||Vítor Bastos, 1831-1894, Artista ; Joaquim Pedro de Sousa, 1822-1878, Gravador em metal|||CAM. 136//8 V.|CAM500|http://id.bnportugal.gov.pt/bib/catbnp/852081|Livre
352640|https://purl.pt/45009||Livro impresso|Francês||Scénes de la nature sous les Tropiques et de leur influence sur la poesie|suivies de Camoens et Jozé Indio||1.ª ed.|Paris : Chez Louis Janet|1824|1824|4, IV, 516, 1 p.|Ferdinand Denis, 1798-1890|||Ferdinand Denis, 1798-1890, Nome associado|||L. 5065 V.|CAM500|http://id.bnportugal.gov.pt/bib/catbnp/352640|Livre
943524|https://purl.pt/44993||Livro impresso|Português||Nova Castro|tragedia||4ª edição, correcta e augmentada|Lisboa : Imp. Regia|1817|1817|1 v.|João Baptista Gomes Júnior, 17--1803||||||L. 2943 V.|CAM500|http://id.bnportugal.gov.pt/bib/catbnp/943524|Livre
120404|https://purl.pt/44155||Livro impresso|Português||Os Lusíadas|||Edição popular gratuita da empreza do Diario de Notícias commemorando o tricentenario da morte do poeta|Lisboa : Diário de Notícias|1880|1880|17, 1 p.|Luís de Camões, 1524-1580|||Adolfo Coelho, 1847-1919, Editor literário|||L. 5907//23 A.|CAM500|http://id.bnportugal.gov.pt/bib/catbnp/120404|Livre
397864|https://purl.pt/45036||Livro impresso|Inglês|Português|Poems from the portuguese of Luis de Camoens|with remarks on his life and writings, notes, etc.||5th ed|London : J. Carpenter : C. Whittingham|1808|1808|158 p., 1 est.|Luís de Camões, 1524-1580||| Strangford, 1780-1855, Tradutor|||CAM. 1458 P.|CAM500|http://id.bnportugal.gov.pt/bib/catbnp/397864|Livre
256426|https://purl.pt/44185||Livro impresso|Português||Os Lusiadas|||Edição publicada por Agra & Irmão|Rio de Janeiro : vende-se em casa de Agra & Irmão|1855|1855|397 p., 1 estampa|Luís de Camões, 1524-1580|||João Franco Barreto, 1600-post. 1674, Editor literário||Tipografia Brasiliense, Impressor|CAM. 147 P.|CAM500|http://id.bnportugal.gov.pt/bib/catbnp/256426|Livre
381260|https://purl.pt/44190||Livro impresso|Português||Obras do grande Luis de Camões, Principe dos Poetas Heroycos, & Lyricos de Hespanha|novamente dadas a luz com os seus Lusiadas...||E agora nesta ultima Impressaõ correcta, & accrescentada com a sua Vida|Lisboa Occidental : na officina de Joseph Lopes Ferreyra...|1720|1720|30, 312, 251 p.|Luís de Camões, 1524-1580||Manuel Severim de Faria, 1583-1655, Autor|João Franco Barreto, 1600-post. 1674, Comentador de texto escrito ; Manuel Correia, 15---antes de 1613, Comentador de texto escrito ; José Lopes Ferreira, fl. 1706-1771, Impressor|||CAM. 15 A.|CAM500|http://id.bnportugal.gov.pt/bib/catbnp/381260|Livre
381260|https://purl.pt/44190||Livro impresso|Português||Obras do grande Luis de Camões, Principe dos Poetas Heroycos, & Lyricos de Hespanha|novamente dadas a luz com os seus Lusiadas...||E agora nesta ultima Impressaõ correcta, & accrescentada com a sua Vida|Lisboa Occidental : na officina de Joseph Lopes Ferreyra...|1720|1720|30, 312, 251 p.|Luís de Camões, 1524-1580||Manuel Severim de Faria, 1583-1655, Autor|João Franco Barreto, 1600-post. 1674, Comentador de texto escrito ; Manuel Correia, 15---antes de 1613, Comentador de texto escrito ; José Lopes Ferreira, fl. 1706-1771, Impressor|||CAM. 15 A.|CAM500|http://id.bnportugal.gov.pt/bib/catbnp/381260|Livre
397821|https://purl.pt/44005||Livro impresso|Português||Os Lusíadas|profusamente illustrada com desenhos allegoricos...||1.ª ed.|Lisboa : Silvestre Castanheiro|1898|1898|XXXIII, 599 p.|Luís de Camões, 1524-1580|||António Mendes Belo, 1842-1929, Comentador (em meio audiovisual) ; Pinheiro Chagas, 1842-1895, Comentador (em meio audiovisual) ; José Fernandes Costa, 1848-1920, Comentador (em meio audiovisual)|||CAM. 150 A.|CAM500|http://id.bnportugal.gov.pt/bib/catbnp/397821|Livre
397821|https://purl.pt/44005||Livro impresso|Português||Os Lusíadas|profusamente illustrada com desenhos allegoricos...||1.ª ed.|Lisboa : Silvestre Castanheiro|1898|1898|XXXIII, 599 p.|Luís de Camões, 1524-1580|||António Mendes Belo, 1842-1929, Comentador (em meio audiovisual) ; Pinheiro Chagas, 1842-1895, Comentador (em meio audiovisual) ; José Fernandes Costa, 1848-1920, Comentador (em meio audiovisual)|||CAM. 150 A.|CAM500|http://id.bnportugal.gov.pt/bib/catbnp/397821|Livre
397821|https://purl.pt/44005||Livro impresso|Português||Os Lusíadas|profusamente illustrada com desenhos allegoricos...||1.ª ed.|Lisboa : Silvestre Castanheiro|1898|1898|XXXIII, 599 p.|Luís de Camões, 1524-1580|||António Mendes Belo, 1842-1929, Comentador (em meio audiovisual) ; Pinheiro Chagas, 1842-1895, Comentador (em meio audiovisual) ; José Fernandes Costa, 1848-1920, Comentador (em meio audiovisual)|||CAM. 150 A.|CAM500|http://id.bnportugal.gov.pt/bib/catbnp/397821|Livre
397821|https://purl.pt/44005||Livro impresso|Português||Os Lusíadas|profusamente illustrada com desenhos allegoricos...||1.ª ed.|Lisboa : Silvestre Castanheiro|1898|1898|XXXIII, 599 p.|Luís de Camões, 1524-1580|||António Mendes Belo, 1842-1929, Comentador (em meio audiovisual) ; Pinheiro Chagas, 1842-1895, Comentador (em meio audiovisual) ; José Fernandes Costa, 1848-1920, Comentador (em meio audiovisual)|||CAM. 150 A.|CAM500|http://id.bnportugal.gov.pt/bib/catbnp/397821|Livre
397821|https://purl.pt/44005||Livro impresso|Português||Os Lusíadas|profusamente illustrada com desenhos allegoricos...||1.ª ed.|Lisboa : Silvestre Castanheiro|1898|1898|XXXIII, 599 p.|Luís de Camões, 1524-1580|||António Mendes Belo, 1842-1929, Comentador (em meio audiovisual) ; Pinheiro Chagas, 1842-1895, Comentador (em meio audiovisual) ; José Fernandes Costa, 1848-1920, Comentador (em meio audiovisual)|||CAM. 150 A.|CAM500|http://id.bnportugal.gov.pt/bib/catbnp/397821|Livre
397821|https://purl.pt/44005||Livro impresso|Português||Os Lusíadas|profusamente illustrada com desenhos allegoricos...||1.ª ed.|Lisboa : Silvestre Castanheiro|1898|1898|XXXIII, 599 p.|Luís de Camões, 1524-1580|||António Mendes Belo, 1842-1929, Comentador (em meio audiovisual) ; Pinheiro Chagas, 1842-1895, Comentador (em meio audiovisual) ; José Fernandes Costa, 1848-1920, Comentador (em meio audiovisual)|||CAM. 150 A.|CAM500|http://id.bnportugal.gov.pt/bib/catbnp/397821|Livre
397821|https://purl.pt/44005||Livro impresso|Português||Os Lusíadas|profusamente illustrada com desenhos allegoricos...||1.ª ed.|Lisboa : Silvestre Castanheiro|1898|1898|XXXIII, 599 p.|Luís de Camões, 1524-1580|||António Mendes Belo, 1842-1929, Comentador (em meio audiovisual) ; Pinheiro Chagas, 1842-1895, Comentador (em meio audiovisual) ; José Fernandes Costa, 1848-1920, Comentador (em meio audiovisual)|||CAM. 150 A.|CAM500|http://id.bnportugal.gov.pt/bib/catbnp/397821|Livre
397821|https://purl.pt/44005||Livro impresso|Português||Os Lusíadas|profusamente illustrada com desenhos allegoricos...||1.ª ed.|Lisboa : Silvestre Castanheiro|1898|1898|XXXIII, 599 p.|Luís de Camões, 1524-1580|||António Mendes Belo, 1842-1929, Comentador (em meio audiovisual) ; Pinheiro Chagas, 1842-1895, Comentador (em meio audiovisual) ; José Fernandes Costa, 1848-1920, Comentador (em meio audiovisual)|||CAM. 150 A.|CAM500|http://id.bnportugal.gov.pt/bib/catbnp/397821|Livre
397821|https://purl.pt/44005||Livro impresso|Português||Os Lusíadas|profusamente illustrada com desenhos allegoricos...||1.ª ed.|Lisboa : Silvestre Castanheiro|1898|1898|XXXIII, 599 p.|Luís de Camões, 1524-1580|||António Mendes Belo, 1842-1929, Comentador (em meio audiovisual) ; Pinheiro Chagas, 1842-1895, Comentador (em meio audiovisual) ; José Fernandes Costa, 1848-1920, Comentador (em meio audiovisual)|||CAM. 150 A.|CAM500|http://id.bnportugal.gov.pt/bib/catbnp/397821|Livre
397821|https://purl.pt/44005||Livro impresso|Português||Os Lusíadas|profusamente illustrada com desenhos allegoricos...||1.ª ed.|Lisboa : Silvestre Castanheiro|1898|1898|XXXIII, 599 p.|Luís de Camões, 1524-1580|||António Mendes Belo, 1842-1929, Comentador (em meio audiovisual) ; Pinheiro Chagas, 1842-1895, Comentador (em meio audiovisual) ; José Fernandes Costa, 1848-1920, Comentador (em meio audiovisual)|||CAM. 150 A.|CAM500|http://id.bnportugal.gov.pt/bib/catbnp/397821|Livre
397821|https://purl.pt/44005||Livro impresso|Português||Os Lusíadas|profusamente illustrada com desenhos allegoricos...||1.ª ed.|Lisboa : Silvestre Castanheiro|1898|1898|XXXIII, 599 p.|Luís de Camões, 1524-1580|||António Mendes Belo, 1842-1929, Comentador (em meio audiovisual) ; Pinheiro Chagas, 1842-1895, Comentador (em meio audiovisual) ; José Fernandes Costa, 1848-1920, Comentador (em meio audiovisual)|||CAM. 150 A.|CAM500|http://id.bnportugal.gov.pt/bib/catbnp/397821|Livre
397821|https://purl.pt/44005||Livro impresso|Português||Os Lusíadas|profusamente illustrada com desenhos allegoricos...||1.ª ed.|Lisboa : Silvestre Castanheiro|1898|1898|XXXIII, 599 p.|Luís de Camões, 1524-1580|||António Mendes Belo, 1842-1929, Comentador (em meio audiovisual) ; Pinheiro Chagas, 1842-1895, Comentador (em meio audiovisual) ; José Fernandes Costa, 1848-1920, Comentador (em meio audiovisual)|||CAM. 150 A.|CAM500|http://id.bnportugal.gov.pt/bib/catbnp/397821|Livre
397821|https://purl.pt/44005||Livro impresso|Português||Os Lusíadas|profusamente illustrada com desenhos allegoricos...||1.ª ed.|Lisboa : Silvestre Castanheiro|1898|1898|XXXIII, 599 p.|Luís de Camões, 1524-1580|||António Mendes Belo, 1842-1929, Comentador (em meio audiovisual) ; Pinheiro Chagas, 1842-1895, Comentador (em meio audiovisual) ; José Fernandes Costa, 1848-1920, Comentador (em meio audiovisual)|||CAM. 150 A.|CAM500|http://id.bnportugal.gov.pt/bib/catbnp/397821|Livre
397821|https://purl.pt/44005||Livro impresso|Português||Os Lusíadas|profusamente illustrada com desenhos allegoricos...||1.ª ed.|Lisboa : Silvestre Castanheiro|1898|1898|XXXIII, 599 p.|Luís de Camões, 1524-1580|||António Mendes Belo, 1842-1929, Comentador (em meio audiovisual) ; Pinheiro Chagas, 1842-1895, Comentador (em meio audiovisual) ; José Fernandes Costa, 1848-1920, Comentador (em meio audiovisual)|||CAM. 150 A.|CAM500|http://id.bnportugal.gov.pt/bib/catbnp/397821|Livre
397821|https://purl.pt/44005||Livro impresso|Português||Os Lusíadas|profusamente illustrada com desenhos allegoricos...||1.ª ed.|Lisboa : Silvestre Castanheiro|1898|1898|XXXIII, 599 p.|Luís de Camões, 1524-1580|||António Mendes Belo, 1842-1929, Comentador (em meio audiovisual) ; Pinheiro Chagas, 1842-1895, Comentador (em meio audiovisual) ; José Fernandes Costa, 1848-1920, Comentador (em meio audiovisual)|||CAM. 150 A.|CAM500|http://id.bnportugal.gov.pt/bib/catbnp/397821|Livre
397821|https://purl.pt/44005||Livro impresso|Português||Os Lusíadas|profusamente illustrada com desenhos allegoricos...||1.ª ed.|Lisboa : Silvestre Castanheiro|1898|1898|XXXIII, 599 p.|Luís de Camões, 1524-1580|||António Mendes Belo, 1842-1929, Comentador (em meio audiovisual) ; Pinheiro Chagas, 1842-1895, Comentador (em meio audiovisual) ; José Fernandes Costa, 1848-1920, Comentador (em meio audiovisual)|||CAM. 150 A.|CAM500|http://id.bnportugal.gov.pt/bib/catbnp/397821|Livre
397821|https://purl.pt/44005||Livro impresso|Português||Os Lusíadas|profusamente illustrada com desenhos allegoricos...||1.ª ed.|Lisboa : Silvestre Castanheiro|1898|1898|XXXIII, 599 p.|Luís de Camões, 1524-1580|||António Mendes Belo, 1842-1929, Comentador (em meio audiovisual) ; Pinheiro Chagas, 1842-1895, Comentador (em meio audiovisual) ; José Fernandes Costa, 1848-1920, Comentador (em meio audiovisual)|||CAM. 150 A.|CAM500|http://id.bnportugal.gov.pt/bib/catbnp/397821|Livre
397821|https://purl.pt/44005||Livro impresso|Português||Os Lusíadas|profusamente illustrada com desenhos allegoricos...||1.ª ed.|Lisboa : Silvestre Castanheiro|1898|1898|XXXIII, 599 p.|Luís de Camões, 1524-1580|||António Mendes Belo, 1842-1929, Comentador (em meio audiovisual) ; Pinheiro Chagas, 1842-1895, Comentador (em meio audiovisual) ; José Fernandes Costa, 1848-1920, Comentador (em meio audiovisual)|||CAM. 150 A.|CAM500|http://id.bnportugal.gov.pt/bib/catbnp/397821|Livre
397821|https://purl.pt/44005||Livro impresso|Português||Os Lusíadas|profusamente illustrada com desenhos allegoricos...||1.ª ed.|Lisboa : Silvestre Castanheiro|1898|1898|XXXIII, 599 p.|Luís de Camões, 1524-1580|||António Mendes Belo, 1842-1929, Comentador (em meio audiovisual) ; Pinheiro Chagas, 1842-1895, Comentador (em meio audiovisual) ; José Fernandes Costa, 1848-1920, Comentador (em meio audiovisual)|||CAM. 150 A.|CAM500|http://id.bnportugal.gov.pt/bib/catbnp/397821|Livre
2284|https://purl.pt/43957||Livro impresso|Português||Os Lusíadas|edição artística comemorativa do 3º Centenário da Restauração da Independência de Portugal||Nova edição|Barcelos : Companhia Editora do Minho|1960|1960|LVII, 318, 2 p.|Luís de Camões, 1524-1580|||Hernâni Cidade, 1887-1975, Autor da introdução, etc. ; Joaquim Lopes, 1886-1956, Ilustrador ; Eleutério Cerdeira, 1876-?, Comentador de texto escrito|||L. 6177 A.|CAM500|http://id.bnportugal.gov.pt/bib/catbnp/2284|Livre
2284|https://purl.pt/43957||Livro impresso|Português||Os Lusíadas|edição artística comemorativa do 3º Centenário da Restauração da Independência de Portugal||Nova edição|Barcelos : Companhia Editora do Minho|1960|1960|LVII, 318, 2 p.|Luís de Camões, 1524-1580|||Hernâni Cidade, 1887-1975, Autor da introdução, etc. ; Joaquim Lopes, 1886-1956, Ilustrador ; Eleutério Cerdeira, 1876-?, Comentador de texto escrito|||L. 6177 A.|CAM500|http://id.bnportugal.gov.pt/bib/catbnp/2284|Livre
2284|https://purl.pt/43957||Livro impresso|Português||Os Lusíadas|edição artística comemorativa do 3º Centenário da Restauração da Independência de Portugal||Nova edição|Barcelos : Companhia Editora do Minho|1960|1960|LVII, 318, 2 p.|Luís de Camões, 1524-1580|||Hernâni Cidade, 1887-1975, Autor da introdução, etc. ; Joaquim Lopes, 1886-1956, Ilustrador ; Eleutério Cerdeira, 1876-?, Comentador de texto escrito|||L. 6177 A.|CAM500|http://id.bnportugal.gov.pt/bib/catbnp/2284|Livre
2284|https://purl.pt/43957||Livro impresso|Português||Os Lusíadas|edição artística comemorativa do 3º Centenário da Restauração da Independência de Portugal||Nova edição|Barcelos : Companhia Editora do Minho|1960|1960|LVII, 318, 2 p.|Luís de Camões, 1524-1580|||Hernâni Cidade, 1887-1975, Autor da introdução, etc. ; Joaquim Lopes, 1886-1956, Ilustrador ; Eleutério Cerdeira, 1876-?, Comentador de texto escrito|||L. 6177 A.|CAM500|http://id.bnportugal.gov.pt/bib/catbnp/2284|Livre
2284|https://purl.pt/43957||Livro impresso|Português||Os Lusíadas|edição artística comemorativa do 3º Centenário da Restauração da Independência de Portugal||Nova edição|Barcelos : Companhia Editora do Minho|1960|1960|LVII, 318, 2 p.|Luís de Camões, 1524-1580|||Hernâni Cidade, 1887-1975, Autor da introdução, etc. ; Joaquim Lopes, 1886-1956, Ilustrador ; Eleutério Cerdeira, 1876-?, Comentador de texto escrito|||L. 6177 A.|CAM500|http://id.bnportugal.gov.pt/bib/catbnp/2284|Livre
2284|https://purl.pt/43957||Livro impresso|Português||Os Lusíadas|edição artística comemorativa do 3º Centenário da Restauração da Independência de Portugal||Nova edição|Barcelos : Companhia Editora do Minho|1960|1960|LVII, 318, 2 p.|Luís de Camões, 1524-1580|||Hernâni Cidade, 1887-1975, Autor da introdução, etc. ; Joaquim Lopes, 1886-1956, Ilustrador ; Eleutério Cerdeira, 1876-?, Comentador de texto escrito|||L. 6177 A.|CAM500|http://id.bnportugal.gov.pt/bib/catbnp/2284|Livre
2284|https://purl.pt/43957||Livro impresso|Português||Os Lusíadas|edição artística comemorativa do 3º Centenário da Restauração da Independência de Portugal||Nova edição|Barcelos : Companhia Editora do Minho|1960|1960|LVII, 318, 2 p.|Luís de Camões, 1524-1580|||Hernâni Cidade, 1887-1975, Autor da introdução, etc. ; Joaquim Lopes, 1886-1956, Ilustrador ; Eleutério Cerdeira, 1876-?, Comentador de texto escrito|||L. 6177 A.|CAM500|http://id.bnportugal.gov.pt/bib/catbnp/2284|Livre
2284|https://purl.pt/43957||Livro impresso|Português||Os Lusíadas|edição artística comemorativa do 3º Centenário da Restauração da Independência de Portugal||Nova edição|Barcelos : Companhia Editora do Minho|1960|1960|LVII, 318, 2 p.|Luís de Camões, 1524-1580|||Hernâni Cidade, 1887-1975, Autor da introdução, etc. ; Joaquim Lopes, 1886-1956, Ilustrador ; Eleutério Cerdeira, 1876-?, Comentador de texto escrito|||L. 6177 A.|CAM500|http://id.bnportugal.gov.pt/bib/catbnp/2284|Livre
2284|https://purl.pt/43957||Livro impresso|Português||Os Lusíadas|edição artística comemorativa do 3º Centenário da Restauração da Independência de Portugal||Nova edição|Barcelos : Companhia Editora do Minho|1960|1960|LVII, 318, 2 p.|Luís de Camões, 1524-1580|||Hernâni Cidade, 1887-1975, Autor da introdução, etc. ; Joaquim Lopes, 1886-1956, Ilustrador ; Eleutério Cerdeira, 1876-?, Comentador de texto escrito|||L. 6177 A.|CAM500|http://id.bnportugal.gov.pt/bib/catbnp/2284|Livre
2284|https://purl.pt/43957||Livro impresso|Português||Os Lusíadas|edição artística comemorativa do 3º Centenário da Restauração da Independência de Portugal||Nova edição|Barcelos : Companhia Editora do Minho|1960|1960|LVII, 318, 2 p.|Luís de Camões, 1524-1580|||Hernâni Cidade, 1887-1975, Autor da introdução, etc. ; Joaquim Lopes, 1886-1956, Ilustrador ; Eleutério Cerdeira, 1876-?, Comentador de texto escrito|||L. 6177 A.|CAM500|http://id.bnportugal.gov.pt/bib/catbnp/2284|Livre
2284|https://purl.pt/43957||Livro impresso|Português||Os Lusíadas|edição artística comemorativa do 3º Centenário da Restauração da Independência de Portugal||Nova edição|Barcelos : Companhia Editora do Minho|1960|1960|LVII, 318, 2 p.|Luís de Camões, 1524-1580|||Hernâni Cidade, 1887-1975, Autor da introdução, etc. ; Joaquim Lopes, 1886-1956, Ilustrador ; Eleutério Cerdeira, 1876-?, Comentador de texto escrito|||L. 6177 A.|CAM500|http://id.bnportugal.gov.pt/bib/catbnp/2284|Livre
256560|https://purl.pt/44314||Livro impresso|Português||Os Lusiadas|||Nova edição conforme á de 1817, in-4º, de Dom José de Souza-Botelho Morgado de Matteus|Paris : em Casa de V J.-P. Aillaud, Guillard e C 47, Rua Saint-André-des-Arts, 47|1865|1865|12, 536 p., 1 estampa|Luís de Camões, 1524-1580|||Torquato Tasso, 1544-1595, Autor ; Paulino de Sousa, ca. 18--, Editor literário ; Tomás José de Aquino, 1718/20-1804, Editor literário ; João Franco Barreto, 1600-post. 1674, Editor literário ; Morgado de Mateus, 1758-1825, Editor literário ; Félicie Schneider, 1831-1888, Ilustrador ; Félicie Fournier, 1797-1879, Gravador ; Lucien François Penet, 1834-1901, Ilustrador ; Alfred Louis Sargent, 1828-?, Gravador em madeira ; Frédéric Théodore Lix, 1830-1897, Ilustrador ;  Lehuger, fl. 186-, Gravador em madeira ; A. Bouret, fl. 186-, Impressor||Aillaud, Guillard. e Cª, Livreiro|CAM. 155 P.|CAM500|http://id.bnportugal.gov.pt/bib/catbnp/256560|Livre
256560|https://purl.pt/44314||Livro impresso|Português||Os Lusiadas|||Nova edição conforme á de 1817, in-4º, de Dom José de Souza-Botelho Morgado de Matteus|Paris : em Casa de V J.-P. Aillaud, Guillard e C 47, Rua Saint-André-des-Arts, 47|1865|1865|12, 536 p., 1 estampa|Luís de Camões, 1524-1580|||Torquato Tasso, 1544-1595, Autor ; Paulino de Sousa, ca. 18--, Editor literário ; Tomás José de Aquino, 1718/20-1804, Editor literário ; João Franco Barreto, 1600-post. 1674, Editor literário ; Morgado de Mateus, 1758-1825, Editor literário ; Félicie Schneider, 1831-1888, Ilustrador ; Félicie Fournier, 1797-1879, Gravador ; Lucien François Penet, 1834-1901, Ilustrador ; Alfred Louis Sargent, 1828-?, Gravador em madeira ; Frédéric Théodore Lix, 1830-1897, Ilustrador ;  Lehuger, fl. 186-, Gravador em madeira ; A. Bouret, fl. 186-, Impressor||Aillaud, Guillard. e Cª, Livreiro|CAM. 155 P.|CAM500|http://id.bnportugal.gov.pt/bib/catbnp/256560|Livre
256560|https://purl.pt/44314||Livro impresso|Português||Os Lusiadas|||Nova edição conforme á de 1817, in-4º, de Dom José de Souza-Botelho Morgado de Matteus|Paris : em Casa de V J.-P. Aillaud, Guillard e C 47, Rua Saint-André-des-Arts, 47|1865|1865|12, 536 p., 1 estampa|Luís de Camões, 1524-1580|||Torquato Tasso, 1544-1595, Autor ; Paulino de Sousa, ca. 18--, Editor literário ; Tomás José de Aquino, 1718/20-1804, Editor literário ; João Franco Barreto, 1600-post. 1674, Editor literário ; Morgado de Mateus, 1758-1825, Editor literário ; Félicie Schneider, 1831-1888, Ilustrador ; Félicie Fournier, 1797-1879, Gravador ; Lucien François Penet, 1834-1901, Ilustrador ; Alfred Louis Sargent, 1828-?, Gravador em madeira ; Frédéric Théodore Lix, 1830-1897, Ilustrador ;  Lehuger, fl. 186-, Gravador em madeira ; A. Bouret, fl. 186-, Impressor||Aillaud, Guillard. e Cª, Livreiro|CAM. 155 P.|CAM500|http://id.bnportugal.gov.pt/bib/catbnp/256560|Livre
256560|https://purl.pt/44314||Livro impresso|Português||Os Lusiadas|||Nova edição conforme á de 1817, in-4º, de Dom José de Souza-Botelho Morgado de Matteus|Paris : em Casa de V J.-P. Aillaud, Guillard e C 47, Rua Saint-André-des-Arts, 47|1865|1865|12, 536 p., 1 estampa|Luís de Camões, 1524-1580|||Torquato Tasso, 1544-1595, Autor ; Paulino de Sousa, ca. 18--, Editor literário ; Tomás José de Aquino, 1718/20-1804, Editor literário ; João Franco Barreto, 1600-post. 1674, Editor literário ; Morgado de Mateus, 1758-1825, Editor literário ; Félicie Schneider, 1831-1888, Ilustrador ; Félicie Fournier, 1797-1879, Gravador ; Lucien François Penet, 1834-1901, Ilustrador ; Alfred Louis Sargent, 1828-?, Gravador em madeira ; Frédéric Théodore Lix, 1830-1897, Ilustrador ;  Lehuger, fl. 186-, Gravador em madeira ; A. Bouret, fl. 186-, Impressor||Aillaud, Guillard. e Cª, Livreiro|CAM. 155 P.|CAM500|http://id.bnportugal.gov.pt/bib/catbnp/256560|Livre
256560|https://purl.pt/44314||Livro impresso|Português||Os Lusiadas|||Nova edição conforme á de 1817, in-4º, de Dom José de Souza-Botelho Morgado de Matteus|Paris : em Casa de V J.-P. Aillaud, Guillard e C 47, Rua Saint-André-des-Arts, 47|1865|1865|12, 536 p., 1 estampa|Luís de Camões, 1524-1580|||Torquato Tasso, 1544-1595, Autor ; Paulino de Sousa, ca. 18--, Editor literário ; Tomás José de Aquino, 1718/20-1804, Editor literário ; João Franco Barreto, 1600-post. 1674, Editor literário ; Morgado de Mateus, 1758-1825, Editor literário ; Félicie Schneider, 1831-1888, Ilustrador ; Félicie Fournier, 1797-1879, Gravador ; Lucien François Penet, 1834-1901, Ilustrador ; Alfred Louis Sargent, 1828-?, Gravador em madeira ; Frédéric Théodore Lix, 1830-1897, Ilustrador ;  Lehuger, fl. 186-, Gravador em madeira ; A. Bouret, fl. 186-, Impressor||Aillaud, Guillard. e Cª, Livreiro|CAM. 155 P.|CAM500|http://id.bnportugal.gov.pt/bib/catbnp/256560|Livre
256560|https://purl.pt/44314||Livro impresso|Português||Os Lusiadas|||Nova edição conforme á de 1817, in-4º, de Dom José de Souza-Botelho Morgado de Matteus|Paris : em Casa de V J.-P. Aillaud, Guillard e C 47, Rua Saint-André-des-Arts, 47|1865|1865|12, 536 p., 1 estampa|Luís de Camões, 1524-1580|||Torquato Tasso, 1544-1595, Autor ; Paulino de Sousa, ca. 18--, Editor literário ; Tomás José de Aquino, 1718/20-1804, Editor literário ; João Franco Barreto, 1600-post. 1674, Editor literário ; Morgado de Mateus, 1758-1825, Editor literário ; Félicie Schneider, 1831-1888, Ilustrador ; Félicie Fournier, 1797-1879, Gravador ; Lucien François Penet, 1834-1901, Ilustrador ; Alfred Louis Sargent, 1828-?, Gravador em madeira ; Frédéric Théodore Lix, 1830-1897, Ilustrador ;  Lehuger, fl. 186-, Gravador em madeira ; A. Bouret, fl. 186-, Impressor||Aillaud, Guillard. e Cª, Livreiro|CAM. 155 P.|CAM500|http://id.bnportugal.gov.pt/bib/catbnp/256560|Livre
256560|https://purl.pt/44314||Livro impresso|Português||Os Lusiadas|||Nova edição conforme á de 1817, in-4º, de Dom José de Souza-Botelho Morgado de Matteus|Paris : em Casa de V J.-P. Aillaud, Guillard e C 47, Rua Saint-André-des-Arts, 47|1865|1865|12, 536 p., 1 estampa|Luís de Camões, 1524-1580|||Torquato Tasso, 1544-1595, Autor ; Paulino de Sousa, ca. 18--, Editor literário ; Tomás José de Aquino, 1718/20-1804, Editor literário ; João Franco Barreto, 1600-post. 1674, Editor literário ; Morgado de Mateus, 1758-1825, Editor literário ; Félicie Schneider, 1831-1888, Ilustrador ; Félicie Fournier, 1797-1879, Gravador ; Lucien François Penet, 1834-1901, Ilustrador ; Alfred Louis Sargent, 1828-?, Gravador em madeira ; Frédéric Théodore Lix, 1830-1897, Ilustrador ;  Lehuger, fl. 186-, Gravador em madeira ; A. Bouret, fl. 186-, Impressor||Aillaud, Guillard. e Cª, Livreiro|CAM. 155 P.|CAM500|http://id.bnportugal.gov.pt/bib/catbnp/256560|Livre
256560|https://purl.pt/44314||Livro impresso|Português||Os Lusiadas|||Nova edição conforme á de 1817, in-4º, de Dom José de Souza-Botelho Morgado de Matteus|Paris : em Casa de V J.-P. Aillaud, Guillard e C 47, Rua Saint-André-des-Arts, 47|1865|1865|12, 536 p., 1 estampa|Luís de Camões, 1524-1580|||Torquato Tasso, 1544-1595, Autor ; Paulino de Sousa, ca. 18--, Editor literário ; Tomás José de Aquino, 1718/20-1804, Editor literário ; João Franco Barreto, 1600-post. 1674, Editor literário ; Morgado de Mateus, 1758-1825, Editor literário ; Félicie Schneider, 1831-1888, Ilustrador ; Félicie Fournier, 1797-1879, Gravador ; Lucien François Penet, 1834-1901, Ilustrador ; Alfred Louis Sargent, 1828-?, Gravador em madeira ; Frédéric Théodore Lix, 1830-1897, Ilustrador ;  Lehuger, fl. 186-, Gravador em madeira ; A. Bouret, fl. 186-, Impressor||Aillaud, Guillard. e Cª, Livreiro|CAM. 155 P.|CAM500|http://id.bnportugal.gov.pt/bib/catbnp/256560|Livre
256560|https://purl.pt/44314||Livro impresso|Português||Os Lusiadas|||Nova edição conforme á de 1817, in-4º, de Dom José de Souza-Botelho Morgado de Matteus|Paris : em Casa de V J.-P. Aillaud, Guillard e C 47, Rua Saint-André-des-Arts, 47|1865|1865|12, 536 p., 1 estampa|Luís de Camões, 1524-1580|||Torquato Tasso, 1544-1595, Autor ; Paulino de Sousa, ca. 18--, Editor literário ; Tomás José de Aquino, 1718/20-1804, Editor literário ; João Franco Barreto, 1600-post. 1674, Editor literário ; Morgado de Mateus, 1758-1825, Editor literário ; Félicie Schneider, 1831-1888, Ilustrador ; Félicie Fournier, 1797-1879, Gravador ; Lucien François Penet, 1834-1901, Ilustrador ; Alfred Louis Sargent, 1828-?, Gravador em madeira ; Frédéric Théodore Lix, 1830-1897, Ilustrador ;  Lehuger, fl. 186-, Gravador em madeira ; A. Bouret, fl. 186-, Impressor||Aillaud, Guillard. e Cª, Livreiro|CAM. 155 P.|CAM500|http://id.bnportugal.gov.pt/bib/catbnp/256560|Livre
256560|https://purl.pt/44314||Livro impresso|Português||Os Lusiadas|||Nova edição conforme á de 1817, in-4º, de Dom José de Souza-Botelho Morgado de Matteus|Paris : em Casa de V J.-P. Aillaud, Guillard e C 47, Rua Saint-André-des-Arts, 47|1865|1865|12, 536 p., 1 estampa|Luís de Camões, 1524-1580|||Torquato Tasso, 1544-1595, Autor ; Paulino de Sousa, ca. 18--, Editor literário ; Tomás José de Aquino, 1718/20-1804, Editor literário ; João Franco Barreto, 1600-post. 1674, Editor literário ; Morgado de Mateus, 1758-1825, Editor literário ; Félicie Schneider, 1831-1888, Ilustrador ; Félicie Fournier, 1797-1879, Gravador ; Lucien François Penet, 1834-1901, Ilustrador ; Alfred Louis Sargent, 1828-?, Gravador em madeira ; Frédéric Théodore Lix, 1830-1897, Ilustrador ;  Lehuger, fl. 186-, Gravador em madeira ; A. Bouret, fl. 186-, Impressor||Aillaud, Guillard. e Cª, Livreiro|CAM. 155 P.|CAM500|http://id.bnportugal.gov.pt/bib/catbnp/256560|Livre
256560|https://purl.pt/44314||Livro impresso|Português||Os Lusiadas|||Nova edição conforme á de 1817, in-4º, de Dom José de Souza-Botelho Morgado de Matteus|Paris : em Casa de V J.-P. Aillaud, Guillard e C 47, Rua Saint-André-des-Arts, 47|1865|1865|12, 536 p., 1 estampa|Luís de Camões, 1524-1580|||Torquato Tasso, 1544-1595, Autor ; Paulino de Sousa, ca. 18--, Editor literário ; Tomás José de Aquino, 1718/20-1804, Editor literário ; João Franco Barreto, 1600-post. 1674, Editor literário ; Morgado de Mateus, 1758-1825, Editor literário ; Félicie Schneider, 1831-1888, Ilustrador ; Félicie Fournier, 1797-1879, Gravador ; Lucien François Penet, 1834-1901, Ilustrador ; Alfred Louis Sargent, 1828-?, Gravador em madeira ; Frédéric Théodore Lix, 1830-1897, Ilustrador ;  Lehuger, fl. 186-, Gravador em madeira ; A. Bouret, fl. 186-, Impressor||Aillaud, Guillard. e Cª, Livreiro|CAM. 155 P.|CAM500|http://id.bnportugal.gov.pt/bib/catbnp/256560|Livre
852331|https://purl.pt/44308||Periódico|Português||Círculo camoniano|revista internacional||1.ª ed.|Porto : Typographia Elzeveriana annexa à Livrria Civilisação|1889|1889|||||Joaquim de Araújo, 1858-1917, Director|||CAM. 156 V.|CAM500|http://id.bnportugal.gov.pt/bib/catbnp/852331|Livre
852331|https://purl.pt/44308||Periódico|Português||Círculo camoniano|revista internacional||1.ª ed.|Porto : Typographia Elzeveriana annexa à Livrria Civilisação|1889|1889|||||Joaquim de Araújo, 1858-1917, Director|||CAM. 156 V.|CAM500|http://id.bnportugal.gov.pt/bib/catbnp/852331|Livre
852331|https://purl.pt/44308||Periódico|Português||Círculo camoniano|revista internacional||1.ª ed.|Porto : Typographia Elzeveriana annexa à Livrria Civilisação|1889|1889|||||Joaquim de Araújo, 1858-1917, Director|||CAM. 156 V.|CAM500|http://id.bnportugal.gov.pt/bib/catbnp/852331|Livre
852140|https://purl.pt/44007||Livro impresso|Português||Portugal e Italia|ensaio de diccionario bibliographico||1.ª ed.|Leorne : Typographia de Raphael Giusti|1898|1898|XI, 5, 176 p., 11 grav. extratexto|António de Portugal de Faria, 1868-1937||||||CAM. 160 V.|CAM500|http://id.bnportugal.gov.pt/bib/catbnp/852140|Livre
852140|https://purl.pt/44007||Livro impresso|Português||Portugal e Italia|ensaio de diccionario bibliographico||1.ª ed.|Leorne : Typographia de Raphael Giusti|1898|1898|XI, 5, 176 p., 11 grav. extratexto|António de Portugal de Faria, 1868-1937||||||CAM. 160 V.|CAM500|http://id.bnportugal.gov.pt/bib/catbnp/852140|Livre
852140|https://purl.pt/44007||Livro impresso|Português||Portugal e Italia|ensaio de diccionario bibliographico||1.ª ed.|Leorne : Typographia de Raphael Giusti|1898|1898|XI, 5, 176 p., 11 grav. extratexto|António de Portugal de Faria, 1868-1937||||||CAM. 160 V.|CAM500|http://id.bnportugal.gov.pt/bib/catbnp/852140|Livre
256620|https://purl.pt/44315||Livro impresso|Português||Os Lusiadas|||Nova edição conforme á de 1817, in-4º de Dom José de Souza Botelho Morgado de Matteus|Pariz : em Casa de V J-P. Aillaud, Guillard e C 47, Rua Saint-André-des-Arts, 47|1873|1873|8, 536 p., 1 estampa|Luís de Camões, 1524-1580|||Torquato Tasso, 1544-1595, Autor ; Paulino de Sousa, ca. 18--, Editor literário ; Tomás José de Aquino, 1718/20-1804, Editor literário ; João Franco Barreto, 1600-post. 1674, Editor literário ; Morgado de Mateus, 1758-1825, Editor literário ; Félicie Schneider, 1831-1888, Ilustrador ; Félicie Fournier, 1797-1879, Gravador ; Lucien François Penet, 1834-1901, Ilustrador ; Alfred Louis Sargent, 1828-?, Gravador em madeira ; Frédéric Théodore Lix, 1830-1897, Ilustrador ;  Lehuger, fl. 186-, Gravador em madeira ; A. Bouret, fl. 186-, Impressor ; William Graham, 1853-?, Antigo possuidor||Aillaud, Guillard. e Cª, Livreiro ; Imprimerie Simon Raçon. e Cª, Impressor|L. 53408 P.|CAM500|http://id.bnportugal.gov.pt/bib/catbnp/256620|Livre
256620|https://purl.pt/44315||Livro impresso|Português||Os Lusiadas|||Nova edição conforme á de 1817, in-4º de Dom José de Souza Botelho Morgado de Matteus|Pariz : em Casa de V J-P. Aillaud, Guillard e C 47, Rua Saint-André-des-Arts, 47|1873|1873|8, 536 p., 1 estampa|Luís de Camões, 1524-1580|||Torquato Tasso, 1544-1595, Autor ; Paulino de Sousa, ca. 18--, Editor literário ; Tomás José de Aquino, 1718/20-1804, Editor literário ; João Franco Barreto, 1600-post. 1674, Editor literário ; Morgado de Mateus, 1758-1825, Editor literário ; Félicie Schneider, 1831-1888, Ilustrador ; Félicie Fournier, 1797-1879, Gravador ; Lucien François Penet, 1834-1901, Ilustrador ; Alfred Louis Sargent, 1828-?, Gravador em madeira ; Frédéric Théodore Lix, 1830-1897, Ilustrador ;  Lehuger, fl. 186-, Gravador em madeira ; A. Bouret, fl. 186-, Impressor ; William Graham, 1853-?, Antigo possuidor||Aillaud, Guillard. e Cª, Livreiro ; Imprimerie Simon Raçon. e Cª, Impressor|L. 53408 P.|CAM500|http://id.bnportugal.gov.pt/bib/catbnp/256620|Livre
256620|https://purl.pt/44315||Livro impresso|Português||Os Lusiadas|||Nova edição conforme á de 1817, in-4º de Dom José de Souza Botelho Morgado de Matteus|Pariz : em Casa de V J-P. Aillaud, Guillard e C 47, Rua Saint-André-des-Arts, 47|1873|1873|8, 536 p., 1 estampa|Luís de Camões, 1524-1580|||Torquato Tasso, 1544-1595, Autor ; Paulino de Sousa, ca. 18--, Editor literário ; Tomás José de Aquino, 1718/20-1804, Editor literário ; João Franco Barreto, 1600-post. 1674, Editor literário ; Morgado de Mateus, 1758-1825, Editor literário ; Félicie Schneider, 1831-1888, Ilustrador ; Félicie Fournier, 1797-1879, Gravador ; Lucien François Penet, 1834-1901, Ilustrador ; Alfred Louis Sargent, 1828-?, Gravador em madeira ; Frédéric Théodore Lix, 1830-1897, Ilustrador ;  Lehuger, fl. 186-, Gravador em madeira ; A. Bouret, fl. 186-, Impressor ; William Graham, 1853-?, Antigo possuidor||Aillaud, Guillard. e Cª, Livreiro ; Imprimerie Simon Raçon. e Cª, Impressor|L. 53408 P.|CAM500|http://id.bnportugal.gov.pt/bib/catbnp/256620|Livre
256620|https://purl.pt/44315||Livro impresso|Português||Os Lusiadas|||Nova edição conforme á de 1817, in-4º de Dom José de Souza Botelho Morgado de Matteus|Pariz : em Casa de V J-P. Aillaud, Guillard e C 47, Rua Saint-André-des-Arts, 47|1873|1873|8, 536 p., 1 estampa|Luís de Camões, 1524-1580|||Torquato Tasso, 1544-1595, Autor ; Paulino de Sousa, ca. 18--, Editor literário ; Tomás José de Aquino, 1718/20-1804, Editor literário ; João Franco Barreto, 1600-post. 1674, Editor literário ; Morgado de Mateus, 1758-1825, Editor literário ; Félicie Schneider, 1831-1888, Ilustrador ; Félicie Fournier, 1797-1879, Gravador ; Lucien François Penet, 1834-1901, Ilustrador ; Alfred Louis Sargent, 1828-?, Gravador em madeira ; Frédéric Théodore Lix, 1830-1897, Ilustrador ;  Lehuger, fl. 186-, Gravador em madeira ; A. Bouret, fl. 186-, Impressor ; William Graham, 1853-?, Antigo possuidor||Aillaud, Guillard. e Cª, Livreiro ; Imprimerie Simon Raçon. e Cª, Impressor|L. 53408 P.|CAM500|http://id.bnportugal.gov.pt/bib/catbnp/256620|Livre
256620|https://purl.pt/44315||Livro impresso|Português||Os Lusiadas|||Nova edição conforme á de 1817, in-4º de Dom José de Souza Botelho Morgado de Matteus|Pariz : em Casa de V J-P. Aillaud, Guillard e C 47, Rua Saint-André-des-Arts, 47|1873|1873|8, 536 p., 1 estampa|Luís de Camões, 1524-1580|||Torquato Tasso, 1544-1595, Autor ; Paulino de Sousa, ca. 18--, Editor literário ; Tomás José de Aquino, 1718/20-1804, Editor literário ; João Franco Barreto, 1600-post. 1674, Editor literário ; Morgado de Mateus, 1758-1825, Editor literário ; Félicie Schneider, 1831-1888, Ilustrador ; Félicie Fournier, 1797-1879, Gravador ; Lucien François Penet, 1834-1901, Ilustrador ; Alfred Louis Sargent, 1828-?, Gravador em madeira ; Frédéric Théodore Lix, 1830-1897, Ilustrador ;  Lehuger, fl. 186-, Gravador em madeira ; A. Bouret, fl. 186-, Impressor ; William Graham, 1853-?, Antigo possuidor||Aillaud, Guillard. e Cª, Livreiro ; Imprimerie Simon Raçon. e Cª, Impressor|L. 53408 P.|CAM500|http://id.bnportugal.gov.pt/bib/catbnp/256620|Livre
256620|https://purl.pt/44315||Livro impresso|Português||Os Lusiadas|||Nova edição conforme á de 1817, in-4º de Dom José de Souza Botelho Morgado de Matteus|Pariz : em Casa de V J-P. Aillaud, Guillard e C 47, Rua Saint-André-des-Arts, 47|1873|1873|8, 536 p., 1 estampa|Luís de Camões, 1524-1580|||Torquato Tasso, 1544-1595, Autor ; Paulino de Sousa, ca. 18--, Editor literário ; Tomás José de Aquino, 1718/20-1804, Editor literário ; João Franco Barreto, 1600-post. 1674, Editor literário ; Morgado de Mateus, 1758-1825, Editor literário ; Félicie Schneider, 1831-1888, Ilustrador ; Félicie Fournier, 1797-1879, Gravador ; Lucien François Penet, 1834-1901, Ilustrador ; Alfred Louis Sargent, 1828-?, Gravador em madeira ; Frédéric Théodore Lix, 1830-1897, Ilustrador ;  Lehuger, fl. 186-, Gravador em madeira ; A. Bouret, fl. 186-, Impressor ; William Graham, 1853-?, Antigo possuidor||Aillaud, Guillard. e Cª, Livreiro ; Imprimerie Simon Raçon. e Cª, Impressor|L. 53408 P.|CAM500|http://id.bnportugal.gov.pt/bib/catbnp/256620|Livre
256620|https://purl.pt/44315||Livro impresso|Português||Os Lusiadas|||Nova edição conforme á de 1817, in-4º de Dom José de Souza Botelho Morgado de Matteus|Pariz : em Casa de V J-P. Aillaud, Guillard e C 47, Rua Saint-André-des-Arts, 47|1873|1873|8, 536 p., 1 estampa|Luís de Camões, 1524-1580|||Torquato Tasso, 1544-1595, Autor ; Paulino de Sousa, ca. 18--, Editor literário ; Tomás José de Aquino, 1718/20-1804, Editor literário ; João Franco Barreto, 1600-post. 1674, Editor literário ; Morgado de Mateus, 1758-1825, Editor literário ; Félicie Schneider, 1831-1888, Ilustrador ; Félicie Fournier, 1797-1879, Gravador ; Lucien François Penet, 1834-1901, Ilustrador ; Alfred Louis Sargent, 1828-?, Gravador em madeira ; Frédéric Théodore Lix, 1830-1897, Ilustrador ;  Lehuger, fl. 186-, Gravador em madeira ; A. Bouret, fl. 186-, Impressor ; William Graham, 1853-?, Antigo possuidor||Aillaud, Guillard. e Cª, Livreiro ; Imprimerie Simon Raçon. e Cª, Impressor|L. 53408 P.|CAM500|http://id.bnportugal.gov.pt/bib/catbnp/256620|Livre
256620|https://purl.pt/44315||Livro impresso|Português||Os Lusiadas|||Nova edição conforme á de 1817, in-4º de Dom José de Souza Botelho Morgado de Matteus|Pariz : em Casa de V J-P. Aillaud, Guillard e C 47, Rua Saint-André-des-Arts, 47|1873|1873|8, 536 p., 1 estampa|Luís de Camões, 1524-1580|||Torquato Tasso, 1544-1595, Autor ; Paulino de Sousa, ca. 18--, Editor literário ; Tomás José de Aquino, 1718/20-1804, Editor literário ; João Franco Barreto, 1600-post. 1674, Editor literário ; Morgado de Mateus, 1758-1825, Editor literário ; Félicie Schneider, 1831-1888, Ilustrador ; Félicie Fournier, 1797-1879, Gravador ; Lucien François Penet, 1834-1901, Ilustrador ; Alfred Louis Sargent, 1828-?, Gravador em madeira ; Frédéric Théodore Lix, 1830-1897, Ilustrador ;  Lehuger, fl. 186-, Gravador em madeira ; A. Bouret, fl. 186-, Impressor ; William Graham, 1853-?, Antigo possuidor||Aillaud, Guillard. e Cª, Livreiro ; Imprimerie Simon Raçon. e Cª, Impressor|L. 53408 P.|CAM500|http://id.bnportugal.gov.pt/bib/catbnp/256620|Livre
256620|https://purl.pt/44315||Livro impresso|Português||Os Lusiadas|||Nova edição conforme á de 1817, in-4º de Dom José de Souza Botelho Morgado de Matteus|Pariz : em Casa de V J-P. Aillaud, Guillard e C 47, Rua Saint-André-des-Arts, 47|1873|1873|8, 536 p., 1 estampa|Luís de Camões, 1524-1580|||Torquato Tasso, 1544-1595, Autor ; Paulino de Sousa, ca. 18--, Editor literário ; Tomás José de Aquino, 1718/20-1804, Editor literário ; João Franco Barreto, 1600-post. 1674, Editor literário ; Morgado de Mateus, 1758-1825, Editor literário ; Félicie Schneider, 1831-1888, Ilustrador ; Félicie Fournier, 1797-1879, Gravador ; Lucien François Penet, 1834-1901, Ilustrador ; Alfred Louis Sargent, 1828-?, Gravador em madeira ; Frédéric Théodore Lix, 1830-1897, Ilustrador ;  Lehuger, fl. 186-, Gravador em madeira ; A. Bouret, fl. 186-, Impressor ; William Graham, 1853-?, Antigo possuidor||Aillaud, Guillard. e Cª, Livreiro ; Imprimerie Simon Raçon. e Cª, Impressor|L. 53408 P.|CAM500|http://id.bnportugal.gov.pt/bib/catbnp/256620|Livre
256620|https://purl.pt/44315||Livro impresso|Português||Os Lusiadas|||Nova edição conforme á de 1817, in-4º de Dom José de Souza Botelho Morgado de Matteus|Pariz : em Casa de V J-P. Aillaud, Guillard e C 47, Rua Saint-André-des-Arts, 47|1873|1873|8, 536 p., 1 estampa|Luís de Camões, 1524-1580|||Torquato Tasso, 1544-1595, Autor ; Paulino de Sousa, ca. 18--, Editor literário ; Tomás José de Aquino, 1718/20-1804, Editor literário ; João Franco Barreto, 1600-post. 1674, Editor literário ; Morgado de Mateus, 1758-1825, Editor literário ; Félicie Schneider, 1831-1888, Ilustrador ; Félicie Fournier, 1797-1879, Gravador ; Lucien François Penet, 1834-1901, Ilustrador ; Alfred Louis Sargent, 1828-?, Gravador em madeira ; Frédéric Théodore Lix, 1830-1897, Ilustrador ;  Lehuger, fl. 186-, Gravador em madeira ; A. Bouret, fl. 186-, Impressor ; William Graham, 1853-?, Antigo possuidor||Aillaud, Guillard. e Cª, Livreiro ; Imprimerie Simon Raçon. e Cª, Impressor|L. 53408 P.|CAM500|http://id.bnportugal.gov.pt/bib/catbnp/256620|Livre
256620|https://purl.pt/44315||Livro impresso|Português||Os Lusiadas|||Nova edição conforme á de 1817, in-4º de Dom José de Souza Botelho Morgado de Matteus|Pariz : em Casa de V J-P. Aillaud, Guillard e C 47, Rua Saint-André-des-Arts, 47|1873|1873|8, 536 p., 1 estampa|Luís de Camões, 1524-1580|||Torquato Tasso, 1544-1595, Autor ; Paulino de Sousa, ca. 18--, Editor literário ; Tomás José de Aquino, 1718/20-1804, Editor literário ; João Franco Barreto, 1600-post. 1674, Editor literário ; Morgado de Mateus, 1758-1825, Editor literário ; Félicie Schneider, 1831-1888, Ilustrador ; Félicie Fournier, 1797-1879, Gravador ; Lucien François Penet, 1834-1901, Ilustrador ; Alfred Louis Sargent, 1828-?, Gravador em madeira ; Frédéric Théodore Lix, 1830-1897, Ilustrador ;  Lehuger, fl. 186-, Gravador em madeira ; A. Bouret, fl. 186-, Impressor ; William Graham, 1853-?, Antigo possuidor||Aillaud, Guillard. e Cª, Livreiro ; Imprimerie Simon Raçon. e Cª, Impressor|L. 53408 P.|CAM500|http://id.bnportugal.gov.pt/bib/catbnp/256620|Livre
257364|https://purl.pt/44312||Livro impresso|Português||Os Lusiadas|||Nova edição popular conforme á segunda de 1572 augmentada com a vida do poeta e com um glossario dos nomes proprios|Lisboa : Rolland & Semiond|1875|1875|XIX, 1 br., 460 p., 1 grav.|Luís de Camões, 1524-1580|||João Franco Barreto, 1600-post. 1674, Editor literário ; J. G. de Sousa Neves, fl. 1844-1881, Impressor||Rolland e Semiond, Editor comercial|CAM. 169 P.|CAM500|http://id.bnportugal.gov.pt/bib/catbnp/257364|Livre
196562|https://purl.pt/45043||Livro impresso|Português||O anniversario do passamento de Luis de Camões no anno de 1892|ao nobre Conde de Samodães...||1.ª ed.|Porto : Typographia Central|1892|1892|35, 4 p.||Sociedade Nacional Camoniana|||||CAM. 286//4 V.|CAM500|http://id.bnportugal.gov.pt/bib/catbnp/196562|Livre
257368|https://purl.pt/44309||Livro impresso|Português||Os Lusiadas|||Nova edição cuidadosamente revista e conforme ás de 1572, precedida da biographia do poeta e seguida de um diccionario dos nomes proprios|Lisboa : Livraria de Antonio Maria Pereira|1876|1876|XVIII, 457, 1 br., 6 p., 1 grav.|Luís de Camões, 1524-1580|||João Franco Barreto, 1600-post. 1674, Editor literário ; António Maria Pereira, 1856-1898, Editor comercial||Portugal. Imprensa Nacional, Impressor|CAM. 170 P.|CAM500|http://id.bnportugal.gov.pt/bib/catbnp/257368|Livre
257404|https://purl.pt/44311||Livro impresso|Português||Os Lusiadas|||Nova edição com um Diccionario dos nomes proprios usados no mesmo poema|Porto : em Casa de A. R. da Cruz Coutinho|1880|1880|VIII, 477, 1 br., 2 p.|Luís de Camões, 1524-1580|||João Franco Barreto, 1600-post. 1674, Editor literário ; A. R. da Cruz Coutinho, 1815-1885, Editor comercial|||CAM. 171 P.|CAM500|http://id.bnportugal.gov.pt/bib/catbnp/257404|Livre
257404|https://purl.pt/44311||Livro impresso|Português||Os Lusiadas|||Nova edição com um Diccionario dos nomes proprios usados no mesmo poema|Porto : em Casa de A. R. da Cruz Coutinho|1880|1880|VIII, 477, 1 br., 2 p.|Luís de Camões, 1524-1580|||João Franco Barreto, 1600-post. 1674, Editor literário ; A. R. da Cruz Coutinho, 1815-1885, Editor comercial|||CAM. 171 P.|CAM500|http://id.bnportugal.gov.pt/bib/catbnp/257404|Livre
257404|https://purl.pt/44311||Livro impresso|Português||Os Lusiadas|||Nova edição com um Diccionario dos nomes proprios usados no mesmo poema|Porto : em Casa de A. R. da Cruz Coutinho|1880|1880|VIII, 477, 1 br., 2 p.|Luís de Camões, 1524-1580|||João Franco Barreto, 1600-post. 1674, Editor literário ; A. R. da Cruz Coutinho, 1815-1885, Editor comercial|||CAM. 171 P.|CAM500|http://id.bnportugal.gov.pt/bib/catbnp/257404|Livre
220128|https://purl.pt/43961||Livro impresso|Português||Os Lusíadas|||2ª ed|Lisboa : Instituto de Cultura e Língua Portuguesa|1989|1989|LIX, 559, 1 br. p., 5 extratextos|Luís de Camões, 1524-1580|||Álvaro J. da Costa Pimpão, 1902-1984, Comentador de texto escrito ; Aníbal Pinto de Castro, 1938-2010, Autor da apresentação|||P.P. 19179 V.|CAM500|http://id.bnportugal.gov.pt/bib/catbnp/220128|Livre
220128|https://purl.pt/43961||Livro impresso|Português||Os Lusíadas|||2ª ed|Lisboa : Instituto de Cultura e Língua Portuguesa|1989|1989|LIX, 559, 1 br. p., 5 extratextos|Luís de Camões, 1524-1580|||Álvaro J. da Costa Pimpão, 1902-1984, Comentador de texto escrito ; Aníbal Pinto de Castro, 1938-2010, Autor da apresentação|||P.P. 19179 V.|CAM500|http://id.bnportugal.gov.pt/bib/catbnp/220128|Livre
220128|https://purl.pt/43961||Livro impresso|Português||Os Lusíadas|||2ª ed|Lisboa : Instituto de Cultura e Língua Portuguesa|1989|1989|LIX, 559, 1 br. p., 5 extratextos|Luís de Camões, 1524-1580|||Álvaro J. da Costa Pimpão, 1902-1984, Comentador de texto escrito ; Aníbal Pinto de Castro, 1938-2010, Autor da apresentação|||P.P. 19179 V.|CAM500|http://id.bnportugal.gov.pt/bib/catbnp/220128|Livre
220128|https://purl.pt/43961||Livro impresso|Português||Os Lusíadas|||2ª ed|Lisboa : Instituto de Cultura e Língua Portuguesa|1989|1989|LIX, 559, 1 br. p., 5 extratextos|Luís de Camões, 1524-1580|||Álvaro J. da Costa Pimpão, 1902-1984, Comentador de texto escrito ; Aníbal Pinto de Castro, 1938-2010, Autor da apresentação|||P.P. 19179 V.|CAM500|http://id.bnportugal.gov.pt/bib/catbnp/220128|Livre
453095|https://purl.pt/44009||Livro impresso|Português||Rimas|||1.ª ed.|Coimbra : Livraria Almedina|1994|1994|LXXIX, 3, 429, 3 p.|Luís de Camões, 1524-1580|||Álvaro J. da Costa Pimpão, 1902-1984, Adaptador ; Aníbal Pinto de Castro, 1938-2010, Autor da apresentação|||CAM. 1776 V.|CAM500|http://id.bnportugal.gov.pt/bib/catbnp/453095|Livre
453095|https://purl.pt/44009||Livro impresso|Português||Rimas|||1.ª ed.|Coimbra : Livraria Almedina|1994|1994|LXXIX, 3, 429, 3 p.|Luís de Camões, 1524-1580|||Álvaro J. da Costa Pimpão, 1902-1984, Adaptador ; Aníbal Pinto de Castro, 1938-2010, Autor da apresentação|||CAM. 1776 V.|CAM500|http://id.bnportugal.gov.pt/bib/catbnp/453095|Livre
453095|https://purl.pt/44009||Livro impresso|Português||Rimas|||1.ª ed.|Coimbra : Livraria Almedina|1994|1994|LXXIX, 3, 429, 3 p.|Luís de Camões, 1524-1580|||Álvaro J. da Costa Pimpão, 1902-1984, Adaptador ; Aníbal Pinto de Castro, 1938-2010, Autor da apresentação|||CAM. 1776 V.|CAM500|http://id.bnportugal.gov.pt/bib/catbnp/453095|Livre
453095|https://purl.pt/44009||Livro impresso|Português||Rimas|||1.ª ed.|Coimbra : Livraria Almedina|1994|1994|LXXIX, 3, 429, 3 p.|Luís de Camões, 1524-1580|||Álvaro J. da Costa Pimpão, 1902-1984, Adaptador ; Aníbal Pinto de Castro, 1938-2010, Autor da apresentação|||CAM. 1776 V.|CAM500|http://id.bnportugal.gov.pt/bib/catbnp/453095|Livre
453095|https://purl.pt/44009||Livro impresso|Português||Rimas|||1.ª ed.|Coimbra : Livraria Almedina|1994|1994|LXXIX, 3, 429, 3 p.|Luís de Camões, 1524-1580|||Álvaro J. da Costa Pimpão, 1902-1984, Adaptador ; Aníbal Pinto de Castro, 1938-2010, Autor da apresentação|||CAM. 1776 V.|CAM500|http://id.bnportugal.gov.pt/bib/catbnp/453095|Livre
453095|https://purl.pt/44009||Livro impresso|Português||Rimas|||1.ª ed.|Coimbra : Livraria Almedina|1994|1994|LXXIX, 3, 429, 3 p.|Luís de Camões, 1524-1580|||Álvaro J. da Costa Pimpão, 1902-1984, Adaptador ; Aníbal Pinto de Castro, 1938-2010, Autor da apresentação|||CAM. 1776 V.|CAM500|http://id.bnportugal.gov.pt/bib/catbnp/453095|Livre
258477|https://purl.pt/44313||Livro impresso|Português||Os Lusiadas|||Nova edição contendo: Advertencia e Vida de Luiz de Camões, por A. R. da Cruz Coutinho; Elogio de Luiz de Camões, por F. Dias Gomes; Juizo ácerca dos Lusiadas, por Barreto Feio; Noticia da viagem de Vasco da Gama á India; Index explicativo de algumas palavras empregadas no poema; e um Diccionario dos nomes proprios que se contéem nos Lusiadas|Porto : em Casa de A. R. da Cruz Coutinho|1881|1881|CXI, 1 br., 480 p.|Luís de Camões, 1524-1580|||A. R. da Cruz Coutinho, 1815-1885, Editor comercial ; Francisco Dias Dias, 1745-1795, Editor literário ; José Vitorino Barreto Feio, 1782-1850, Editor literário ; João Franco Barreto, 1600-post. 1674, Editor literário||Tipografia do Jornal do Porto, Impressor|CAM. 180 P.|CAM500|http://id.bnportugal.gov.pt/bib/catbnp/258477|Livre
258485|https://purl.pt/44277||Livro impresso|Português||Os Lusiadas|||Edição revista e prefaciada por Theophilo Braga e illustrada com os retratos de Camões e Gama|Lisboa : Nova Livraria Internacional|1882|1882|2 t. em 1 vol. 8, XX, 155; 4, 140 p.|Luís de Camões, 1524-1580|||Teófilo Braga, 1843-1924, Autor da introdução, etc. ; Teixeira Bastos, 1856-1902, Autor da introdução, etc.||Nova Livraria Internacional, Editor comercial|CAM. 182 P.|CAM500|http://id.bnportugal.gov.pt/bib/catbnp/258485|Livre
258485|https://purl.pt/44277||Livro impresso|Português||Os Lusiadas|||Edição revista e prefaciada por Theophilo Braga e illustrada com os retratos de Camões e Gama|Lisboa : Nova Livraria Internacional|1882|1882|2 t. em 1 vol. 8, XX, 155; 4, 140 p.|Luís de Camões, 1524-1580|||Teófilo Braga, 1843-1924, Autor da introdução, etc. ; Teixeira Bastos, 1856-1902, Autor da introdução, etc.||Nova Livraria Internacional, Editor comercial|CAM. 182 P.|CAM500|http://id.bnportugal.gov.pt/bib/catbnp/258485|Livre
258492|https://purl.pt/44285||Livro impresso|Português||Os Lusiadas de Luiz de Camões|com Diccionario de todos os nomes próprios contidos no poema e uma crítica litteraria||Edição das Escolas|Paris : Guillard, Aillaud & C.a : a venda nas principaes livrarias de Portugal e do Brazil|1882|1882|4, 536 p.|Luís de Camões, 1524-1580|||Torquato Tasso, 1544-1595, Autor ; Paulino de Sousa, ca. 18--, Editor literário ; Tomás José de Aquino, 1718/20-1804, Editor literário ; João Franco Barreto, 1600-post. 1674, Editor literário||Guillard, Aillaud, Editor comercial ; Pillet e Dumoulin, Impressor|CAM. 183 P.|CAM500|http://id.bnportugal.gov.pt/bib/catbnp/258492|Livre
258492|https://purl.pt/44285||Livro impresso|Português||Os Lusiadas de Luiz de Camões|com Diccionario de todos os nomes próprios contidos no poema e uma crítica litteraria||Edição das Escolas|Paris : Guillard, Aillaud & C.a : a venda nas principaes livrarias de Portugal e do Brazil|1882|1882|4, 536 p.|Luís de Camões, 1524-1580|||Torquato Tasso, 1544-1595, Autor ; Paulino de Sousa, ca. 18--, Editor literário ; Tomás José de Aquino, 1718/20-1804, Editor literário ; João Franco Barreto, 1600-post. 1674, Editor literário||Guillard, Aillaud, Editor comercial ; Pillet e Dumoulin, Impressor|CAM. 183 P.|CAM500|http://id.bnportugal.gov.pt/bib/catbnp/258492|Livre
252303|https://purl.pt/44282||Livro impresso|Português||Os Lusiadas|||Edição revista e prefaciada por Theophilo Braga e illustrada com os retratos de Luiz de Camões e Vasco da Gama|Lisboa : Pereira & Amorim|1881|1881|2 t. em 1 vol. 155, 1 br., 1, 1 br.; 140, 3, 1 br. p.|Luís de Camões, 1524-1580|||Teófilo Braga, 1843-1924, Autor da introdução, etc.||Pereira & Amorim, Impressor|CAM. 187 P.|CAM500|http://id.bnportugal.gov.pt/bib/catbnp/252303|Livre
252303|https://purl.pt/44282||Livro impresso|Português||Os Lusiadas|||Edição revista e prefaciada por Theophilo Braga e illustrada com os retratos de Luiz de Camões e Vasco da Gama|Lisboa : Pereira & Amorim|1881|1881|2 t. em 1 vol. 155, 1 br., 1, 1 br.; 140, 3, 1 br. p.|Luís de Camões, 1524-1580|||Teófilo Braga, 1843-1924, Autor da introdução, etc.||Pereira & Amorim, Impressor|CAM. 187 P.|CAM500|http://id.bnportugal.gov.pt/bib/catbnp/252303|Livre
258529|https://purl.pt/44284||Livro impresso|Português||Os Lusiadas|||Nova edição, cuidadosamente revista e conforme ás de 1572, precedida duma biographia do poeta, escripta pelo sr. Innocencio Francisco da Silva, seguida d´um diccionario dos nomes proprios, historicos, geographicos e mythologicos, que se encontram no poema, adornada com o retrato de Camões, e com uma estampa do padrão levantado por Vasco da Gama em Melinde|Lisboa : Livraria de Antonio Maria Pereira|1882|1882|XVIII, 457, 1 br., 6 p., 2 estampas|Luís de Camões, 1524-1580|||Inocêncio Francisco da Silva, 1810-1876, Autor da introdução, etc. ; João Franco Barreto, 1600-post. 1674, Comentador de texto escrito ; António Maria Pereira, 1856-1898, Editor comercial ; Cristovão Augusto Rodrigues, 18---19--, Impressor|||L. 12978 P.|CAM500|http://id.bnportugal.gov.pt/bib/catbnp/258529|Livre
397744|https://purl.pt/45110||Livro impresso|Português||Apparição do gigante Adamastor a Vasco da Gama|episodio extrahido ... dos Lusiadas ...||1.ª ed.|Porto : Empreza do Seminário "O Camöes"|1883|1883|15 p.|Luís de Camões, 1524-1580|||Ernesto Jardim de Vilhena, 1876-1967, Antigo possuidor ; António Vieira Lopes, ca 18--, Autor da introdução, etc.|||CAM. 76//3 V.|CAM500|http://id.bnportugal.gov.pt/bib/catbnp/397744|Livre
382847|https://purl.pt/45100||Livro impresso|Português||Camoneana Académica|a Camões, os estudantes do Porto em Junho de 1880...||1.ª ed.|Porto : Imp. Comercial|1880|1880|56 p.|||||||CAM. 383//6 V.|CAM500|http://id.bnportugal.gov.pt/bib/catbnp/382847|Livre
1072941|https://purl.pt/45115||Livro impresso|Neerlandês||Ines de Castro|treurspel||1.ª ed.|Amsterdam : Johannes Allart|1793|1793|VI, 4, 103 p.|Rhijnvis Feith, 1753-1824|||Reinier Vinkeles, 1741-1816, Gravador ; Johannes Allart, 1754-1816, Impressor|||CAM. 1922 V.|CAM500|http://id.bnportugal.gov.pt/bib/catbnp/1072941|Livre
1072941|https://purl.pt/45115||Livro impresso|Neerlandês||Ines de Castro|treurspel||1.ª ed.|Amsterdam : Johannes Allart|1793|1793|VI, 4, 103 p.|Rhijnvis Feith, 1753-1824|||Reinier Vinkeles, 1741-1816, Gravador ; Johannes Allart, 1754-1816, Impressor|||CAM. 1922 V.|CAM500|http://id.bnportugal.gov.pt/bib/catbnp/1072941|Livre
1073970|https://purl.pt/45107||Livro impresso|Italiano||Italia drammatica|dramma in cinque atti ed epilogo||1.ª ed.|Torino : Tip. Italiana : alle libr. Fontana, Schiepatti, Magnaghi, Giannini e Fiore, Toscanelli|1851|1851|30 p.|Leone Fortis, 1824?-1898||||||CAM. 1925 V.|CAM500|http://id.bnportugal.gov.pt/bib/catbnp/1073970|Livre
258643|https://purl.pt/44283||Livro impresso|Português||Os Lusiadas|poema epico||1.ª ed.|Rio de Janeiro ; ; Pariz : H. Garnier|1899|1899|XXXIII, 1 br., 464, 1 p., 1 estampa|Luís de Camões, 1524-1580|||Fernandes Pinheiro, 1825-1876, Autor da introdução, etc. ; José Veríssimo, 1857-1916, Autor da introdução, etc. ; Hippolyte Garnier, 1816-1911, Editor comercial|||CAM. 193 P.|CAM500|http://id.bnportugal.gov.pt/bib/catbnp/258643|Livre
1725327|https://purl.pt/43985||Livro impresso|Italiano||Luigi Camoens|dramma in quattro atti di Giacomo Riccio||1.ª ed.|Napoli : Stabilimento Tipografico Seguin, strada Banchi Nuovi, 13|1842|1842|19, 1 br. p.|Giacomo Riccio, 18--||||||CAM. 2038 V.|CAM500|http://id.bnportugal.gov.pt/bib/catbnp/1725327|Livre
388329|https://purl.pt/44029||Livro impresso|Português||Vasco da Gama e a Vidigueira|||1.ª ed.|Lisboa : Imprensa Nacional|1898|1898|XXXVII, 3, 303, 1 br. p., 10 extratextos, desdobr., mapas|Augusto Carlos Teixeira de Aragão, 1823-1903|||Ernesto Jardim de Vilhena, 1876-1967, Antigo possuidor||Sociedade de Geografia de Lisboa, Nome associado|H.G. 4333 V.|CAM500|http://id.bnportugal.gov.pt/bib/catbnp/388329|Livre
388329|https://purl.pt/44029||Livro impresso|Português||Vasco da Gama e a Vidigueira|||1.ª ed.|Lisboa : Imprensa Nacional|1898|1898|XXXVII, 3, 303, 1 br. p., 10 extratextos, desdobr., mapas|Augusto Carlos Teixeira de Aragão, 1823-1903|||Ernesto Jardim de Vilhena, 1876-1967, Antigo possuidor||Sociedade de Geografia de Lisboa, Nome associado|H.G. 4333 V.|CAM500|http://id.bnportugal.gov.pt/bib/catbnp/388329|Livre
388329|https://purl.pt/44029||Livro impresso|Português||Vasco da Gama e a Vidigueira|||1.ª ed.|Lisboa : Imprensa Nacional|1898|1898|XXXVII, 3, 303, 1 br. p., 10 extratextos, desdobr., mapas|Augusto Carlos Teixeira de Aragão, 1823-1903|||Ernesto Jardim de Vilhena, 1876-1967, Antigo possuidor||Sociedade de Geografia de Lisboa, Nome associado|H.G. 4333 V.|CAM500|http://id.bnportugal.gov.pt/bib/catbnp/388329|Livre
388329|https://purl.pt/44029||Livro impresso|Português||Vasco da Gama e a Vidigueira|||1.ª ed.|Lisboa : Imprensa Nacional|1898|1898|XXXVII, 3, 303, 1 br. p., 10 extratextos, desdobr., mapas|Augusto Carlos Teixeira de Aragão, 1823-1903|||Ernesto Jardim de Vilhena, 1876-1967, Antigo possuidor||Sociedade de Geografia de Lisboa, Nome associado|H.G. 4333 V.|CAM500|http://id.bnportugal.gov.pt/bib/catbnp/388329|Livre
1951715|https://purl.pt/43981||Livro impresso|Francês||Camoëns, drame historique en cinq actes|||1.ª ed.|A Paris : chez Barba, Libraire, Palais-Royal : chez Bezou, boulevart Saint-Martin|1829|1829|6, 135, 1 br. p.| Martin-Deslandes, 18--|||J. Pinto Ferreira, Antigo possuidor|||CAM. 2123 V.|CAM500|http://id.bnportugal.gov.pt/bib/catbnp/1951715|Livre
252438|https://purl.pt/44317||Livro impresso|Português||O Litterario|homenagem a Camões, 10 de Junho de 1880||1.ª ed.|Porto : Typ. da Palavra|1880|1880|p. 77 - 84|||||||CAM. 213 A.|CAM500|http://id.bnportugal.gov.pt/bib/catbnp/252438|Livre
259140|https://purl.pt/44110||Livro impresso|Francês|Português|La Lusiade de Louis Camoens|poëme héroïque en dix chants||1.ª ed.|A Paris : chez Verdière, Libraire|1820|1820|2, 316 p., 1 retrato extratexto.|Luís de Camões, 1524-1580|||Jean François de La Harpe, 1739-1803, Tradutor ; François Gérard, 1770-1837, Ilustrador ; Barthèlemy Roger, Ilustrador|||CAM. 218 P.|CAM500|http://id.bnportugal.gov.pt/bib/catbnp/259140|Livre
855528|https://purl.pt/43963||Livro impresso|Português ; Espanhol ; Italiano ; Francês ; Alemão ; Inglês||Lembrança do quarto centenario do descobrimento da India|offerecida á Marinha e composta dos trechos que mais se prendem com o assumpto, tirados do poema de Luiz de Camões Os Lusiadas...||1.ª ed.|Lisboa : Typographia Castro Irmão|1898|1898|48 p.|Luís de Camões, 1524-1580|||Ernesto Moreira de Sá, 1841-1915, Compilador ; Luis Gómez de Tapia, 15--, Tradutor ; A. Briccolani, Tradutor ; A. de Cool, Tradutor ; Wilhelm Storck, 1829-1905, Tradutor ; John James Aubertin, ca 1878, Tradutor|||CAM. 219 V.|CAM500|http://id.bnportugal.gov.pt/bib/catbnp/855528|Livre
855528|https://purl.pt/43963||Livro impresso|Português ; Espanhol ; Italiano ; Francês ; Alemão ; Inglês||Lembrança do quarto centenario do descobrimento da India|offerecida á Marinha e composta dos trechos que mais se prendem com o assumpto, tirados do poema de Luiz de Camões Os Lusiadas...||1.ª ed.|Lisboa : Typographia Castro Irmão|1898|1898|48 p.|Luís de Camões, 1524-1580|||Ernesto Moreira de Sá, 1841-1915, Compilador ; Luis Gómez de Tapia, 15--, Tradutor ; A. Briccolani, Tradutor ; A. de Cool, Tradutor ; Wilhelm Storck, 1829-1905, Tradutor ; John James Aubertin, ca 1878, Tradutor|||CAM. 219 V.|CAM500|http://id.bnportugal.gov.pt/bib/catbnp/855528|Livre
381381|https://purl.pt/44010||Livro impresso|Português||Os Lusiadas|||Edição commemorativa do terceiro centenario do poeta, constando de cincoenta e dous exemplares numerados|Lisboa : David Corazzi|1880|1880|XXV, 1 br., 401, 3 p.|Luís de Camões, 1524-1580|||Latino Coelho, 1825-1891, Autor da introdução, etc.|||CAM. 23 A.|CAM500|http://id.bnportugal.gov.pt/bib/catbnp/381381|Livre
259434|https://purl.pt/44331||Livro impresso|Italiano||La Lusiade o sia la scorpeta delle Inde Orientali fatta da Portoghesi|||Ed. ora nello stesso metro tradotta in italiano da N.N. piemontese|Torino : presso li Fratelli Reycends|1772|1772|XXVI, 2, 304 p.|Luís de Camões, 1524-1580|||Miguel Antonio Gazzano, Tradutor|||CAM. 231 P.|CAM500|http://id.bnportugal.gov.pt/bib/catbnp/259434|Livre
913393|https://purl.pt/44332||Iconografia|Português||Retrato de Luiz de Camões|||Edição comemorativa do terceiro aniversário do mesmo tri-centenário|Lisboa : Tip. Castro e Irmão|1883|1883|1 gravura|||||||CAM. 239 A.|CAM500|http://id.bnportugal.gov.pt/bib/catbnp/913393|Livre
857274|https://purl.pt/44333||Livro impresso|Português||Os Lusiadas|||Facsimile da 1ª ed|Lisboa : Joaquim Eusébio dos Santos|1887|1887|8 p., 2, 186 f.|Luís de Camões, 1524-1580|||Teófilo Braga, 1843-1924, Autor da introdução, etc.|||CAM. 240 V.|CAM500|http://id.bnportugal.gov.pt/bib/catbnp/857274|Livre
259614|https://purl.pt/44365||Livro impresso|Alemão||Die Lusiaden|epische díchtung||1.ª ed.|Leipzig : Arnoldische Buchhandung|1854|1854|LXXXVIII, 532 p., 2 f. il.|Luís de Camões, 1524-1580|||José da Fonseca, 1788-1866, Compilador|||CAM. 258 P.|CAM500|http://id.bnportugal.gov.pt/bib/catbnp/259614|Livre
259614|https://purl.pt/44365||Livro impresso|Alemão||Die Lusiaden|epische díchtung||1.ª ed.|Leipzig : Arnoldische Buchhandung|1854|1854|LXXXVIII, 532 p., 2 f. il.|Luís de Camões, 1524-1580|||José da Fonseca, 1788-1866, Compilador|||CAM. 258 P.|CAM500|http://id.bnportugal.gov.pt/bib/catbnp/259614|Livre
381386|https://purl.pt/44012||Livro impresso|Português||Homenagem a Camões|grande edição manuscripta dos Lusiadas pelos contemporaneos illustres de Portugal e Brazil||1.ª ed.|Lisboa : Tip. Elzeviriana|1883|1883|XV, 1 br., 288 p.|Luís de Camões, 1524-1580|||Teófilo Braga, 1843-1924, Director ; Pinheiro Chagas, 1842-1895, Autor da introdução, etc.|||CAM. 26 A.|CAM500|http://id.bnportugal.gov.pt/bib/catbnp/381386|Livre
381386|https://purl.pt/44012||Livro impresso|Português||Homenagem a Camões|grande edição manuscripta dos Lusiadas pelos contemporaneos illustres de Portugal e Brazil||1.ª ed.|Lisboa : Tip. Elzeviriana|1883|1883|XV, 1 br., 288 p.|Luís de Camões, 1524-1580|||Teófilo Braga, 1843-1924, Director ; Pinheiro Chagas, 1842-1895, Autor da introdução, etc.|||CAM. 26 A.|CAM500|http://id.bnportugal.gov.pt/bib/catbnp/381386|Livre
381386|https://purl.pt/44012||Livro impresso|Português||Homenagem a Camões|grande edição manuscripta dos Lusiadas pelos contemporaneos illustres de Portugal e Brazil||1.ª ed.|Lisboa : Tip. Elzeviriana|1883|1883|XV, 1 br., 288 p.|Luís de Camões, 1524-1580|||Teófilo Braga, 1843-1924, Director ; Pinheiro Chagas, 1842-1895, Autor da introdução, etc.|||CAM. 26 A.|CAM500|http://id.bnportugal.gov.pt/bib/catbnp/381386|Livre
381386|https://purl.pt/44012||Livro impresso|Português||Homenagem a Camões|grande edição manuscripta dos Lusiadas pelos contemporaneos illustres de Portugal e Brazil||1.ª ed.|Lisboa : Tip. Elzeviriana|1883|1883|XV, 1 br., 288 p.|Luís de Camões, 1524-1580|||Teófilo Braga, 1843-1924, Director ; Pinheiro Chagas, 1842-1895, Autor da introdução, etc.|||CAM. 26 A.|CAM500|http://id.bnportugal.gov.pt/bib/catbnp/381386|Livre
381386|https://purl.pt/44012||Livro impresso|Português||Homenagem a Camões|grande edição manuscripta dos Lusiadas pelos contemporaneos illustres de Portugal e Brazil||1.ª ed.|Lisboa : Tip. Elzeviriana|1883|1883|XV, 1 br., 288 p.|Luís de Camões, 1524-1580|||Teófilo Braga, 1843-1924, Director ; Pinheiro Chagas, 1842-1895, Autor da introdução, etc.|||CAM. 26 A.|CAM500|http://id.bnportugal.gov.pt/bib/catbnp/381386|Livre
381386|https://purl.pt/44012||Livro impresso|Português||Homenagem a Camões|grande edição manuscripta dos Lusiadas pelos contemporaneos illustres de Portugal e Brazil||1.ª ed.|Lisboa : Tip. Elzeviriana|1883|1883|XV, 1 br., 288 p.|Luís de Camões, 1524-1580|||Teófilo Braga, 1843-1924, Director ; Pinheiro Chagas, 1842-1895, Autor da introdução, etc.|||CAM. 26 A.|CAM500|http://id.bnportugal.gov.pt/bib/catbnp/381386|Livre
381386|https://purl.pt/44012||Livro impresso|Português||Homenagem a Camões|grande edição manuscripta dos Lusiadas pelos contemporaneos illustres de Portugal e Brazil||1.ª ed.|Lisboa : Tip. Elzeviriana|1883|1883|XV, 1 br., 288 p.|Luís de Camões, 1524-1580|||Teófilo Braga, 1843-1924, Director ; Pinheiro Chagas, 1842-1895, Autor da introdução, etc.|||CAM. 26 A.|CAM500|http://id.bnportugal.gov.pt/bib/catbnp/381386|Livre
381386|https://purl.pt/44012||Livro impresso|Português||Homenagem a Camões|grande edição manuscripta dos Lusiadas pelos contemporaneos illustres de Portugal e Brazil||1.ª ed.|Lisboa : Tip. Elzeviriana|1883|1883|XV, 1 br., 288 p.|Luís de Camões, 1524-1580|||Teófilo Braga, 1843-1924, Director ; Pinheiro Chagas, 1842-1895, Autor da introdução, etc.|||CAM. 26 A.|CAM500|http://id.bnportugal.gov.pt/bib/catbnp/381386|Livre
804973|https://purl.pt/44138||Livro impresso|Português||Sonetos|||Edição especial do Gabinete Portuguez de Leitura de Pernambuco para commemorar o terceiro centenario do grande epico, em 10 de Junho de 1880|Porto : Imprensa Portugueza|1880|1880|XLVIII, 286, 2 p.|Luís de Camões, 1524-1580|||A. de Sousa Pinto, 1843-?, Autor da introdução, etc.||Gabinete Português de Leitura, Editor literário|CAM. 26 V.|CAM500|http://id.bnportugal.gov.pt/bib/catbnp/804973|Livre
252299|https://purl.pt/44350||Livro impresso|Alemão||Die Lusiaden|||1.ª ed.|Stuttgart : Verlag von W. Spemann|1883|1883|252 p.|Luís de Camões, 1524-1580||||||CAM. 270 P.|CAM500|http://id.bnportugal.gov.pt/bib/catbnp/252299|Livre
860111|https://purl.pt/44354||Livro impresso|Português ; Espanhol ; Italiano ; Francês ; Alemão ; Inglês||De Portugal à Índia|trechos que mais se prendem com o assumpto, tirados do poema de Luiz de Camões "Os Lusiadas" acompanhados de versões em espanhol, italiano, francez, alemão e inglez||1.ª ed.|Lisboa : Typ. Castro Irmão|1898|1898|493 p.||||Ernesto Moreira de Sá, 1841-1915, Compilador|||H.G. 8627 V.|CAM500|http://id.bnportugal.gov.pt/bib/catbnp/860111|Livre
860111|https://purl.pt/44354||Livro impresso|Português ; Espanhol ; Italiano ; Francês ; Alemão ; Inglês||De Portugal à Índia|trechos que mais se prendem com o assumpto, tirados do poema de Luiz de Camões "Os Lusiadas" acompanhados de versões em espanhol, italiano, francez, alemão e inglez||1.ª ed.|Lisboa : Typ. Castro Irmão|1898|1898|493 p.||||Ernesto Moreira de Sá, 1841-1915, Compilador|||H.G. 8627 V.|CAM500|http://id.bnportugal.gov.pt/bib/catbnp/860111|Livre
860111|https://purl.pt/44354||Livro impresso|Português ; Espanhol ; Italiano ; Francês ; Alemão ; Inglês||De Portugal à Índia|trechos que mais se prendem com o assumpto, tirados do poema de Luiz de Camões "Os Lusiadas" acompanhados de versões em espanhol, italiano, francez, alemão e inglez||1.ª ed.|Lisboa : Typ. Castro Irmão|1898|1898|493 p.||||Ernesto Moreira de Sá, 1841-1915, Compilador|||H.G. 8627 V.|CAM500|http://id.bnportugal.gov.pt/bib/catbnp/860111|Livre
860111|https://purl.pt/44354||Livro impresso|Português ; Espanhol ; Italiano ; Francês ; Alemão ; Inglês||De Portugal à Índia|trechos que mais se prendem com o assumpto, tirados do poema de Luiz de Camões "Os Lusiadas" acompanhados de versões em espanhol, italiano, francez, alemão e inglez||1.ª ed.|Lisboa : Typ. Castro Irmão|1898|1898|493 p.||||Ernesto Moreira de Sá, 1841-1915, Compilador|||H.G. 8627 V.|CAM500|http://id.bnportugal.gov.pt/bib/catbnp/860111|Livre
860111|https://purl.pt/44354||Livro impresso|Português ; Espanhol ; Italiano ; Francês ; Alemão ; Inglês||De Portugal à Índia|trechos que mais se prendem com o assumpto, tirados do poema de Luiz de Camões "Os Lusiadas" acompanhados de versões em espanhol, italiano, francez, alemão e inglez||1.ª ed.|Lisboa : Typ. Castro Irmão|1898|1898|493 p.||||Ernesto Moreira de Sá, 1841-1915, Compilador|||H.G. 8627 V.|CAM500|http://id.bnportugal.gov.pt/bib/catbnp/860111|Livre
860111|https://purl.pt/44354||Livro impresso|Português ; Espanhol ; Italiano ; Francês ; Alemão ; Inglês||De Portugal à Índia|trechos que mais se prendem com o assumpto, tirados do poema de Luiz de Camões "Os Lusiadas" acompanhados de versões em espanhol, italiano, francez, alemão e inglez||1.ª ed.|Lisboa : Typ. Castro Irmão|1898|1898|493 p.||||Ernesto Moreira de Sá, 1841-1915, Compilador|||H.G. 8627 V.|CAM500|http://id.bnportugal.gov.pt/bib/catbnp/860111|Livre
860111|https://purl.pt/44354||Livro impresso|Português ; Espanhol ; Italiano ; Francês ; Alemão ; Inglês||De Portugal à Índia|trechos que mais se prendem com o assumpto, tirados do poema de Luiz de Camões "Os Lusiadas" acompanhados de versões em espanhol, italiano, francez, alemão e inglez||1.ª ed.|Lisboa : Typ. Castro Irmão|1898|1898|493 p.||||Ernesto Moreira de Sá, 1841-1915, Compilador|||H.G. 8627 V.|CAM500|http://id.bnportugal.gov.pt/bib/catbnp/860111|Livre
860111|https://purl.pt/44354||Livro impresso|Português ; Espanhol ; Italiano ; Francês ; Alemão ; Inglês||De Portugal à Índia|trechos que mais se prendem com o assumpto, tirados do poema de Luiz de Camões "Os Lusiadas" acompanhados de versões em espanhol, italiano, francez, alemão e inglez||1.ª ed.|Lisboa : Typ. Castro Irmão|1898|1898|493 p.||||Ernesto Moreira de Sá, 1841-1915, Compilador|||H.G. 8627 V.|CAM500|http://id.bnportugal.gov.pt/bib/catbnp/860111|Livre
259979|https://purl.pt/44379||Livro impresso|Inglês||Poems from the portuguese of Luis de Camoens with remarks on his life and writings, notes etc|||1.ª ed.|London : J. Carpenter|1810|1810|4, 160 p., 1 f. il.|Luís de Camões, 1524-1580||| Strangford, 1780-1855, Comentador de texto escrito ; J. G. O'Kuffe, Antigo possuidor|||CAM. 283 P.|CAM500|http://id.bnportugal.gov.pt/bib/catbnp/259979|Livre
865247|https://purl.pt/44369||Livro impresso|Italiano||Intorno al genovese Carlo Antonio Paggi|cenni||1.ª ed.|Genova : Tip. R. Istituto Sordo-muti|1899|1899|11 p.|Joaquim de Araújo, 1858-1917||||||L. 14604 V.|CAM500|http://id.bnportugal.gov.pt/bib/catbnp/865247|Livre
397837|https://purl.pt/44013||Livro impresso|Português||Os Lusiadas|segundo o têsto da primeira edição de 1572, com as variantes da 2ª edição impressa por Manoel de Lyra em 1584, e acrecentada com dois apêndices por A. J. Gonçálvez Guimarãis...||1.ª ed.|Coimbra : Imprensa da Universidade|1923|1923|XIX, 3 p., 186 f., 75, 3 p., 2 extratextos|Luís de Camões, 1524-1580|||A. J. Gonçalves Guimarães, 1850-1919, Editor literário|||CAM. 291 V.|CAM500|http://id.bnportugal.gov.pt/bib/catbnp/397837|Livre
397837|https://purl.pt/44013||Livro impresso|Português||Os Lusiadas|segundo o têsto da primeira edição de 1572, com as variantes da 2ª edição impressa por Manoel de Lyra em 1584, e acrecentada com dois apêndices por A. J. Gonçálvez Guimarãis...||1.ª ed.|Coimbra : Imprensa da Universidade|1923|1923|XIX, 3 p., 186 f., 75, 3 p., 2 extratextos|Luís de Camões, 1524-1580|||A. J. Gonçalves Guimarães, 1850-1919, Editor literário|||CAM. 291 V.|CAM500|http://id.bnportugal.gov.pt/bib/catbnp/397837|Livre
397837|https://purl.pt/44013||Livro impresso|Português||Os Lusiadas|segundo o têsto da primeira edição de 1572, com as variantes da 2ª edição impressa por Manoel de Lyra em 1584, e acrecentada com dois apêndices por A. J. Gonçálvez Guimarãis...||1.ª ed.|Coimbra : Imprensa da Universidade|1923|1923|XIX, 3 p., 186 f., 75, 3 p., 2 extratextos|Luís de Camões, 1524-1580|||A. J. Gonçalves Guimarães, 1850-1919, Editor literário|||CAM. 291 V.|CAM500|http://id.bnportugal.gov.pt/bib/catbnp/397837|Livre
277515|https://purl.pt/44217||Livro impresso|Português||Tres excerptos dos Lusiadas|||1.ª ed.|Lisboa : Lallemant Fréres|1875|1875|XVI, 1 br., 19 p.|Luís de Camões, 1524-1580|||António José Viale, 1806-1889, Tradutor ; Jaime Constantino de Freitas Moniz, 1837-1917, Antigo possuidor|||L. 3672//6 P.|CAM500|http://id.bnportugal.gov.pt/bib/catbnp/277515|Livre
865420|https://purl.pt/44401||Livro impresso|Português||Os Lusiadas|poema epico||1.ª ed.|Paris : na Livr. Europea de Baudry|1846|1846||Luís de Camões, 1524-1580|||José da Fonseca, 1788-1866, Autor da introdução, etc.|||CAM. 298 V.|CAM500|http://id.bnportugal.gov.pt/bib/catbnp/865420|Livre
321756|https://purl.pt/44033||Livro impresso|Português||O Memorial de Camões|registo de anniversarios e lembranças||1.ª ed.|Lisboa : Typographia da Companhia Nacional Editora|1892|1892|287, 1 p., 1 extratexto||||José Fernandes Costa, 1848-1920, Compilador ; João Pedroso, 1823-1890, Ilustrador ; João Henrique Ulrich, 1851-1895, (Obsoleto)|||CAM. 301 P.|CAM500|http://id.bnportugal.gov.pt/bib/catbnp/321756|Livre
321919|https://purl.pt/44111||Livro impresso|Espanhol||Poesias líricas|||Segunda edición aumentada con las inéditas|Sevilla : Imprenta de E. Rasco|1895|1895|XXI, 1 br., 481, 1 br. p.|José Lamarque de Novoa, 1828-1904|||Fernando de Gabriel y Ruíz de Apodaca, 1828-1888, Autor da introdução, etc.|||CAM. 309 P.|CAM500|http://id.bnportugal.gov.pt/bib/catbnp/321919|Livre
321919|https://purl.pt/44111||Livro impresso|Espanhol||Poesias líricas|||Segunda edición aumentada con las inéditas|Sevilla : Imprenta de E. Rasco|1895|1895|XXI, 1 br., 481, 1 br. p.|José Lamarque de Novoa, 1828-1904|||Fernando de Gabriel y Ruíz de Apodaca, 1828-1888, Autor da introdução, etc.|||CAM. 309 P.|CAM500|http://id.bnportugal.gov.pt/bib/catbnp/321919|Livre
321919|https://purl.pt/44111||Livro impresso|Espanhol||Poesias líricas|||Segunda edición aumentada con las inéditas|Sevilla : Imprenta de E. Rasco|1895|1895|XXI, 1 br., 481, 1 br. p.|José Lamarque de Novoa, 1828-1904|||Fernando de Gabriel y Ruíz de Apodaca, 1828-1888, Autor da introdução, etc.|||CAM. 309 P.|CAM500|http://id.bnportugal.gov.pt/bib/catbnp/321919|Livre
321919|https://purl.pt/44111||Livro impresso|Espanhol||Poesias líricas|||Segunda edición aumentada con las inéditas|Sevilla : Imprenta de E. Rasco|1895|1895|XXI, 1 br., 481, 1 br. p.|José Lamarque de Novoa, 1828-1904|||Fernando de Gabriel y Ruíz de Apodaca, 1828-1888, Autor da introdução, etc.|||CAM. 309 P.|CAM500|http://id.bnportugal.gov.pt/bib/catbnp/321919|Livre
321919|https://purl.pt/44111||Livro impresso|Espanhol||Poesias líricas|||Segunda edición aumentada con las inéditas|Sevilla : Imprenta de E. Rasco|1895|1895|XXI, 1 br., 481, 1 br. p.|José Lamarque de Novoa, 1828-1904|||Fernando de Gabriel y Ruíz de Apodaca, 1828-1888, Autor da introdução, etc.|||CAM. 309 P.|CAM500|http://id.bnportugal.gov.pt/bib/catbnp/321919|Livre
321919|https://purl.pt/44111||Livro impresso|Espanhol||Poesias líricas|||Segunda edición aumentada con las inéditas|Sevilla : Imprenta de E. Rasco|1895|1895|XXI, 1 br., 481, 1 br. p.|José Lamarque de Novoa, 1828-1904|||Fernando de Gabriel y Ruíz de Apodaca, 1828-1888, Autor da introdução, etc.|||CAM. 309 P.|CAM500|http://id.bnportugal.gov.pt/bib/catbnp/321919|Livre
321919|https://purl.pt/44111||Livro impresso|Espanhol||Poesias líricas|||Segunda edición aumentada con las inéditas|Sevilla : Imprenta de E. Rasco|1895|1895|XXI, 1 br., 481, 1 br. p.|José Lamarque de Novoa, 1828-1904|||Fernando de Gabriel y Ruíz de Apodaca, 1828-1888, Autor da introdução, etc.|||CAM. 309 P.|CAM500|http://id.bnportugal.gov.pt/bib/catbnp/321919|Livre
321919|https://purl.pt/44111||Livro impresso|Espanhol||Poesias líricas|||Segunda edición aumentada con las inéditas|Sevilla : Imprenta de E. Rasco|1895|1895|XXI, 1 br., 481, 1 br. p.|José Lamarque de Novoa, 1828-1904|||Fernando de Gabriel y Ruíz de Apodaca, 1828-1888, Autor da introdução, etc.|||CAM. 309 P.|CAM500|http://id.bnportugal.gov.pt/bib/catbnp/321919|Livre
321919|https://purl.pt/44111||Livro impresso|Espanhol||Poesias líricas|||Segunda edición aumentada con las inéditas|Sevilla : Imprenta de E. Rasco|1895|1895|XXI, 1 br., 481, 1 br. p.|José Lamarque de Novoa, 1828-1904|||Fernando de Gabriel y Ruíz de Apodaca, 1828-1888, Autor da introdução, etc.|||CAM. 309 P.|CAM500|http://id.bnportugal.gov.pt/bib/catbnp/321919|Livre
321919|https://purl.pt/44111||Livro impresso|Espanhol||Poesias líricas|||Segunda edición aumentada con las inéditas|Sevilla : Imprenta de E. Rasco|1895|1895|XXI, 1 br., 481, 1 br. p.|José Lamarque de Novoa, 1828-1904|||Fernando de Gabriel y Ruíz de Apodaca, 1828-1888, Autor da introdução, etc.|||CAM. 309 P.|CAM500|http://id.bnportugal.gov.pt/bib/catbnp/321919|Livre
321919|https://purl.pt/44111||Livro impresso|Espanhol||Poesias líricas|||Segunda edición aumentada con las inéditas|Sevilla : Imprenta de E. Rasco|1895|1895|XXI, 1 br., 481, 1 br. p.|José Lamarque de Novoa, 1828-1904|||Fernando de Gabriel y Ruíz de Apodaca, 1828-1888, Autor da introdução, etc.|||CAM. 309 P.|CAM500|http://id.bnportugal.gov.pt/bib/catbnp/321919|Livre
322212|https://purl.pt/44395||Livro impresso|Inglês||CXXIV Sonnets|||1.ª ed.|London : John Lane ; Boston : Copeland & Day|1896|1896|147, 1 p.||||Richard Garnett, 1835-1906, Tradutor|||CAM. 311 P.|CAM500|http://id.bnportugal.gov.pt/bib/catbnp/322212|Livre
322214|https://purl.pt/44114||Livro impresso|Alemão||Magazin der Spanischen und Portugisischen literatur|||1.ª ed.|Weimar : In der Hoffmannischen Buchhandlung|1780|1780|4, 412 p., 1 grav. extratexto, 1 mapa desdobr.|||| Geyser, Ilustrador ; Friederich  Justin Bertuch, 1748-1822, Editor literário|||CAM. 312 P.|CAM500|http://id.bnportugal.gov.pt/bib/catbnp/322214|Livre
322214|https://purl.pt/44114||Livro impresso|Alemão||Magazin der Spanischen und Portugisischen literatur|||1.ª ed.|Weimar : In der Hoffmannischen Buchhandlung|1780|1780|4, 412 p., 1 grav. extratexto, 1 mapa desdobr.|||| Geyser, Ilustrador ; Friederich  Justin Bertuch, 1748-1822, Editor literário|||CAM. 312 P.|CAM500|http://id.bnportugal.gov.pt/bib/catbnp/322214|Livre
866522|https://purl.pt/43958||Livro impresso|Português||Lírica de Camões|||1.ª ed.|Coimbra : Imprensa da Universidade|1932|1932|XL, 1, 385, XLI-LXXIV p.|Luís de Camões, 1524-1580|||José Maria Rodrigues, 1857-1942, Editor literário ; Afonso Lopes Vieira, 1878-1946, Editor literário|||CAM. 321 V.|CAM500|http://id.bnportugal.gov.pt/bib/catbnp/866522|Livre
866522|https://purl.pt/43958||Livro impresso|Português||Lírica de Camões|||1.ª ed.|Coimbra : Imprensa da Universidade|1932|1932|XL, 1, 385, XLI-LXXIV p.|Luís de Camões, 1524-1580|||José Maria Rodrigues, 1857-1942, Editor literário ; Afonso Lopes Vieira, 1878-1946, Editor literário|||CAM. 321 V.|CAM500|http://id.bnportugal.gov.pt/bib/catbnp/866522|Livre
866522|https://purl.pt/43958||Livro impresso|Português||Lírica de Camões|||1.ª ed.|Coimbra : Imprensa da Universidade|1932|1932|XL, 1, 385, XLI-LXXIV p.|Luís de Camões, 1524-1580|||José Maria Rodrigues, 1857-1942, Editor literário ; Afonso Lopes Vieira, 1878-1946, Editor literário|||CAM. 321 V.|CAM500|http://id.bnportugal.gov.pt/bib/catbnp/866522|Livre
866522|https://purl.pt/43958||Livro impresso|Português||Lírica de Camões|||1.ª ed.|Coimbra : Imprensa da Universidade|1932|1932|XL, 1, 385, XLI-LXXIV p.|Luís de Camões, 1524-1580|||José Maria Rodrigues, 1857-1942, Editor literário ; Afonso Lopes Vieira, 1878-1946, Editor literário|||CAM. 321 V.|CAM500|http://id.bnportugal.gov.pt/bib/catbnp/866522|Livre
328432|https://purl.pt/44449||Livro impresso|Português||Luís de Camoões o príncipe dos poetas portuguezes|breve notícia sobre a vida e merecimentos...||1.ª ed.|Lisboa : Typ. Progressista de P. A. Borges|1880|1880|16 p.||||Mendes Canuto, Compilador|||CAM. 371//3 P.|CAM500|http://id.bnportugal.gov.pt/bib/catbnp/328432|Livre
328922|https://purl.pt/44451||Livro impresso|Português||O Portugal de Camões|offerecido à Mocidade Portugueza e Brazileira seguido de um elucidario e indice chronologico||1.ª ed.|Paris : Typ. Guillard, Aillaud & C.ie|1889|1889|XII, 573, 4 p.|André Adolphe Daux||||||H.G. 17167 P.|CAM500|http://id.bnportugal.gov.pt/bib/catbnp/328922|Livre
329068|https://purl.pt/44459||Livro impresso|Português||Album de homenagens a Luiz de Camões|||Nova edição dos principais escriptos em verso e prosa publicados pela imprensa periodica por occasião de se erigir o monumento que à memoria do egrégio poeta ...|Lisboa : Lallemant Fréres|1870|1870|6, XV, 1, 332, 3 p.||||António Maria de Almeida Neto, 1836-?, Editor literário|||CAM. 381 P.|CAM500|http://id.bnportugal.gov.pt/bib/catbnp/329068|Livre
329068|https://purl.pt/44459||Livro impresso|Português||Album de homenagens a Luiz de Camões|||Nova edição dos principais escriptos em verso e prosa publicados pela imprensa periodica por occasião de se erigir o monumento que à memoria do egrégio poeta ...|Lisboa : Lallemant Fréres|1870|1870|6, XV, 1, 332, 3 p.||||António Maria de Almeida Neto, 1836-?, Editor literário|||CAM. 381 P.|CAM500|http://id.bnportugal.gov.pt/bib/catbnp/329068|Livre
330080|https://purl.pt/44490||Livro impresso|Português||A varanda de Nathercia|||1.ª ed.|Lisboa : Empresa Litteraria de Lisboa|1880|1880|64 p.|Alberto Pimentel, 1849-1925||||||L. 22914//2 P.|CAM500|http://id.bnportugal.gov.pt/bib/catbnp/330080|Livre
330133|https://purl.pt/44489||Livro impresso|Português||Camões|estudo histórico poetico liberrimamente fundado sobre um drama francez dos senhores Victor Perrot e Armando du Mesnil||1.ª ed.|Ponta Delgada : Typ. da Rua das Artes 68|1849|1849|300 p.|António Feliciano de Castilho, 1800-1875||||||CAM. 398 P.|CAM500|http://id.bnportugal.gov.pt/bib/catbnp/330133|Livre
330133|https://purl.pt/44489||Livro impresso|Português||Camões|estudo histórico poetico liberrimamente fundado sobre um drama francez dos senhores Victor Perrot e Armando du Mesnil||1.ª ed.|Ponta Delgada : Typ. da Rua das Artes 68|1849|1849|300 p.|António Feliciano de Castilho, 1800-1875||||||CAM. 398 P.|CAM500|http://id.bnportugal.gov.pt/bib/catbnp/330133|Livre
473486|https://purl.pt/44488||Livro manuscrito|Português||Discurso apologetico a favor do insigne poeta Luis de Camões contra o L do Manoel Pires de Almeida|||1.ª ed.||1847|1847|33 f.|João Franco Barreto, 1600-post. 1674|||Tomás Norton, 1804-1860, Antigo possuidor|||CAM. 399//2 P.|CAM500|http://id.bnportugal.gov.pt/bib/catbnp/473486|Livre
473496|https://purl.pt/44475||Livro impresso|Português||Notas biográficas e bibliográficas e relação das obras de Luís de Camões|||1.ª ed.|98 f. ;,|1845|1845|18--|Tomás Norton, 1804-1860||||||CAM. 399//3 P.|CAM500|http://id.bnportugal.gov.pt/bib/catbnp/473496|Livre
330264|https://purl.pt/44521||Livro impresso|Português||A verdade ácerca dos ossos de Camões|||1.ª ed.|Lisboa : Typ. da Acdemia Real das Sciencias|1893|1893|130 p.|Sebastião de Almeida Viegas, 1830-1907||||||H.G. 16999 P.|CAM500|http://id.bnportugal.gov.pt/bib/catbnp/330264|Livre
330264|https://purl.pt/44521||Livro impresso|Português||A verdade ácerca dos ossos de Camões|||1.ª ed.|Lisboa : Typ. da Acdemia Real das Sciencias|1893|1893|130 p.|Sebastião de Almeida Viegas, 1830-1907||||||H.G. 16999 P.|CAM500|http://id.bnportugal.gov.pt/bib/catbnp/330264|Livre
330264|https://purl.pt/44521||Livro impresso|Português||A verdade ácerca dos ossos de Camões|||1.ª ed.|Lisboa : Typ. da Acdemia Real das Sciencias|1893|1893|130 p.|Sebastião de Almeida Viegas, 1830-1907||||||H.G. 16999 P.|CAM500|http://id.bnportugal.gov.pt/bib/catbnp/330264|Livre
330264|https://purl.pt/44521||Livro impresso|Português||A verdade ácerca dos ossos de Camões|||1.ª ed.|Lisboa : Typ. da Acdemia Real das Sciencias|1893|1893|130 p.|Sebastião de Almeida Viegas, 1830-1907||||||H.G. 16999 P.|CAM500|http://id.bnportugal.gov.pt/bib/catbnp/330264|Livre
330264|https://purl.pt/44521||Livro impresso|Português||A verdade ácerca dos ossos de Camões|||1.ª ed.|Lisboa : Typ. da Acdemia Real das Sciencias|1893|1893|130 p.|Sebastião de Almeida Viegas, 1830-1907||||||H.G. 16999 P.|CAM500|http://id.bnportugal.gov.pt/bib/catbnp/330264|Livre
455278|https://purl.pt/44525||Livro impresso|Francês|Português|Les portugais|poëme en dix chants||1.ª ed.|Limoges : Impr. Marc Barbou et C i e|1800|1800|192 p.|Luís de Camões, 1524-1580||||||CAM. 413 V.|CAM500|http://id.bnportugal.gov.pt/bib/catbnp/455278|Livre
367321|https://purl.pt/44558||Periódico|Português||Almanach Vasco da Gama para o anno de 1897|||1.ª ed.|Lisboa : Imp. Lucas|1896|1896|160 p.||||Eduardo Braga, ca 18--, Editor literário|||P.P. 18003 V.|CAM500|http://id.bnportugal.gov.pt/bib/catbnp/367321|Livre
367321|https://purl.pt/44558||Periódico|Português||Almanach Vasco da Gama para o anno de 1897|||1.ª ed.|Lisboa : Imp. Lucas|1896|1896|160 p.||||Eduardo Braga, ca 18--, Editor literário|||P.P. 18003 V.|CAM500|http://id.bnportugal.gov.pt/bib/catbnp/367321|Livre
367321|https://purl.pt/44558||Periódico|Português||Almanach Vasco da Gama para o anno de 1897|||1.ª ed.|Lisboa : Imp. Lucas|1896|1896|160 p.||||Eduardo Braga, ca 18--, Editor literário|||P.P. 18003 V.|CAM500|http://id.bnportugal.gov.pt/bib/catbnp/367321|Livre
367321|https://purl.pt/44558||Periódico|Português||Almanach Vasco da Gama para o anno de 1897|||1.ª ed.|Lisboa : Imp. Lucas|1896|1896|160 p.||||Eduardo Braga, ca 18--, Editor literário|||P.P. 18003 V.|CAM500|http://id.bnportugal.gov.pt/bib/catbnp/367321|Livre
367315|https://purl.pt/44551||Livro impresso|Português||Centenario indiano|Marinha histórica do seculo XV e XVI||1.ª ed.|Lisboa : Emp. jornal "O Seculo"|1897|1897|il. color.|Joaquim de Melo, fl. c. 1897?||||||B.A. 2363//7 P.|CAM500|http://id.bnportugal.gov.pt/bib/catbnp/367315|Livre
367315|https://purl.pt/44551||Livro impresso|Português||Centenario indiano|Marinha histórica do seculo XV e XVI||1.ª ed.|Lisboa : Emp. jornal "O Seculo"|1897|1897|il. color.|Joaquim de Melo, fl. c. 1897?||||||B.A. 2363//7 P.|CAM500|http://id.bnportugal.gov.pt/bib/catbnp/367315|Livre
367315|https://purl.pt/44551||Livro impresso|Português||Centenario indiano|Marinha histórica do seculo XV e XVI||1.ª ed.|Lisboa : Emp. jornal "O Seculo"|1897|1897|il. color.|Joaquim de Melo, fl. c. 1897?||||||B.A. 2363//7 P.|CAM500|http://id.bnportugal.gov.pt/bib/catbnp/367315|Livre
473530|https://purl.pt/44562||Livro impresso|Português||Homenagem a Vasco da Gama e programma das festas do centenario|tributo litterario da Bibliotheca de Romances Notaveis||1.ª ed.|Lisboa : Typ. do Commercio de Portugal|1898|1898|28, 2 p.|Xavier da Cunha, 1840-1920||||||CAM. 464 P.|CAM500|http://id.bnportugal.gov.pt/bib/catbnp/473530|Livre
473530|https://purl.pt/44562||Livro impresso|Português||Homenagem a Vasco da Gama e programma das festas do centenario|tributo litterario da Bibliotheca de Romances Notaveis||1.ª ed.|Lisboa : Typ. do Commercio de Portugal|1898|1898|28, 2 p.|Xavier da Cunha, 1840-1920||||||CAM. 464 P.|CAM500|http://id.bnportugal.gov.pt/bib/catbnp/473530|Livre
369142|https://purl.pt/44585||Livro impresso|Português||Os Lusiadas|poema epico de Luis de Camões||Nova edição para uso das escolas feita debaixo das vistas da mais acurada crítica em presença das duas edições primordiais...|Rio de Janeiro : Em casa dos Editores Eduardo & Henrique Laemmert|1868|1868|1 f.,441 p.|Luís de Camões, 1524-1580||||||CAM. 483 P.|CAM500|http://id.bnportugal.gov.pt/bib/catbnp/369142|Livre
369151|https://purl.pt/44594||Livro impresso|Português||Os Lusiadas|poema epico||Nova edição popular|Lisboa : Roland & Semion editores|1884|1884|8Ê|Luís de Camões, 1524-1580||||||CAM. 487 P.|CAM500|http://id.bnportugal.gov.pt/bib/catbnp/369151|Livre
322260|https://purl.pt/44588||Livro impresso|Português||Camões|||1.ª ed.|S. Paulo : Livr. Popular de Abílio A. S. Marques|1880|1880|IV, 111, 4 p.|Afonso Celso Júnior||||||CAM. 313 P.|CAM500|http://id.bnportugal.gov.pt/bib/catbnp/322260|Livre
189268|https://purl.pt/44164||Livro impresso|Português ; Francês||Episodios de Ignez de Castro e Adamastor|extrahidos dos cantos III e V dos Lusíadas||1.ª ed.|Lisboa : Imp. Nacional|1865|1865|38 p.|Luís de Camões, 1524-1580|||Ernesto Jardim de Vilhena, 1876-1967, Antigo possuidor ; Jean-Arnaud Escodeca de Boisse, 1802-1865, Tradutor|||L. 36351 V.|CAM500|http://id.bnportugal.gov.pt/bib/catbnp/189268|Livre
808486|https://purl.pt/44192||Livro impresso|Português|Italiano|Sonetos escolhidos|||1.ª ed.|Lisboa : Francisco Arthur da Silva|1885|1885|80 p.|Luís de Camões, 1524-1580|||Prospero Peragallo, 1823-1916, Tradutor|||CAM. 72 V.|CAM500|http://id.bnportugal.gov.pt/bib/catbnp/808486|Livre
808486|https://purl.pt/44192||Livro impresso|Português|Italiano|Sonetos escolhidos|||1.ª ed.|Lisboa : Francisco Arthur da Silva|1885|1885|80 p.|Luís de Camões, 1524-1580|||Prospero Peragallo, 1823-1916, Tradutor|||CAM. 72 V.|CAM500|http://id.bnportugal.gov.pt/bib/catbnp/808486|Livre
808486|https://purl.pt/44192||Livro impresso|Português|Italiano|Sonetos escolhidos|||1.ª ed.|Lisboa : Francisco Arthur da Silva|1885|1885|80 p.|Luís de Camões, 1524-1580|||Prospero Peragallo, 1823-1916, Tradutor|||CAM. 72 V.|CAM500|http://id.bnportugal.gov.pt/bib/catbnp/808486|Livre
808486|https://purl.pt/44192||Livro impresso|Português|Italiano|Sonetos escolhidos|||1.ª ed.|Lisboa : Francisco Arthur da Silva|1885|1885|80 p.|Luís de Camões, 1524-1580|||Prospero Peragallo, 1823-1916, Tradutor|||CAM. 72 V.|CAM500|http://id.bnportugal.gov.pt/bib/catbnp/808486|Livre
808486|https://purl.pt/44192||Livro impresso|Português|Italiano|Sonetos escolhidos|||1.ª ed.|Lisboa : Francisco Arthur da Silva|1885|1885|80 p.|Luís de Camões, 1524-1580|||Prospero Peragallo, 1823-1916, Tradutor|||CAM. 72 V.|CAM500|http://id.bnportugal.gov.pt/bib/catbnp/808486|Livre
808486|https://purl.pt/44192||Livro impresso|Português|Italiano|Sonetos escolhidos|||1.ª ed.|Lisboa : Francisco Arthur da Silva|1885|1885|80 p.|Luís de Camões, 1524-1580|||Prospero Peragallo, 1823-1916, Tradutor|||CAM. 72 V.|CAM500|http://id.bnportugal.gov.pt/bib/catbnp/808486|Livre
810044|https://purl.pt/44139||Livro impresso|Português ; Francês ; Espanhol|Português|Lyricas|||1.ª ed.|Lisboa : Impr. Nacional|1898|1898|131, 2 p.|Luís de Camões, 1524-1580|||Ernesto Jardim de Vilhena, 1876-1967, Antigo possuidor ; Joseph Benoliel, 1873-1932, Tradutor ; Xavier da Cunha, 1840-1920, Autor da introdução, etc.|||CAM. 82//2 V.|CAM500|http://id.bnportugal.gov.pt/bib/catbnp/810044|Livre
412780|https://purl.pt/44140||Periódico|Português ; Chinês||Jornal unico|celebração do 4º centenario do descobrimento do caminho maritimo para a India por Vasco da Gama||1.ª ed.|Macau : impresso nas typographias de N. T. Fernandes e Filhos e Noronha & Ca.|1898|1898|55, 4 p.|||||||CAM. 84//1 A.|CAM500|http://id.bnportugal.gov.pt/bib/catbnp/412780|Livre
98840|https://purl.pt/44016||Livro impresso|Português||Os Lusiadas|||Edição consagrada a commemorar o terceiro centenario do poeta da nacionalidade portugueza pelo Gabinete Portuguez de Leitura no Rio de Janeiro|Lisboa : na officina de Castro Irmão, Impressor|1880|1880|XCIII, 3, 422, 4 p.|Luís de Camões, 1524-1580|||Adolfo Coelho, 1847-1919, Editor literário ; Ramalho Ortigão, 1836-1915, Autor da introdução, etc. ; Reinaldo Carlos Montoro, 1831-?, Autor do posfácio, cólofon, etc.||Gabinete Português de Leitura, (Obsoleto)|CAM. 595 V.|CAM500|http://id.bnportugal.gov.pt/bib/catbnp/98840|Livre
98840|https://purl.pt/44016||Livro impresso|Português||Os Lusiadas|||Edição consagrada a commemorar o terceiro centenario do poeta da nacionalidade portugueza pelo Gabinete Portuguez de Leitura no Rio de Janeiro|Lisboa : na officina de Castro Irmão, Impressor|1880|1880|XCIII, 3, 422, 4 p.|Luís de Camões, 1524-1580|||Adolfo Coelho, 1847-1919, Editor literário ; Ramalho Ortigão, 1836-1915, Autor da introdução, etc. ; Reinaldo Carlos Montoro, 1831-?, Autor do posfácio, cólofon, etc.||Gabinete Português de Leitura, (Obsoleto)|CAM. 595 V.|CAM500|http://id.bnportugal.gov.pt/bib/catbnp/98840|Livre
98840|https://purl.pt/44016||Livro impresso|Português||Os Lusiadas|||Edição consagrada a commemorar o terceiro centenario do poeta da nacionalidade portugueza pelo Gabinete Portuguez de Leitura no Rio de Janeiro|Lisboa : na officina de Castro Irmão, Impressor|1880|1880|XCIII, 3, 422, 4 p.|Luís de Camões, 1524-1580|||Adolfo Coelho, 1847-1919, Editor literário ; Ramalho Ortigão, 1836-1915, Autor da introdução, etc. ; Reinaldo Carlos Montoro, 1831-?, Autor do posfácio, cólofon, etc.||Gabinete Português de Leitura, (Obsoleto)|CAM. 595 V.|CAM500|http://id.bnportugal.gov.pt/bib/catbnp/98840|Livre
98840|https://purl.pt/44016||Livro impresso|Português||Os Lusiadas|||Edição consagrada a commemorar o terceiro centenario do poeta da nacionalidade portugueza pelo Gabinete Portuguez de Leitura no Rio de Janeiro|Lisboa : na officina de Castro Irmão, Impressor|1880|1880|XCIII, 3, 422, 4 p.|Luís de Camões, 1524-1580|||Adolfo Coelho, 1847-1919, Editor literário ; Ramalho Ortigão, 1836-1915, Autor da introdução, etc. ; Reinaldo Carlos Montoro, 1831-?, Autor do posfácio, cólofon, etc.||Gabinete Português de Leitura, (Obsoleto)|CAM. 595 V.|CAM500|http://id.bnportugal.gov.pt/bib/catbnp/98840|Livre
98840|https://purl.pt/44016||Livro impresso|Português||Os Lusiadas|||Edição consagrada a commemorar o terceiro centenario do poeta da nacionalidade portugueza pelo Gabinete Portuguez de Leitura no Rio de Janeiro|Lisboa : na officina de Castro Irmão, Impressor|1880|1880|XCIII, 3, 422, 4 p.|Luís de Camões, 1524-1580|||Adolfo Coelho, 1847-1919, Editor literário ; Ramalho Ortigão, 1836-1915, Autor da introdução, etc. ; Reinaldo Carlos Montoro, 1831-?, Autor do posfácio, cólofon, etc.||Gabinete Português de Leitura, (Obsoleto)|CAM. 595 V.|CAM500|http://id.bnportugal.gov.pt/bib/catbnp/98840|Livre
98840|https://purl.pt/44016||Livro impresso|Português||Os Lusiadas|||Edição consagrada a commemorar o terceiro centenario do poeta da nacionalidade portugueza pelo Gabinete Portuguez de Leitura no Rio de Janeiro|Lisboa : na officina de Castro Irmão, Impressor|1880|1880|XCIII, 3, 422, 4 p.|Luís de Camões, 1524-1580|||Adolfo Coelho, 1847-1919, Editor literário ; Ramalho Ortigão, 1836-1915, Autor da introdução, etc. ; Reinaldo Carlos Montoro, 1831-?, Autor do posfácio, cólofon, etc.||Gabinete Português de Leitura, (Obsoleto)|CAM. 595 V.|CAM500|http://id.bnportugal.gov.pt/bib/catbnp/98840|Livre
98840|https://purl.pt/44016||Livro impresso|Português||Os Lusiadas|||Edição consagrada a commemorar o terceiro centenario do poeta da nacionalidade portugueza pelo Gabinete Portuguez de Leitura no Rio de Janeiro|Lisboa : na officina de Castro Irmão, Impressor|1880|1880|XCIII, 3, 422, 4 p.|Luís de Camões, 1524-1580|||Adolfo Coelho, 1847-1919, Editor literário ; Ramalho Ortigão, 1836-1915, Autor da introdução, etc. ; Reinaldo Carlos Montoro, 1831-?, Autor do posfácio, cólofon, etc.||Gabinete Português de Leitura, (Obsoleto)|CAM. 595 V.|CAM500|http://id.bnportugal.gov.pt/bib/catbnp/98840|Livre
98840|https://purl.pt/44016||Livro impresso|Português||Os Lusiadas|||Edição consagrada a commemorar o terceiro centenario do poeta da nacionalidade portugueza pelo Gabinete Portuguez de Leitura no Rio de Janeiro|Lisboa : na officina de Castro Irmão, Impressor|1880|1880|XCIII, 3, 422, 4 p.|Luís de Camões, 1524-1580|||Adolfo Coelho, 1847-1919, Editor literário ; Ramalho Ortigão, 1836-1915, Autor da introdução, etc. ; Reinaldo Carlos Montoro, 1831-?, Autor do posfácio, cólofon, etc.||Gabinete Português de Leitura, (Obsoleto)|CAM. 595 V.|CAM500|http://id.bnportugal.gov.pt/bib/catbnp/98840|Livre
98840|https://purl.pt/44016||Livro impresso|Português||Os Lusiadas|||Edição consagrada a commemorar o terceiro centenario do poeta da nacionalidade portugueza pelo Gabinete Portuguez de Leitura no Rio de Janeiro|Lisboa : na officina de Castro Irmão, Impressor|1880|1880|XCIII, 3, 422, 4 p.|Luís de Camões, 1524-1580|||Adolfo Coelho, 1847-1919, Editor literário ; Ramalho Ortigão, 1836-1915, Autor da introdução, etc. ; Reinaldo Carlos Montoro, 1831-?, Autor do posfácio, cólofon, etc.||Gabinete Português de Leitura, (Obsoleto)|CAM. 595 V.|CAM500|http://id.bnportugal.gov.pt/bib/catbnp/98840|Livre
98840|https://purl.pt/44016||Livro impresso|Português||Os Lusiadas|||Edição consagrada a commemorar o terceiro centenario do poeta da nacionalidade portugueza pelo Gabinete Portuguez de Leitura no Rio de Janeiro|Lisboa : na officina de Castro Irmão, Impressor|1880|1880|XCIII, 3, 422, 4 p.|Luís de Camões, 1524-1580|||Adolfo Coelho, 1847-1919, Editor literário ; Ramalho Ortigão, 1836-1915, Autor da introdução, etc. ; Reinaldo Carlos Montoro, 1831-?, Autor do posfácio, cólofon, etc.||Gabinete Português de Leitura, (Obsoleto)|CAM. 595 V.|CAM500|http://id.bnportugal.gov.pt/bib/catbnp/98840|Livre
98840|https://purl.pt/44016||Livro impresso|Português||Os Lusiadas|||Edição consagrada a commemorar o terceiro centenario do poeta da nacionalidade portugueza pelo Gabinete Portuguez de Leitura no Rio de Janeiro|Lisboa : na officina de Castro Irmão, Impressor|1880|1880|XCIII, 3, 422, 4 p.|Luís de Camões, 1524-1580|||Adolfo Coelho, 1847-1919, Editor literário ; Ramalho Ortigão, 1836-1915, Autor da introdução, etc. ; Reinaldo Carlos Montoro, 1831-?, Autor do posfácio, cólofon, etc.||Gabinete Português de Leitura, (Obsoleto)|CAM. 595 V.|CAM500|http://id.bnportugal.gov.pt/bib/catbnp/98840|Livre
98840|https://purl.pt/44016||Livro impresso|Português||Os Lusiadas|||Edição consagrada a commemorar o terceiro centenario do poeta da nacionalidade portugueza pelo Gabinete Portuguez de Leitura no Rio de Janeiro|Lisboa : na officina de Castro Irmão, Impressor|1880|1880|XCIII, 3, 422, 4 p.|Luís de Camões, 1524-1580|||Adolfo Coelho, 1847-1919, Editor literário ; Ramalho Ortigão, 1836-1915, Autor da introdução, etc. ; Reinaldo Carlos Montoro, 1831-?, Autor do posfácio, cólofon, etc.||Gabinete Português de Leitura, (Obsoleto)|CAM. 595 V.|CAM500|http://id.bnportugal.gov.pt/bib/catbnp/98840|Livre
98840|https://purl.pt/44016||Livro impresso|Português||Os Lusiadas|||Edição consagrada a commemorar o terceiro centenario do poeta da nacionalidade portugueza pelo Gabinete Portuguez de Leitura no Rio de Janeiro|Lisboa : na officina de Castro Irmão, Impressor|1880|1880|XCIII, 3, 422, 4 p.|Luís de Camões, 1524-1580|||Adolfo Coelho, 1847-1919, Editor literário ; Ramalho Ortigão, 1836-1915, Autor da introdução, etc. ; Reinaldo Carlos Montoro, 1831-?, Autor do posfácio, cólofon, etc.||Gabinete Português de Leitura, (Obsoleto)|CAM. 595 V.|CAM500|http://id.bnportugal.gov.pt/bib/catbnp/98840|Livre
98840|https://purl.pt/44016||Livro impresso|Português||Os Lusiadas|||Edição consagrada a commemorar o terceiro centenario do poeta da nacionalidade portugueza pelo Gabinete Portuguez de Leitura no Rio de Janeiro|Lisboa : na officina de Castro Irmão, Impressor|1880|1880|XCIII, 3, 422, 4 p.|Luís de Camões, 1524-1580|||Adolfo Coelho, 1847-1919, Editor literário ; Ramalho Ortigão, 1836-1915, Autor da introdução, etc. ; Reinaldo Carlos Montoro, 1831-?, Autor do posfácio, cólofon, etc.||Gabinete Português de Leitura, (Obsoleto)|CAM. 595 V.|CAM500|http://id.bnportugal.gov.pt/bib/catbnp/98840|Livre
98840|https://purl.pt/44016||Livro impresso|Português||Os Lusiadas|||Edição consagrada a commemorar o terceiro centenario do poeta da nacionalidade portugueza pelo Gabinete Portuguez de Leitura no Rio de Janeiro|Lisboa : na officina de Castro Irmão, Impressor|1880|1880|XCIII, 3, 422, 4 p.|Luís de Camões, 1524-1580|||Adolfo Coelho, 1847-1919, Editor literário ; Ramalho Ortigão, 1836-1915, Autor da introdução, etc. ; Reinaldo Carlos Montoro, 1831-?, Autor do posfácio, cólofon, etc.||Gabinete Português de Leitura, (Obsoleto)|CAM. 595 V.|CAM500|http://id.bnportugal.gov.pt/bib/catbnp/98840|Livre
98840|https://purl.pt/44016||Livro impresso|Português||Os Lusiadas|||Edição consagrada a commemorar o terceiro centenario do poeta da nacionalidade portugueza pelo Gabinete Portuguez de Leitura no Rio de Janeiro|Lisboa : na officina de Castro Irmão, Impressor|1880|1880|XCIII, 3, 422, 4 p.|Luís de Camões, 1524-1580|||Adolfo Coelho, 1847-1919, Editor literário ; Ramalho Ortigão, 1836-1915, Autor da introdução, etc. ; Reinaldo Carlos Montoro, 1831-?, Autor do posfácio, cólofon, etc.||Gabinete Português de Leitura, (Obsoleto)|CAM. 595 V.|CAM500|http://id.bnportugal.gov.pt/bib/catbnp/98840|Livre
98840|https://purl.pt/44016||Livro impresso|Português||Os Lusiadas|||Edição consagrada a commemorar o terceiro centenario do poeta da nacionalidade portugueza pelo Gabinete Portuguez de Leitura no Rio de Janeiro|Lisboa : na officina de Castro Irmão, Impressor|1880|1880|XCIII, 3, 422, 4 p.|Luís de Camões, 1524-1580|||Adolfo Coelho, 1847-1919, Editor literário ; Ramalho Ortigão, 1836-1915, Autor da introdução, etc. ; Reinaldo Carlos Montoro, 1831-?, Autor do posfácio, cólofon, etc.||Gabinete Português de Leitura, (Obsoleto)|CAM. 595 V.|CAM500|http://id.bnportugal.gov.pt/bib/catbnp/98840|Livre
98840|https://purl.pt/44016||Livro impresso|Português||Os Lusiadas|||Edição consagrada a commemorar o terceiro centenario do poeta da nacionalidade portugueza pelo Gabinete Portuguez de Leitura no Rio de Janeiro|Lisboa : na officina de Castro Irmão, Impressor|1880|1880|XCIII, 3, 422, 4 p.|Luís de Camões, 1524-1580|||Adolfo Coelho, 1847-1919, Editor literário ; Ramalho Ortigão, 1836-1915, Autor da introdução, etc. ; Reinaldo Carlos Montoro, 1831-?, Autor do posfácio, cólofon, etc.||Gabinete Português de Leitura, (Obsoleto)|CAM. 595 V.|CAM500|http://id.bnportugal.gov.pt/bib/catbnp/98840|Livre
224027|https://purl.pt/23629||Livro impresso|Espanhol|Português|Los Lusiadas|||1.ª ed.|Impresso en Alcala de Henares : por Iuan Gracian|1580|1580|388 p.|Luís de Camões, 1524-1580|||Bento Caldeira, fl. 1580, Tradutor ; Juan Gracián, fl. 1572-1599, Impressor ; Manuel do Cenáculo, 1724-1814, Antigo possuidor|||F. 1622||http://id.bnportugal.gov.pt/bib/catbnp/224027|Livre
251973|https://purl.pt/39844||Livro impresso|Português||Variações camonianas|||1.ª ed.|Lisboa : Imprensa Nacional-Casa da Moeda|1981|1981|10 p., 21 estampas em bolsa de resguardo|José Augusto França, 1922-2021|||José de Guimarães, Ilustrador|||CAM. 206 A.||http://id.bnportugal.gov.pt/bib/catbnp/251973|Interno
251973|https://purl.pt/39844||Livro impresso|Português||Variações camonianas|||1.ª ed.|Lisboa : Imprensa Nacional-Casa da Moeda|1981|1981|10 p., 21 estampas em bolsa de resguardo|José Augusto França, 1922-2021|||José de Guimarães, Ilustrador|||CAM. 206 A.||http://id.bnportugal.gov.pt/bib/catbnp/251973|Interno
251973|https://purl.pt/39844||Livro impresso|Português||Variações camonianas|||1.ª ed.|Lisboa : Imprensa Nacional-Casa da Moeda|1981|1981|10 p., 21 estampas em bolsa de resguardo|José Augusto França, 1922-2021|||José de Guimarães, Ilustrador|||CAM. 206 A.||http://id.bnportugal.gov.pt/bib/catbnp/251973|Interno
251973|https://purl.pt/39844||Livro impresso|Português||Variações camonianas|||1.ª ed.|Lisboa : Imprensa Nacional-Casa da Moeda|1981|1981|10 p., 21 estampas em bolsa de resguardo|José Augusto França, 1922-2021|||José de Guimarães, Ilustrador|||CAM. 206 A.||http://id.bnportugal.gov.pt/bib/catbnp/251973|Interno
251973|https://purl.pt/39844||Livro impresso|Português||Variações camonianas|||1.ª ed.|Lisboa : Imprensa Nacional-Casa da Moeda|1981|1981|10 p., 21 estampas em bolsa de resguardo|José Augusto França, 1922-2021|||José de Guimarães, Ilustrador|||CAM. 206 A.||http://id.bnportugal.gov.pt/bib/catbnp/251973|Interno
251973|https://purl.pt/39844||Livro impresso|Português||Variações camonianas|||1.ª ed.|Lisboa : Imprensa Nacional-Casa da Moeda|1981|1981|10 p., 21 estampas em bolsa de resguardo|José Augusto França, 1922-2021|||José de Guimarães, Ilustrador|||CAM. 206 A.||http://id.bnportugal.gov.pt/bib/catbnp/251973|Interno
251973|https://purl.pt/39844||Livro impresso|Português||Variações camonianas|||1.ª ed.|Lisboa : Imprensa Nacional-Casa da Moeda|1981|1981|10 p., 21 estampas em bolsa de resguardo|José Augusto França, 1922-2021|||José de Guimarães, Ilustrador|||CAM. 206 A.||http://id.bnportugal.gov.pt/bib/catbnp/251973|Interno
251973|https://purl.pt/39844||Livro impresso|Português||Variações camonianas|||1.ª ed.|Lisboa : Imprensa Nacional-Casa da Moeda|1981|1981|10 p., 21 estampas em bolsa de resguardo|José Augusto França, 1922-2021|||José de Guimarães, Ilustrador|||CAM. 206 A.||http://id.bnportugal.gov.pt/bib/catbnp/251973|Interno
251973|https://purl.pt/39844||Livro impresso|Português||Variações camonianas|||1.ª ed.|Lisboa : Imprensa Nacional-Casa da Moeda|1981|1981|10 p., 21 estampas em bolsa de resguardo|José Augusto França, 1922-2021|||José de Guimarães, Ilustrador|||CAM. 206 A.||http://id.bnportugal.gov.pt/bib/catbnp/251973|Interno
251973|https://purl.pt/39844||Livro impresso|Português||Variações camonianas|||1.ª ed.|Lisboa : Imprensa Nacional-Casa da Moeda|1981|1981|10 p., 21 estampas em bolsa de resguardo|José Augusto França, 1922-2021|||José de Guimarães, Ilustrador|||CAM. 206 A.||http://id.bnportugal.gov.pt/bib/catbnp/251973|Interno
251973|https://purl.pt/39844||Livro impresso|Português||Variações camonianas|||1.ª ed.|Lisboa : Imprensa Nacional-Casa da Moeda|1981|1981|10 p., 21 estampas em bolsa de resguardo|José Augusto França, 1922-2021|||José de Guimarães, Ilustrador|||CAM. 206 A.||http://id.bnportugal.gov.pt/bib/catbnp/251973|Interno
251973|https://purl.pt/39844||Livro impresso|Português||Variações camonianas|||1.ª ed.|Lisboa : Imprensa Nacional-Casa da Moeda|1981|1981|10 p., 21 estampas em bolsa de resguardo|José Augusto França, 1922-2021|||José de Guimarães, Ilustrador|||CAM. 206 A.||http://id.bnportugal.gov.pt/bib/catbnp/251973|Interno
251973|https://purl.pt/39844||Livro impresso|Português||Variações camonianas|||1.ª ed.|Lisboa : Imprensa Nacional-Casa da Moeda|1981|1981|10 p., 21 estampas em bolsa de resguardo|José Augusto França, 1922-2021|||José de Guimarães, Ilustrador|||CAM. 206 A.||http://id.bnportugal.gov.pt/bib/catbnp/251973|Interno
251973|https://purl.pt/39844||Livro impresso|Português||Variações camonianas|||1.ª ed.|Lisboa : Imprensa Nacional-Casa da Moeda|1981|1981|10 p., 21 estampas em bolsa de resguardo|José Augusto França, 1922-2021|||José de Guimarães, Ilustrador|||CAM. 206 A.||http://id.bnportugal.gov.pt/bib/catbnp/251973|Interno
251973|https://purl.pt/39844||Livro impresso|Português||Variações camonianas|||1.ª ed.|Lisboa : Imprensa Nacional-Casa da Moeda|1981|1981|10 p., 21 estampas em bolsa de resguardo|José Augusto França, 1922-2021|||José de Guimarães, Ilustrador|||CAM. 206 A.||http://id.bnportugal.gov.pt/bib/catbnp/251973|Interno
251973|https://purl.pt/39844||Livro impresso|Português||Variações camonianas|||1.ª ed.|Lisboa : Imprensa Nacional-Casa da Moeda|1981|1981|10 p., 21 estampas em bolsa de resguardo|José Augusto França, 1922-2021|||José de Guimarães, Ilustrador|||CAM. 206 A.||http://id.bnportugal.gov.pt/bib/catbnp/251973|Interno
251973|https://purl.pt/39844||Livro impresso|Português||Variações camonianas|||1.ª ed.|Lisboa : Imprensa Nacional-Casa da Moeda|1981|1981|10 p., 21 estampas em bolsa de resguardo|José Augusto França, 1922-2021|||José de Guimarães, Ilustrador|||CAM. 206 A.||http://id.bnportugal.gov.pt/bib/catbnp/251973|Interno
251973|https://purl.pt/39844||Livro impresso|Português||Variações camonianas|||1.ª ed.|Lisboa : Imprensa Nacional-Casa da Moeda|1981|1981|10 p., 21 estampas em bolsa de resguardo|José Augusto França, 1922-2021|||José de Guimarães, Ilustrador|||CAM. 206 A.||http://id.bnportugal.gov.pt/bib/catbnp/251973|Interno
251973|https://purl.pt/39844||Livro impresso|Português||Variações camonianas|||1.ª ed.|Lisboa : Imprensa Nacional-Casa da Moeda|1981|1981|10 p., 21 estampas em bolsa de resguardo|José Augusto França, 1922-2021|||José de Guimarães, Ilustrador|||CAM. 206 A.||http://id.bnportugal.gov.pt/bib/catbnp/251973|Interno
251973|https://purl.pt/39844||Livro impresso|Português||Variações camonianas|||1.ª ed.|Lisboa : Imprensa Nacional-Casa da Moeda|1981|1981|10 p., 21 estampas em bolsa de resguardo|José Augusto França, 1922-2021|||José de Guimarães, Ilustrador|||CAM. 206 A.||http://id.bnportugal.gov.pt/bib/catbnp/251973|Interno
251973|https://purl.pt/39844||Livro impresso|Português||Variações camonianas|||1.ª ed.|Lisboa : Imprensa Nacional-Casa da Moeda|1981|1981|10 p., 21 estampas em bolsa de resguardo|José Augusto França, 1922-2021|||José de Guimarães, Ilustrador|||CAM. 206 A.||http://id.bnportugal.gov.pt/bib/catbnp/251973|Interno
251973|https://purl.pt/39844||Livro impresso|Português||Variações camonianas|||1.ª ed.|Lisboa : Imprensa Nacional-Casa da Moeda|1981|1981|10 p., 21 estampas em bolsa de resguardo|José Augusto França, 1922-2021|||José de Guimarães, Ilustrador|||CAM. 206 A.||http://id.bnportugal.gov.pt/bib/catbnp/251973|Interno
253094|https://purl.pt/44015||Livro impresso|Italiano||I Lusiadi|||Seconda edizione|Milano : Dalla Societá Tipog. dei Classici Italiani|1821|1821|XXXX, 517, 3 p., 3 grav. extratexto|Luís de Camões, 1524-1580|| Staël, 1766-1817, Autor ; Mathieu-Guillaume-Thérèse Villenave, 1762-1846, Autor ;  Sismondi, 1773-1842, Autor ; Juan Andrés, 1740-1817, Autor|Antonio Nervi, 1760-1836, Tradutor ; Gallo Gallina, 1796-1874, Ilustrador||Società Tipografica de' Classici Italiani|CAM. 234 P.|CAM500|http://id.bnportugal.gov.pt/bib/catbnp/253094|Livre
253094|https://purl.pt/44015||Livro impresso|Italiano||I Lusiadi|||Seconda edizione|Milano : Dalla Societá Tipog. dei Classici Italiani|1821|1821|XXXX, 517, 3 p., 3 grav. extratexto|Luís de Camões, 1524-1580|| Staël, 1766-1817, Autor ; Mathieu-Guillaume-Thérèse Villenave, 1762-1846, Autor ;  Sismondi, 1773-1842, Autor ; Juan Andrés, 1740-1817, Autor|Antonio Nervi, 1760-1836, Tradutor ; Gallo Gallina, 1796-1874, Ilustrador||Società Tipografica de' Classici Italiani|CAM. 234 P.|CAM500|http://id.bnportugal.gov.pt/bib/catbnp/253094|Livre
258798|https://purl.pt/37882||Livro impresso|Espanhol||Los Lusiadas|||1.ª ed.|Barcelona : Empresa Editorial La Ilustracion|1874|1874|266 i.e. 296, LXI, 1 p.|Luís de Camões, 1524-1580|||Manuel Aranda y Sanjuan, Tradutor ; Ferdinand Denis, 1798-1890, Colaborador ; Caetano Lopes de Moura, 1780-1860, Editor literário|||CAM. 208 P.||http://id.bnportugal.gov.pt/bib/catbnp/258798|Livre
258798|https://purl.pt/37882||Livro impresso|Espanhol||Los Lusiadas|||1.ª ed.|Barcelona : Empresa Editorial La Ilustracion|1874|1874|266 i.e. 296, LXI, 1 p.|Luís de Camões, 1524-1580|||Manuel Aranda y Sanjuan, Tradutor ; Ferdinand Denis, 1798-1890, Colaborador ; Caetano Lopes de Moura, 1780-1860, Editor literário|||CAM. 208 P.||http://id.bnportugal.gov.pt/bib/catbnp/258798|Livre
258798|https://purl.pt/37882||Livro impresso|Espanhol||Los Lusiadas|||1.ª ed.|Barcelona : Empresa Editorial La Ilustracion|1874|1874|266 i.e. 296, LXI, 1 p.|Luís de Camões, 1524-1580|||Manuel Aranda y Sanjuan, Tradutor ; Ferdinand Denis, 1798-1890, Colaborador ; Caetano Lopes de Moura, 1780-1860, Editor literário|||CAM. 208 P.||http://id.bnportugal.gov.pt/bib/catbnp/258798|Livre
258798|https://purl.pt/37882||Livro impresso|Espanhol||Los Lusiadas|||1.ª ed.|Barcelona : Empresa Editorial La Ilustracion|1874|1874|266 i.e. 296, LXI, 1 p.|Luís de Camões, 1524-1580|||Manuel Aranda y Sanjuan, Tradutor ; Ferdinand Denis, 1798-1890, Colaborador ; Caetano Lopes de Moura, 1780-1860, Editor literário|||CAM. 208 P.||http://id.bnportugal.gov.pt/bib/catbnp/258798|Livre
258798|https://purl.pt/37882||Livro impresso|Espanhol||Los Lusiadas|||1.ª ed.|Barcelona : Empresa Editorial La Ilustracion|1874|1874|266 i.e. 296, LXI, 1 p.|Luís de Camões, 1524-1580|||Manuel Aranda y Sanjuan, Tradutor ; Ferdinand Denis, 1798-1890, Colaborador ; Caetano Lopes de Moura, 1780-1860, Editor literário|||CAM. 208 P.||http://id.bnportugal.gov.pt/bib/catbnp/258798|Livre
258798|https://purl.pt/37882||Livro impresso|Espanhol||Los Lusiadas|||1.ª ed.|Barcelona : Empresa Editorial La Ilustracion|1874|1874|266 i.e. 296, LXI, 1 p.|Luís de Camões, 1524-1580|||Manuel Aranda y Sanjuan, Tradutor ; Ferdinand Denis, 1798-1890, Colaborador ; Caetano Lopes de Moura, 1780-1860, Editor literário|||CAM. 208 P.||http://id.bnportugal.gov.pt/bib/catbnp/258798|Livre
258798|https://purl.pt/37882||Livro impresso|Espanhol||Los Lusiadas|||1.ª ed.|Barcelona : Empresa Editorial La Ilustracion|1874|1874|266 i.e. 296, LXI, 1 p.|Luís de Camões, 1524-1580|||Manuel Aranda y Sanjuan, Tradutor ; Ferdinand Denis, 1798-1890, Colaborador ; Caetano Lopes de Moura, 1780-1860, Editor literário|||CAM. 208 P.||http://id.bnportugal.gov.pt/bib/catbnp/258798|Livre
258798|https://purl.pt/37882||Livro impresso|Espanhol||Los Lusiadas|||1.ª ed.|Barcelona : Empresa Editorial La Ilustracion|1874|1874|266 i.e. 296, LXI, 1 p.|Luís de Camões, 1524-1580|||Manuel Aranda y Sanjuan, Tradutor ; Ferdinand Denis, 1798-1890, Colaborador ; Caetano Lopes de Moura, 1780-1860, Editor literário|||CAM. 208 P.||http://id.bnportugal.gov.pt/bib/catbnp/258798|Livre
258798|https://purl.pt/37882||Livro impresso|Espanhol||Los Lusiadas|||1.ª ed.|Barcelona : Empresa Editorial La Ilustracion|1874|1874|266 i.e. 296, LXI, 1 p.|Luís de Camões, 1524-1580|||Manuel Aranda y Sanjuan, Tradutor ; Ferdinand Denis, 1798-1890, Colaborador ; Caetano Lopes de Moura, 1780-1860, Editor literário|||CAM. 208 P.||http://id.bnportugal.gov.pt/bib/catbnp/258798|Livre
258798|https://purl.pt/37882||Livro impresso|Espanhol||Los Lusiadas|||1.ª ed.|Barcelona : Empresa Editorial La Ilustracion|1874|1874|266 i.e. 296, LXI, 1 p.|Luís de Camões, 1524-1580|||Manuel Aranda y Sanjuan, Tradutor ; Ferdinand Denis, 1798-1890, Colaborador ; Caetano Lopes de Moura, 1780-1860, Editor literário|||CAM. 208 P.||http://id.bnportugal.gov.pt/bib/catbnp/258798|Livre
259033|https://purl.pt/23636||Livro impresso|Francês|Português|La Lusiade du Camoens|poeme heroique sur la decouverte des Indes Orientales||1.ª ed.|A Paris : chez Huart, ruë S. Jacques, à la Justice : chez David, quay des Augustins, à la Providence : chez Briasson, ruë S. Jacques, à la Science : chez Clousier, ruë S. Jacques, à lEcu de France|1735|1735|3 vol.|Luís de Camões, 1524-1580|||Pierre Michel Huart, fl. 1717-1764, Impressor ; Michel-Étienne David, fl. 1700-1756, Impressor ; Antoine-Claude Briasson, fl. 1724-1775, Impressor ; Jacques Clousier, fl. 1727-1749, Impressor ; Louis-Adrien Du Perron de Castera, 1705-1752, Tradutor ; Jean Baptiste Scotin, 1698-?, Gravador em madeira|||CAM. 209 P.||http://id.bnportugal.gov.pt/bib/catbnp/259033|Livre
259033|https://purl.pt/23636||Livro impresso|Francês|Português|La Lusiade du Camoens|poeme heroique sur la decouverte des Indes Orientales||1.ª ed.|A Paris : chez Huart, ruë S. Jacques, à la Justice : chez David, quay des Augustins, à la Providence : chez Briasson, ruë S. Jacques, à la Science : chez Clousier, ruë S. Jacques, à lEcu de France|1735|1735|3 vol.|Luís de Camões, 1524-1580|||Pierre Michel Huart, fl. 1717-1764, Impressor ; Michel-Étienne David, fl. 1700-1756, Impressor ; Antoine-Claude Briasson, fl. 1724-1775, Impressor ; Jacques Clousier, fl. 1727-1749, Impressor ; Louis-Adrien Du Perron de Castera, 1705-1752, Tradutor ; Jean Baptiste Scotin, 1698-?, Gravador em madeira|||CAM. 209 P.||http://id.bnportugal.gov.pt/bib/catbnp/259033|Livre
259033|https://purl.pt/23636||Livro impresso|Francês|Português|La Lusiade du Camoens|poeme heroique sur la decouverte des Indes Orientales||1.ª ed.|A Paris : chez Huart, ruë S. Jacques, à la Justice : chez David, quay des Augustins, à la Providence : chez Briasson, ruë S. Jacques, à la Science : chez Clousier, ruë S. Jacques, à lEcu de France|1735|1735|3 vol.|Luís de Camões, 1524-1580|||Pierre Michel Huart, fl. 1717-1764, Impressor ; Michel-Étienne David, fl. 1700-1756, Impressor ; Antoine-Claude Briasson, fl. 1724-1775, Impressor ; Jacques Clousier, fl. 1727-1749, Impressor ; Louis-Adrien Du Perron de Castera, 1705-1752, Tradutor ; Jean Baptiste Scotin, 1698-?, Gravador em madeira|||CAM. 209 P.||http://id.bnportugal.gov.pt/bib/catbnp/259033|Livre
259033|https://purl.pt/23636||Livro impresso|Francês|Português|La Lusiade du Camoens|poeme heroique sur la decouverte des Indes Orientales||1.ª ed.|A Paris : chez Huart, ruë S. Jacques, à la Justice : chez David, quay des Augustins, à la Providence : chez Briasson, ruë S. Jacques, à la Science : chez Clousier, ruë S. Jacques, à lEcu de France|1735|1735|3 vol.|Luís de Camões, 1524-1580|||Pierre Michel Huart, fl. 1717-1764, Impressor ; Michel-Étienne David, fl. 1700-1756, Impressor ; Antoine-Claude Briasson, fl. 1724-1775, Impressor ; Jacques Clousier, fl. 1727-1749, Impressor ; Louis-Adrien Du Perron de Castera, 1705-1752, Tradutor ; Jean Baptiste Scotin, 1698-?, Gravador em madeira|||CAM. 209 P.||http://id.bnportugal.gov.pt/bib/catbnp/259033|Livre
259033|https://purl.pt/23636||Livro impresso|Francês|Português|La Lusiade du Camoens|poeme heroique sur la decouverte des Indes Orientales||1.ª ed.|A Paris : chez Huart, ruë S. Jacques, à la Justice : chez David, quay des Augustins, à la Providence : chez Briasson, ruë S. Jacques, à la Science : chez Clousier, ruë S. Jacques, à lEcu de France|1735|1735|3 vol.|Luís de Camões, 1524-1580|||Pierre Michel Huart, fl. 1717-1764, Impressor ; Michel-Étienne David, fl. 1700-1756, Impressor ; Antoine-Claude Briasson, fl. 1724-1775, Impressor ; Jacques Clousier, fl. 1727-1749, Impressor ; Louis-Adrien Du Perron de Castera, 1705-1752, Tradutor ; Jean Baptiste Scotin, 1698-?, Gravador em madeira|||CAM. 209 P.||http://id.bnportugal.gov.pt/bib/catbnp/259033|Livre
259033|https://purl.pt/23636||Livro impresso|Francês|Português|La Lusiade du Camoens|poeme heroique sur la decouverte des Indes Orientales||1.ª ed.|A Paris : chez Huart, ruë S. Jacques, à la Justice : chez David, quay des Augustins, à la Providence : chez Briasson, ruë S. Jacques, à la Science : chez Clousier, ruë S. Jacques, à lEcu de France|1735|1735|3 vol.|Luís de Camões, 1524-1580|||Pierre Michel Huart, fl. 1717-1764, Impressor ; Michel-Étienne David, fl. 1700-1756, Impressor ; Antoine-Claude Briasson, fl. 1724-1775, Impressor ; Jacques Clousier, fl. 1727-1749, Impressor ; Louis-Adrien Du Perron de Castera, 1705-1752, Tradutor ; Jean Baptiste Scotin, 1698-?, Gravador em madeira|||CAM. 209 P.||http://id.bnportugal.gov.pt/bib/catbnp/259033|Livre
259033|https://purl.pt/23636||Livro impresso|Francês|Português|La Lusiade du Camoens|poeme heroique sur la decouverte des Indes Orientales||1.ª ed.|A Paris : chez Huart, ruë S. Jacques, à la Justice : chez David, quay des Augustins, à la Providence : chez Briasson, ruë S. Jacques, à la Science : chez Clousier, ruë S. Jacques, à lEcu de France|1735|1735|3 vol.|Luís de Camões, 1524-1580|||Pierre Michel Huart, fl. 1717-1764, Impressor ; Michel-Étienne David, fl. 1700-1756, Impressor ; Antoine-Claude Briasson, fl. 1724-1775, Impressor ; Jacques Clousier, fl. 1727-1749, Impressor ; Louis-Adrien Du Perron de Castera, 1705-1752, Tradutor ; Jean Baptiste Scotin, 1698-?, Gravador em madeira|||CAM. 209 P.||http://id.bnportugal.gov.pt/bib/catbnp/259033|Livre
259033|https://purl.pt/23636||Livro impresso|Francês|Português|La Lusiade du Camoens|poeme heroique sur la decouverte des Indes Orientales||1.ª ed.|A Paris : chez Huart, ruë S. Jacques, à la Justice : chez David, quay des Augustins, à la Providence : chez Briasson, ruë S. Jacques, à la Science : chez Clousier, ruë S. Jacques, à lEcu de France|1735|1735|3 vol.|Luís de Camões, 1524-1580|||Pierre Michel Huart, fl. 1717-1764, Impressor ; Michel-Étienne David, fl. 1700-1756, Impressor ; Antoine-Claude Briasson, fl. 1724-1775, Impressor ; Jacques Clousier, fl. 1727-1749, Impressor ; Louis-Adrien Du Perron de Castera, 1705-1752, Tradutor ; Jean Baptiste Scotin, 1698-?, Gravador em madeira|||CAM. 209 P.||http://id.bnportugal.gov.pt/bib/catbnp/259033|Livre
259033|https://purl.pt/23636||Livro impresso|Francês|Português|La Lusiade du Camoens|poeme heroique sur la decouverte des Indes Orientales||1.ª ed.|A Paris : chez Huart, ruë S. Jacques, à la Justice : chez David, quay des Augustins, à la Providence : chez Briasson, ruë S. Jacques, à la Science : chez Clousier, ruë S. Jacques, à lEcu de France|1735|1735|3 vol.|Luís de Camões, 1524-1580|||Pierre Michel Huart, fl. 1717-1764, Impressor ; Michel-Étienne David, fl. 1700-1756, Impressor ; Antoine-Claude Briasson, fl. 1724-1775, Impressor ; Jacques Clousier, fl. 1727-1749, Impressor ; Louis-Adrien Du Perron de Castera, 1705-1752, Tradutor ; Jean Baptiste Scotin, 1698-?, Gravador em madeira|||CAM. 209 P.||http://id.bnportugal.gov.pt/bib/catbnp/259033|Livre
259033|https://purl.pt/23636||Livro impresso|Francês|Português|La Lusiade du Camoens|poeme heroique sur la decouverte des Indes Orientales||1.ª ed.|A Paris : chez Huart, ruë S. Jacques, à la Justice : chez David, quay des Augustins, à la Providence : chez Briasson, ruë S. Jacques, à la Science : chez Clousier, ruë S. Jacques, à lEcu de France|1735|1735|3 vol.|Luís de Camões, 1524-1580|||Pierre Michel Huart, fl. 1717-1764, Impressor ; Michel-Étienne David, fl. 1700-1756, Impressor ; Antoine-Claude Briasson, fl. 1724-1775, Impressor ; Jacques Clousier, fl. 1727-1749, Impressor ; Louis-Adrien Du Perron de Castera, 1705-1752, Tradutor ; Jean Baptiste Scotin, 1698-?, Gravador em madeira|||CAM. 209 P.||http://id.bnportugal.gov.pt/bib/catbnp/259033|Livre
259033|https://purl.pt/23636||Livro impresso|Francês|Português|La Lusiade du Camoens|poeme heroique sur la decouverte des Indes Orientales||1.ª ed.|A Paris : chez Huart, ruë S. Jacques, à la Justice : chez David, quay des Augustins, à la Providence : chez Briasson, ruë S. Jacques, à la Science : chez Clousier, ruë S. Jacques, à lEcu de France|1735|1735|3 vol.|Luís de Camões, 1524-1580|||Pierre Michel Huart, fl. 1717-1764, Impressor ; Michel-Étienne David, fl. 1700-1756, Impressor ; Antoine-Claude Briasson, fl. 1724-1775, Impressor ; Jacques Clousier, fl. 1727-1749, Impressor ; Louis-Adrien Du Perron de Castera, 1705-1752, Tradutor ; Jean Baptiste Scotin, 1698-?, Gravador em madeira|||CAM. 209 P.||http://id.bnportugal.gov.pt/bib/catbnp/259033|Livre
259828|https://purl.pt/23649||Livro impresso|Neerlandês|Português|De Lusiade van Louis Camoëns|heldendicht in X Zangen||1.ª ed.|Te Middelburg : by Willem Abrahams|1777|1777|4, XXIV, 405 p.|Luís de Camões, 1524-1580|||Lambartus Pieters Zoon Stoppendaal, fl. 1777, Tradutor ; Willem Abrahams, fl. 1772-1788, Livreiro ; Genit Warnars, fl. 1769-1899, Impressor|||CAM. 271 P.||http://id.bnportugal.gov.pt/bib/catbnp/259828|Livre
259828|https://purl.pt/23649||Livro impresso|Neerlandês|Português|De Lusiade van Louis Camoëns|heldendicht in X Zangen||1.ª ed.|Te Middelburg : by Willem Abrahams|1777|1777|4, XXIV, 405 p.|Luís de Camões, 1524-1580|||Lambartus Pieters Zoon Stoppendaal, fl. 1777, Tradutor ; Willem Abrahams, fl. 1772-1788, Livreiro ; Genit Warnars, fl. 1769-1899, Impressor|||CAM. 271 P.||http://id.bnportugal.gov.pt/bib/catbnp/259828|Livre
259828|https://purl.pt/23649||Livro impresso|Neerlandês|Português|De Lusiade van Louis Camoëns|heldendicht in X Zangen||1.ª ed.|Te Middelburg : by Willem Abrahams|1777|1777|4, XXIV, 405 p.|Luís de Camões, 1524-1580|||Lambartus Pieters Zoon Stoppendaal, fl. 1777, Tradutor ; Willem Abrahams, fl. 1772-1788, Livreiro ; Genit Warnars, fl. 1769-1899, Impressor|||CAM. 271 P.||http://id.bnportugal.gov.pt/bib/catbnp/259828|Livre
259828|https://purl.pt/23649||Livro impresso|Neerlandês|Português|De Lusiade van Louis Camoëns|heldendicht in X Zangen||1.ª ed.|Te Middelburg : by Willem Abrahams|1777|1777|4, XXIV, 405 p.|Luís de Camões, 1524-1580|||Lambartus Pieters Zoon Stoppendaal, fl. 1777, Tradutor ; Willem Abrahams, fl. 1772-1788, Livreiro ; Genit Warnars, fl. 1769-1899, Impressor|||CAM. 271 P.||http://id.bnportugal.gov.pt/bib/catbnp/259828|Livre
259828|https://purl.pt/23649||Livro impresso|Neerlandês|Português|De Lusiade van Louis Camoëns|heldendicht in X Zangen||1.ª ed.|Te Middelburg : by Willem Abrahams|1777|1777|4, XXIV, 405 p.|Luís de Camões, 1524-1580|||Lambartus Pieters Zoon Stoppendaal, fl. 1777, Tradutor ; Willem Abrahams, fl. 1772-1788, Livreiro ; Genit Warnars, fl. 1769-1899, Impressor|||CAM. 271 P.||http://id.bnportugal.gov.pt/bib/catbnp/259828|Livre
259828|https://purl.pt/23649||Livro impresso|Neerlandês|Português|De Lusiade van Louis Camoëns|heldendicht in X Zangen||1.ª ed.|Te Middelburg : by Willem Abrahams|1777|1777|4, XXIV, 405 p.|Luís de Camões, 1524-1580|||Lambartus Pieters Zoon Stoppendaal, fl. 1777, Tradutor ; Willem Abrahams, fl. 1772-1788, Livreiro ; Genit Warnars, fl. 1769-1899, Impressor|||CAM. 271 P.||http://id.bnportugal.gov.pt/bib/catbnp/259828|Livre
259828|https://purl.pt/23649||Livro impresso|Neerlandês|Português|De Lusiade van Louis Camoëns|heldendicht in X Zangen||1.ª ed.|Te Middelburg : by Willem Abrahams|1777|1777|4, XXIV, 405 p.|Luís de Camões, 1524-1580|||Lambartus Pieters Zoon Stoppendaal, fl. 1777, Tradutor ; Willem Abrahams, fl. 1772-1788, Livreiro ; Genit Warnars, fl. 1769-1899, Impressor|||CAM. 271 P.||http://id.bnportugal.gov.pt/bib/catbnp/259828|Livre
259828|https://purl.pt/23649||Livro impresso|Neerlandês|Português|De Lusiade van Louis Camoëns|heldendicht in X Zangen||1.ª ed.|Te Middelburg : by Willem Abrahams|1777|1777|4, XXIV, 405 p.|Luís de Camões, 1524-1580|||Lambartus Pieters Zoon Stoppendaal, fl. 1777, Tradutor ; Willem Abrahams, fl. 1772-1788, Livreiro ; Genit Warnars, fl. 1769-1899, Impressor|||CAM. 271 P.||http://id.bnportugal.gov.pt/bib/catbnp/259828|Livre
259828|https://purl.pt/23649||Livro impresso|Neerlandês|Português|De Lusiade van Louis Camoëns|heldendicht in X Zangen||1.ª ed.|Te Middelburg : by Willem Abrahams|1777|1777|4, XXIV, 405 p.|Luís de Camões, 1524-1580|||Lambartus Pieters Zoon Stoppendaal, fl. 1777, Tradutor ; Willem Abrahams, fl. 1772-1788, Livreiro ; Genit Warnars, fl. 1769-1899, Impressor|||CAM. 271 P.||http://id.bnportugal.gov.pt/bib/catbnp/259828|Livre
259828|https://purl.pt/23649||Livro impresso|Neerlandês|Português|De Lusiade van Louis Camoëns|heldendicht in X Zangen||1.ª ed.|Te Middelburg : by Willem Abrahams|1777|1777|4, XXIV, 405 p.|Luís de Camões, 1524-1580|||Lambartus Pieters Zoon Stoppendaal, fl. 1777, Tradutor ; Willem Abrahams, fl. 1772-1788, Livreiro ; Genit Warnars, fl. 1769-1899, Impressor|||CAM. 271 P.||http://id.bnportugal.gov.pt/bib/catbnp/259828|Livre
259828|https://purl.pt/23649||Livro impresso|Neerlandês|Português|De Lusiade van Louis Camoëns|heldendicht in X Zangen||1.ª ed.|Te Middelburg : by Willem Abrahams|1777|1777|4, XXIV, 405 p.|Luís de Camões, 1524-1580|||Lambartus Pieters Zoon Stoppendaal, fl. 1777, Tradutor ; Willem Abrahams, fl. 1772-1788, Livreiro ; Genit Warnars, fl. 1769-1899, Impressor|||CAM. 271 P.||http://id.bnportugal.gov.pt/bib/catbnp/259828|Livre
303898|https://purl.pt/19852||Livro impresso|Inglês|Português|Poems from the portuguese|||1.ª ed.|London : J. Carpenter|1803|1803|4, 160 p., 2 f. il.|Luís de Camões, 1524-1580|||Em. Mancel, 18--, Antigo possuidor ;  Strangford, 1780-1855, Comentador de texto escrito|||CAM. 1281 P.|PCulture|http://id.bnportugal.gov.pt/bib/catbnp/303898|Livre
323612|https://purl.pt/14997||Livro impresso|Português||Os Lusiadas|||1.ª ed.|Em Lisboa : em casa de Antonio Gõçaluez|1572|1572|2, 186 f.|Luís de Camões, 1524-1580|||Francisco de Melo Manuel, 1773-1851, Antigo possuidor|||F. 1||http://id.bnportugal.gov.pt/bib/catbnp/323612|Livre
323613|https://purl.pt/1||Livro impresso|Português||Os Lusiadas|||1.ª ed.|Lisboa : em casa de Antonio Gõçaluez|1572|1572|2, 186 f.|Luís de Camões, 1524-1580|||António Gonçalves, fl. 1566-1576, Impressor ; Francisco Manuel de Melo, 1608-1666, Antigo possuidor ; Tomás Norton, 1804-1860, Antigo possuidor ; Manuel Lopes Teixeira, Antigo possuidor ; Jerónimo Correia da Silveira, fl. ca. 1590, Antigo possuidor|||PURL 1/0|PATRIMONIA2|http://id.bnportugal.gov.pt/bib/catbnp/323613|Livre
323614|https://purl.pt/17473||Livro impresso|Português||Os Lusiadas|||Agora de nouo impresso com algumas annotações de diuersos autores|Em Lisboa : por Manoel de Lyra|1584|1584|12, 280 f.|Luís de Camões, 1524-1580|||Manuel de Lira, fl. 1579-1609, Impressor ; Vítor de Ávila Peres, fl. 183-, Antigo possuidor ; José de Sousa, 1664-1730, Antigo possuidor||Ordem de Cister. Mosteiro de Santa Maria, Antigo possuidor|F. 2488|CENSURA|http://id.bnportugal.gov.pt/bib/catbnp/323614|Livre
323614|https://purl.pt/17473||Livro impresso|Português||Os Lusiadas|||Agora de nouo impresso com algumas annotações de diuersos autores|Em Lisboa : por Manoel de Lyra|1584|1584|12, 280 f.|Luís de Camões, 1524-1580|||Manuel de Lira, fl. 1579-1609, Impressor ; Vítor de Ávila Peres, fl. 183-, Antigo possuidor ; José de Sousa, 1664-1730, Antigo possuidor||Ordem de Cister. Mosteiro de Santa Maria, Antigo possuidor|F. 2488|CENSURA|http://id.bnportugal.gov.pt/bib/catbnp/323614|Livre
323615|https://purl.pt/14689||Livro impresso|Português||Os Lusiadas|||Agora de nouo impresso com algumas anotações de diuersos autores|Em Lisboa : por Manuel de Lyra|1591|1591|2, 184, 36 f.|Luís de Camões, 1524-1580|||Tomás Norton, 1804-1860, Antigo possuidor ; Manuel de Lira, fl. 1579-1609, Impressor ; Vítor de Ávila Peres, fl. 183-, Antigo possuidor|||F. 3133|PATRIMONIA3|http://id.bnportugal.gov.pt/bib/catbnp/323615|Livre
323616|https://purl.pt/14773||Livro impresso|Português||Os Lusiadas|||Polo original antigo agora nouamente impressos|Em Lisboa : por Manoel de Lyra : á custa de Esteuão Lopez|1597|1597|2, 186 f.|Luís de Camões, 1524-1580|||Manuel de Lira, fl. 1579-1609, Impressor ; Estêvão Lopes, fl. 159--160-, Editor comercial ; Tomás Norton, 1804-1860, Antigo possuidor ;  Azevedo, 1809-1876, Antigo possuidor|||F. 2550|PATRIMONIA3|http://id.bnportugal.gov.pt/bib/catbnp/323616|Livre
323617|https://purl.pt/14880||Livro impresso|Português||Rhythmas|||1.ª ed.|Em Lisboa : por Manoel de Lyra : a custa de Esteuão Lopez|1595|1595|8, 166 i.é 170, 4 f.|Luís de Camões, 1524-1580|||Manuel de Lira, fl. 1579-1609, Impressor ; Estêvão Lopes, fl. 159--160-, Editor comercial ; Tomás Norton, 1804-1860, Antigo possuidor ; Vítor de Ávila Peres, fl. 183-, Antigo possuidor|||F. 5466|PATRIMONIA3|http://id.bnportugal.gov.pt/bib/catbnp/323617|Livre
329698|https://purl.pt/14111||Livro impresso|Português||Apologia em que defende Joam Soares de Brito a poesia do principe dos poetas dHespanha Luis de Camoens no canto 4. da est. 67. à 75. & cant. 2. est. 21. & responde às censuras dhum Critico destes tempos...|||1.ª ed.|Em Lisboa : na officina de Lourenço de Anveres|1641|1641|16, 61, 3 f., 2 f. grav.|João Soares de Brito, 1611-1664|||Agostinho Soares Floriano, fl. 1619-1642, Ilustrador ; Lourenço de Anvers, 1599-1679, Impressor|||F. 7|PATRIMONIA2|http://id.bnportugal.gov.pt/bib/catbnp/329698|Livre
329698|https://purl.pt/14111||Livro impresso|Português||Apologia em que defende Joam Soares de Brito a poesia do principe dos poetas dHespanha Luis de Camoens no canto 4. da est. 67. à 75. & cant. 2. est. 21. & responde às censuras dhum Critico destes tempos...|||1.ª ed.|Em Lisboa : na officina de Lourenço de Anveres|1641|1641|16, 61, 3 f., 2 f. grav.|João Soares de Brito, 1611-1664|||Agostinho Soares Floriano, fl. 1619-1642, Ilustrador ; Lourenço de Anvers, 1599-1679, Impressor|||F. 7|PATRIMONIA2|http://id.bnportugal.gov.pt/bib/catbnp/329698|Livre
329698|https://purl.pt/14111||Livro impresso|Português||Apologia em que defende Joam Soares de Brito a poesia do principe dos poetas dHespanha Luis de Camoens no canto 4. da est. 67. à 75. & cant. 2. est. 21. & responde às censuras dhum Critico destes tempos...|||1.ª ed.|Em Lisboa : na officina de Lourenço de Anveres|1641|1641|16, 61, 3 f., 2 f. grav.|João Soares de Brito, 1611-1664|||Agostinho Soares Floriano, fl. 1619-1642, Ilustrador ; Lourenço de Anvers, 1599-1679, Impressor|||F. 7|PATRIMONIA2|http://id.bnportugal.gov.pt/bib/catbnp/329698|Livre
331404|https://purl.pt/37844||Livro impresso|Inglês|Português|The Lusiad or the discovery of India|an epic poeme||1.ª ed.|London : published by W. Sattaby : B. Crosby & C- and Scatcherd & Leterman|1809|1809|2 f., XCVIII, 277, 1 p.|Luís de Camões, 1524-1580|||William Julius Mickle, 1734-1788, Tradutor|||CAM. 245 P.|PCulture|http://id.bnportugal.gov.pt/bib/catbnp/331404|Livre
331404|https://purl.pt/37844||Livro impresso|Inglês|Português|The Lusiad or the discovery of India|an epic poeme||1.ª ed.|London : published by W. Sattaby : B. Crosby & C- and Scatcherd & Leterman|1809|1809|2 f., XCVIII, 277, 1 p.|Luís de Camões, 1524-1580|||William Julius Mickle, 1734-1788, Tradutor|||CAM. 245 P.|PCulture|http://id.bnportugal.gov.pt/bib/catbnp/331404|Livre
331411|https://purl.pt/44017||Livro impresso|Inglês|Português|The Lusiad|an epic poem||1.ª ed.|London : Jonh Murray, Albemarle Street|1826|1826|XXI, 3, 585, 1 p.|Luís de Camões, 1524-1580|||Thomas Moore Musgrave, Tradutor ; William Skelton, 1763-1848, Gravador ; J. Dickens, Antigo possuidor|||CAM. 246 P.|CAM500|http://id.bnportugal.gov.pt/bib/catbnp/331411|Livre
331411|https://purl.pt/44017||Livro impresso|Inglês|Português|The Lusiad|an epic poem||1.ª ed.|London : Jonh Murray, Albemarle Street|1826|1826|XXI, 3, 585, 1 p.|Luís de Camões, 1524-1580|||Thomas Moore Musgrave, Tradutor ; William Skelton, 1763-1848, Gravador ; J. Dickens, Antigo possuidor|||CAM. 246 P.|CAM500|http://id.bnportugal.gov.pt/bib/catbnp/331411|Livre
380835|https://purl.pt/44632||Livro impresso|Inglês||The second canto of The Lusiad|||1.ª ed.|Rio de Janeiro : Camoens Printing Office-Fonseca Brother & Sousa Lima|1883|1883|79 p. ;20 cm|Luís de Camões, 1524-1580|||James E. Hewitt, Tradutor|||CAM. 539//10 P.|CAM500|http://id.bnportugal.gov.pt/bib/catbnp/380835|Livre
381202|https://purl.pt/23676||Livro impresso|Espanhol|Português|Lusiadas|||1.ª ed.|En Madrid : por Iuan Sanchez : a costa de Pedro Coello, mercador de libros|1639|1639|4 tomos em 2 vol.|Luís de Camões, 1524-1580|||Manuel de Faria e Sousa, 1590-1649, Editor literário ; Pedro Coello, fl. 1624-165-, Editor comercial ; Juan Sánchez, fl. 1613-1639, Impressor ; Francisco de Melo Manuel, 1773-1851, Antigo possuidor ; Diogo Borges, 16--, Antigo possuidor||Liceu Passos Manuel, Antigo possuidor|CAM. 1 A.||http://id.bnportugal.gov.pt/bib/catbnp/381202|Livre
381202|https://purl.pt/23676||Livro impresso|Espanhol|Português|Lusiadas|||1.ª ed.|En Madrid : por Iuan Sanchez : a costa de Pedro Coello, mercador de libros|1639|1639|4 tomos em 2 vol.|Luís de Camões, 1524-1580|||Manuel de Faria e Sousa, 1590-1649, Editor literário ; Pedro Coello, fl. 1624-165-, Editor comercial ; Juan Sánchez, fl. 1613-1639, Impressor ; Francisco de Melo Manuel, 1773-1851, Antigo possuidor ; Diogo Borges, 16--, Antigo possuidor||Liceu Passos Manuel, Antigo possuidor|CAM. 1 A.||http://id.bnportugal.gov.pt/bib/catbnp/381202|Livre
381202|https://purl.pt/23676||Livro impresso|Espanhol|Português|Lusiadas|||1.ª ed.|En Madrid : por Iuan Sanchez : a costa de Pedro Coello, mercador de libros|1639|1639|4 tomos em 2 vol.|Luís de Camões, 1524-1580|||Manuel de Faria e Sousa, 1590-1649, Editor literário ; Pedro Coello, fl. 1624-165-, Editor comercial ; Juan Sánchez, fl. 1613-1639, Impressor ; Francisco de Melo Manuel, 1773-1851, Antigo possuidor ; Diogo Borges, 16--, Antigo possuidor||Liceu Passos Manuel, Antigo possuidor|CAM. 1 A.||http://id.bnportugal.gov.pt/bib/catbnp/381202|Livre
381202|https://purl.pt/23676||Livro impresso|Espanhol|Português|Lusiadas|||1.ª ed.|En Madrid : por Iuan Sanchez : a costa de Pedro Coello, mercador de libros|1639|1639|4 tomos em 2 vol.|Luís de Camões, 1524-1580|||Manuel de Faria e Sousa, 1590-1649, Editor literário ; Pedro Coello, fl. 1624-165-, Editor comercial ; Juan Sánchez, fl. 1613-1639, Impressor ; Francisco de Melo Manuel, 1773-1851, Antigo possuidor ; Diogo Borges, 16--, Antigo possuidor||Liceu Passos Manuel, Antigo possuidor|CAM. 1 A.||http://id.bnportugal.gov.pt/bib/catbnp/381202|Livre
381202|https://purl.pt/23676||Livro impresso|Espanhol|Português|Lusiadas|||1.ª ed.|En Madrid : por Iuan Sanchez : a costa de Pedro Coello, mercador de libros|1639|1639|4 tomos em 2 vol.|Luís de Camões, 1524-1580|||Manuel de Faria e Sousa, 1590-1649, Editor literário ; Pedro Coello, fl. 1624-165-, Editor comercial ; Juan Sánchez, fl. 1613-1639, Impressor ; Francisco de Melo Manuel, 1773-1851, Antigo possuidor ; Diogo Borges, 16--, Antigo possuidor||Liceu Passos Manuel, Antigo possuidor|CAM. 1 A.||http://id.bnportugal.gov.pt/bib/catbnp/381202|Livre
381202|https://purl.pt/23676||Livro impresso|Espanhol|Português|Lusiadas|||1.ª ed.|En Madrid : por Iuan Sanchez : a costa de Pedro Coello, mercador de libros|1639|1639|4 tomos em 2 vol.|Luís de Camões, 1524-1580|||Manuel de Faria e Sousa, 1590-1649, Editor literário ; Pedro Coello, fl. 1624-165-, Editor comercial ; Juan Sánchez, fl. 1613-1639, Impressor ; Francisco de Melo Manuel, 1773-1851, Antigo possuidor ; Diogo Borges, 16--, Antigo possuidor||Liceu Passos Manuel, Antigo possuidor|CAM. 1 A.||http://id.bnportugal.gov.pt/bib/catbnp/381202|Livre
381202|https://purl.pt/23676||Livro impresso|Espanhol|Português|Lusiadas|||1.ª ed.|En Madrid : por Iuan Sanchez : a costa de Pedro Coello, mercador de libros|1639|1639|4 tomos em 2 vol.|Luís de Camões, 1524-1580|||Manuel de Faria e Sousa, 1590-1649, Editor literário ; Pedro Coello, fl. 1624-165-, Editor comercial ; Juan Sánchez, fl. 1613-1639, Impressor ; Francisco de Melo Manuel, 1773-1851, Antigo possuidor ; Diogo Borges, 16--, Antigo possuidor||Liceu Passos Manuel, Antigo possuidor|CAM. 1 A.||http://id.bnportugal.gov.pt/bib/catbnp/381202|Livre
381202|https://purl.pt/23676||Livro impresso|Espanhol|Português|Lusiadas|||1.ª ed.|En Madrid : por Iuan Sanchez : a costa de Pedro Coello, mercador de libros|1639|1639|4 tomos em 2 vol.|Luís de Camões, 1524-1580|||Manuel de Faria e Sousa, 1590-1649, Editor literário ; Pedro Coello, fl. 1624-165-, Editor comercial ; Juan Sánchez, fl. 1613-1639, Impressor ; Francisco de Melo Manuel, 1773-1851, Antigo possuidor ; Diogo Borges, 16--, Antigo possuidor||Liceu Passos Manuel, Antigo possuidor|CAM. 1 A.||http://id.bnportugal.gov.pt/bib/catbnp/381202|Livre
381202|https://purl.pt/23676||Livro impresso|Espanhol|Português|Lusiadas|||1.ª ed.|En Madrid : por Iuan Sanchez : a costa de Pedro Coello, mercador de libros|1639|1639|4 tomos em 2 vol.|Luís de Camões, 1524-1580|||Manuel de Faria e Sousa, 1590-1649, Editor literário ; Pedro Coello, fl. 1624-165-, Editor comercial ; Juan Sánchez, fl. 1613-1639, Impressor ; Francisco de Melo Manuel, 1773-1851, Antigo possuidor ; Diogo Borges, 16--, Antigo possuidor||Liceu Passos Manuel, Antigo possuidor|CAM. 1 A.||http://id.bnportugal.gov.pt/bib/catbnp/381202|Livre
381202|https://purl.pt/23676||Livro impresso|Espanhol|Português|Lusiadas|||1.ª ed.|En Madrid : por Iuan Sanchez : a costa de Pedro Coello, mercador de libros|1639|1639|4 tomos em 2 vol.|Luís de Camões, 1524-1580|||Manuel de Faria e Sousa, 1590-1649, Editor literário ; Pedro Coello, fl. 1624-165-, Editor comercial ; Juan Sánchez, fl. 1613-1639, Impressor ; Francisco de Melo Manuel, 1773-1851, Antigo possuidor ; Diogo Borges, 16--, Antigo possuidor||Liceu Passos Manuel, Antigo possuidor|CAM. 1 A.||http://id.bnportugal.gov.pt/bib/catbnp/381202|Livre
381202|https://purl.pt/23676||Livro impresso|Espanhol|Português|Lusiadas|||1.ª ed.|En Madrid : por Iuan Sanchez : a costa de Pedro Coello, mercador de libros|1639|1639|4 tomos em 2 vol.|Luís de Camões, 1524-1580|||Manuel de Faria e Sousa, 1590-1649, Editor literário ; Pedro Coello, fl. 1624-165-, Editor comercial ; Juan Sánchez, fl. 1613-1639, Impressor ; Francisco de Melo Manuel, 1773-1851, Antigo possuidor ; Diogo Borges, 16--, Antigo possuidor||Liceu Passos Manuel, Antigo possuidor|CAM. 1 A.||http://id.bnportugal.gov.pt/bib/catbnp/381202|Livre
381202|https://purl.pt/23676||Livro impresso|Espanhol|Português|Lusiadas|||1.ª ed.|En Madrid : por Iuan Sanchez : a costa de Pedro Coello, mercador de libros|1639|1639|4 tomos em 2 vol.|Luís de Camões, 1524-1580|||Manuel de Faria e Sousa, 1590-1649, Editor literário ; Pedro Coello, fl. 1624-165-, Editor comercial ; Juan Sánchez, fl. 1613-1639, Impressor ; Francisco de Melo Manuel, 1773-1851, Antigo possuidor ; Diogo Borges, 16--, Antigo possuidor||Liceu Passos Manuel, Antigo possuidor|CAM. 1 A.||http://id.bnportugal.gov.pt/bib/catbnp/381202|Livre
381202|https://purl.pt/23676||Livro impresso|Espanhol|Português|Lusiadas|||1.ª ed.|En Madrid : por Iuan Sanchez : a costa de Pedro Coello, mercador de libros|1639|1639|4 tomos em 2 vol.|Luís de Camões, 1524-1580|||Manuel de Faria e Sousa, 1590-1649, Editor literário ; Pedro Coello, fl. 1624-165-, Editor comercial ; Juan Sánchez, fl. 1613-1639, Impressor ; Francisco de Melo Manuel, 1773-1851, Antigo possuidor ; Diogo Borges, 16--, Antigo possuidor||Liceu Passos Manuel, Antigo possuidor|CAM. 1 A.||http://id.bnportugal.gov.pt/bib/catbnp/381202|Livre
381202|https://purl.pt/23676||Livro impresso|Espanhol|Português|Lusiadas|||1.ª ed.|En Madrid : por Iuan Sanchez : a costa de Pedro Coello, mercador de libros|1639|1639|4 tomos em 2 vol.|Luís de Camões, 1524-1580|||Manuel de Faria e Sousa, 1590-1649, Editor literário ; Pedro Coello, fl. 1624-165-, Editor comercial ; Juan Sánchez, fl. 1613-1639, Impressor ; Francisco de Melo Manuel, 1773-1851, Antigo possuidor ; Diogo Borges, 16--, Antigo possuidor||Liceu Passos Manuel, Antigo possuidor|CAM. 1 A.||http://id.bnportugal.gov.pt/bib/catbnp/381202|Livre
381202|https://purl.pt/23676||Livro impresso|Espanhol|Português|Lusiadas|||1.ª ed.|En Madrid : por Iuan Sanchez : a costa de Pedro Coello, mercador de libros|1639|1639|4 tomos em 2 vol.|Luís de Camões, 1524-1580|||Manuel de Faria e Sousa, 1590-1649, Editor literário ; Pedro Coello, fl. 1624-165-, Editor comercial ; Juan Sánchez, fl. 1613-1639, Impressor ; Francisco de Melo Manuel, 1773-1851, Antigo possuidor ; Diogo Borges, 16--, Antigo possuidor||Liceu Passos Manuel, Antigo possuidor|CAM. 1 A.||http://id.bnportugal.gov.pt/bib/catbnp/381202|Livre
381202|https://purl.pt/23676||Livro impresso|Espanhol|Português|Lusiadas|||1.ª ed.|En Madrid : por Iuan Sanchez : a costa de Pedro Coello, mercador de libros|1639|1639|4 tomos em 2 vol.|Luís de Camões, 1524-1580|||Manuel de Faria e Sousa, 1590-1649, Editor literário ; Pedro Coello, fl. 1624-165-, Editor comercial ; Juan Sánchez, fl. 1613-1639, Impressor ; Francisco de Melo Manuel, 1773-1851, Antigo possuidor ; Diogo Borges, 16--, Antigo possuidor||Liceu Passos Manuel, Antigo possuidor|CAM. 1 A.||http://id.bnportugal.gov.pt/bib/catbnp/381202|Livre
381202|https://purl.pt/23676||Livro impresso|Espanhol|Português|Lusiadas|||1.ª ed.|En Madrid : por Iuan Sanchez : a costa de Pedro Coello, mercador de libros|1639|1639|4 tomos em 2 vol.|Luís de Camões, 1524-1580|||Manuel de Faria e Sousa, 1590-1649, Editor literário ; Pedro Coello, fl. 1624-165-, Editor comercial ; Juan Sánchez, fl. 1613-1639, Impressor ; Francisco de Melo Manuel, 1773-1851, Antigo possuidor ; Diogo Borges, 16--, Antigo possuidor||Liceu Passos Manuel, Antigo possuidor|CAM. 1 A.||http://id.bnportugal.gov.pt/bib/catbnp/381202|Livre
381202|https://purl.pt/23676||Livro impresso|Espanhol|Português|Lusiadas|||1.ª ed.|En Madrid : por Iuan Sanchez : a costa de Pedro Coello, mercador de libros|1639|1639|4 tomos em 2 vol.|Luís de Camões, 1524-1580|||Manuel de Faria e Sousa, 1590-1649, Editor literário ; Pedro Coello, fl. 1624-165-, Editor comercial ; Juan Sánchez, fl. 1613-1639, Impressor ; Francisco de Melo Manuel, 1773-1851, Antigo possuidor ; Diogo Borges, 16--, Antigo possuidor||Liceu Passos Manuel, Antigo possuidor|CAM. 1 A.||http://id.bnportugal.gov.pt/bib/catbnp/381202|Livre
381202|https://purl.pt/23676||Livro impresso|Espanhol|Português|Lusiadas|||1.ª ed.|En Madrid : por Iuan Sanchez : a costa de Pedro Coello, mercador de libros|1639|1639|4 tomos em 2 vol.|Luís de Camões, 1524-1580|||Manuel de Faria e Sousa, 1590-1649, Editor literário ; Pedro Coello, fl. 1624-165-, Editor comercial ; Juan Sánchez, fl. 1613-1639, Impressor ; Francisco de Melo Manuel, 1773-1851, Antigo possuidor ; Diogo Borges, 16--, Antigo possuidor||Liceu Passos Manuel, Antigo possuidor|CAM. 1 A.||http://id.bnportugal.gov.pt/bib/catbnp/381202|Livre
381202|https://purl.pt/23676||Livro impresso|Espanhol|Português|Lusiadas|||1.ª ed.|En Madrid : por Iuan Sanchez : a costa de Pedro Coello, mercador de libros|1639|1639|4 tomos em 2 vol.|Luís de Camões, 1524-1580|||Manuel de Faria e Sousa, 1590-1649, Editor literário ; Pedro Coello, fl. 1624-165-, Editor comercial ; Juan Sánchez, fl. 1613-1639, Impressor ; Francisco de Melo Manuel, 1773-1851, Antigo possuidor ; Diogo Borges, 16--, Antigo possuidor||Liceu Passos Manuel, Antigo possuidor|CAM. 1 A.||http://id.bnportugal.gov.pt/bib/catbnp/381202|Livre
381202|https://purl.pt/23676||Livro impresso|Espanhol|Português|Lusiadas|||1.ª ed.|En Madrid : por Iuan Sanchez : a costa de Pedro Coello, mercador de libros|1639|1639|4 tomos em 2 vol.|Luís de Camões, 1524-1580|||Manuel de Faria e Sousa, 1590-1649, Editor literário ; Pedro Coello, fl. 1624-165-, Editor comercial ; Juan Sánchez, fl. 1613-1639, Impressor ; Francisco de Melo Manuel, 1773-1851, Antigo possuidor ; Diogo Borges, 16--, Antigo possuidor||Liceu Passos Manuel, Antigo possuidor|CAM. 1 A.||http://id.bnportugal.gov.pt/bib/catbnp/381202|Livre
381202|https://purl.pt/23676||Livro impresso|Espanhol|Português|Lusiadas|||1.ª ed.|En Madrid : por Iuan Sanchez : a costa de Pedro Coello, mercador de libros|1639|1639|4 tomos em 2 vol.|Luís de Camões, 1524-1580|||Manuel de Faria e Sousa, 1590-1649, Editor literário ; Pedro Coello, fl. 1624-165-, Editor comercial ; Juan Sánchez, fl. 1613-1639, Impressor ; Francisco de Melo Manuel, 1773-1851, Antigo possuidor ; Diogo Borges, 16--, Antigo possuidor||Liceu Passos Manuel, Antigo possuidor|CAM. 1 A.||http://id.bnportugal.gov.pt/bib/catbnp/381202|Livre
381202|https://purl.pt/23676||Livro impresso|Espanhol|Português|Lusiadas|||1.ª ed.|En Madrid : por Iuan Sanchez : a costa de Pedro Coello, mercador de libros|1639|1639|4 tomos em 2 vol.|Luís de Camões, 1524-1580|||Manuel de Faria e Sousa, 1590-1649, Editor literário ; Pedro Coello, fl. 1624-165-, Editor comercial ; Juan Sánchez, fl. 1613-1639, Impressor ; Francisco de Melo Manuel, 1773-1851, Antigo possuidor ; Diogo Borges, 16--, Antigo possuidor||Liceu Passos Manuel, Antigo possuidor|CAM. 1 A.||http://id.bnportugal.gov.pt/bib/catbnp/381202|Livre
381202|https://purl.pt/23676||Livro impresso|Espanhol|Português|Lusiadas|||1.ª ed.|En Madrid : por Iuan Sanchez : a costa de Pedro Coello, mercador de libros|1639|1639|4 tomos em 2 vol.|Luís de Camões, 1524-1580|||Manuel de Faria e Sousa, 1590-1649, Editor literário ; Pedro Coello, fl. 1624-165-, Editor comercial ; Juan Sánchez, fl. 1613-1639, Impressor ; Francisco de Melo Manuel, 1773-1851, Antigo possuidor ; Diogo Borges, 16--, Antigo possuidor||Liceu Passos Manuel, Antigo possuidor|CAM. 1 A.||http://id.bnportugal.gov.pt/bib/catbnp/381202|Livre
381202|https://purl.pt/23676||Livro impresso|Espanhol|Português|Lusiadas|||1.ª ed.|En Madrid : por Iuan Sanchez : a costa de Pedro Coello, mercador de libros|1639|1639|4 tomos em 2 vol.|Luís de Camões, 1524-1580|||Manuel de Faria e Sousa, 1590-1649, Editor literário ; Pedro Coello, fl. 1624-165-, Editor comercial ; Juan Sánchez, fl. 1613-1639, Impressor ; Francisco de Melo Manuel, 1773-1851, Antigo possuidor ; Diogo Borges, 16--, Antigo possuidor||Liceu Passos Manuel, Antigo possuidor|CAM. 1 A.||http://id.bnportugal.gov.pt/bib/catbnp/381202|Livre
381202|https://purl.pt/23676||Livro impresso|Espanhol|Português|Lusiadas|||1.ª ed.|En Madrid : por Iuan Sanchez : a costa de Pedro Coello, mercador de libros|1639|1639|4 tomos em 2 vol.|Luís de Camões, 1524-1580|||Manuel de Faria e Sousa, 1590-1649, Editor literário ; Pedro Coello, fl. 1624-165-, Editor comercial ; Juan Sánchez, fl. 1613-1639, Impressor ; Francisco de Melo Manuel, 1773-1851, Antigo possuidor ; Diogo Borges, 16--, Antigo possuidor||Liceu Passos Manuel, Antigo possuidor|CAM. 1 A.||http://id.bnportugal.gov.pt/bib/catbnp/381202|Livre
381202|https://purl.pt/23676||Livro impresso|Espanhol|Português|Lusiadas|||1.ª ed.|En Madrid : por Iuan Sanchez : a costa de Pedro Coello, mercador de libros|1639|1639|4 tomos em 2 vol.|Luís de Camões, 1524-1580|||Manuel de Faria e Sousa, 1590-1649, Editor literário ; Pedro Coello, fl. 1624-165-, Editor comercial ; Juan Sánchez, fl. 1613-1639, Impressor ; Francisco de Melo Manuel, 1773-1851, Antigo possuidor ; Diogo Borges, 16--, Antigo possuidor||Liceu Passos Manuel, Antigo possuidor|CAM. 1 A.||http://id.bnportugal.gov.pt/bib/catbnp/381202|Livre
381444|https://purl.pt/37883||Livro impresso|Português||Os Lusiadas|||1.ª ed.|Paris ; ; Lisboa : Guillard Aillaud & C editores|1890|1890|317, XLIII p.|Luís de Camões, 1524-1580|||Abílio Augusto da Fonseca Pinto, 1830-1893, Editor literário ; Alfred Bramtot, 1852-1894, Ilustrador ; Paulin Bord, fl. 1890, Ilustrador ; António Alberto Marinho Duarte de Sousa, 1896-1950, Antigo possuidor|||CAM. 28 A.||http://id.bnportugal.gov.pt/bib/catbnp/381444|Livre
381444|https://purl.pt/37883||Livro impresso|Português||Os Lusiadas|||1.ª ed.|Paris ; ; Lisboa : Guillard Aillaud & C editores|1890|1890|317, XLIII p.|Luís de Camões, 1524-1580|||Abílio Augusto da Fonseca Pinto, 1830-1893, Editor literário ; Alfred Bramtot, 1852-1894, Ilustrador ; Paulin Bord, fl. 1890, Ilustrador ; António Alberto Marinho Duarte de Sousa, 1896-1950, Antigo possuidor|||CAM. 28 A.||http://id.bnportugal.gov.pt/bib/catbnp/381444|Livre
381444|https://purl.pt/37883||Livro impresso|Português||Os Lusiadas|||1.ª ed.|Paris ; ; Lisboa : Guillard Aillaud & C editores|1890|1890|317, XLIII p.|Luís de Camões, 1524-1580|||Abílio Augusto da Fonseca Pinto, 1830-1893, Editor literário ; Alfred Bramtot, 1852-1894, Ilustrador ; Paulin Bord, fl. 1890, Ilustrador ; António Alberto Marinho Duarte de Sousa, 1896-1950, Antigo possuidor|||CAM. 28 A.||http://id.bnportugal.gov.pt/bib/catbnp/381444|Livre
381444|https://purl.pt/37883||Livro impresso|Português||Os Lusiadas|||1.ª ed.|Paris ; ; Lisboa : Guillard Aillaud & C editores|1890|1890|317, XLIII p.|Luís de Camões, 1524-1580|||Abílio Augusto da Fonseca Pinto, 1830-1893, Editor literário ; Alfred Bramtot, 1852-1894, Ilustrador ; Paulin Bord, fl. 1890, Ilustrador ; António Alberto Marinho Duarte de Sousa, 1896-1950, Antigo possuidor|||CAM. 28 A.||http://id.bnportugal.gov.pt/bib/catbnp/381444|Livre
381444|https://purl.pt/37883||Livro impresso|Português||Os Lusiadas|||1.ª ed.|Paris ; ; Lisboa : Guillard Aillaud & C editores|1890|1890|317, XLIII p.|Luís de Camões, 1524-1580|||Abílio Augusto da Fonseca Pinto, 1830-1893, Editor literário ; Alfred Bramtot, 1852-1894, Ilustrador ; Paulin Bord, fl. 1890, Ilustrador ; António Alberto Marinho Duarte de Sousa, 1896-1950, Antigo possuidor|||CAM. 28 A.||http://id.bnportugal.gov.pt/bib/catbnp/381444|Livre
381444|https://purl.pt/37883||Livro impresso|Português||Os Lusiadas|||1.ª ed.|Paris ; ; Lisboa : Guillard Aillaud & C editores|1890|1890|317, XLIII p.|Luís de Camões, 1524-1580|||Abílio Augusto da Fonseca Pinto, 1830-1893, Editor literário ; Alfred Bramtot, 1852-1894, Ilustrador ; Paulin Bord, fl. 1890, Ilustrador ; António Alberto Marinho Duarte de Sousa, 1896-1950, Antigo possuidor|||CAM. 28 A.||http://id.bnportugal.gov.pt/bib/catbnp/381444|Livre
381444|https://purl.pt/37883||Livro impresso|Português||Os Lusiadas|||1.ª ed.|Paris ; ; Lisboa : Guillard Aillaud & C editores|1890|1890|317, XLIII p.|Luís de Camões, 1524-1580|||Abílio Augusto da Fonseca Pinto, 1830-1893, Editor literário ; Alfred Bramtot, 1852-1894, Ilustrador ; Paulin Bord, fl. 1890, Ilustrador ; António Alberto Marinho Duarte de Sousa, 1896-1950, Antigo possuidor|||CAM. 28 A.||http://id.bnportugal.gov.pt/bib/catbnp/381444|Livre
381444|https://purl.pt/37883||Livro impresso|Português||Os Lusiadas|||1.ª ed.|Paris ; ; Lisboa : Guillard Aillaud & C editores|1890|1890|317, XLIII p.|Luís de Camões, 1524-1580|||Abílio Augusto da Fonseca Pinto, 1830-1893, Editor literário ; Alfred Bramtot, 1852-1894, Ilustrador ; Paulin Bord, fl. 1890, Ilustrador ; António Alberto Marinho Duarte de Sousa, 1896-1950, Antigo possuidor|||CAM. 28 A.||http://id.bnportugal.gov.pt/bib/catbnp/381444|Livre
381444|https://purl.pt/37883||Livro impresso|Português||Os Lusiadas|||1.ª ed.|Paris ; ; Lisboa : Guillard Aillaud & C editores|1890|1890|317, XLIII p.|Luís de Camões, 1524-1580|||Abílio Augusto da Fonseca Pinto, 1830-1893, Editor literário ; Alfred Bramtot, 1852-1894, Ilustrador ; Paulin Bord, fl. 1890, Ilustrador ; António Alberto Marinho Duarte de Sousa, 1896-1950, Antigo possuidor|||CAM. 28 A.||http://id.bnportugal.gov.pt/bib/catbnp/381444|Livre
381444|https://purl.pt/37883||Livro impresso|Português||Os Lusiadas|||1.ª ed.|Paris ; ; Lisboa : Guillard Aillaud & C editores|1890|1890|317, XLIII p.|Luís de Camões, 1524-1580|||Abílio Augusto da Fonseca Pinto, 1830-1893, Editor literário ; Alfred Bramtot, 1852-1894, Ilustrador ; Paulin Bord, fl. 1890, Ilustrador ; António Alberto Marinho Duarte de Sousa, 1896-1950, Antigo possuidor|||CAM. 28 A.||http://id.bnportugal.gov.pt/bib/catbnp/381444|Livre
381444|https://purl.pt/37883||Livro impresso|Português||Os Lusiadas|||1.ª ed.|Paris ; ; Lisboa : Guillard Aillaud & C editores|1890|1890|317, XLIII p.|Luís de Camões, 1524-1580|||Abílio Augusto da Fonseca Pinto, 1830-1893, Editor literário ; Alfred Bramtot, 1852-1894, Ilustrador ; Paulin Bord, fl. 1890, Ilustrador ; António Alberto Marinho Duarte de Sousa, 1896-1950, Antigo possuidor|||CAM. 28 A.||http://id.bnportugal.gov.pt/bib/catbnp/381444|Livre
381444|https://purl.pt/37883||Livro impresso|Português||Os Lusiadas|||1.ª ed.|Paris ; ; Lisboa : Guillard Aillaud & C editores|1890|1890|317, XLIII p.|Luís de Camões, 1524-1580|||Abílio Augusto da Fonseca Pinto, 1830-1893, Editor literário ; Alfred Bramtot, 1852-1894, Ilustrador ; Paulin Bord, fl. 1890, Ilustrador ; António Alberto Marinho Duarte de Sousa, 1896-1950, Antigo possuidor|||CAM. 28 A.||http://id.bnportugal.gov.pt/bib/catbnp/381444|Livre
381444|https://purl.pt/37883||Livro impresso|Português||Os Lusiadas|||1.ª ed.|Paris ; ; Lisboa : Guillard Aillaud & C editores|1890|1890|317, XLIII p.|Luís de Camões, 1524-1580|||Abílio Augusto da Fonseca Pinto, 1830-1893, Editor literário ; Alfred Bramtot, 1852-1894, Ilustrador ; Paulin Bord, fl. 1890, Ilustrador ; António Alberto Marinho Duarte de Sousa, 1896-1950, Antigo possuidor|||CAM. 28 A.||http://id.bnportugal.gov.pt/bib/catbnp/381444|Livre
381444|https://purl.pt/37883||Livro impresso|Português||Os Lusiadas|||1.ª ed.|Paris ; ; Lisboa : Guillard Aillaud & C editores|1890|1890|317, XLIII p.|Luís de Camões, 1524-1580|||Abílio Augusto da Fonseca Pinto, 1830-1893, Editor literário ; Alfred Bramtot, 1852-1894, Ilustrador ; Paulin Bord, fl. 1890, Ilustrador ; António Alberto Marinho Duarte de Sousa, 1896-1950, Antigo possuidor|||CAM. 28 A.||http://id.bnportugal.gov.pt/bib/catbnp/381444|Livre
381444|https://purl.pt/37883||Livro impresso|Português||Os Lusiadas|||1.ª ed.|Paris ; ; Lisboa : Guillard Aillaud & C editores|1890|1890|317, XLIII p.|Luís de Camões, 1524-1580|||Abílio Augusto da Fonseca Pinto, 1830-1893, Editor literário ; Alfred Bramtot, 1852-1894, Ilustrador ; Paulin Bord, fl. 1890, Ilustrador ; António Alberto Marinho Duarte de Sousa, 1896-1950, Antigo possuidor|||CAM. 28 A.||http://id.bnportugal.gov.pt/bib/catbnp/381444|Livre
381444|https://purl.pt/37883||Livro impresso|Português||Os Lusiadas|||1.ª ed.|Paris ; ; Lisboa : Guillard Aillaud & C editores|1890|1890|317, XLIII p.|Luís de Camões, 1524-1580|||Abílio Augusto da Fonseca Pinto, 1830-1893, Editor literário ; Alfred Bramtot, 1852-1894, Ilustrador ; Paulin Bord, fl. 1890, Ilustrador ; António Alberto Marinho Duarte de Sousa, 1896-1950, Antigo possuidor|||CAM. 28 A.||http://id.bnportugal.gov.pt/bib/catbnp/381444|Livre
381444|https://purl.pt/37883||Livro impresso|Português||Os Lusiadas|||1.ª ed.|Paris ; ; Lisboa : Guillard Aillaud & C editores|1890|1890|317, XLIII p.|Luís de Camões, 1524-1580|||Abílio Augusto da Fonseca Pinto, 1830-1893, Editor literário ; Alfred Bramtot, 1852-1894, Ilustrador ; Paulin Bord, fl. 1890, Ilustrador ; António Alberto Marinho Duarte de Sousa, 1896-1950, Antigo possuidor|||CAM. 28 A.||http://id.bnportugal.gov.pt/bib/catbnp/381444|Livre
381444|https://purl.pt/37883||Livro impresso|Português||Os Lusiadas|||1.ª ed.|Paris ; ; Lisboa : Guillard Aillaud & C editores|1890|1890|317, XLIII p.|Luís de Camões, 1524-1580|||Abílio Augusto da Fonseca Pinto, 1830-1893, Editor literário ; Alfred Bramtot, 1852-1894, Ilustrador ; Paulin Bord, fl. 1890, Ilustrador ; António Alberto Marinho Duarte de Sousa, 1896-1950, Antigo possuidor|||CAM. 28 A.||http://id.bnportugal.gov.pt/bib/catbnp/381444|Livre
381444|https://purl.pt/37883||Livro impresso|Português||Os Lusiadas|||1.ª ed.|Paris ; ; Lisboa : Guillard Aillaud & C editores|1890|1890|317, XLIII p.|Luís de Camões, 1524-1580|||Abílio Augusto da Fonseca Pinto, 1830-1893, Editor literário ; Alfred Bramtot, 1852-1894, Ilustrador ; Paulin Bord, fl. 1890, Ilustrador ; António Alberto Marinho Duarte de Sousa, 1896-1950, Antigo possuidor|||CAM. 28 A.||http://id.bnportugal.gov.pt/bib/catbnp/381444|Livre
381444|https://purl.pt/37883||Livro impresso|Português||Os Lusiadas|||1.ª ed.|Paris ; ; Lisboa : Guillard Aillaud & C editores|1890|1890|317, XLIII p.|Luís de Camões, 1524-1580|||Abílio Augusto da Fonseca Pinto, 1830-1893, Editor literário ; Alfred Bramtot, 1852-1894, Ilustrador ; Paulin Bord, fl. 1890, Ilustrador ; António Alberto Marinho Duarte de Sousa, 1896-1950, Antigo possuidor|||CAM. 28 A.||http://id.bnportugal.gov.pt/bib/catbnp/381444|Livre
381444|https://purl.pt/37883||Livro impresso|Português||Os Lusiadas|||1.ª ed.|Paris ; ; Lisboa : Guillard Aillaud & C editores|1890|1890|317, XLIII p.|Luís de Camões, 1524-1580|||Abílio Augusto da Fonseca Pinto, 1830-1893, Editor literário ; Alfred Bramtot, 1852-1894, Ilustrador ; Paulin Bord, fl. 1890, Ilustrador ; António Alberto Marinho Duarte de Sousa, 1896-1950, Antigo possuidor|||CAM. 28 A.||http://id.bnportugal.gov.pt/bib/catbnp/381444|Livre
381504|https://purl.pt/14655||Livro impresso|Inglês|Português|The Lusiad, or, Portugals historicall poem|written in portingall language||1.ª ed.|London : printed for Humphrey Moseley, at the Princes Arms in St Pauls Church-yard|1655|1655|11, 3 retratos, 224 p.|Luís de Camões, 1524-1580|||Humphrey Moseley, fl. 1630-1661, Impressor ; Richard Fanshawe, 1608-1666, Tipógrafo|||F. 2485|PCulture|http://id.bnportugal.gov.pt/bib/catbnp/381504|Livre
381504|https://purl.pt/14655||Livro impresso|Inglês|Português|The Lusiad, or, Portugals historicall poem|written in portingall language||1.ª ed.|London : printed for Humphrey Moseley, at the Princes Arms in St Pauls Church-yard|1655|1655|11, 3 retratos, 224 p.|Luís de Camões, 1524-1580|||Humphrey Moseley, fl. 1630-1661, Impressor ; Richard Fanshawe, 1608-1666, Tipógrafo|||F. 2485|PCulture|http://id.bnportugal.gov.pt/bib/catbnp/381504|Livre
381504|https://purl.pt/14655||Livro impresso|Inglês|Português|The Lusiad, or, Portugals historicall poem|written in portingall language||1.ª ed.|London : printed for Humphrey Moseley, at the Princes Arms in St Pauls Church-yard|1655|1655|11, 3 retratos, 224 p.|Luís de Camões, 1524-1580|||Humphrey Moseley, fl. 1630-1661, Impressor ; Richard Fanshawe, 1608-1666, Tipógrafo|||F. 2485|PCulture|http://id.bnportugal.gov.pt/bib/catbnp/381504|Livre
381588|https://purl.pt/19853||Livro impresso|Inglês|Português|The Lusiad; or, the discovery of India|an epic poem||The second edition|Oxford : printed by Jackson and Lister|1778|1778|CCXXXVI, 496 p.|Luís de Camões, 1524-1580|||William Julius Mickle, 1734-1788, Tradutor ; Cipriano Ribeiro Freire, 1749-1824, Antigo possuidor||Jackson and Lister. Comissão Nacional para as Comemorações dos Descobrimentos Portugueses, Impressor ; Livraria Esquina. Comissão Nacional para as Comemorações dos Descobrimentos Portugueses, Antigo possuidor ; Portugal. Comissão Nacional para as Comemorações dos Descobrimentos Portugueses, Antigo possuidor|CAM. 38 A.|PCulture|http://id.bnportugal.gov.pt/bib/catbnp/381588|Livre
381588|https://purl.pt/19853||Livro impresso|Inglês|Português|The Lusiad; or, the discovery of India|an epic poem||The second edition|Oxford : printed by Jackson and Lister|1778|1778|CCXXXVI, 496 p.|Luís de Camões, 1524-1580|||William Julius Mickle, 1734-1788, Tradutor ; Cipriano Ribeiro Freire, 1749-1824, Antigo possuidor||Jackson and Lister. Comissão Nacional para as Comemorações dos Descobrimentos Portugueses, Impressor ; Livraria Esquina. Comissão Nacional para as Comemorações dos Descobrimentos Portugueses, Antigo possuidor ; Portugal. Comissão Nacional para as Comemorações dos Descobrimentos Portugueses, Antigo possuidor|CAM. 38 A.|PCulture|http://id.bnportugal.gov.pt/bib/catbnp/381588|Livre
397754|https://purl.pt/44665||Livro impresso|Português||Episodio de D. Ignez de Castro|excerpto do terceiro canto dos Lusiadas de Luiz de Camöes, 1572||1.ª ed.|Lisboa : s.n.|1887|1887|8 p., 5 f.|Luís de Camões, 1524-1580|||Joaquim Eusébio dos Santos, ca 18--, Comentador de texto escrito|||CAM. 284//7 V.|CAM500|http://id.bnportugal.gov.pt/bib/catbnp/397754|Livre
452326|https://purl.pt/39041||Livro impresso|Francês||Vie de Camoens|le poéte des "Lusiades" et le Portugal de son temps||1.ª ed.|Tours : s.n.|1935|1935|X, 192 p.; 3 p.|Virgínia de Castro e Almeida, 1874-1945|||Pierre de Lamet, Autor da introdução, etc.|||CAM. 344 V.|EODOPEN|http://id.bnportugal.gov.pt/bib/catbnp/452326|Livre
452326|https://purl.pt/39041||Livro impresso|Francês||Vie de Camoens|le poéte des "Lusiades" et le Portugal de son temps||1.ª ed.|Tours : s.n.|1935|1935|X, 192 p.; 3 p.|Virgínia de Castro e Almeida, 1874-1945|||Pierre de Lamet, Autor da introdução, etc.|||CAM. 344 V.|EODOPEN|http://id.bnportugal.gov.pt/bib/catbnp/452326|Livre
452326|https://purl.pt/39041||Livro impresso|Francês||Vie de Camoens|le poéte des "Lusiades" et le Portugal de son temps||1.ª ed.|Tours : s.n.|1935|1935|X, 192 p.; 3 p.|Virgínia de Castro e Almeida, 1874-1945|||Pierre de Lamet, Autor da introdução, etc.|||CAM. 344 V.|EODOPEN|http://id.bnportugal.gov.pt/bib/catbnp/452326|Livre
452326|https://purl.pt/39041||Livro impresso|Francês||Vie de Camoens|le poéte des "Lusiades" et le Portugal de son temps||1.ª ed.|Tours : s.n.|1935|1935|X, 192 p.; 3 p.|Virgínia de Castro e Almeida, 1874-1945|||Pierre de Lamet, Autor da introdução, etc.|||CAM. 344 V.|EODOPEN|http://id.bnportugal.gov.pt/bib/catbnp/452326|Livre
452510|https://purl.pt/25641||Livro impresso|Português||As traduções italianas dos "Lusiadas"|||1.ª ed.|Livorno : Tip. Raffaello Giusti|1897|1897|7 p.|Joaquim de Araújo, 1858-1917||||||CAM. 349//8 V.||http://id.bnportugal.gov.pt/bib/catbnp/452510|Livre
452510|https://purl.pt/25641||Livro impresso|Português||As traduções italianas dos "Lusiadas"|||1.ª ed.|Livorno : Tip. Raffaello Giusti|1897|1897|7 p.|Joaquim de Araújo, 1858-1917||||||CAM. 349//8 V.||http://id.bnportugal.gov.pt/bib/catbnp/452510|Livre
464971|https://purl.pt/44696||Livro impresso|Português||Lusiadas de Luis de Camões. Canto terceiro|||1.ª ed.|Lisboa : s.n.|1879|1879|5 f.|Luís de Camões, 1524-1580||||||CAM. 616 V.|CAM500|http://id.bnportugal.gov.pt/bib/catbnp/464971|Livre
465618|https://purl.pt/43948||Livro impresso|Português||A velhice de Camoes|||1.ª ed.|Lisboa : Typ. Lisbonense d'Aguiar Vianna|1860|1860|2 tomos em 1 v.|Guillaume Joseph Gabriel de La Landelle, 1812-1886|||João Trigueiros, 1824-1895, Tradutor|||CAM. 678 V.|CAM500|http://id.bnportugal.gov.pt/bib/catbnp/465618|Livre
465618|https://purl.pt/43948||Livro impresso|Português||A velhice de Camoes|||1.ª ed.|Lisboa : Typ. Lisbonense d'Aguiar Vianna|1860|1860|2 tomos em 1 v.|Guillaume Joseph Gabriel de La Landelle, 1812-1886|||João Trigueiros, 1824-1895, Tradutor|||CAM. 678 V.|CAM500|http://id.bnportugal.gov.pt/bib/catbnp/465618|Livre
465618|https://purl.pt/43948||Livro impresso|Português||A velhice de Camoes|||1.ª ed.|Lisboa : Typ. Lisbonense d'Aguiar Vianna|1860|1860|2 tomos em 1 v.|Guillaume Joseph Gabriel de La Landelle, 1812-1886|||João Trigueiros, 1824-1895, Tradutor|||CAM. 678 V.|CAM500|http://id.bnportugal.gov.pt/bib/catbnp/465618|Livre
465618|https://purl.pt/43948||Livro impresso|Português||A velhice de Camoes|||1.ª ed.|Lisboa : Typ. Lisbonense d'Aguiar Vianna|1860|1860|2 tomos em 1 v.|Guillaume Joseph Gabriel de La Landelle, 1812-1886|||João Trigueiros, 1824-1895, Tradutor|||CAM. 678 V.|CAM500|http://id.bnportugal.gov.pt/bib/catbnp/465618|Livre
465618|https://purl.pt/43948||Livro impresso|Português||A velhice de Camoes|||1.ª ed.|Lisboa : Typ. Lisbonense d'Aguiar Vianna|1860|1860|2 tomos em 1 v.|Guillaume Joseph Gabriel de La Landelle, 1812-1886|||João Trigueiros, 1824-1895, Tradutor|||CAM. 678 V.|CAM500|http://id.bnportugal.gov.pt/bib/catbnp/465618|Livre
465618|https://purl.pt/43948||Livro impresso|Português||A velhice de Camoes|||1.ª ed.|Lisboa : Typ. Lisbonense d'Aguiar Vianna|1860|1860|2 tomos em 1 v.|Guillaume Joseph Gabriel de La Landelle, 1812-1886|||João Trigueiros, 1824-1895, Tradutor|||CAM. 678 V.|CAM500|http://id.bnportugal.gov.pt/bib/catbnp/465618|Livre
478277|https://purl.pt/16331||Periódico|Português||Portugal a Camões|publicação extraordinaria do jornal de viagens commemorando o tricentenario do cantor dos Lusiadas||1.ª ed.|Porto : Impr. Int. de Ferreira de Brito & A. Monteiro|1880|1880|||||Benigno Joaquim Martinez, fl. 1886, Director ; Emidio de Oliveira, 1853-?, Director|||J. 1662//17 V.||http://id.bnportugal.gov.pt/bib/catbnp/478277|Livre
478277|https://purl.pt/16331||Periódico|Português||Portugal a Camões|publicação extraordinaria do jornal de viagens commemorando o tricentenario do cantor dos Lusiadas||1.ª ed.|Porto : Impr. Int. de Ferreira de Brito & A. Monteiro|1880|1880|||||Benigno Joaquim Martinez, fl. 1886, Director ; Emidio de Oliveira, 1853-?, Director|||J. 1662//17 V.||http://id.bnportugal.gov.pt/bib/catbnp/478277|Livre
478277|https://purl.pt/16331||Periódico|Português||Portugal a Camões|publicação extraordinaria do jornal de viagens commemorando o tricentenario do cantor dos Lusiadas||1.ª ed.|Porto : Impr. Int. de Ferreira de Brito & A. Monteiro|1880|1880|||||Benigno Joaquim Martinez, fl. 1886, Director ; Emidio de Oliveira, 1853-?, Director|||J. 1662//17 V.||http://id.bnportugal.gov.pt/bib/catbnp/478277|Livre
478277|https://purl.pt/16331||Periódico|Português||Portugal a Camões|publicação extraordinaria do jornal de viagens commemorando o tricentenario do cantor dos Lusiadas||1.ª ed.|Porto : Impr. Int. de Ferreira de Brito & A. Monteiro|1880|1880|||||Benigno Joaquim Martinez, fl. 1886, Director ; Emidio de Oliveira, 1853-?, Director|||J. 1662//17 V.||http://id.bnportugal.gov.pt/bib/catbnp/478277|Livre
478277|https://purl.pt/16331||Periódico|Português||Portugal a Camões|publicação extraordinaria do jornal de viagens commemorando o tricentenario do cantor dos Lusiadas||1.ª ed.|Porto : Impr. Int. de Ferreira de Brito & A. Monteiro|1880|1880|||||Benigno Joaquim Martinez, fl. 1886, Director ; Emidio de Oliveira, 1853-?, Director|||J. 1662//17 V.||http://id.bnportugal.gov.pt/bib/catbnp/478277|Livre
478277|https://purl.pt/16331||Periódico|Português||Portugal a Camões|publicação extraordinaria do jornal de viagens commemorando o tricentenario do cantor dos Lusiadas||1.ª ed.|Porto : Impr. Int. de Ferreira de Brito & A. Monteiro|1880|1880|||||Benigno Joaquim Martinez, fl. 1886, Director ; Emidio de Oliveira, 1853-?, Director|||J. 1662//17 V.||http://id.bnportugal.gov.pt/bib/catbnp/478277|Livre
709123|https://purl.pt/6946||Iconografia|Português||A nympha Thetis recebe Vasco da Gama na ilha dos amores|Desta arte em fim conformes já as formosas... Lusiadas, canto IX, est. 84||1.ª ed.|Lisboa : João Romano Torres|1890|1890|1 imagem||||Luís de Camões, 1524-1580, Autor em citações ou excertos de textos ; José Pires Marinho, 1857-1929?, Técnico gráfico ; João Romano Torres, 1855-1935, Editor comercial|||PURL 6946/0||http://id.bnportugal.gov.pt/bib/catbnp/709123|Livre
766189|https://purl.pt/14100||Livro impresso|Português||Os Lusiadas|||1.ª ed.|Em Lisboa : por Paulo Crasbeeck, Impressor & Liureiro das tres Ordens Militares, & a sua custa|1644|1644|2, 204 i. é 211 f.|Luís de Camões, 1524-1580|||João Rodrigues de Sá e Meneses, 1619-1658, Personalidade a quem é dedicada a obra ; João Franco Barreto, 1600-post. 1674, Editor literário ; Paulo Craesbeeck, 1605-1664, Autor da dedicatória ; Paulo Craesbeeck, 1605-1664, Impressor ; Tomás Norton, 1804-1860, Antigo possuidor|||CAM. 42//1 P.|PATRIMONIA2|http://id.bnportugal.gov.pt/bib/catbnp/766189|Livre
782735|https://purl.pt/44728||Livro impresso|Português||Luís de Camões levantando o seu monumento ou a história de Portugal justificada pelos Lusiadas|||1.ª ed.|Rio de Janeiro : Eduardo & Henrique Laemmert|1860|1860|IV, 93, 2 p.|Melo de Morais||||||CAM. 697 P.|CAM500|http://id.bnportugal.gov.pt/bib/catbnp/782735|Livre
782740|https://purl.pt/44737||Livro impresso|Português||Os Lusiadas|poema épico||Nova ed. popular conforme às ed. clássicas de 1572|Lisboa : Tip. de F. X. de Sousa & Filho|1871|1871|XXIII, 395 p.|Luís de Camões, 1524-1580||||||CAM. 704 P.|CAM500|http://id.bnportugal.gov.pt/bib/catbnp/782740|Livre
782742|https://purl.pt/44738||Livro impresso|Português||Os Lusiadas|poema épico||Nova ed. cuidadosamente revista, e conforme à de 1572|Lisboa : Livr. de António Maria Pereira|1874|1874|XVIII, 457 p.|Luís de Camões, 1524-1580||||||CAM. 705 P.|CAM500|http://id.bnportugal.gov.pt/bib/catbnp/782742|Livre
782743|https://purl.pt/44788||Livro impresso|Português||Os Lusiadas|poema épico||Nova ed|Porto : Lelo & Irmão|1897|1897|XII, 471 p.|Luís de Camões, 1524-1580||||||CAM. 708 P.|CAM500|http://id.bnportugal.gov.pt/bib/catbnp/782743|Livre
783484|https://purl.pt/44793||Livro impresso|Inglês|Português|Poems from the portuguese|||4th ed|London : J. Carpenter|1805|1805|6, 160 p.|Luís de Camões, 1524-1580||| Strangford, 1780-1855, Comentador de texto escrito|||CAM. 719 P.|CAM500|http://id.bnportugal.gov.pt/bib/catbnp/783484|Livre
783488|https://purl.pt/44792||Livro impresso|Inglês|Português|Poems, from the portuguese|||The third edition|London : J. Carpenter|1804|1804|4, 160 p.|Luís de Camões, 1524-1580||| Strangford, 1780-1855, Comentador de texto escrito|||CAM. 720 P.|CAM500|http://id.bnportugal.gov.pt/bib/catbnp/783488|Livre
784526|https://purl.pt/44804||Livro impresso|Inglês|Português|Poems from the portuguese|||5th ed|London : J. Carpenter|1808|1808|158 p.|Luís de Camões, 1524-1580||| Strangford, 1780-1855, Comentador de texto escrito|||CAM. 723 P.|CAM500|http://id.bnportugal.gov.pt/bib/catbnp/784526|Livre
784628|https://purl.pt/44796||Livro impresso|Alemão|Português|Die Lusiaden|||1.ª ed.|Stuttgart : Gebrüder Kröner|1800|1800|260 p.|Luís de Camões, 1524-1580|||Friedrich Adolph Kuhn, 1774-1844, Tradutor ; K. Th. Winkler, Tradutor|||CAM. 728 P.|CAM500|http://id.bnportugal.gov.pt/bib/catbnp/784628|Livre
788999|https://purl.pt/43959||Livro impresso|Português||A epopeia nacional|segundo os textos das edições de 1572, de 1834 de Hamburgo e a de Leipzig de 1880||1.ª ed.|Lisboa : edição da Tipographia Gonçalves|1916|1916|XV, 1 br., 332, 2 p., 12 extratextos|Luís de Camões, 1524-1580|||José Gomes Monteiro, 1807-1879, Compilador ; Eduardo Metzner, 1889-1922, Autor da introdução, etc.|||CAM. 847 P.|CAM500|http://id.bnportugal.gov.pt/bib/catbnp/788999|Livre
788999|https://purl.pt/43959||Livro impresso|Português||A epopeia nacional|segundo os textos das edições de 1572, de 1834 de Hamburgo e a de Leipzig de 1880||1.ª ed.|Lisboa : edição da Tipographia Gonçalves|1916|1916|XV, 1 br., 332, 2 p., 12 extratextos|Luís de Camões, 1524-1580|||José Gomes Monteiro, 1807-1879, Compilador ; Eduardo Metzner, 1889-1922, Autor da introdução, etc.|||CAM. 847 P.|CAM500|http://id.bnportugal.gov.pt/bib/catbnp/788999|Livre
788999|https://purl.pt/43959||Livro impresso|Português||A epopeia nacional|segundo os textos das edições de 1572, de 1834 de Hamburgo e a de Leipzig de 1880||1.ª ed.|Lisboa : edição da Tipographia Gonçalves|1916|1916|XV, 1 br., 332, 2 p., 12 extratextos|Luís de Camões, 1524-1580|||José Gomes Monteiro, 1807-1879, Compilador ; Eduardo Metzner, 1889-1922, Autor da introdução, etc.|||CAM. 847 P.|CAM500|http://id.bnportugal.gov.pt/bib/catbnp/788999|Livre
788999|https://purl.pt/43959||Livro impresso|Português||A epopeia nacional|segundo os textos das edições de 1572, de 1834 de Hamburgo e a de Leipzig de 1880||1.ª ed.|Lisboa : edição da Tipographia Gonçalves|1916|1916|XV, 1 br., 332, 2 p., 12 extratextos|Luís de Camões, 1524-1580|||José Gomes Monteiro, 1807-1879, Compilador ; Eduardo Metzner, 1889-1922, Autor da introdução, etc.|||CAM. 847 P.|CAM500|http://id.bnportugal.gov.pt/bib/catbnp/788999|Livre
788999|https://purl.pt/43959||Livro impresso|Português||A epopeia nacional|segundo os textos das edições de 1572, de 1834 de Hamburgo e a de Leipzig de 1880||1.ª ed.|Lisboa : edição da Tipographia Gonçalves|1916|1916|XV, 1 br., 332, 2 p., 12 extratextos|Luís de Camões, 1524-1580|||José Gomes Monteiro, 1807-1879, Compilador ; Eduardo Metzner, 1889-1922, Autor da introdução, etc.|||CAM. 847 P.|CAM500|http://id.bnportugal.gov.pt/bib/catbnp/788999|Livre
788999|https://purl.pt/43959||Livro impresso|Português||A epopeia nacional|segundo os textos das edições de 1572, de 1834 de Hamburgo e a de Leipzig de 1880||1.ª ed.|Lisboa : edição da Tipographia Gonçalves|1916|1916|XV, 1 br., 332, 2 p., 12 extratextos|Luís de Camões, 1524-1580|||José Gomes Monteiro, 1807-1879, Compilador ; Eduardo Metzner, 1889-1922, Autor da introdução, etc.|||CAM. 847 P.|CAM500|http://id.bnportugal.gov.pt/bib/catbnp/788999|Livre
788999|https://purl.pt/43959||Livro impresso|Português||A epopeia nacional|segundo os textos das edições de 1572, de 1834 de Hamburgo e a de Leipzig de 1880||1.ª ed.|Lisboa : edição da Tipographia Gonçalves|1916|1916|XV, 1 br., 332, 2 p., 12 extratextos|Luís de Camões, 1524-1580|||José Gomes Monteiro, 1807-1879, Compilador ; Eduardo Metzner, 1889-1922, Autor da introdução, etc.|||CAM. 847 P.|CAM500|http://id.bnportugal.gov.pt/bib/catbnp/788999|Livre
788999|https://purl.pt/43959||Livro impresso|Português||A epopeia nacional|segundo os textos das edições de 1572, de 1834 de Hamburgo e a de Leipzig de 1880||1.ª ed.|Lisboa : edição da Tipographia Gonçalves|1916|1916|XV, 1 br., 332, 2 p., 12 extratextos|Luís de Camões, 1524-1580|||José Gomes Monteiro, 1807-1879, Compilador ; Eduardo Metzner, 1889-1922, Autor da introdução, etc.|||CAM. 847 P.|CAM500|http://id.bnportugal.gov.pt/bib/catbnp/788999|Livre
788999|https://purl.pt/43959||Livro impresso|Português||A epopeia nacional|segundo os textos das edições de 1572, de 1834 de Hamburgo e a de Leipzig de 1880||1.ª ed.|Lisboa : edição da Tipographia Gonçalves|1916|1916|XV, 1 br., 332, 2 p., 12 extratextos|Luís de Camões, 1524-1580|||José Gomes Monteiro, 1807-1879, Compilador ; Eduardo Metzner, 1889-1922, Autor da introdução, etc.|||CAM. 847 P.|CAM500|http://id.bnportugal.gov.pt/bib/catbnp/788999|Livre
788999|https://purl.pt/43959||Livro impresso|Português||A epopeia nacional|segundo os textos das edições de 1572, de 1834 de Hamburgo e a de Leipzig de 1880||1.ª ed.|Lisboa : edição da Tipographia Gonçalves|1916|1916|XV, 1 br., 332, 2 p., 12 extratextos|Luís de Camões, 1524-1580|||José Gomes Monteiro, 1807-1879, Compilador ; Eduardo Metzner, 1889-1922, Autor da introdução, etc.|||CAM. 847 P.|CAM500|http://id.bnportugal.gov.pt/bib/catbnp/788999|Livre
788999|https://purl.pt/43959||Livro impresso|Português||A epopeia nacional|segundo os textos das edições de 1572, de 1834 de Hamburgo e a de Leipzig de 1880||1.ª ed.|Lisboa : edição da Tipographia Gonçalves|1916|1916|XV, 1 br., 332, 2 p., 12 extratextos|Luís de Camões, 1524-1580|||José Gomes Monteiro, 1807-1879, Compilador ; Eduardo Metzner, 1889-1922, Autor da introdução, etc.|||CAM. 847 P.|CAM500|http://id.bnportugal.gov.pt/bib/catbnp/788999|Livre
788999|https://purl.pt/43959||Livro impresso|Português||A epopeia nacional|segundo os textos das edições de 1572, de 1834 de Hamburgo e a de Leipzig de 1880||1.ª ed.|Lisboa : edição da Tipographia Gonçalves|1916|1916|XV, 1 br., 332, 2 p., 12 extratextos|Luís de Camões, 1524-1580|||José Gomes Monteiro, 1807-1879, Compilador ; Eduardo Metzner, 1889-1922, Autor da introdução, etc.|||CAM. 847 P.|CAM500|http://id.bnportugal.gov.pt/bib/catbnp/788999|Livre
788999|https://purl.pt/43959||Livro impresso|Português||A epopeia nacional|segundo os textos das edições de 1572, de 1834 de Hamburgo e a de Leipzig de 1880||1.ª ed.|Lisboa : edição da Tipographia Gonçalves|1916|1916|XV, 1 br., 332, 2 p., 12 extratextos|Luís de Camões, 1524-1580|||José Gomes Monteiro, 1807-1879, Compilador ; Eduardo Metzner, 1889-1922, Autor da introdução, etc.|||CAM. 847 P.|CAM500|http://id.bnportugal.gov.pt/bib/catbnp/788999|Livre
788999|https://purl.pt/43959||Livro impresso|Português||A epopeia nacional|segundo os textos das edições de 1572, de 1834 de Hamburgo e a de Leipzig de 1880||1.ª ed.|Lisboa : edição da Tipographia Gonçalves|1916|1916|XV, 1 br., 332, 2 p., 12 extratextos|Luís de Camões, 1524-1580|||José Gomes Monteiro, 1807-1879, Compilador ; Eduardo Metzner, 1889-1922, Autor da introdução, etc.|||CAM. 847 P.|CAM500|http://id.bnportugal.gov.pt/bib/catbnp/788999|Livre
788999|https://purl.pt/43959||Livro impresso|Português||A epopeia nacional|segundo os textos das edições de 1572, de 1834 de Hamburgo e a de Leipzig de 1880||1.ª ed.|Lisboa : edição da Tipographia Gonçalves|1916|1916|XV, 1 br., 332, 2 p., 12 extratextos|Luís de Camões, 1524-1580|||José Gomes Monteiro, 1807-1879, Compilador ; Eduardo Metzner, 1889-1922, Autor da introdução, etc.|||CAM. 847 P.|CAM500|http://id.bnportugal.gov.pt/bib/catbnp/788999|Livre
788999|https://purl.pt/43959||Livro impresso|Português||A epopeia nacional|segundo os textos das edições de 1572, de 1834 de Hamburgo e a de Leipzig de 1880||1.ª ed.|Lisboa : edição da Tipographia Gonçalves|1916|1916|XV, 1 br., 332, 2 p., 12 extratextos|Luís de Camões, 1524-1580|||José Gomes Monteiro, 1807-1879, Compilador ; Eduardo Metzner, 1889-1922, Autor da introdução, etc.|||CAM. 847 P.|CAM500|http://id.bnportugal.gov.pt/bib/catbnp/788999|Livre
788999|https://purl.pt/43959||Livro impresso|Português||A epopeia nacional|segundo os textos das edições de 1572, de 1834 de Hamburgo e a de Leipzig de 1880||1.ª ed.|Lisboa : edição da Tipographia Gonçalves|1916|1916|XV, 1 br., 332, 2 p., 12 extratextos|Luís de Camões, 1524-1580|||José Gomes Monteiro, 1807-1879, Compilador ; Eduardo Metzner, 1889-1922, Autor da introdução, etc.|||CAM. 847 P.|CAM500|http://id.bnportugal.gov.pt/bib/catbnp/788999|Livre
788999|https://purl.pt/43959||Livro impresso|Português||A epopeia nacional|segundo os textos das edições de 1572, de 1834 de Hamburgo e a de Leipzig de 1880||1.ª ed.|Lisboa : edição da Tipographia Gonçalves|1916|1916|XV, 1 br., 332, 2 p., 12 extratextos|Luís de Camões, 1524-1580|||José Gomes Monteiro, 1807-1879, Compilador ; Eduardo Metzner, 1889-1922, Autor da introdução, etc.|||CAM. 847 P.|CAM500|http://id.bnportugal.gov.pt/bib/catbnp/788999|Livre
788999|https://purl.pt/43959||Livro impresso|Português||A epopeia nacional|segundo os textos das edições de 1572, de 1834 de Hamburgo e a de Leipzig de 1880||1.ª ed.|Lisboa : edição da Tipographia Gonçalves|1916|1916|XV, 1 br., 332, 2 p., 12 extratextos|Luís de Camões, 1524-1580|||José Gomes Monteiro, 1807-1879, Compilador ; Eduardo Metzner, 1889-1922, Autor da introdução, etc.|||CAM. 847 P.|CAM500|http://id.bnportugal.gov.pt/bib/catbnp/788999|Livre
788999|https://purl.pt/43959||Livro impresso|Português||A epopeia nacional|segundo os textos das edições de 1572, de 1834 de Hamburgo e a de Leipzig de 1880||1.ª ed.|Lisboa : edição da Tipographia Gonçalves|1916|1916|XV, 1 br., 332, 2 p., 12 extratextos|Luís de Camões, 1524-1580|||José Gomes Monteiro, 1807-1879, Compilador ; Eduardo Metzner, 1889-1922, Autor da introdução, etc.|||CAM. 847 P.|CAM500|http://id.bnportugal.gov.pt/bib/catbnp/788999|Livre
788999|https://purl.pt/43959||Livro impresso|Português||A epopeia nacional|segundo os textos das edições de 1572, de 1834 de Hamburgo e a de Leipzig de 1880||1.ª ed.|Lisboa : edição da Tipographia Gonçalves|1916|1916|XV, 1 br., 332, 2 p., 12 extratextos|Luís de Camões, 1524-1580|||José Gomes Monteiro, 1807-1879, Compilador ; Eduardo Metzner, 1889-1922, Autor da introdução, etc.|||CAM. 847 P.|CAM500|http://id.bnportugal.gov.pt/bib/catbnp/788999|Livre
788999|https://purl.pt/43959||Livro impresso|Português||A epopeia nacional|segundo os textos das edições de 1572, de 1834 de Hamburgo e a de Leipzig de 1880||1.ª ed.|Lisboa : edição da Tipographia Gonçalves|1916|1916|XV, 1 br., 332, 2 p., 12 extratextos|Luís de Camões, 1524-1580|||José Gomes Monteiro, 1807-1879, Compilador ; Eduardo Metzner, 1889-1922, Autor da introdução, etc.|||CAM. 847 P.|CAM500|http://id.bnportugal.gov.pt/bib/catbnp/788999|Livre
788999|https://purl.pt/43959||Livro impresso|Português||A epopeia nacional|segundo os textos das edições de 1572, de 1834 de Hamburgo e a de Leipzig de 1880||1.ª ed.|Lisboa : edição da Tipographia Gonçalves|1916|1916|XV, 1 br., 332, 2 p., 12 extratextos|Luís de Camões, 1524-1580|||José Gomes Monteiro, 1807-1879, Compilador ; Eduardo Metzner, 1889-1922, Autor da introdução, etc.|||CAM. 847 P.|CAM500|http://id.bnportugal.gov.pt/bib/catbnp/788999|Livre
788999|https://purl.pt/43959||Livro impresso|Português||A epopeia nacional|segundo os textos das edições de 1572, de 1834 de Hamburgo e a de Leipzig de 1880||1.ª ed.|Lisboa : edição da Tipographia Gonçalves|1916|1916|XV, 1 br., 332, 2 p., 12 extratextos|Luís de Camões, 1524-1580|||José Gomes Monteiro, 1807-1879, Compilador ; Eduardo Metzner, 1889-1922, Autor da introdução, etc.|||CAM. 847 P.|CAM500|http://id.bnportugal.gov.pt/bib/catbnp/788999|Livre
788999|https://purl.pt/43959||Livro impresso|Português||A epopeia nacional|segundo os textos das edições de 1572, de 1834 de Hamburgo e a de Leipzig de 1880||1.ª ed.|Lisboa : edição da Tipographia Gonçalves|1916|1916|XV, 1 br., 332, 2 p., 12 extratextos|Luís de Camões, 1524-1580|||José Gomes Monteiro, 1807-1879, Compilador ; Eduardo Metzner, 1889-1922, Autor da introdução, etc.|||CAM. 847 P.|CAM500|http://id.bnportugal.gov.pt/bib/catbnp/788999|Livre
788999|https://purl.pt/43959||Livro impresso|Português||A epopeia nacional|segundo os textos das edições de 1572, de 1834 de Hamburgo e a de Leipzig de 1880||1.ª ed.|Lisboa : edição da Tipographia Gonçalves|1916|1916|XV, 1 br., 332, 2 p., 12 extratextos|Luís de Camões, 1524-1580|||José Gomes Monteiro, 1807-1879, Compilador ; Eduardo Metzner, 1889-1922, Autor da introdução, etc.|||CAM. 847 P.|CAM500|http://id.bnportugal.gov.pt/bib/catbnp/788999|Livre
796045|https://purl.pt/44818||Livro impresso|Português||Os Lusiadas|||1.ª ed.|Lisboa : Livr. Barateira|1800|1800|95, 1 p.|Luís de Camões, 1524-1580||||||CAM. 943 P.|CAM500|http://id.bnportugal.gov.pt/bib/catbnp/796045|Livre
796045|https://purl.pt/44818||Livro impresso|Português||Os Lusiadas|||1.ª ed.|Lisboa : Livr. Barateira|1800|1800|95, 1 p.|Luís de Camões, 1524-1580||||||CAM. 943 P.|CAM500|http://id.bnportugal.gov.pt/bib/catbnp/796045|Livre
798858|https://purl.pt/44832||Livro impresso|Português||Os Lusiadas|poema epico||Nova ed. cuidadosamente revista e conforme às de 1572, precedida duma biografia do poeta|Lisboa : Antonio Maria Pereira|1898|1898|XVIII, 457 p.|Luís de Camões, 1524-1580|||Inocêncio Francisco da Silva, 1810-1876, Autor da introdução, etc.|||CAM. 960 P.|CAM500|http://id.bnportugal.gov.pt/bib/catbnp/798858|Livre
798866|https://purl.pt/44938||Livro impresso|Inglês|Português|The first -second canto of The Lusiad|||1.ª ed.|Rio de Janeiro : Camoens Printing Office|1883|1883|77, 79 p.|Luís de Camões, 1524-1580||Henry Longfellow, 1807-1882|James E. Hewitt, Tradutor|||CAM. 980 P.|CAM500|http://id.bnportugal.gov.pt/bib/catbnp/798866|Livre
993818|https://purl.pt/7452||Iconografia|Francês||Camões et les Lusiades|quatrième centenaire des Lusiades 1572 - hommage à Camões||1.ª ed.|Bruxelles : M.E.N.|1972|1972|1 cartaz||Bélgica. Ministère de lªEducation Nationale||Fernand Baudin, Técnico gráfico|||CT. 389 A.||http://id.bnportugal.gov.pt/bib/catbnp/993818|Interno
1001679|https://purl.pt/8384||Iconografia|Português||Comemorações Camonianas|visita guiada ao Mosteiro dos Jerónimos||1.ª ed.|Lisboa : Sec. Est. Comunicação Social|1977|1977|1 cartaz|||||||CT. 1398 A.||http://id.bnportugal.gov.pt/bib/catbnp/1001679|Interno
1366577|https://purl.pt/14465||Livro impresso|Francês|Português|Les lusiades de Luiz de Camoens|||1.ª ed.|Paris : imprimerie F. Paillart : en la rue de Beaune, à lenseigne du Pot Cassé|1931|1931|258, 4 p.|Luís de Camões, 1524-1580|||Jean Baptiste Joseph Millié, 1772-1826, Tradutor ; Bernard Roy, Ilustrador|||CAM. 1529 P.||http://id.bnportugal.gov.pt/bib/catbnp/1366577|Livre
1366577|https://purl.pt/14465||Livro impresso|Francês|Português|Les lusiades de Luiz de Camoens|||1.ª ed.|Paris : imprimerie F. Paillart : en la rue de Beaune, à lenseigne du Pot Cassé|1931|1931|258, 4 p.|Luís de Camões, 1524-1580|||Jean Baptiste Joseph Millié, 1772-1826, Tradutor ; Bernard Roy, Ilustrador|||CAM. 1529 P.||http://id.bnportugal.gov.pt/bib/catbnp/1366577|Livre
1366577|https://purl.pt/14465||Livro impresso|Francês|Português|Les lusiades de Luiz de Camoens|||1.ª ed.|Paris : imprimerie F. Paillart : en la rue de Beaune, à lenseigne du Pot Cassé|1931|1931|258, 4 p.|Luís de Camões, 1524-1580|||Jean Baptiste Joseph Millié, 1772-1826, Tradutor ; Bernard Roy, Ilustrador|||CAM. 1529 P.||http://id.bnportugal.gov.pt/bib/catbnp/1366577|Livre
1366577|https://purl.pt/14465||Livro impresso|Francês|Português|Les lusiades de Luiz de Camoens|||1.ª ed.|Paris : imprimerie F. Paillart : en la rue de Beaune, à lenseigne du Pot Cassé|1931|1931|258, 4 p.|Luís de Camões, 1524-1580|||Jean Baptiste Joseph Millié, 1772-1826, Tradutor ; Bernard Roy, Ilustrador|||CAM. 1529 P.||http://id.bnportugal.gov.pt/bib/catbnp/1366577|Livre
1366577|https://purl.pt/14465||Livro impresso|Francês|Português|Les lusiades de Luiz de Camoens|||1.ª ed.|Paris : imprimerie F. Paillart : en la rue de Beaune, à lenseigne du Pot Cassé|1931|1931|258, 4 p.|Luís de Camões, 1524-1580|||Jean Baptiste Joseph Millié, 1772-1826, Tradutor ; Bernard Roy, Ilustrador|||CAM. 1529 P.||http://id.bnportugal.gov.pt/bib/catbnp/1366577|Livre
1366577|https://purl.pt/14465||Livro impresso|Francês|Português|Les lusiades de Luiz de Camoens|||1.ª ed.|Paris : imprimerie F. Paillart : en la rue de Beaune, à lenseigne du Pot Cassé|1931|1931|258, 4 p.|Luís de Camões, 1524-1580|||Jean Baptiste Joseph Millié, 1772-1826, Tradutor ; Bernard Roy, Ilustrador|||CAM. 1529 P.||http://id.bnportugal.gov.pt/bib/catbnp/1366577|Livre
1366577|https://purl.pt/14465||Livro impresso|Francês|Português|Les lusiades de Luiz de Camoens|||1.ª ed.|Paris : imprimerie F. Paillart : en la rue de Beaune, à lenseigne du Pot Cassé|1931|1931|258, 4 p.|Luís de Camões, 1524-1580|||Jean Baptiste Joseph Millié, 1772-1826, Tradutor ; Bernard Roy, Ilustrador|||CAM. 1529 P.||http://id.bnportugal.gov.pt/bib/catbnp/1366577|Livre
1366577|https://purl.pt/14465||Livro impresso|Francês|Português|Les lusiades de Luiz de Camoens|||1.ª ed.|Paris : imprimerie F. Paillart : en la rue de Beaune, à lenseigne du Pot Cassé|1931|1931|258, 4 p.|Luís de Camões, 1524-1580|||Jean Baptiste Joseph Millié, 1772-1826, Tradutor ; Bernard Roy, Ilustrador|||CAM. 1529 P.||http://id.bnportugal.gov.pt/bib/catbnp/1366577|Livre
1366577|https://purl.pt/14465||Livro impresso|Francês|Português|Les lusiades de Luiz de Camoens|||1.ª ed.|Paris : imprimerie F. Paillart : en la rue de Beaune, à lenseigne du Pot Cassé|1931|1931|258, 4 p.|Luís de Camões, 1524-1580|||Jean Baptiste Joseph Millié, 1772-1826, Tradutor ; Bernard Roy, Ilustrador|||CAM. 1529 P.||http://id.bnportugal.gov.pt/bib/catbnp/1366577|Livre
1366577|https://purl.pt/14465||Livro impresso|Francês|Português|Les lusiades de Luiz de Camoens|||1.ª ed.|Paris : imprimerie F. Paillart : en la rue de Beaune, à lenseigne du Pot Cassé|1931|1931|258, 4 p.|Luís de Camões, 1524-1580|||Jean Baptiste Joseph Millié, 1772-1826, Tradutor ; Bernard Roy, Ilustrador|||CAM. 1529 P.||http://id.bnportugal.gov.pt/bib/catbnp/1366577|Livre
1366577|https://purl.pt/14465||Livro impresso|Francês|Português|Les lusiades de Luiz de Camoens|||1.ª ed.|Paris : imprimerie F. Paillart : en la rue de Beaune, à lenseigne du Pot Cassé|1931|1931|258, 4 p.|Luís de Camões, 1524-1580|||Jean Baptiste Joseph Millié, 1772-1826, Tradutor ; Bernard Roy, Ilustrador|||CAM. 1529 P.||http://id.bnportugal.gov.pt/bib/catbnp/1366577|Livre
1366577|https://purl.pt/14465||Livro impresso|Francês|Português|Les lusiades de Luiz de Camoens|||1.ª ed.|Paris : imprimerie F. Paillart : en la rue de Beaune, à lenseigne du Pot Cassé|1931|1931|258, 4 p.|Luís de Camões, 1524-1580|||Jean Baptiste Joseph Millié, 1772-1826, Tradutor ; Bernard Roy, Ilustrador|||CAM. 1529 P.||http://id.bnportugal.gov.pt/bib/catbnp/1366577|Livre
1366577|https://purl.pt/14465||Livro impresso|Francês|Português|Les lusiades de Luiz de Camoens|||1.ª ed.|Paris : imprimerie F. Paillart : en la rue de Beaune, à lenseigne du Pot Cassé|1931|1931|258, 4 p.|Luís de Camões, 1524-1580|||Jean Baptiste Joseph Millié, 1772-1826, Tradutor ; Bernard Roy, Ilustrador|||CAM. 1529 P.||http://id.bnportugal.gov.pt/bib/catbnp/1366577|Livre
1366577|https://purl.pt/14465||Livro impresso|Francês|Português|Les lusiades de Luiz de Camoens|||1.ª ed.|Paris : imprimerie F. Paillart : en la rue de Beaune, à lenseigne du Pot Cassé|1931|1931|258, 4 p.|Luís de Camões, 1524-1580|||Jean Baptiste Joseph Millié, 1772-1826, Tradutor ; Bernard Roy, Ilustrador|||CAM. 1529 P.||http://id.bnportugal.gov.pt/bib/catbnp/1366577|Livre
1366577|https://purl.pt/14465||Livro impresso|Francês|Português|Les lusiades de Luiz de Camoens|||1.ª ed.|Paris : imprimerie F. Paillart : en la rue de Beaune, à lenseigne du Pot Cassé|1931|1931|258, 4 p.|Luís de Camões, 1524-1580|||Jean Baptiste Joseph Millié, 1772-1826, Tradutor ; Bernard Roy, Ilustrador|||CAM. 1529 P.||http://id.bnportugal.gov.pt/bib/catbnp/1366577|Livre
1366577|https://purl.pt/14465||Livro impresso|Francês|Português|Les lusiades de Luiz de Camoens|||1.ª ed.|Paris : imprimerie F. Paillart : en la rue de Beaune, à lenseigne du Pot Cassé|1931|1931|258, 4 p.|Luís de Camões, 1524-1580|||Jean Baptiste Joseph Millié, 1772-1826, Tradutor ; Bernard Roy, Ilustrador|||CAM. 1529 P.||http://id.bnportugal.gov.pt/bib/catbnp/1366577|Livre
1366577|https://purl.pt/14465||Livro impresso|Francês|Português|Les lusiades de Luiz de Camoens|||1.ª ed.|Paris : imprimerie F. Paillart : en la rue de Beaune, à lenseigne du Pot Cassé|1931|1931|258, 4 p.|Luís de Camões, 1524-1580|||Jean Baptiste Joseph Millié, 1772-1826, Tradutor ; Bernard Roy, Ilustrador|||CAM. 1529 P.||http://id.bnportugal.gov.pt/bib/catbnp/1366577|Livre
1366577|https://purl.pt/14465||Livro impresso|Francês|Português|Les lusiades de Luiz de Camoens|||1.ª ed.|Paris : imprimerie F. Paillart : en la rue de Beaune, à lenseigne du Pot Cassé|1931|1931|258, 4 p.|Luís de Camões, 1524-1580|||Jean Baptiste Joseph Millié, 1772-1826, Tradutor ; Bernard Roy, Ilustrador|||CAM. 1529 P.||http://id.bnportugal.gov.pt/bib/catbnp/1366577|Livre
1917811|https://purl.pt/27836||Iconografia|Inglês||Gruta de Camões|Macau, circa 1835||1.ª ed.|Macau : Tourist Information Bureau|1980|1980|1 postal|||||||P.I. 9193 P.||http://id.bnportugal.gov.pt/bib/catbnp/1917811|Livre
2186705|https://purl.pt/43582||Livro impresso|Português||Miscelânea camoniana|artigos de imprensa sobre Camões, 1867||1.ª ed.|Lisboa,|1867|1867|6 f.|||||||CAM. 60//1-3 A.||http://id.bnportugal.gov.pt/bib/catbnp/2186705|Livre
252584|https://purl.pt/44933||Livro impresso|Português||A fábula de Narciso|||1.ª ed.|Porto : Imprensa Internacional|1880|1880|32 p.|Luís de Camões, 1524-1580|||Ferreira de Brito, fl. 187--188-, Editor literário|||CAM. 306//1 P.|CAM500|http://id.bnportugal.gov.pt/bib/catbnp/252584|Livre
370691|https://purl.pt/44628||Livro impresso|Português||Poesias lyricas|||1.ª ed.|Rio de Janeiro : s.n.|1880|1880|159 p.|Luís de Camões, 1524-1580||||||L. 25600 P.|CAM500|http://id.bnportugal.gov.pt/bib/catbnp/370691|Livre
370691|https://purl.pt/44628||Livro impresso|Português||Poesias lyricas|||1.ª ed.|Rio de Janeiro : s.n.|1880|1880|159 p.|Luís de Camões, 1524-1580||||||L. 25600 P.|CAM500|http://id.bnportugal.gov.pt/bib/catbnp/370691|Livre
370691|https://purl.pt/44628||Livro impresso|Português||Poesias lyricas|||1.ª ed.|Rio de Janeiro : s.n.|1880|1880|159 p.|Luís de Camões, 1524-1580||||||L. 25600 P.|CAM500|http://id.bnportugal.gov.pt/bib/catbnp/370691|Livre
370691|https://purl.pt/44628||Livro impresso|Português||Poesias lyricas|||1.ª ed.|Rio de Janeiro : s.n.|1880|1880|159 p.|Luís de Camões, 1524-1580||||||L. 25600 P.|CAM500|http://id.bnportugal.gov.pt/bib/catbnp/370691|Livre
370691|https://purl.pt/44628||Livro impresso|Português||Poesias lyricas|||1.ª ed.|Rio de Janeiro : s.n.|1880|1880|159 p.|Luís de Camões, 1524-1580||||||L. 25600 P.|CAM500|http://id.bnportugal.gov.pt/bib/catbnp/370691|Livre
370691|https://purl.pt/44628||Livro impresso|Português||Poesias lyricas|||1.ª ed.|Rio de Janeiro : s.n.|1880|1880|159 p.|Luís de Camões, 1524-1580||||||L. 25600 P.|CAM500|http://id.bnportugal.gov.pt/bib/catbnp/370691|Livre
397797|https://purl.pt/44736||Livro impresso|Português||Os Lusíadas|poema epico ...||Nova ed|Lisboa : Typ. de L.C. da Cunha|1868|1868|397 p.|Luís de Camões, 1524-1580||||||CAM. 706 P.|CAM500|http://id.bnportugal.gov.pt/bib/catbnp/397797|Livre
397797|https://purl.pt/44736||Livro impresso|Português||Os Lusíadas|poema epico ...||Nova ed|Lisboa : Typ. de L.C. da Cunha|1868|1868|397 p.|Luís de Camões, 1524-1580||||||CAM. 706 P.|CAM500|http://id.bnportugal.gov.pt/bib/catbnp/397797|Livre
397855|https://purl.pt/44671||Livro impresso|Português||Novas poesias|||1.ª ed.|Porto : J. A. Alves Viana|1890|1890|14 p.|Luís de Camões, 1524-1580|||J. A. Alves Viana, ca 18- -, Comentador de texto escrito|||L. 14753 V.|CAM500|http://id.bnportugal.gov.pt/bib/catbnp/397855|Livre
397878|https://purl.pt/44739||Livro impresso|Português||Uma traducção hollandeza de Camões|||1.ª ed.|Porto : Circulo Camoniano : Imprensa Moderna|1890|1890|8 p.|Luís de Camões, 1524-1580|||Theodorus Johannes Kerkhoven, Tradutor ; Aníbal Fernandes Tomás, 1849-1911, Autor da introdução, etc.|||CAM. 659//8 V.|CAM500|http://id.bnportugal.gov.pt/bib/catbnp/397878|Livre
397880|https://purl.pt/44834||Livro impresso|Arménio|Português|Tres estrophes|||1.ª ed.|Veneza : Typographia da Ilha de S. Lazaro|1898|1898|8 p.|Luís de Camões, 1524-1580|||Joaquim de Araújo, 1858-1917, Autor da introdução, etc. ; Arsenio Ghazik, Tradutor|||CAM. 398//2 V.|CAM500|http://id.bnportugal.gov.pt/bib/catbnp/397880|Livre
397880|https://purl.pt/44834||Livro impresso|Arménio|Português|Tres estrophes|||1.ª ed.|Veneza : Typographia da Ilha de S. Lazaro|1898|1898|8 p.|Luís de Camões, 1524-1580|||Joaquim de Araújo, 1858-1917, Autor da introdução, etc. ; Arsenio Ghazik, Tradutor|||CAM. 398//2 V.|CAM500|http://id.bnportugal.gov.pt/bib/catbnp/397880|Livre
397880|https://purl.pt/44834||Livro impresso|Arménio|Português|Tres estrophes|||1.ª ed.|Veneza : Typographia da Ilha de S. Lazaro|1898|1898|8 p.|Luís de Camões, 1524-1580|||Joaquim de Araújo, 1858-1917, Autor da introdução, etc. ; Arsenio Ghazik, Tradutor|||CAM. 398//2 V.|CAM500|http://id.bnportugal.gov.pt/bib/catbnp/397880|Livre
397880|https://purl.pt/44834||Livro impresso|Arménio|Português|Tres estrophes|||1.ª ed.|Veneza : Typographia da Ilha de S. Lazaro|1898|1898|8 p.|Luís de Camões, 1524-1580|||Joaquim de Araújo, 1858-1917, Autor da introdução, etc. ; Arsenio Ghazik, Tradutor|||CAM. 398//2 V.|CAM500|http://id.bnportugal.gov.pt/bib/catbnp/397880|Livre
458381|https://purl.pt/44583||Livro impresso|Português||Sarau literario em comemoração do tri-centenario de Luiz de Camões 1580-1880|||1.ª ed.|Coimbra : Imprensa da Universidade|1880|1880|119, 2 p.|||||||CAM. 520 V.|CAM500|http://id.bnportugal.gov.pt/bib/catbnp/458381|Livre
464811|https://purl.pt/44713||Livro impresso|Francês||Les poétes les plus célébres français, italiens, allemands, anglais, espagnols, portugais|||1.ª ed.|Lille : L. Lefort|1859|1859|287, 1 p.|Maxime de Montrond|||Guillaume-Alphonse Harang Cabasson, 1814-1884, Ilustrador ; L. Lefort, 18- -, Impressor|||CAM. 608 V.|CAM500|http://id.bnportugal.gov.pt/bib/catbnp/464811|Livre
464977|https://purl.pt/44712||Livro impresso|Português||A estrela Vénus nos Lusíadas|||1.ª ed.|Porto : Tip. da Renascença Portuguesa|1910|1910|16 p.|Luciano Pereira da Silva, 1864-1926||||||L. 59028 V.|CAM500|http://id.bnportugal.gov.pt/bib/catbnp/464977|Livre
465372|https://purl.pt/44726||Livro impresso|Português||Camões, patria e caridade|memória a Luiz de Camões em 10 de Junho de 1882||1.ª ed.|Rio de Janeiro : Off. de Fernandes da Silva e Mendes|1882|1882|38 p.|||||||CAM. 634 V.|CAM500|http://id.bnportugal.gov.pt/bib/catbnp/465372|Livre
782738|https://purl.pt/44727||Livro impresso|Português||Os Lusíadas|poema épico||Nova ed. popular conforme às ed. clássicas de 1572|Lisboa : Tip. de F. X. de Sousa & Filho|1870|1870|395 p.|Luís de Camões, 1524-1580||||||CAM. 701 P.|CAM500|http://id.bnportugal.gov.pt/bib/catbnp/782738|Livre
784624|https://purl.pt/44799||Livro impresso|Português||Os Lusíadas|poema épico||Nova ed. conforme à de 1817, in 4º|Paris : V J. P. Aillaud|1875|1875|536 p.|Luís de Camões, 1524-1580|||Morgado de Mateus, 1758-1825, Editor literário ; Paulino de Sousa, ca. 18--, Editor comercial|||CAM. 725 P.|CAM500|http://id.bnportugal.gov.pt/bib/catbnp/784624|Livre
784624|https://purl.pt/44799||Livro impresso|Português||Os Lusíadas|poema épico||Nova ed. conforme à de 1817, in 4º|Paris : V J. P. Aillaud|1875|1875|536 p.|Luís de Camões, 1524-1580|||Morgado de Mateus, 1758-1825, Editor literário ; Paulino de Sousa, ca. 18--, Editor comercial|||CAM. 725 P.|CAM500|http://id.bnportugal.gov.pt/bib/catbnp/784624|Livre
784624|https://purl.pt/44799||Livro impresso|Português||Os Lusíadas|poema épico||Nova ed. conforme à de 1817, in 4º|Paris : V J. P. Aillaud|1875|1875|536 p.|Luís de Camões, 1524-1580|||Morgado de Mateus, 1758-1825, Editor literário ; Paulino de Sousa, ca. 18--, Editor comercial|||CAM. 725 P.|CAM500|http://id.bnportugal.gov.pt/bib/catbnp/784624|Livre
784624|https://purl.pt/44799||Livro impresso|Português||Os Lusíadas|poema épico||Nova ed. conforme à de 1817, in 4º|Paris : V J. P. Aillaud|1875|1875|536 p.|Luís de Camões, 1524-1580|||Morgado de Mateus, 1758-1825, Editor literário ; Paulino de Sousa, ca. 18--, Editor comercial|||CAM. 725 P.|CAM500|http://id.bnportugal.gov.pt/bib/catbnp/784624|Livre
784624|https://purl.pt/44799||Livro impresso|Português||Os Lusíadas|poema épico||Nova ed. conforme à de 1817, in 4º|Paris : V J. P. Aillaud|1875|1875|536 p.|Luís de Camões, 1524-1580|||Morgado de Mateus, 1758-1825, Editor literário ; Paulino de Sousa, ca. 18--, Editor comercial|||CAM. 725 P.|CAM500|http://id.bnportugal.gov.pt/bib/catbnp/784624|Livre
784624|https://purl.pt/44799||Livro impresso|Português||Os Lusíadas|poema épico||Nova ed. conforme à de 1817, in 4º|Paris : V J. P. Aillaud|1875|1875|536 p.|Luís de Camões, 1524-1580|||Morgado de Mateus, 1758-1825, Editor literário ; Paulino de Sousa, ca. 18--, Editor comercial|||CAM. 725 P.|CAM500|http://id.bnportugal.gov.pt/bib/catbnp/784624|Livre
784624|https://purl.pt/44799||Livro impresso|Português||Os Lusíadas|poema épico||Nova ed. conforme à de 1817, in 4º|Paris : V J. P. Aillaud|1875|1875|536 p.|Luís de Camões, 1524-1580|||Morgado de Mateus, 1758-1825, Editor literário ; Paulino de Sousa, ca. 18--, Editor comercial|||CAM. 725 P.|CAM500|http://id.bnportugal.gov.pt/bib/catbnp/784624|Livre
784624|https://purl.pt/44799||Livro impresso|Português||Os Lusíadas|poema épico||Nova ed. conforme à de 1817, in 4º|Paris : V J. P. Aillaud|1875|1875|536 p.|Luís de Camões, 1524-1580|||Morgado de Mateus, 1758-1825, Editor literário ; Paulino de Sousa, ca. 18--, Editor comercial|||CAM. 725 P.|CAM500|http://id.bnportugal.gov.pt/bib/catbnp/784624|Livre
784624|https://purl.pt/44799||Livro impresso|Português||Os Lusíadas|poema épico||Nova ed. conforme à de 1817, in 4º|Paris : V J. P. Aillaud|1875|1875|536 p.|Luís de Camões, 1524-1580|||Morgado de Mateus, 1758-1825, Editor literário ; Paulino de Sousa, ca. 18--, Editor comercial|||CAM. 725 P.|CAM500|http://id.bnportugal.gov.pt/bib/catbnp/784624|Livre
784624|https://purl.pt/44799||Livro impresso|Português||Os Lusíadas|poema épico||Nova ed. conforme à de 1817, in 4º|Paris : V J. P. Aillaud|1875|1875|536 p.|Luís de Camões, 1524-1580|||Morgado de Mateus, 1758-1825, Editor literário ; Paulino de Sousa, ca. 18--, Editor comercial|||CAM. 725 P.|CAM500|http://id.bnportugal.gov.pt/bib/catbnp/784624|Livre
784624|https://purl.pt/44799||Livro impresso|Português||Os Lusíadas|poema épico||Nova ed. conforme à de 1817, in 4º|Paris : V J. P. Aillaud|1875|1875|536 p.|Luís de Camões, 1524-1580|||Morgado de Mateus, 1758-1825, Editor literário ; Paulino de Sousa, ca. 18--, Editor comercial|||CAM. 725 P.|CAM500|http://id.bnportugal.gov.pt/bib/catbnp/784624|Livre
789264|https://purl.pt/44828||Livro impresso|Português||Apotheose camoneana|||1.ª ed.|Porto : Empreza Ferreira de Brito|1885|1885|16 p.|Xavier de Carvalho, 1862-1919||||||CAM. 869 P.|CAM500|http://id.bnportugal.gov.pt/bib/catbnp/789264|Livre
789264|https://purl.pt/44828||Livro impresso|Português||Apotheose camoneana|||1.ª ed.|Porto : Empreza Ferreira de Brito|1885|1885|16 p.|Xavier de Carvalho, 1862-1919||||||CAM. 869 P.|CAM500|http://id.bnportugal.gov.pt/bib/catbnp/789264|Livre
798873|https://purl.pt/44930||Livro impresso|Português||Camões e os Lusíadas|estudo crítico publicado por ocasião do tricentenário||1.ª ed.|Lisboa : Nova Livr. Internacional|1880|1880|XX p.|Teófilo Braga, 1843-1924||||||CAM. 988 P.|CAM500|http://id.bnportugal.gov.pt/bib/catbnp/798873|Livre
798873|https://purl.pt/44930||Livro impresso|Português||Camões e os Lusíadas|estudo crítico publicado por ocasião do tricentenário||1.ª ed.|Lisboa : Nova Livr. Internacional|1880|1880|XX p.|Teófilo Braga, 1843-1924||||||CAM. 988 P.|CAM500|http://id.bnportugal.gov.pt/bib/catbnp/798873|Livre
874191|https://purl.pt/44675||Livro impresso|Francês||Art camonien|lettre a Mr. Joaquim de Araujo||1.ª ed.|Porto : Redacção do Circulo Camoniano|1892|1892|13 p., 1 est.|Platon L'vovich Vaksel, 1844-1918|||Joaquim de Araújo, 1858-1917, Antecedente bibliográfico|||CAM. 543 V.|CAM500|http://id.bnportugal.gov.pt/bib/catbnp/874191|Livre
9413|https://purl.pt/40198||Periódico|Português||Camões|||1.ª ed.|Lisboa : Caminho|1980|1980|||||Óscar Lopes, 1917-2013, Director|||CAM. 1138 V.||http://id.bnportugal.gov.pt/bib/catbnp/9413|Interno
9413|https://purl.pt/40198||Periódico|Português||Camões|||1.ª ed.|Lisboa : Caminho|1980|1980|||||Óscar Lopes, 1917-2013, Director|||CAM. 1138 V.||http://id.bnportugal.gov.pt/bib/catbnp/9413|Interno
9413|https://purl.pt/40198||Periódico|Português||Camões|||1.ª ed.|Lisboa : Caminho|1980|1980|||||Óscar Lopes, 1917-2013, Director|||CAM. 1138 V.||http://id.bnportugal.gov.pt/bib/catbnp/9413|Interno
9413|https://purl.pt/40198||Periódico|Português||Camões|||1.ª ed.|Lisboa : Caminho|1980|1980|||||Óscar Lopes, 1917-2013, Director|||CAM. 1138 V.||http://id.bnportugal.gov.pt/bib/catbnp/9413|Interno
9413|https://purl.pt/40198||Periódico|Português||Camões|||1.ª ed.|Lisboa : Caminho|1980|1980|||||Óscar Lopes, 1917-2013, Director|||CAM. 1138 V.||http://id.bnportugal.gov.pt/bib/catbnp/9413|Interno
9413|https://purl.pt/40198||Periódico|Português||Camões|||1.ª ed.|Lisboa : Caminho|1980|1980|||||Óscar Lopes, 1917-2013, Director|||CAM. 1138 V.||http://id.bnportugal.gov.pt/bib/catbnp/9413|Interno
9413|https://purl.pt/40198||Periódico|Português||Camões|||1.ª ed.|Lisboa : Caminho|1980|1980|||||Óscar Lopes, 1917-2013, Director|||CAM. 1138 V.||http://id.bnportugal.gov.pt/bib/catbnp/9413|Interno
9413|https://purl.pt/40198||Periódico|Português||Camões|||1.ª ed.|Lisboa : Caminho|1980|1980|||||Óscar Lopes, 1917-2013, Director|||CAM. 1138 V.||http://id.bnportugal.gov.pt/bib/catbnp/9413|Interno
9413|https://purl.pt/40198||Periódico|Português||Camões|||1.ª ed.|Lisboa : Caminho|1980|1980|||||Óscar Lopes, 1917-2013, Director|||CAM. 1138 V.||http://id.bnportugal.gov.pt/bib/catbnp/9413|Interno
9413|https://purl.pt/40198||Periódico|Português||Camões|||1.ª ed.|Lisboa : Caminho|1980|1980|||||Óscar Lopes, 1917-2013, Director|||CAM. 1138 V.||http://id.bnportugal.gov.pt/bib/catbnp/9413|Interno
9413|https://purl.pt/40198||Periódico|Português||Camões|||1.ª ed.|Lisboa : Caminho|1980|1980|||||Óscar Lopes, 1917-2013, Director|||CAM. 1138 V.||http://id.bnportugal.gov.pt/bib/catbnp/9413|Interno
51530|https://purl.pt/23692||Livro impresso|Português||Primeira parte dos Autos e comedias portuguesas|||Agora nouamente juntas & emendadas nesta primeira impressão|Lisboa : por Andres Lobato|1587|1587|2, 179 f.|||Luís de Camões, 1524-1580, Autor ; António Prestes, fl. 1587, Autor ; Henrique Lopes, 15--, Autor ; Jorge Pinto, 15--, Autor ; Jerónimo Ribeiro, 15--, Autor|Afonso Lopes, fl. 1583 - 1589, Editor literário ; André Lobato, fl. 1583 - 1587, Impressor|||F. 6945||http://id.bnportugal.gov.pt/bib/catbnp/51530|Livre
289933|https://purl.pt/20913||Livro impresso|Português||3 retratos de Camões|||1.ª ed.|Lisboa : Edições Panorama|1972|1972|1 f. desdobr.|||||||S.N.I. 2696||http://id.bnportugal.gov.pt/bib/catbnp/289933|Interno
289933|https://purl.pt/20913||Livro impresso|Português||3 retratos de Camões|||1.ª ed.|Lisboa : Edições Panorama|1972|1972|1 f. desdobr.|||||||S.N.I. 2696||http://id.bnportugal.gov.pt/bib/catbnp/289933|Interno
289933|https://purl.pt/20913||Livro impresso|Português||3 retratos de Camões|||1.ª ed.|Lisboa : Edições Panorama|1972|1972|1 f. desdobr.|||||||S.N.I. 2696||http://id.bnportugal.gov.pt/bib/catbnp/289933|Interno
321765|https://purl.pt/14682||Livro impresso|Português||Conceitos e maximas do poema de Luiz de Camões "Os Lusíadas"|||1.ª ed.|Lisboa : Henrique Zeferino|1888|1888|61 p.||||B. Barreto, ca 18 - -, Compilador|||L. 25554//2 P.||http://id.bnportugal.gov.pt/bib/catbnp/321765|Livre
330274|https://purl.pt/37926||Livro impresso|Francês||Le Portugal de Camões|suivi dune traduction française des stances contenues dans louvrage||1.ª ed.|Paris : s. n.|1890|1890|X, 384, 3 p.|André Adolphe Daux||||||CAM. 417 P.||http://id.bnportugal.gov.pt/bib/catbnp/330274|Livre
347365|https://purl.pt/39791||Livro impresso|Português||A família flaviense de Camões|||1.ª ed.|Lisboa : Real Assoc. dos Arquitectos Civis e Arqueol. Portugueses|1974|1974|72, 5 p.|José Guilherme Calvão Borges, 1931-2001||||||CAM. 1050 V.||http://id.bnportugal.gov.pt/bib/catbnp/347365|Interno
347365|https://purl.pt/39791||Livro impresso|Português||A família flaviense de Camões|||1.ª ed.|Lisboa : Real Assoc. dos Arquitectos Civis e Arqueol. Portugueses|1974|1974|72, 5 p.|José Guilherme Calvão Borges, 1931-2001||||||CAM. 1050 V.||http://id.bnportugal.gov.pt/bib/catbnp/347365|Interno
347365|https://purl.pt/39791||Livro impresso|Português||A família flaviense de Camões|||1.ª ed.|Lisboa : Real Assoc. dos Arquitectos Civis e Arqueol. Portugueses|1974|1974|72, 5 p.|José Guilherme Calvão Borges, 1931-2001||||||CAM. 1050 V.||http://id.bnportugal.gov.pt/bib/catbnp/347365|Interno
347365|https://purl.pt/39791||Livro impresso|Português||A família flaviense de Camões|||1.ª ed.|Lisboa : Real Assoc. dos Arquitectos Civis e Arqueol. Portugueses|1974|1974|72, 5 p.|José Guilherme Calvão Borges, 1931-2001||||||CAM. 1050 V.||http://id.bnportugal.gov.pt/bib/catbnp/347365|Interno
354066|https://purl.pt/14104||Livro impresso|Português||Os Lusiadas|||1.ª ed.|Impressas em Lisboa : a custa de Antonio Craesbeeck de Mello, impressor de Sua Alteza|1663|1663|4, 142, 2 f.|Luís de Camões, 1524-1580|||João Franco Barreto, 1600-post. 1674, Editor literário ; André Furtado de Mendonça, ?-1676, Personalidade a quem é dedicada a obra ; António Craesbeeck, 1640-1684, Autor da dedicatória ; Tomás Norton, 1804-1860, Antigo possuidor|||CAM. 44//1 P.|PATRIMONIA2|http://id.bnportugal.gov.pt/bib/catbnp/354066|Livre
354066|https://purl.pt/14104||Livro impresso|Português||Os Lusiadas|||1.ª ed.|Impressas em Lisboa : a custa de Antonio Craesbeeck de Mello, impressor de Sua Alteza|1663|1663|4, 142, 2 f.|Luís de Camões, 1524-1580|||João Franco Barreto, 1600-post. 1674, Editor literário ; André Furtado de Mendonça, ?-1676, Personalidade a quem é dedicada a obra ; António Craesbeeck, 1640-1684, Autor da dedicatória ; Tomás Norton, 1804-1860, Antigo possuidor|||CAM. 44//1 P.|PATRIMONIA2|http://id.bnportugal.gov.pt/bib/catbnp/354066|Livre
354069|https://purl.pt/14197||Livro impresso|Português||Obras de Lvis de Camoens principe dos poetas portugueses|||1.ª ed.|Lisboa : por Antonio Craesbeeck dMello Impressor da Casa Real|1669|1669|8, 376, 78 p.|Luís de Camões, 1524-1580|||Francisco de Sousa, 1631-1711, Personalidade a quem é dedicada a obra ; João Franco Barreto, 1600-post. 1674, Editor literário ; António Craesbeeck, 1640-1684, Impressor ; Tomás Norton, 1804-1860, Antigo possuidor|||J.S. 6437|PATRIMONIA2|http://id.bnportugal.gov.pt/bib/catbnp/354069|Livre
371694|https://purl.pt/17237||Livro impresso|Português||Sonetos|||1.ª ed.|Lisboa : A Educadora - Empreza Editora|1913|1913|2 partes em 2 vol.|Luís de Camões, 1524-1580|||Teófilo Braga, 1843-1924, Autor da introdução, etc.|||CAM. 257//1 V.||http://id.bnportugal.gov.pt/bib/catbnp/371694|Livre
371694|https://purl.pt/17237||Livro impresso|Português||Sonetos|||1.ª ed.|Lisboa : A Educadora - Empreza Editora|1913|1913|2 partes em 2 vol.|Luís de Camões, 1524-1580|||Teófilo Braga, 1843-1924, Autor da introdução, etc.|||CAM. 257//1 V.||http://id.bnportugal.gov.pt/bib/catbnp/371694|Livre
371694|https://purl.pt/17237||Livro impresso|Português||Sonetos|||1.ª ed.|Lisboa : A Educadora - Empreza Editora|1913|1913|2 partes em 2 vol.|Luís de Camões, 1524-1580|||Teófilo Braga, 1843-1924, Autor da introdução, etc.|||CAM. 257//1 V.||http://id.bnportugal.gov.pt/bib/catbnp/371694|Livre
371694|https://purl.pt/17237||Livro impresso|Português||Sonetos|||1.ª ed.|Lisboa : A Educadora - Empreza Editora|1913|1913|2 partes em 2 vol.|Luís de Camões, 1524-1580|||Teófilo Braga, 1843-1924, Autor da introdução, etc.|||CAM. 257//1 V.||http://id.bnportugal.gov.pt/bib/catbnp/371694|Livre
381189|https://purl.pt/19851||Livro impresso|Português||Os Lusíadas de Luiz de Camões|edição critica-commemorativa do Terceiro Centenario da Morte do Grande Poeta||1.ª ed.|Leipzig : Giesecke & Devrient|1880|1880|8, LVI, 375, XCII p.|Luís de Camões, 1524-1580||José da Silva Mendes Leal, 1820-1886, Autor|Emílio Biel, 1838-1915, Editor literário ; Ludwig Burger, 1825-1884, Ilustrador||Instituto Alemão, Antigo possuidor|L. 6236 A.||http://id.bnportugal.gov.pt/bib/catbnp/381189|Livre
381189|https://purl.pt/19851||Livro impresso|Português||Os Lusíadas de Luiz de Camões|edição critica-commemorativa do Terceiro Centenario da Morte do Grande Poeta||1.ª ed.|Leipzig : Giesecke & Devrient|1880|1880|8, LVI, 375, XCII p.|Luís de Camões, 1524-1580||José da Silva Mendes Leal, 1820-1886, Autor|Emílio Biel, 1838-1915, Editor literário ; Ludwig Burger, 1825-1884, Ilustrador||Instituto Alemão, Antigo possuidor|L. 6236 A.||http://id.bnportugal.gov.pt/bib/catbnp/381189|Livre
381189|https://purl.pt/19851||Livro impresso|Português||Os Lusíadas de Luiz de Camões|edição critica-commemorativa do Terceiro Centenario da Morte do Grande Poeta||1.ª ed.|Leipzig : Giesecke & Devrient|1880|1880|8, LVI, 375, XCII p.|Luís de Camões, 1524-1580||José da Silva Mendes Leal, 1820-1886, Autor|Emílio Biel, 1838-1915, Editor literário ; Ludwig Burger, 1825-1884, Ilustrador||Instituto Alemão, Antigo possuidor|L. 6236 A.||http://id.bnportugal.gov.pt/bib/catbnp/381189|Livre
381189|https://purl.pt/19851||Livro impresso|Português||Os Lusíadas de Luiz de Camões|edição critica-commemorativa do Terceiro Centenario da Morte do Grande Poeta||1.ª ed.|Leipzig : Giesecke & Devrient|1880|1880|8, LVI, 375, XCII p.|Luís de Camões, 1524-1580||José da Silva Mendes Leal, 1820-1886, Autor|Emílio Biel, 1838-1915, Editor literário ; Ludwig Burger, 1825-1884, Ilustrador||Instituto Alemão, Antigo possuidor|L. 6236 A.||http://id.bnportugal.gov.pt/bib/catbnp/381189|Livre
381189|https://purl.pt/19851||Livro impresso|Português||Os Lusíadas de Luiz de Camões|edição critica-commemorativa do Terceiro Centenario da Morte do Grande Poeta||1.ª ed.|Leipzig : Giesecke & Devrient|1880|1880|8, LVI, 375, XCII p.|Luís de Camões, 1524-1580||José da Silva Mendes Leal, 1820-1886, Autor|Emílio Biel, 1838-1915, Editor literário ; Ludwig Burger, 1825-1884, Ilustrador||Instituto Alemão, Antigo possuidor|L. 6236 A.||http://id.bnportugal.gov.pt/bib/catbnp/381189|Livre
381189|https://purl.pt/19851||Livro impresso|Português||Os Lusíadas de Luiz de Camões|edição critica-commemorativa do Terceiro Centenario da Morte do Grande Poeta||1.ª ed.|Leipzig : Giesecke & Devrient|1880|1880|8, LVI, 375, XCII p.|Luís de Camões, 1524-1580||José da Silva Mendes Leal, 1820-1886, Autor|Emílio Biel, 1838-1915, Editor literário ; Ludwig Burger, 1825-1884, Ilustrador||Instituto Alemão, Antigo possuidor|L. 6236 A.||http://id.bnportugal.gov.pt/bib/catbnp/381189|Livre
381189|https://purl.pt/19851||Livro impresso|Português||Os Lusíadas de Luiz de Camões|edição critica-commemorativa do Terceiro Centenario da Morte do Grande Poeta||1.ª ed.|Leipzig : Giesecke & Devrient|1880|1880|8, LVI, 375, XCII p.|Luís de Camões, 1524-1580||José da Silva Mendes Leal, 1820-1886, Autor|Emílio Biel, 1838-1915, Editor literário ; Ludwig Burger, 1825-1884, Ilustrador||Instituto Alemão, Antigo possuidor|L. 6236 A.||http://id.bnportugal.gov.pt/bib/catbnp/381189|Livre
381189|https://purl.pt/19851||Livro impresso|Português||Os Lusíadas de Luiz de Camões|edição critica-commemorativa do Terceiro Centenario da Morte do Grande Poeta||1.ª ed.|Leipzig : Giesecke & Devrient|1880|1880|8, LVI, 375, XCII p.|Luís de Camões, 1524-1580||José da Silva Mendes Leal, 1820-1886, Autor|Emílio Biel, 1838-1915, Editor literário ; Ludwig Burger, 1825-1884, Ilustrador||Instituto Alemão, Antigo possuidor|L. 6236 A.||http://id.bnportugal.gov.pt/bib/catbnp/381189|Livre
381189|https://purl.pt/19851||Livro impresso|Português||Os Lusíadas de Luiz de Camões|edição critica-commemorativa do Terceiro Centenario da Morte do Grande Poeta||1.ª ed.|Leipzig : Giesecke & Devrient|1880|1880|8, LVI, 375, XCII p.|Luís de Camões, 1524-1580||José da Silva Mendes Leal, 1820-1886, Autor|Emílio Biel, 1838-1915, Editor literário ; Ludwig Burger, 1825-1884, Ilustrador||Instituto Alemão, Antigo possuidor|L. 6236 A.||http://id.bnportugal.gov.pt/bib/catbnp/381189|Livre
381189|https://purl.pt/19851||Livro impresso|Português||Os Lusíadas de Luiz de Camões|edição critica-commemorativa do Terceiro Centenario da Morte do Grande Poeta||1.ª ed.|Leipzig : Giesecke & Devrient|1880|1880|8, LVI, 375, XCII p.|Luís de Camões, 1524-1580||José da Silva Mendes Leal, 1820-1886, Autor|Emílio Biel, 1838-1915, Editor literário ; Ludwig Burger, 1825-1884, Ilustrador||Instituto Alemão, Antigo possuidor|L. 6236 A.||http://id.bnportugal.gov.pt/bib/catbnp/381189|Livre
381189|https://purl.pt/19851||Livro impresso|Português||Os Lusíadas de Luiz de Camões|edição critica-commemorativa do Terceiro Centenario da Morte do Grande Poeta||1.ª ed.|Leipzig : Giesecke & Devrient|1880|1880|8, LVI, 375, XCII p.|Luís de Camões, 1524-1580||José da Silva Mendes Leal, 1820-1886, Autor|Emílio Biel, 1838-1915, Editor literário ; Ludwig Burger, 1825-1884, Ilustrador||Instituto Alemão, Antigo possuidor|L. 6236 A.||http://id.bnportugal.gov.pt/bib/catbnp/381189|Livre
381189|https://purl.pt/19851||Livro impresso|Português||Os Lusíadas de Luiz de Camões|edição critica-commemorativa do Terceiro Centenario da Morte do Grande Poeta||1.ª ed.|Leipzig : Giesecke & Devrient|1880|1880|8, LVI, 375, XCII p.|Luís de Camões, 1524-1580||José da Silva Mendes Leal, 1820-1886, Autor|Emílio Biel, 1838-1915, Editor literário ; Ludwig Burger, 1825-1884, Ilustrador||Instituto Alemão, Antigo possuidor|L. 6236 A.||http://id.bnportugal.gov.pt/bib/catbnp/381189|Livre
381189|https://purl.pt/19851||Livro impresso|Português||Os Lusíadas de Luiz de Camões|edição critica-commemorativa do Terceiro Centenario da Morte do Grande Poeta||1.ª ed.|Leipzig : Giesecke & Devrient|1880|1880|8, LVI, 375, XCII p.|Luís de Camões, 1524-1580||José da Silva Mendes Leal, 1820-1886, Autor|Emílio Biel, 1838-1915, Editor literário ; Ludwig Burger, 1825-1884, Ilustrador||Instituto Alemão, Antigo possuidor|L. 6236 A.||http://id.bnportugal.gov.pt/bib/catbnp/381189|Livre
381189|https://purl.pt/19851||Livro impresso|Português||Os Lusíadas de Luiz de Camões|edição critica-commemorativa do Terceiro Centenario da Morte do Grande Poeta||1.ª ed.|Leipzig : Giesecke & Devrient|1880|1880|8, LVI, 375, XCII p.|Luís de Camões, 1524-1580||José da Silva Mendes Leal, 1820-1886, Autor|Emílio Biel, 1838-1915, Editor literário ; Ludwig Burger, 1825-1884, Ilustrador||Instituto Alemão, Antigo possuidor|L. 6236 A.||http://id.bnportugal.gov.pt/bib/catbnp/381189|Livre
381189|https://purl.pt/19851||Livro impresso|Português||Os Lusíadas de Luiz de Camões|edição critica-commemorativa do Terceiro Centenario da Morte do Grande Poeta||1.ª ed.|Leipzig : Giesecke & Devrient|1880|1880|8, LVI, 375, XCII p.|Luís de Camões, 1524-1580||José da Silva Mendes Leal, 1820-1886, Autor|Emílio Biel, 1838-1915, Editor literário ; Ludwig Burger, 1825-1884, Ilustrador||Instituto Alemão, Antigo possuidor|L. 6236 A.||http://id.bnportugal.gov.pt/bib/catbnp/381189|Livre
381189|https://purl.pt/19851||Livro impresso|Português||Os Lusíadas de Luiz de Camões|edição critica-commemorativa do Terceiro Centenario da Morte do Grande Poeta||1.ª ed.|Leipzig : Giesecke & Devrient|1880|1880|8, LVI, 375, XCII p.|Luís de Camões, 1524-1580||José da Silva Mendes Leal, 1820-1886, Autor|Emílio Biel, 1838-1915, Editor literário ; Ludwig Burger, 1825-1884, Ilustrador||Instituto Alemão, Antigo possuidor|L. 6236 A.||http://id.bnportugal.gov.pt/bib/catbnp/381189|Livre
381189|https://purl.pt/19851||Livro impresso|Português||Os Lusíadas de Luiz de Camões|edição critica-commemorativa do Terceiro Centenario da Morte do Grande Poeta||1.ª ed.|Leipzig : Giesecke & Devrient|1880|1880|8, LVI, 375, XCII p.|Luís de Camões, 1524-1580||José da Silva Mendes Leal, 1820-1886, Autor|Emílio Biel, 1838-1915, Editor literário ; Ludwig Burger, 1825-1884, Ilustrador||Instituto Alemão, Antigo possuidor|L. 6236 A.||http://id.bnportugal.gov.pt/bib/catbnp/381189|Livre
381189|https://purl.pt/19851||Livro impresso|Português||Os Lusíadas de Luiz de Camões|edição critica-commemorativa do Terceiro Centenario da Morte do Grande Poeta||1.ª ed.|Leipzig : Giesecke & Devrient|1880|1880|8, LVI, 375, XCII p.|Luís de Camões, 1524-1580||José da Silva Mendes Leal, 1820-1886, Autor|Emílio Biel, 1838-1915, Editor literário ; Ludwig Burger, 1825-1884, Ilustrador||Instituto Alemão, Antigo possuidor|L. 6236 A.||http://id.bnportugal.gov.pt/bib/catbnp/381189|Livre
381189|https://purl.pt/19851||Livro impresso|Português||Os Lusíadas de Luiz de Camões|edição critica-commemorativa do Terceiro Centenario da Morte do Grande Poeta||1.ª ed.|Leipzig : Giesecke & Devrient|1880|1880|8, LVI, 375, XCII p.|Luís de Camões, 1524-1580||José da Silva Mendes Leal, 1820-1886, Autor|Emílio Biel, 1838-1915, Editor literário ; Ludwig Burger, 1825-1884, Ilustrador||Instituto Alemão, Antigo possuidor|L. 6236 A.||http://id.bnportugal.gov.pt/bib/catbnp/381189|Livre
381189|https://purl.pt/19851||Livro impresso|Português||Os Lusíadas de Luiz de Camões|edição critica-commemorativa do Terceiro Centenario da Morte do Grande Poeta||1.ª ed.|Leipzig : Giesecke & Devrient|1880|1880|8, LVI, 375, XCII p.|Luís de Camões, 1524-1580||José da Silva Mendes Leal, 1820-1886, Autor|Emílio Biel, 1838-1915, Editor literário ; Ludwig Burger, 1825-1884, Ilustrador||Instituto Alemão, Antigo possuidor|L. 6236 A.||http://id.bnportugal.gov.pt/bib/catbnp/381189|Livre
381189|https://purl.pt/19851||Livro impresso|Português||Os Lusíadas de Luiz de Camões|edição critica-commemorativa do Terceiro Centenario da Morte do Grande Poeta||1.ª ed.|Leipzig : Giesecke & Devrient|1880|1880|8, LVI, 375, XCII p.|Luís de Camões, 1524-1580||José da Silva Mendes Leal, 1820-1886, Autor|Emílio Biel, 1838-1915, Editor literário ; Ludwig Burger, 1825-1884, Ilustrador||Instituto Alemão, Antigo possuidor|L. 6236 A.||http://id.bnportugal.gov.pt/bib/catbnp/381189|Livre
381189|https://purl.pt/19851||Livro impresso|Português||Os Lusíadas de Luiz de Camões|edição critica-commemorativa do Terceiro Centenario da Morte do Grande Poeta||1.ª ed.|Leipzig : Giesecke & Devrient|1880|1880|8, LVI, 375, XCII p.|Luís de Camões, 1524-1580||José da Silva Mendes Leal, 1820-1886, Autor|Emílio Biel, 1838-1915, Editor literário ; Ludwig Burger, 1825-1884, Ilustrador||Instituto Alemão, Antigo possuidor|L. 6236 A.||http://id.bnportugal.gov.pt/bib/catbnp/381189|Livre
381189|https://purl.pt/19851||Livro impresso|Português||Os Lusíadas de Luiz de Camões|edição critica-commemorativa do Terceiro Centenario da Morte do Grande Poeta||1.ª ed.|Leipzig : Giesecke & Devrient|1880|1880|8, LVI, 375, XCII p.|Luís de Camões, 1524-1580||José da Silva Mendes Leal, 1820-1886, Autor|Emílio Biel, 1838-1915, Editor literário ; Ludwig Burger, 1825-1884, Ilustrador||Instituto Alemão, Antigo possuidor|L. 6236 A.||http://id.bnportugal.gov.pt/bib/catbnp/381189|Livre
381189|https://purl.pt/19851||Livro impresso|Português||Os Lusíadas de Luiz de Camões|edição critica-commemorativa do Terceiro Centenario da Morte do Grande Poeta||1.ª ed.|Leipzig : Giesecke & Devrient|1880|1880|8, LVI, 375, XCII p.|Luís de Camões, 1524-1580||José da Silva Mendes Leal, 1820-1886, Autor|Emílio Biel, 1838-1915, Editor literário ; Ludwig Burger, 1825-1884, Ilustrador||Instituto Alemão, Antigo possuidor|L. 6236 A.||http://id.bnportugal.gov.pt/bib/catbnp/381189|Livre
381189|https://purl.pt/19851||Livro impresso|Português||Os Lusíadas de Luiz de Camões|edição critica-commemorativa do Terceiro Centenario da Morte do Grande Poeta||1.ª ed.|Leipzig : Giesecke & Devrient|1880|1880|8, LVI, 375, XCII p.|Luís de Camões, 1524-1580||José da Silva Mendes Leal, 1820-1886, Autor|Emílio Biel, 1838-1915, Editor literário ; Ludwig Burger, 1825-1884, Ilustrador||Instituto Alemão, Antigo possuidor|L. 6236 A.||http://id.bnportugal.gov.pt/bib/catbnp/381189|Livre
381189|https://purl.pt/19851||Livro impresso|Português||Os Lusíadas de Luiz de Camões|edição critica-commemorativa do Terceiro Centenario da Morte do Grande Poeta||1.ª ed.|Leipzig : Giesecke & Devrient|1880|1880|8, LVI, 375, XCII p.|Luís de Camões, 1524-1580||José da Silva Mendes Leal, 1820-1886, Autor|Emílio Biel, 1838-1915, Editor literário ; Ludwig Burger, 1825-1884, Ilustrador||Instituto Alemão, Antigo possuidor|L. 6236 A.||http://id.bnportugal.gov.pt/bib/catbnp/381189|Livre
381189|https://purl.pt/19851||Livro impresso|Português||Os Lusíadas de Luiz de Camões|edição critica-commemorativa do Terceiro Centenario da Morte do Grande Poeta||1.ª ed.|Leipzig : Giesecke & Devrient|1880|1880|8, LVI, 375, XCII p.|Luís de Camões, 1524-1580||José da Silva Mendes Leal, 1820-1886, Autor|Emílio Biel, 1838-1915, Editor literário ; Ludwig Burger, 1825-1884, Ilustrador||Instituto Alemão, Antigo possuidor|L. 6236 A.||http://id.bnportugal.gov.pt/bib/catbnp/381189|Livre
381189|https://purl.pt/19851||Livro impresso|Português||Os Lusíadas de Luiz de Camões|edição critica-commemorativa do Terceiro Centenario da Morte do Grande Poeta||1.ª ed.|Leipzig : Giesecke & Devrient|1880|1880|8, LVI, 375, XCII p.|Luís de Camões, 1524-1580||José da Silva Mendes Leal, 1820-1886, Autor|Emílio Biel, 1838-1915, Editor literário ; Ludwig Burger, 1825-1884, Ilustrador||Instituto Alemão, Antigo possuidor|L. 6236 A.||http://id.bnportugal.gov.pt/bib/catbnp/381189|Livre
381189|https://purl.pt/19851||Livro impresso|Português||Os Lusíadas de Luiz de Camões|edição critica-commemorativa do Terceiro Centenario da Morte do Grande Poeta||1.ª ed.|Leipzig : Giesecke & Devrient|1880|1880|8, LVI, 375, XCII p.|Luís de Camões, 1524-1580||José da Silva Mendes Leal, 1820-1886, Autor|Emílio Biel, 1838-1915, Editor literário ; Ludwig Burger, 1825-1884, Ilustrador||Instituto Alemão, Antigo possuidor|L. 6236 A.||http://id.bnportugal.gov.pt/bib/catbnp/381189|Livre
381189|https://purl.pt/19851||Livro impresso|Português||Os Lusíadas de Luiz de Camões|edição critica-commemorativa do Terceiro Centenario da Morte do Grande Poeta||1.ª ed.|Leipzig : Giesecke & Devrient|1880|1880|8, LVI, 375, XCII p.|Luís de Camões, 1524-1580||José da Silva Mendes Leal, 1820-1886, Autor|Emílio Biel, 1838-1915, Editor literário ; Ludwig Burger, 1825-1884, Ilustrador||Instituto Alemão, Antigo possuidor|L. 6236 A.||http://id.bnportugal.gov.pt/bib/catbnp/381189|Livre
381189|https://purl.pt/19851||Livro impresso|Português||Os Lusíadas de Luiz de Camões|edição critica-commemorativa do Terceiro Centenario da Morte do Grande Poeta||1.ª ed.|Leipzig : Giesecke & Devrient|1880|1880|8, LVI, 375, XCII p.|Luís de Camões, 1524-1580||José da Silva Mendes Leal, 1820-1886, Autor|Emílio Biel, 1838-1915, Editor literário ; Ludwig Burger, 1825-1884, Ilustrador||Instituto Alemão, Antigo possuidor|L. 6236 A.||http://id.bnportugal.gov.pt/bib/catbnp/381189|Livre
381189|https://purl.pt/19851||Livro impresso|Português||Os Lusíadas de Luiz de Camões|edição critica-commemorativa do Terceiro Centenario da Morte do Grande Poeta||1.ª ed.|Leipzig : Giesecke & Devrient|1880|1880|8, LVI, 375, XCII p.|Luís de Camões, 1524-1580||José da Silva Mendes Leal, 1820-1886, Autor|Emílio Biel, 1838-1915, Editor literário ; Ludwig Burger, 1825-1884, Ilustrador||Instituto Alemão, Antigo possuidor|L. 6236 A.||http://id.bnportugal.gov.pt/bib/catbnp/381189|Livre
381189|https://purl.pt/19851||Livro impresso|Português||Os Lusíadas de Luiz de Camões|edição critica-commemorativa do Terceiro Centenario da Morte do Grande Poeta||1.ª ed.|Leipzig : Giesecke & Devrient|1880|1880|8, LVI, 375, XCII p.|Luís de Camões, 1524-1580||José da Silva Mendes Leal, 1820-1886, Autor|Emílio Biel, 1838-1915, Editor literário ; Ludwig Burger, 1825-1884, Ilustrador||Instituto Alemão, Antigo possuidor|L. 6236 A.||http://id.bnportugal.gov.pt/bib/catbnp/381189|Livre
381189|https://purl.pt/19851||Livro impresso|Português||Os Lusíadas de Luiz de Camões|edição critica-commemorativa do Terceiro Centenario da Morte do Grande Poeta||1.ª ed.|Leipzig : Giesecke & Devrient|1880|1880|8, LVI, 375, XCII p.|Luís de Camões, 1524-1580||José da Silva Mendes Leal, 1820-1886, Autor|Emílio Biel, 1838-1915, Editor literário ; Ludwig Burger, 1825-1884, Ilustrador||Instituto Alemão, Antigo possuidor|L. 6236 A.||http://id.bnportugal.gov.pt/bib/catbnp/381189|Livre
381189|https://purl.pt/19851||Livro impresso|Português||Os Lusíadas de Luiz de Camões|edição critica-commemorativa do Terceiro Centenario da Morte do Grande Poeta||1.ª ed.|Leipzig : Giesecke & Devrient|1880|1880|8, LVI, 375, XCII p.|Luís de Camões, 1524-1580||José da Silva Mendes Leal, 1820-1886, Autor|Emílio Biel, 1838-1915, Editor literário ; Ludwig Burger, 1825-1884, Ilustrador||Instituto Alemão, Antigo possuidor|L. 6236 A.||http://id.bnportugal.gov.pt/bib/catbnp/381189|Livre
381189|https://purl.pt/19851||Livro impresso|Português||Os Lusíadas de Luiz de Camões|edição critica-commemorativa do Terceiro Centenario da Morte do Grande Poeta||1.ª ed.|Leipzig : Giesecke & Devrient|1880|1880|8, LVI, 375, XCII p.|Luís de Camões, 1524-1580||José da Silva Mendes Leal, 1820-1886, Autor|Emílio Biel, 1838-1915, Editor literário ; Ludwig Burger, 1825-1884, Ilustrador||Instituto Alemão, Antigo possuidor|L. 6236 A.||http://id.bnportugal.gov.pt/bib/catbnp/381189|Livre
381189|https://purl.pt/19851||Livro impresso|Português||Os Lusíadas de Luiz de Camões|edição critica-commemorativa do Terceiro Centenario da Morte do Grande Poeta||1.ª ed.|Leipzig : Giesecke & Devrient|1880|1880|8, LVI, 375, XCII p.|Luís de Camões, 1524-1580||José da Silva Mendes Leal, 1820-1886, Autor|Emílio Biel, 1838-1915, Editor literário ; Ludwig Burger, 1825-1884, Ilustrador||Instituto Alemão, Antigo possuidor|L. 6236 A.||http://id.bnportugal.gov.pt/bib/catbnp/381189|Livre
381189|https://purl.pt/19851||Livro impresso|Português||Os Lusíadas de Luiz de Camões|edição critica-commemorativa do Terceiro Centenario da Morte do Grande Poeta||1.ª ed.|Leipzig : Giesecke & Devrient|1880|1880|8, LVI, 375, XCII p.|Luís de Camões, 1524-1580||José da Silva Mendes Leal, 1820-1886, Autor|Emílio Biel, 1838-1915, Editor literário ; Ludwig Burger, 1825-1884, Ilustrador||Instituto Alemão, Antigo possuidor|L. 6236 A.||http://id.bnportugal.gov.pt/bib/catbnp/381189|Livre
381189|https://purl.pt/19851||Livro impresso|Português||Os Lusíadas de Luiz de Camões|edição critica-commemorativa do Terceiro Centenario da Morte do Grande Poeta||1.ª ed.|Leipzig : Giesecke & Devrient|1880|1880|8, LVI, 375, XCII p.|Luís de Camões, 1524-1580||José da Silva Mendes Leal, 1820-1886, Autor|Emílio Biel, 1838-1915, Editor literário ; Ludwig Burger, 1825-1884, Ilustrador||Instituto Alemão, Antigo possuidor|L. 6236 A.||http://id.bnportugal.gov.pt/bib/catbnp/381189|Livre
381189|https://purl.pt/19851||Livro impresso|Português||Os Lusíadas de Luiz de Camões|edição critica-commemorativa do Terceiro Centenario da Morte do Grande Poeta||1.ª ed.|Leipzig : Giesecke & Devrient|1880|1880|8, LVI, 375, XCII p.|Luís de Camões, 1524-1580||José da Silva Mendes Leal, 1820-1886, Autor|Emílio Biel, 1838-1915, Editor literário ; Ludwig Burger, 1825-1884, Ilustrador||Instituto Alemão, Antigo possuidor|L. 6236 A.||http://id.bnportugal.gov.pt/bib/catbnp/381189|Livre
381189|https://purl.pt/19851||Livro impresso|Português||Os Lusíadas de Luiz de Camões|edição critica-commemorativa do Terceiro Centenario da Morte do Grande Poeta||1.ª ed.|Leipzig : Giesecke & Devrient|1880|1880|8, LVI, 375, XCII p.|Luís de Camões, 1524-1580||José da Silva Mendes Leal, 1820-1886, Autor|Emílio Biel, 1838-1915, Editor literário ; Ludwig Burger, 1825-1884, Ilustrador||Instituto Alemão, Antigo possuidor|L. 6236 A.||http://id.bnportugal.gov.pt/bib/catbnp/381189|Livre
381189|https://purl.pt/19851||Livro impresso|Português||Os Lusíadas de Luiz de Camões|edição critica-commemorativa do Terceiro Centenario da Morte do Grande Poeta||1.ª ed.|Leipzig : Giesecke & Devrient|1880|1880|8, LVI, 375, XCII p.|Luís de Camões, 1524-1580||José da Silva Mendes Leal, 1820-1886, Autor|Emílio Biel, 1838-1915, Editor literário ; Ludwig Burger, 1825-1884, Ilustrador||Instituto Alemão, Antigo possuidor|L. 6236 A.||http://id.bnportugal.gov.pt/bib/catbnp/381189|Livre
381189|https://purl.pt/19851||Livro impresso|Português||Os Lusíadas de Luiz de Camões|edição critica-commemorativa do Terceiro Centenario da Morte do Grande Poeta||1.ª ed.|Leipzig : Giesecke & Devrient|1880|1880|8, LVI, 375, XCII p.|Luís de Camões, 1524-1580||José da Silva Mendes Leal, 1820-1886, Autor|Emílio Biel, 1838-1915, Editor literário ; Ludwig Burger, 1825-1884, Ilustrador||Instituto Alemão, Antigo possuidor|L. 6236 A.||http://id.bnportugal.gov.pt/bib/catbnp/381189|Livre
381297|https://purl.pt/37881||Livro impresso|Português||Os Lusíadas|poema épico de Luis de Camões||Nova edição correcta e dada á luz por D. Iosé Maria de Souza-Botelho, Morgado de Mattheus, Socio da Academia Real das Sciencias de Lisboa|Paris : na Officina Typographica de Firmin Didot, impressor do Rei, e do Instituto|1817|1817|10, CXXX, 2 br., 413, 1 br., 10, 2 br. p.|Luís de Camões, 1524-1580|||Firmin Didot, fl. 1789-1829, Impressor ; Morgado de Mateus, 1758-1825, Editor literário|||F.R. 343||http://id.bnportugal.gov.pt/bib/catbnp/381297|Livre
381297|https://purl.pt/37881||Livro impresso|Português||Os Lusíadas|poema épico de Luis de Camões||Nova edição correcta e dada á luz por D. Iosé Maria de Souza-Botelho, Morgado de Mattheus, Socio da Academia Real das Sciencias de Lisboa|Paris : na Officina Typographica de Firmin Didot, impressor do Rei, e do Instituto|1817|1817|10, CXXX, 2 br., 413, 1 br., 10, 2 br. p.|Luís de Camões, 1524-1580|||Firmin Didot, fl. 1789-1829, Impressor ; Morgado de Mateus, 1758-1825, Editor literário|||F.R. 343||http://id.bnportugal.gov.pt/bib/catbnp/381297|Livre
381297|https://purl.pt/37881||Livro impresso|Português||Os Lusíadas|poema épico de Luis de Camões||Nova edição correcta e dada á luz por D. Iosé Maria de Souza-Botelho, Morgado de Mattheus, Socio da Academia Real das Sciencias de Lisboa|Paris : na Officina Typographica de Firmin Didot, impressor do Rei, e do Instituto|1817|1817|10, CXXX, 2 br., 413, 1 br., 10, 2 br. p.|Luís de Camões, 1524-1580|||Firmin Didot, fl. 1789-1829, Impressor ; Morgado de Mateus, 1758-1825, Editor literário|||F.R. 343||http://id.bnportugal.gov.pt/bib/catbnp/381297|Livre
381297|https://purl.pt/37881||Livro impresso|Português||Os Lusíadas|poema épico de Luis de Camões||Nova edição correcta e dada á luz por D. Iosé Maria de Souza-Botelho, Morgado de Mattheus, Socio da Academia Real das Sciencias de Lisboa|Paris : na Officina Typographica de Firmin Didot, impressor do Rei, e do Instituto|1817|1817|10, CXXX, 2 br., 413, 1 br., 10, 2 br. p.|Luís de Camões, 1524-1580|||Firmin Didot, fl. 1789-1829, Impressor ; Morgado de Mateus, 1758-1825, Editor literário|||F.R. 343||http://id.bnportugal.gov.pt/bib/catbnp/381297|Livre
381297|https://purl.pt/37881||Livro impresso|Português||Os Lusíadas|poema épico de Luis de Camões||Nova edição correcta e dada á luz por D. Iosé Maria de Souza-Botelho, Morgado de Mattheus, Socio da Academia Real das Sciencias de Lisboa|Paris : na Officina Typographica de Firmin Didot, impressor do Rei, e do Instituto|1817|1817|10, CXXX, 2 br., 413, 1 br., 10, 2 br. p.|Luís de Camões, 1524-1580|||Firmin Didot, fl. 1789-1829, Impressor ; Morgado de Mateus, 1758-1825, Editor literário|||F.R. 343||http://id.bnportugal.gov.pt/bib/catbnp/381297|Livre
381297|https://purl.pt/37881||Livro impresso|Português||Os Lusíadas|poema épico de Luis de Camões||Nova edição correcta e dada á luz por D. Iosé Maria de Souza-Botelho, Morgado de Mattheus, Socio da Academia Real das Sciencias de Lisboa|Paris : na Officina Typographica de Firmin Didot, impressor do Rei, e do Instituto|1817|1817|10, CXXX, 2 br., 413, 1 br., 10, 2 br. p.|Luís de Camões, 1524-1580|||Firmin Didot, fl. 1789-1829, Impressor ; Morgado de Mateus, 1758-1825, Editor literário|||F.R. 343||http://id.bnportugal.gov.pt/bib/catbnp/381297|Livre
381297|https://purl.pt/37881||Livro impresso|Português||Os Lusíadas|poema épico de Luis de Camões||Nova edição correcta e dada á luz por D. Iosé Maria de Souza-Botelho, Morgado de Mattheus, Socio da Academia Real das Sciencias de Lisboa|Paris : na Officina Typographica de Firmin Didot, impressor do Rei, e do Instituto|1817|1817|10, CXXX, 2 br., 413, 1 br., 10, 2 br. p.|Luís de Camões, 1524-1580|||Firmin Didot, fl. 1789-1829, Impressor ; Morgado de Mateus, 1758-1825, Editor literário|||F.R. 343||http://id.bnportugal.gov.pt/bib/catbnp/381297|Livre
381297|https://purl.pt/37881||Livro impresso|Português||Os Lusíadas|poema épico de Luis de Camões||Nova edição correcta e dada á luz por D. Iosé Maria de Souza-Botelho, Morgado de Mattheus, Socio da Academia Real das Sciencias de Lisboa|Paris : na Officina Typographica de Firmin Didot, impressor do Rei, e do Instituto|1817|1817|10, CXXX, 2 br., 413, 1 br., 10, 2 br. p.|Luís de Camões, 1524-1580|||Firmin Didot, fl. 1789-1829, Impressor ; Morgado de Mateus, 1758-1825, Editor literário|||F.R. 343||http://id.bnportugal.gov.pt/bib/catbnp/381297|Livre
381297|https://purl.pt/37881||Livro impresso|Português||Os Lusíadas|poema épico de Luis de Camões||Nova edição correcta e dada á luz por D. Iosé Maria de Souza-Botelho, Morgado de Mattheus, Socio da Academia Real das Sciencias de Lisboa|Paris : na Officina Typographica de Firmin Didot, impressor do Rei, e do Instituto|1817|1817|10, CXXX, 2 br., 413, 1 br., 10, 2 br. p.|Luís de Camões, 1524-1580|||Firmin Didot, fl. 1789-1829, Impressor ; Morgado de Mateus, 1758-1825, Editor literário|||F.R. 343||http://id.bnportugal.gov.pt/bib/catbnp/381297|Livre
381297|https://purl.pt/37881||Livro impresso|Português||Os Lusíadas|poema épico de Luis de Camões||Nova edição correcta e dada á luz por D. Iosé Maria de Souza-Botelho, Morgado de Mattheus, Socio da Academia Real das Sciencias de Lisboa|Paris : na Officina Typographica de Firmin Didot, impressor do Rei, e do Instituto|1817|1817|10, CXXX, 2 br., 413, 1 br., 10, 2 br. p.|Luís de Camões, 1524-1580|||Firmin Didot, fl. 1789-1829, Impressor ; Morgado de Mateus, 1758-1825, Editor literário|||F.R. 343||http://id.bnportugal.gov.pt/bib/catbnp/381297|Livre
381297|https://purl.pt/37881||Livro impresso|Português||Os Lusíadas|poema épico de Luis de Camões||Nova edição correcta e dada á luz por D. Iosé Maria de Souza-Botelho, Morgado de Mattheus, Socio da Academia Real das Sciencias de Lisboa|Paris : na Officina Typographica de Firmin Didot, impressor do Rei, e do Instituto|1817|1817|10, CXXX, 2 br., 413, 1 br., 10, 2 br. p.|Luís de Camões, 1524-1580|||Firmin Didot, fl. 1789-1829, Impressor ; Morgado de Mateus, 1758-1825, Editor literário|||F.R. 343||http://id.bnportugal.gov.pt/bib/catbnp/381297|Livre
381297|https://purl.pt/37881||Livro impresso|Português||Os Lusíadas|poema épico de Luis de Camões||Nova edição correcta e dada á luz por D. Iosé Maria de Souza-Botelho, Morgado de Mattheus, Socio da Academia Real das Sciencias de Lisboa|Paris : na Officina Typographica de Firmin Didot, impressor do Rei, e do Instituto|1817|1817|10, CXXX, 2 br., 413, 1 br., 10, 2 br. p.|Luís de Camões, 1524-1580|||Firmin Didot, fl. 1789-1829, Impressor ; Morgado de Mateus, 1758-1825, Editor literário|||F.R. 343||http://id.bnportugal.gov.pt/bib/catbnp/381297|Livre
381496|https://purl.pt/37776||Livro impresso|Português ; Francês||Os Lusíadas|poema épico em dez cantos...||1.ª ed.|Lisboa : Imprensa Nacional|1878|1878|XXXVIII, 337 p.|Luís de Camões, 1524-1580|||Fernando de Azevedo e Silva, 1845-1924, Tradutor ; Pinheiro Chagas, 1842-1895, Autor da introdução, etc. ; Soares dos Reis, 1847-1889, Ilustrador ; Aristides Abranches, 1832-1892, Director ; Duarte Joaquim dos Santos, ?-1855, Director ; João Pedroso, 1823-1890, Gravador (aguafortista)|||CAM. 34 A.||http://id.bnportugal.gov.pt/bib/catbnp/381496|Livre
381496|https://purl.pt/37776||Livro impresso|Português ; Francês||Os Lusíadas|poema épico em dez cantos...||1.ª ed.|Lisboa : Imprensa Nacional|1878|1878|XXXVIII, 337 p.|Luís de Camões, 1524-1580|||Fernando de Azevedo e Silva, 1845-1924, Tradutor ; Pinheiro Chagas, 1842-1895, Autor da introdução, etc. ; Soares dos Reis, 1847-1889, Ilustrador ; Aristides Abranches, 1832-1892, Director ; Duarte Joaquim dos Santos, ?-1855, Director ; João Pedroso, 1823-1890, Gravador (aguafortista)|||CAM. 34 A.||http://id.bnportugal.gov.pt/bib/catbnp/381496|Livre
381496|https://purl.pt/37776||Livro impresso|Português ; Francês||Os Lusíadas|poema épico em dez cantos...||1.ª ed.|Lisboa : Imprensa Nacional|1878|1878|XXXVIII, 337 p.|Luís de Camões, 1524-1580|||Fernando de Azevedo e Silva, 1845-1924, Tradutor ; Pinheiro Chagas, 1842-1895, Autor da introdução, etc. ; Soares dos Reis, 1847-1889, Ilustrador ; Aristides Abranches, 1832-1892, Director ; Duarte Joaquim dos Santos, ?-1855, Director ; João Pedroso, 1823-1890, Gravador (aguafortista)|||CAM. 34 A.||http://id.bnportugal.gov.pt/bib/catbnp/381496|Livre
381496|https://purl.pt/37776||Livro impresso|Português ; Francês||Os Lusíadas|poema épico em dez cantos...||1.ª ed.|Lisboa : Imprensa Nacional|1878|1878|XXXVIII, 337 p.|Luís de Camões, 1524-1580|||Fernando de Azevedo e Silva, 1845-1924, Tradutor ; Pinheiro Chagas, 1842-1895, Autor da introdução, etc. ; Soares dos Reis, 1847-1889, Ilustrador ; Aristides Abranches, 1832-1892, Director ; Duarte Joaquim dos Santos, ?-1855, Director ; João Pedroso, 1823-1890, Gravador (aguafortista)|||CAM. 34 A.||http://id.bnportugal.gov.pt/bib/catbnp/381496|Livre
381496|https://purl.pt/37776||Livro impresso|Português ; Francês||Os Lusíadas|poema épico em dez cantos...||1.ª ed.|Lisboa : Imprensa Nacional|1878|1878|XXXVIII, 337 p.|Luís de Camões, 1524-1580|||Fernando de Azevedo e Silva, 1845-1924, Tradutor ; Pinheiro Chagas, 1842-1895, Autor da introdução, etc. ; Soares dos Reis, 1847-1889, Ilustrador ; Aristides Abranches, 1832-1892, Director ; Duarte Joaquim dos Santos, ?-1855, Director ; João Pedroso, 1823-1890, Gravador (aguafortista)|||CAM. 34 A.||http://id.bnportugal.gov.pt/bib/catbnp/381496|Livre
381496|https://purl.pt/37776||Livro impresso|Português ; Francês||Os Lusíadas|poema épico em dez cantos...||1.ª ed.|Lisboa : Imprensa Nacional|1878|1878|XXXVIII, 337 p.|Luís de Camões, 1524-1580|||Fernando de Azevedo e Silva, 1845-1924, Tradutor ; Pinheiro Chagas, 1842-1895, Autor da introdução, etc. ; Soares dos Reis, 1847-1889, Ilustrador ; Aristides Abranches, 1832-1892, Director ; Duarte Joaquim dos Santos, ?-1855, Director ; João Pedroso, 1823-1890, Gravador (aguafortista)|||CAM. 34 A.||http://id.bnportugal.gov.pt/bib/catbnp/381496|Livre
381496|https://purl.pt/37776||Livro impresso|Português ; Francês||Os Lusíadas|poema épico em dez cantos...||1.ª ed.|Lisboa : Imprensa Nacional|1878|1878|XXXVIII, 337 p.|Luís de Camões, 1524-1580|||Fernando de Azevedo e Silva, 1845-1924, Tradutor ; Pinheiro Chagas, 1842-1895, Autor da introdução, etc. ; Soares dos Reis, 1847-1889, Ilustrador ; Aristides Abranches, 1832-1892, Director ; Duarte Joaquim dos Santos, ?-1855, Director ; João Pedroso, 1823-1890, Gravador (aguafortista)|||CAM. 34 A.||http://id.bnportugal.gov.pt/bib/catbnp/381496|Livre
381496|https://purl.pt/37776||Livro impresso|Português ; Francês||Os Lusíadas|poema épico em dez cantos...||1.ª ed.|Lisboa : Imprensa Nacional|1878|1878|XXXVIII, 337 p.|Luís de Camões, 1524-1580|||Fernando de Azevedo e Silva, 1845-1924, Tradutor ; Pinheiro Chagas, 1842-1895, Autor da introdução, etc. ; Soares dos Reis, 1847-1889, Ilustrador ; Aristides Abranches, 1832-1892, Director ; Duarte Joaquim dos Santos, ?-1855, Director ; João Pedroso, 1823-1890, Gravador (aguafortista)|||CAM. 34 A.||http://id.bnportugal.gov.pt/bib/catbnp/381496|Livre
381496|https://purl.pt/37776||Livro impresso|Português ; Francês||Os Lusíadas|poema épico em dez cantos...||1.ª ed.|Lisboa : Imprensa Nacional|1878|1878|XXXVIII, 337 p.|Luís de Camões, 1524-1580|||Fernando de Azevedo e Silva, 1845-1924, Tradutor ; Pinheiro Chagas, 1842-1895, Autor da introdução, etc. ; Soares dos Reis, 1847-1889, Ilustrador ; Aristides Abranches, 1832-1892, Director ; Duarte Joaquim dos Santos, ?-1855, Director ; João Pedroso, 1823-1890, Gravador (aguafortista)|||CAM. 34 A.||http://id.bnportugal.gov.pt/bib/catbnp/381496|Livre
381496|https://purl.pt/37776||Livro impresso|Português ; Francês||Os Lusíadas|poema épico em dez cantos...||1.ª ed.|Lisboa : Imprensa Nacional|1878|1878|XXXVIII, 337 p.|Luís de Camões, 1524-1580|||Fernando de Azevedo e Silva, 1845-1924, Tradutor ; Pinheiro Chagas, 1842-1895, Autor da introdução, etc. ; Soares dos Reis, 1847-1889, Ilustrador ; Aristides Abranches, 1832-1892, Director ; Duarte Joaquim dos Santos, ?-1855, Director ; João Pedroso, 1823-1890, Gravador (aguafortista)|||CAM. 34 A.||http://id.bnportugal.gov.pt/bib/catbnp/381496|Livre
381496|https://purl.pt/37776||Livro impresso|Português ; Francês||Os Lusíadas|poema épico em dez cantos...||1.ª ed.|Lisboa : Imprensa Nacional|1878|1878|XXXVIII, 337 p.|Luís de Camões, 1524-1580|||Fernando de Azevedo e Silva, 1845-1924, Tradutor ; Pinheiro Chagas, 1842-1895, Autor da introdução, etc. ; Soares dos Reis, 1847-1889, Ilustrador ; Aristides Abranches, 1832-1892, Director ; Duarte Joaquim dos Santos, ?-1855, Director ; João Pedroso, 1823-1890, Gravador (aguafortista)|||CAM. 34 A.||http://id.bnportugal.gov.pt/bib/catbnp/381496|Livre
384309|https://purl.pt/15053||Livro impresso|Espanhol||Corona poetica y literaria dedicada a Luiz de Camões en la conmemoracion del tricentenario de su muerte por la literatura y artes de España|||1.ª ed.|Lisboa : Tip. Luso-Hespanhola de D. Gumersindo de la Rosa : 1880|1880|1880|12 p.|||||||CAM. 138 A.||http://id.bnportugal.gov.pt/bib/catbnp/384309|Livre
384309|https://purl.pt/15053||Livro impresso|Espanhol||Corona poetica y literaria dedicada a Luiz de Camões en la conmemoracion del tricentenario de su muerte por la literatura y artes de España|||1.ª ed.|Lisboa : Tip. Luso-Hespanhola de D. Gumersindo de la Rosa : 1880|1880|1880|12 p.|||||||CAM. 138 A.||http://id.bnportugal.gov.pt/bib/catbnp/384309|Livre
384309|https://purl.pt/15053||Livro impresso|Espanhol||Corona poetica y literaria dedicada a Luiz de Camões en la conmemoracion del tricentenario de su muerte por la literatura y artes de España|||1.ª ed.|Lisboa : Tip. Luso-Hespanhola de D. Gumersindo de la Rosa : 1880|1880|1880|12 p.|||||||CAM. 138 A.||http://id.bnportugal.gov.pt/bib/catbnp/384309|Livre
410603|https://purl.pt/25652||Livro impresso|Português||Programa da celebração em Lisboa do Tricentenário de Luís de Camões|||1.ª ed.|Lisboa : Tip. Universal|1880|1880|8 p.|||||||CAM. 89 A.||http://id.bnportugal.gov.pt/bib/catbnp/410603|Livre
475467|https://purl.pt/26367||Livro impresso|Português||Alma minha!|melodia para piano e canto||1.ª ed.|Lisboa : Imp. Nacional|1881|1881|2 f.|Amélia Augusta de Azevedo, 1840-1913||Luís de Camões, 1524-1580||||CAM. 84//3 A.||http://id.bnportugal.gov.pt/bib/catbnp/475467|Livre
640093|https://purl.pt/5416||Iconografia|Português||Mosteiro dos Jerónimos|||1.ª ed.|S.l. : s.n.|1937|1937|1 gravura|Pedro Jorge Pinto, 1900-1983||||||PURL 5416/0||http://id.bnportugal.gov.pt/bib/catbnp/640093|Interno
765484|https://purl.pt/21930||Livro impresso|Português||Rimas|||Agora nouamente emendadas nesta vltima impressaõ|Em Lisboa : por Lourenço Craesbeck|1632|1632|2 t.|Luís de Camões, 1524-1580|||Diogo Bernardes, ca 1530-1596, Autor ; Diogo Taborda Leitão, 15--, Autor ; João Gomes do Pego, ?-1660, Autor ; Diogo Henriques de Vilhegas, depois de 1580-1671, Autor ; Gonçalo Coutinho, ca 1560-1634, Autor ; Martim Gonçalves da Câmara, ?-1578, Autor ;  Castelo Rodrigo, Personalidade a quem é dedicada a obra ; Luís de Sousa, fl. 1632, Personalidade a quem é dedicada a obra ; Lourenço Craesbeeck, 1599-1673, Autor da dedicatória ; Paulo Craesbeeck, 1605-1664, Autor da dedicatória ; Tomás Norton, 1804-1860, Antigo possuidor|||CAM. 38//2 P.|PATRIMONIA2|http://id.bnportugal.gov.pt/bib/catbnp/765484|Livre
765484|https://purl.pt/21930||Livro impresso|Português||Rimas|||Agora nouamente emendadas nesta vltima impressaõ|Em Lisboa : por Lourenço Craesbeck|1632|1632|2 t.|Luís de Camões, 1524-1580|||Diogo Bernardes, ca 1530-1596, Autor ; Diogo Taborda Leitão, 15--, Autor ; João Gomes do Pego, ?-1660, Autor ; Diogo Henriques de Vilhegas, depois de 1580-1671, Autor ; Gonçalo Coutinho, ca 1560-1634, Autor ; Martim Gonçalves da Câmara, ?-1578, Autor ;  Castelo Rodrigo, Personalidade a quem é dedicada a obra ; Luís de Sousa, fl. 1632, Personalidade a quem é dedicada a obra ; Lourenço Craesbeeck, 1599-1673, Autor da dedicatória ; Paulo Craesbeeck, 1605-1664, Autor da dedicatória ; Tomás Norton, 1804-1860, Antigo possuidor|||CAM. 38//2 P.|PATRIMONIA2|http://id.bnportugal.gov.pt/bib/catbnp/765484|Livre
808818|https://purl.pt/15027||Livro impresso|Português||Inês de Castro|tricentenário de Camões||1.ª ed.|Lisboa : Tip. Castro & Irmão|1880|1880|135 p.|Aníbal Fernandes Tomás, 1849-1911|||Luís de Camões, 1524-1580, Antecedente bibliográfico ; Eduardo Freire de Oliveira, 1841-1916, Antigo possuidor|||CAM. 97 V.||http://id.bnportugal.gov.pt/bib/catbnp/808818|Livre
808818|https://purl.pt/15027||Livro impresso|Português||Inês de Castro|tricentenário de Camões||1.ª ed.|Lisboa : Tip. Castro & Irmão|1880|1880|135 p.|Aníbal Fernandes Tomás, 1849-1911|||Luís de Camões, 1524-1580, Antecedente bibliográfico ; Eduardo Freire de Oliveira, 1841-1916, Antigo possuidor|||CAM. 97 V.||http://id.bnportugal.gov.pt/bib/catbnp/808818|Livre
808818|https://purl.pt/15027||Livro impresso|Português||Inês de Castro|tricentenário de Camões||1.ª ed.|Lisboa : Tip. Castro & Irmão|1880|1880|135 p.|Aníbal Fernandes Tomás, 1849-1911|||Luís de Camões, 1524-1580, Antecedente bibliográfico ; Eduardo Freire de Oliveira, 1841-1916, Antigo possuidor|||CAM. 97 V.||http://id.bnportugal.gov.pt/bib/catbnp/808818|Livre
865343|https://purl.pt/26342||Periódico|Português||O Biographo|jornal da historia abreviada dos homens celebres||1.ª ed.|Lisboa : Typ. de A. J. da Costa|1838|1838||||||||J. 31 B.||http://id.bnportugal.gov.pt/bib/catbnp/865343|Livre
2194758|https://purl.pt/44208||Livro impresso|Português||A Camões, 10 de Junho de 1580-10 de Junho de 1880|número de homenagem de "O Atlântico" no tricentenário de Camões||1.ª ed.|Lisboa : Empreza do Jornal da Noite|1880|1880|2 f.|||||||CAM. 80//2 A.||http://id.bnportugal.gov.pt/bib/catbnp/2194758|Livre
2194758|https://purl.pt/44208||Livro impresso|Português||A Camões, 10 de Junho de 1580-10 de Junho de 1880|número de homenagem de "O Atlântico" no tricentenário de Camões||1.ª ed.|Lisboa : Empreza do Jornal da Noite|1880|1880|2 f.|||||||CAM. 80//2 A.||http://id.bnportugal.gov.pt/bib/catbnp/2194758|Livre
2194758|https://purl.pt/44208||Livro impresso|Português||A Camões, 10 de Junho de 1580-10 de Junho de 1880|número de homenagem de "O Atlântico" no tricentenário de Camões||1.ª ed.|Lisboa : Empreza do Jornal da Noite|1880|1880|2 f.|||||||CAM. 80//2 A.||http://id.bnportugal.gov.pt/bib/catbnp/2194758|Livre
2194827|https://purl.pt/43905||Livro impresso|Português||Homenagem a Camões|número inaugural do "Diario Civilisador"||1.ª ed.|Lisboa : João Wager Russell Junior|1880|1880|2 f.|||||||CAM. 80//6 A.||http://id.bnportugal.gov.pt/bib/catbnp/2194827|Livre
2194848|https://purl.pt/43900||Livro impresso|Português||Tricentenário de Camões|número dedicado do "Diario de Portugal"||1.ª ed.|Lisboa : Typ. de Cristovão A. Rodrigues|1880|1880|2 f.|||||||CAM. 80//13 A.||http://id.bnportugal.gov.pt/bib/catbnp/2194848|Livre
2194859|https://purl.pt/44169||Livro impresso|Português||Homenagem a Luís de Camões|número dedicado do jornal "O Partido do Povo"||1.ª ed.|Lisboa : Typ. do "Partido do Povo"|1880|1880|2 f.|||||||CAM. 80//17 A.||http://id.bnportugal.gov.pt/bib/catbnp/2194859|Livre
2195077|https://purl.pt/44206||Livro impresso|Português||À memoria de Luiz de Camões no seu tricentenario em 10 de Junho de 1880|A Sentinella, semanario bracarense||1.ª ed.|Braga : Typographia de Gonçalves Gouvea|1880|1880|16 p., 1 grav. extratexto|||||||CAM. 80//41 A.||http://id.bnportugal.gov.pt/bib/catbnp/2195077|Livre
2195085|https://purl.pt/44170||Livro impresso|Português||Tricentenário de Camões|||1.ª ed.|Campinas : Typ. do Diario de Campinas|1880|1880|4 p.|||||||CAM. 80//69 A.||http://id.bnportugal.gov.pt/bib/catbnp/2195085|Livre
2195086|https://purl.pt/43942||Livro impresso|Português||Luiz de Camões|homenagem da Gazeta de Noticias||1.ª ed.|Rio de Janeiro : Typographia da Gazeta de Noticias|1880|1880|4 p.|||||||CAM. 80//70 A.||http://id.bnportugal.gov.pt/bib/catbnp/2195086|Livre
2195089|https://purl.pt/44323||Livro impresso|Português||O Sorvete á Camões|||1.ª ed.|Porto : Imprensa Litterario-Commercial|1880|1880|4 f.||||Sebastião de Sousa Sanhudo, 1851-1901, Editor comercial ; Sá de Albergaria, 1850-1922, Editor literário|||CAM. 215 A.||http://id.bnportugal.gov.pt/bib/catbnp/2195089|Livre
2195089|https://purl.pt/44323||Livro impresso|Português||O Sorvete á Camões|||1.ª ed.|Porto : Imprensa Litterario-Commercial|1880|1880|4 f.||||Sebastião de Sousa Sanhudo, 1851-1901, Editor comercial ; Sá de Albergaria, 1850-1922, Editor literário|||CAM. 215 A.||http://id.bnportugal.gov.pt/bib/catbnp/2195089|Livre
2195089|https://purl.pt/44323||Livro impresso|Português||O Sorvete á Camões|||1.ª ed.|Porto : Imprensa Litterario-Commercial|1880|1880|4 f.||||Sebastião de Sousa Sanhudo, 1851-1901, Editor comercial ; Sá de Albergaria, 1850-1922, Editor literário|||CAM. 215 A.||http://id.bnportugal.gov.pt/bib/catbnp/2195089|Livre
2195089|https://purl.pt/44323||Livro impresso|Português||O Sorvete á Camões|||1.ª ed.|Porto : Imprensa Litterario-Commercial|1880|1880|4 f.||||Sebastião de Sousa Sanhudo, 1851-1901, Editor comercial ; Sá de Albergaria, 1850-1922, Editor literário|||CAM. 215 A.||http://id.bnportugal.gov.pt/bib/catbnp/2195089|Livre
2195089|https://purl.pt/44323||Livro impresso|Português||O Sorvete á Camões|||1.ª ed.|Porto : Imprensa Litterario-Commercial|1880|1880|4 f.||||Sebastião de Sousa Sanhudo, 1851-1901, Editor comercial ; Sá de Albergaria, 1850-1922, Editor literário|||CAM. 215 A.||http://id.bnportugal.gov.pt/bib/catbnp/2195089|Livre
2195089|https://purl.pt/44323||Livro impresso|Português||O Sorvete á Camões|||1.ª ed.|Porto : Imprensa Litterario-Commercial|1880|1880|4 f.||||Sebastião de Sousa Sanhudo, 1851-1901, Editor comercial ; Sá de Albergaria, 1850-1922, Editor literário|||CAM. 215 A.||http://id.bnportugal.gov.pt/bib/catbnp/2195089|Livre
2195091|https://purl.pt/44319||Livro impresso|Português||Tricentenário de Luís de Camões|número dedicado de "O Dez de Março"||1.ª ed.|Porto : Typ. Fraga Lamares|1880|1880|2 f.|||||||CAM. 219 A.||http://id.bnportugal.gov.pt/bib/catbnp/2195091|Livre
2195211|https://purl.pt/44445||Livro impresso|Português||O Tricentenário de Luís de Camões nos "Annaes do Club Militar Naval"|||1.ª ed.|Lisboa : Typ. Universal|1880|1880|P. 205-228|||||||CAM. 379//6 V.||http://id.bnportugal.gov.pt/bib/catbnp/2195211|Livre
354066|https://purl.pt/14104||Livro impresso|Português||Os Lusiadas|||1.ª ed.|Impressas em Lisboa : a custa de Antonio Craesbeeck de Mello, impressor de Sua Alteza|1663|1663|4, 142, 2 f.|Luís de Camões, 1524-1580|||João Franco Barreto, 1600-post. 1674, Editor literário ; André Furtado de Mendonça, ?-1676, Personalidade a quem é dedicada a obra ; António Craesbeeck, 1640-1684, Autor da dedicatória ; Tomás Norton, 1804-1860, Antigo possuidor|||CAM. 44//1 P.|PATRIMONIA2|http://id.bnportugal.gov.pt/bib/catbnp/354066|Livre
370691|https://purl.pt/44628||Livro impresso|Português||Poesias lyricas|||1.ª ed.|Rio de Janeiro : s.n.|1880|1880|159 p.|Luís de Camões, 1524-1580||||||L. 25600 P.|CAM500|http://id.bnportugal.gov.pt/bib/catbnp/370691|Livre
397822|https://purl.pt/43741||Livro impresso|Português||Os Lusíadas|||Ed. comemorativa do IV Centenário do Descobrimento Marítimo da India|Lisboa : Typographia do Commercio|1898|1898|186 fls.|Luís de Camões, 1524-1580||||||CAM. 35 V.|CAM500|http://id.bnportugal.gov.pt/bib/catbnp/397822|Livre
397863|https://purl.pt/43931||Livro impresso|Português||A Ode de Luiz de Camões ao Conde do Redondo, restituida á sua primitiva licção|||Edição commemorativa do 4º anniversario do Tricentenario Camoniano|Lisboa : Typographia Elzeviriana|1884|1884|22, 2 p.|Luís de Camões, 1524-1580|||Xavier da Cunha, 1840-1920, Editor literário ; Alfredo de Carvalho, fl. 1884, Tipógrafo|||CAM. 69 V.|CAM500|http://id.bnportugal.gov.pt/bib/catbnp/397863|Livre
476957|https://purl.pt/43755||Livro impresso|Português||Os Lusiadas|||Ed. popular gratuita|Lisboa : Emp. do Diario de Noticias|1880|1880|17, 1 p.|Luís de Camões, 1524-1580||||||CAM. 25 A.|CAM500|http://id.bnportugal.gov.pt/bib/catbnp/476957|Livre
476957|https://purl.pt/43755||Livro impresso|Português||Os Lusiadas|||Ed. popular gratuita|Lisboa : Emp. do Diario de Noticias|1880|1880|17, 1 p.|Luís de Camões, 1524-1580||||||CAM. 25 A.|CAM500|http://id.bnportugal.gov.pt/bib/catbnp/476957|Livre
800863|https://purl.pt/42945||Livro impresso|Português||Rimas de João Xavier de Matos, entre os pastores da Arcadia Portuense Albano Erithreo, dedicadas à memoria do Grande Luiz de Camões, Principe dos Poetas Portugueses|||1.ª ed.|Lisboa : na Regia Off. Typ.|1800|1800|2 v.|João Xavier de Matos, 1730-1789|||Caetano de Lima e Melo, Editor literário|||CAM. 1058 P.|CAM500|http://id.bnportugal.gov.pt/bib/catbnp/800863|Livre
807675|https://purl.pt/43868||Livro impresso|Italiano|Português|O Soneto de Luis de Camões Alma minha gentil|||Edição de 200 exemplares numerados|Lisboa : Typ. Casa Portugueza|1884|1884|2 f.|Luís de Camões, 1524-1580|||Prospero Peragallo, 1823-1916, Tradutor|||CAM. 62//2 V.|CAM500|http://id.bnportugal.gov.pt/bib/catbnp/807675|Livre
874327|https://purl.pt/43876||Livro impresso|Francês||Épisode dInês de Castro, imité du portugais, de Camoens|||1.ª ed.|Porto : Circulo Camoniano|1890|1890|8 p.|Antoine de Cournand|||Aníbal Fernandes Tomás, 1849-1911|||CAM. 75//2 V.|CAM500|http://id.bnportugal.gov.pt/bib/catbnp/874327|Livre
1066418|https://purl.pt/43744||Livro impresso|Português ; Espanhol||Rimas varias|||1.ª ed.|Lisboa : en la Imprenta Craesbeeckiana|1689|1689|4, 207, 1 br., 339 p.|Luís de Camões, 1524-1580|||Garcia de Melo, ?- 1706, Personalidade a quem é dedicada a obra ; António Craesbeeck de Melo, fl. 1685, Autor da dedicatória ; Manuel de Faria e Sousa, 1590-1649, Comentador (em meio audiovisual) ;  Gama, fl. séc. 18, Antigo possuidor ; Joaquim José Ferreira Gordo, 1758-1838, Antigo possuidor ; Leão de Araújo Silva, fl. séc. 18, Antigo possuidor||Oficina Craesbeeckiana, Impressor|CAM. 10 A.|CAM500|http://id.bnportugal.gov.pt/bib/catbnp/1066418|Livre