id;pasta;volume;imagem;ncb2;url_pagina;Categoria-1;Categoria-2;Categoria-3;ncb;purl;capa;tipo de material;língua;língua da obra original;título;subtítulo;título original;edição;publicação;data da publicação;data da publicação2;dimensões;autor;autor - organização;co-autores;autores secundários;co-autores - organizações;autores secundários - organizações;cota;coleção;id persistente;acesso
7341;367428;1;1;36742811;https://permalinkbnd.bnportugal.gov.pt/viewer/272369/?offset=#page=1&viewer=picture&o=info&n=0&q=;Imagens | 1747;Cantos | 1748;Episódios - Camões na gruta de Macau | 1760;367428;https://purl.pt/43428;https://bndigital.bnportugal.gov.pt//i/?IIIF=/a3/eb/b0/67/a3ebb067-89f3-40ff-a518-1fc158846d4b/iiif/cam-479-p_0003.tif/full/!300,500/0/default.jpg;Livro impresso;Italiano;;I Lusiadi;poema;;1.ª ed.;Milano : Edoardo Sonzogno,editore;1882;1882;196 p.;Camões, Luís de, 1524-1580;;;Nervi, Antonio, 1760-1836, Tradutor;;;CAM. 479 P.;CAM500;http://id.bnportugal.gov.pt/bib/catbnp/367428;Livre
7342;381074;1;499;3810741499;https://permalinkbnd.bnportugal.gov.pt/viewer/274089/?offset=#page=499&viewer=picture&o=info&n=0&q=;Imagens | 1747;Cantos | 1748;Episódios - Visita do Rei de Melinde a Gama | 1761;381074;https://purl.pt/43747;https://bndigital.bnportugal.gov.pt//i/?IIIF=/7d/bb/9c/38/7dbb9c38-ff88-4f0e-8125-42d713ee62f7/iiif/cam-21-a_0007.tif/full/!300,500/0/default.jpg;Livro impresso;Português;;Os Lusíadas;edição consagrada a comemorar o terceiro centenário do poeta...;;1.ª ed.;Lisboa : Of. de Castro Irmão;1880;1880;XCIII, 422 p., 1 il.;Camões, Luís de, 1524-1580;;;"Coelho, Adolfo, 1847-1919, Revisor ; Ortigão, Ramalho, 1836-1915, Autor da introdução, etc. ; Montoro, Reinaldo Carlos, 1831-?, Autor da introdução, etc.";;Gabinete Português de Leitura, Editor literário;L. 94571 V.;CAM500;http://id.bnportugal.gov.pt/bib/catbnp/381074;Livre
7343;381465;1;644;3814651644;https://permalinkbnd.bnportugal.gov.pt/viewer/271573/?offset=#page=644&viewer=picture&o=info&n=0&q=;Imagens | 1747;Episódios | 1749;"Episódios - Concílio ""Conselho dos Deuses"" | 1762";381465;https://purl.pt/43233;https://bndigital.bnportugal.gov.pt//i/?IIIF=/1b/9b/a2/7b/1b9ba27b-8449-49d7-b8fa-ec3081a88a08/iiif/cam-30-a_0000_000005.tif/full/!300,500/0/default.jpg;Livro impresso;Português;;Os Lusíadas;profusamente illustrada com desenhos allegoricos...;;1.ª ed.;Lisboa : Silvestre Castanheiro;1898;1898;XXXIII, 599 p.;Camões, Luís de, 1524-1580;;;"Belo, António Mendes, 1842-1929, Comentador (em meio audiovisual) ; Chagas, Pinheiro, 1842-1895, Comentador (em meio audiovisual) ; Costa, José Fernandes, 1848-1920, Comentador (em meio audiovisual)";;;L. 5864 A.;CAM500;http://id.bnportugal.gov.pt/bib/catbnp/381465;Livre
7344;381468;1;8;38146818;https://permalinkbnd.bnportugal.gov.pt/viewer/274087/?offset=#page=8&viewer=picture&o=info&n=0&q=;Imagens | 1747;Cantos - Cantos I | 1750;Episódios - Sonho d'El-Rei D. Manuel, no qual lhe aparecem os rios Indo e Ganges | 1763;381468;https://purl.pt/43745;https://bndigital.bnportugal.gov.pt//i/?IIIF=/e0/20/89/c0/e02089c0-dfb3-4507-bf34-b897aa5b2b44/iiif/cam-33-a_0009.tif/full/!300,500/0/default.jpg;Livro impresso;Espanhol;Português;Os Lusiadas Los Portugueses;;;Edicion acompañada del legitimo texto portugues y de copiosas notas y noticias biograficas sobre el insigne poeta ibero;Badajoz : Establecimiento Tipográfico de José Santamaría;1873;1873;263, 1 p.;Camões, Luís de, 1524-1580;;;Soler y Arqués, Carlos, 1836-1896, Tradutor;;;CAM. 33 A.;CAM500;http://id.bnportugal.gov.pt/bib/catbnp/381468;Livre
7345;381701;1;11;381701111;https://permalinkbnd.bnportugal.gov.pt/viewer/281141/?offset=#page=11&viewer=picture&o=info&n=0&q=;Imagens | 1747;Cantos - Cantos II | 1751;Episódios - Assassínio de Inês de Castro | 1764;381701;https://purl.pt/43724;https://bndigital.bnportugal.gov.pt//i/?IIIF=/58/a8/a6/57/58a8a657-7fb2-4700-9b55-408036c37806/iiif/cam-40-a_0001.tif/full/!300,500/0/default.jpg;Livro impresso;Poliglota;Português;Inês de Castro;episódio extraído do canto terceiro do poema épico Os Lusíadas;;1.ª ed.;Lisboa : Imprensa Nacional;1873;1873;76 p.;Camões, Luís de, 1524-1580;;;;;;CAM. 40 A.;CAM500;http://id.bnportugal.gov.pt/bib/catbnp/381701;Livre
7346;381889;1;1;38188911;https://permalinkbnd.bnportugal.gov.pt/viewer/273118/?offset=#page=1&viewer=picture&o=info&n=0&q=;Imagens | 1747;Cantos - Cantos III | 1752;Episódios - Aparição do gigante Adamastor na passagem do Cabo de B. Esperança | 1765;381889;https://purl.pt/43659;https://bndigital.bnportugal.gov.pt//i/?IIIF=/5b/91/40/8a/5b91408a-4af1-4a94-bccc-2d03ee894a1c/iiif/cam-44-2-a_0000_000001.tif/full/!300,500/0/default.jpg;Periódico;Português;;Pérolas de Camões;publicação dedicada ao povo;;1.ª ed.;Lisboa : Lallement Fréres;1880;1880;;;;;;;Lallement Frères, Editor comercial;CAM. 44//2 A.;CAM500;http://id.bnportugal.gov.pt/bib/catbnp/381889;Livre
7347;381903;1;5;38190315;https://permalinkbnd.bnportugal.gov.pt/viewer/270037/?offset=#page=5&viewer=picture&o=info&n=0&q=;Imagens | 1747;Cantos - Cantos IV | 1753;Episódios - Vénus aplaca os Ventos e a tormenta | 1766;381903;https://purl.pt/42920;https://bndigital.bnportugal.gov.pt//i/?IIIF=/84/00/0c/50/84000c50-b90e-4a7c-aa5e-5cb3dfef4dab/iiif/cam-45-2-a_0000_000001.tif/full/!300,500/0/default.jpg;Periódico;Polaco;;Illustrowane Tygedniowe;;;1.ª ed.;;1880;1880;;;;;;;;CAM. 45//2 A.;CAM500;http://id.bnportugal.gov.pt/bib/catbnp/381903;Livre
7348;382749;1;7;38274917;https://permalinkbnd.bnportugal.gov.pt/viewer/270109/?offset=#page=7&viewer=picture&o=info&n=0&q=;Imagens | 1747;Cantos - Cantos V | 1754;Episódios - Desembarque de Gama em Calecut | 1767;382749;https://purl.pt/42835;https://bndigital.bnportugal.gov.pt//i/?IIIF=/60/58/22/4f/6058224f-9454-448f-8489-96a3a71253f5/iiif/cam-47-a_0000_000007.tif/full/!300,500/0/default.jpg;Livro impresso;Português;;Pretidão de amor;endechas a Bárbara escrava seguidas da respectiva tradução em várias línguas...;;1.ª ed.;Lisboa : Imprensa Nacional;1893;1893;2 v.;Camões, Luís de, 1524-1580;;;Cunha, Xavier da, 1840-1920, Autor da introdução, etc.;;;CAM. 270 V.;CAM500;http://id.bnportugal.gov.pt/bib/catbnp/382749;Livre
7349;382749;1;19;382749119;https://permalinkbnd.bnportugal.gov.pt/viewer/270109/?offset=#page=19&viewer=picture&o=info&n=0&q=;Imagens | 1747;Cantos - Cantos VI | 1755;Episódios - Segunda Audiência do Samorim a Gama | 1768;382749;https://purl.pt/42835;https://bndigital.bnportugal.gov.pt//i/?IIIF=/60/58/22/4f/6058224f-9454-448f-8489-96a3a71253f5/iiif/cam-47-a_0000_000007.tif/full/!300,500/0/default.jpg;Livro impresso;Português;;Pretidão de amor;endechas a Bárbara escrava seguidas da respectiva tradução em várias línguas...;;1.ª ed.;Lisboa : Imprensa Nacional;1893;1893;2 v.;Camões, Luís de, 1524-1580;;;Cunha, Xavier da, 1840-1920, Autor da introdução, etc.;;;CAM. 270 V.;CAM500;http://id.bnportugal.gov.pt/bib/catbnp/382749;Livre
7350;382749;1;23;382749123;https://permalinkbnd.bnportugal.gov.pt/viewer/270109/?offset=#page=23&viewer=picture&o=info&n=0&q=;Imagens | 1747;Cantos - Cantos VII | 1756;Episódios - Ilha de Vénus | 1769;382749;https://purl.pt/42835;https://bndigital.bnportugal.gov.pt//i/?IIIF=/60/58/22/4f/6058224f-9454-448f-8489-96a3a71253f5/iiif/cam-47-a_0000_000007.tif/full/!300,500/0/default.jpg;Livro impresso;Português;;Pretidão de amor;endechas a Bárbara escrava seguidas da respectiva tradução em várias línguas...;;1.ª ed.;Lisboa : Imprensa Nacional;1893;1893;2 v.;Camões, Luís de, 1524-1580;;;Cunha, Xavier da, 1840-1920, Autor da introdução, etc.;;;CAM. 270 V.;CAM500;http://id.bnportugal.gov.pt/bib/catbnp/382749;Livre
7351;382834;1;11;382834111;https://permalinkbnd.bnportugal.gov.pt/viewer/273316/?offset=#page=11&viewer=picture&o=info&n=0&q=;Imagens | 1747;Cantos - Cantos VIII | 1757;Episódios - Audiência d’El-Rei D. Manuel a Gama | 1770;382834;https://purl.pt/43815;https://bndigital.bnportugal.gov.pt//i/?IIIF=/b6/d0/71/c6/b6d071c6-e05d-4c17-96b2-07a62e35fb7f/iiif/cam-82-1-v_0000_000005.tif/full/!300,500/0/default.jpg;Livro impresso;Português;;Comemoração gloriosa da morte de Luiz de Camões 10 de Junho de 1889;;;1.ª ed.;Evora : Minerva Eborense de J. José Baptista, Rua d'Aviz;1889;1889;12, 4 p.;Barata, António Francisco, 1836-1910;;;Camões, Luís de, 1524-1580, Antecedente bibliográfico;;;CAM. 309//13 V.;CAM500;http://id.bnportugal.gov.pt/bib/catbnp/382834;Livre
7352;382844;1;3;38284413;https://permalinkbnd.bnportugal.gov.pt/viewer/271559/?offset=#page=3&viewer=picture&o=info&n=0&q=;Imagens | 1747;Cantos - Cantos IX | 1758;Episódios - Camões na gruta de Macau | 1760;382844;https://purl.pt/43227;https://bndigital.bnportugal.gov.pt//i/?IIIF=/be/12/df/5e/be12df5e-248d-4e0b-823f-bb93ea5db616/iiif/cam-2058-v_0001.tif/full/!300,500/0/default.jpg;Livro impresso;Português;;A Luiz de Camões;com notas curiosas e tres ineditos do poeta;;1.ª ed.;Evora : Tip. Minerva, de A.F. Barata;1880;1880;24 p.;Barata, António Francisco, 1836-1910;;;Camões, Luís de, 1524-1580, Antecedente bibliográfico;;;L. 599//32 A.;CAM500;http://id.bnportugal.gov.pt/bib/catbnp/382844;Livre
7353;382955;1;6;38295516;https://permalinkbnd.bnportugal.gov.pt/viewer/274171/?offset=#page=6&viewer=picture&o=info&n=0&q=;Imagens | 1747;Cantos - Cantos X | 1759;Episódios - Visita do Rei de Melinde a Gama | 1761;382955;https://purl.pt/43816;https://bndigital.bnportugal.gov.pt//i/?IIIF=/df/8e/1b/e5/df8e1be5-0f74-4fdb-9b58-5bfa696ca99d/iiif/cam-53-5-a_0001.tif/full/!300,500/0/default.jpg;Livro impresso;Português;;Auto da cunhagem da medalha comemorativa das festas da Grande Comissão Portuense...;;;1.ª ed.;Porto : s. n.;1880;1880;;;Grande Comissão Portuense;;Camões, Luís de, 1524-1580, Antecedente bibliográfico;;;CAM. 53//5 A.;CAM500;http://id.bnportugal.gov.pt/bib/catbnp/382955;Livre
7354;382972;1;14;382972114;https://permalinkbnd.bnportugal.gov.pt/viewer/274229/?offset=#page=14&viewer=picture&o=info&n=0&q=;Imagens | 1747;Cantos | 1748;"Episódios - Concílio ""Conselho dos Deuses"" | 1762";382972;https://purl.pt/43819;https://bndigital.bnportugal.gov.pt//i/?IIIF=/80/3b/b9/df/803bb9df-b4de-496a-adbc-25a9d95b3638/iiif/cam-55-a_0007.tif/full/!300,500/0/default.jpg;Livro impresso;Português;;Surrexit;homenagem a Luís de Camões;;1.ª ed.;Lisboa : Imprensa Nacional;1880;1880;;Ribeiro, Tomás, 1831-1901;;;;;;CAM. 55 A.;CAM500;http://id.bnportugal.gov.pt/bib/catbnp/382972;Livre
7355;382978;1;7;38297817;https://permalinkbnd.bnportugal.gov.pt/viewer/274235/?offset=#page=7&viewer=picture&o=info&n=0&q=;Imagens | 1747;Cantos | 1748;Episódios - Sonho d'El-Rei D. Manuel, no qual lhe aparecem os rios Indo e Ganges | 1763;382978;https://purl.pt/43823;https://bndigital.bnportugal.gov.pt//i/?IIIF=/8a/04/06/d1/8a0406d1-dcdf-40af-9ba2-5fa354405f51/iiif/cam-56-a_0001.tif/full/!300,500/0/default.jpg;Livro impresso;Português;;Programa da celebração em Lisboa do terceiro centenário de Luís de Camões;comemoração promovida pela imprensa jornalística auxiliada pela Câmara Municipal;;1.ª ed.;Lisboa : Tip. Universal;1880;1880;8 p.;;;;Camões, Luís de, 1524-1580, Antecedente bibliográfico;;;CAM. 134 A.;CAM500;http://id.bnportugal.gov.pt/bib/catbnp/382978;Livre
7356;382978;1;13;382978113;https://permalinkbnd.bnportugal.gov.pt/viewer/274235/?offset=#page=13&viewer=picture&o=info&n=0&q=;Imagens | 1747;Episódios | 1749;Episódios - Assassínio de Inês de Castro | 1764;382978;https://purl.pt/43823;https://bndigital.bnportugal.gov.pt//i/?IIIF=/8a/04/06/d1/8a0406d1-dcdf-40af-9ba2-5fa354405f51/iiif/cam-56-a_0001.tif/full/!300,500/0/default.jpg;Livro impresso;Português;;Programa da celebração em Lisboa do terceiro centenário de Luís de Camões;comemoração promovida pela imprensa jornalística auxiliada pela Câmara Municipal;;1.ª ed.;Lisboa : Tip. Universal;1880;1880;8 p.;;;;Camões, Luís de, 1524-1580, Antecedente bibliográfico;;;CAM. 134 A.;CAM500;http://id.bnportugal.gov.pt/bib/catbnp/382978;Livre
7357;382978;1;15;382978115;https://permalinkbnd.bnportugal.gov.pt/viewer/274235/?offset=#page=15&viewer=picture&o=info&n=0&q=;Imagens | 1747;Cantos - Cantos I | 1750;Episódios - Aparição do gigante Adamastor na passagem do Cabo de B. Esperança | 1765;382978;https://purl.pt/43823;https://bndigital.bnportugal.gov.pt//i/?IIIF=/8a/04/06/d1/8a0406d1-dcdf-40af-9ba2-5fa354405f51/iiif/cam-56-a_0001.tif/full/!300,500/0/default.jpg;Livro impresso;Português;;Programa da celebração em Lisboa do terceiro centenário de Luís de Camões;comemoração promovida pela imprensa jornalística auxiliada pela Câmara Municipal;;1.ª ed.;Lisboa : Tip. Universal;1880;1880;8 p.;;;;Camões, Luís de, 1524-1580, Antecedente bibliográfico;;;CAM. 134 A.;CAM500;http://id.bnportugal.gov.pt/bib/catbnp/382978;Livre
7358;382981;1;9;38298119;https://permalinkbnd.bnportugal.gov.pt/viewer/1880/?offset=#page=9&viewer=picture&o=info&n=0&q=;Imagens | 1747;Cantos - Cantos II | 1751;Episódios - Vénus aplaca os Ventos e a tormenta | 1766;382981;https://purl.pt/43818;https://bndigital.bnportugal.gov.pt//i/?IIIF=/2b/2d/51/1b/2b2d511b-4290-4cc3-b338-dffc6cbedad2/iiif/cam-57-a_0001.tif/full/!300,500/0/default.jpg;Livro impresso;Português;;Relatório da Directoria do Gabinete de Leitura do Rio de Janeiro em 1880;;;1.ª ed.;Rio de Janeiro : Tip e lit. Moreira Maximino;1881;1881;;;;;;;Real Gabinete Português de Leitura do Rio de Janeiro;CAM. 57 A.;CAM500;http://id.bnportugal.gov.pt/bib/catbnp/382981;Livre
7359;385945;1;15;385945115;https://permalinkbnd.bnportugal.gov.pt/viewer/273149/?offset=#page=15&viewer=picture&o=info&n=0&q=;Imagens | 1747;Cantos - Cantos III | 1752;Episódios - Desembarque de Gama em Calecut | 1767;385945;https://purl.pt/43873;https://bndigital.bnportugal.gov.pt//i/?IIIF=/ca/5d/8c/c5/ca5d8cc5-b85c-4f76-893f-7de2d31a6d43/iiif/cam-63-a_0000_000007.tif/full/!300,500/0/default.jpg;Livro impresso;Poliglota;Português;Álbum literário comemorativo do terceiro centenário de Luís de Camões;;;1.ª ed.;Porto : Tip. Ocidental;1880;1880;28 p.;;;;Esteves, Francisco Xavier, 1864-1944, Editor literário;;;CAM. 133 A.;CAM500;http://id.bnportugal.gov.pt/bib/catbnp/385945;Livre
7360;385949;1;1;38594911;https://permalinkbnd.bnportugal.gov.pt/viewer/274256/?offset=#page=1&viewer=picture&o=info&n=0&q=;Imagens | 1747;Cantos - Cantos IV | 1753;Episódios - Segunda Audiência do Samorim a Gama | 1768;385949;https://purl.pt/43866;https://bndigital.bnportugal.gov.pt//i/?IIIF=/06/33/d8/97/0633d897-92cc-4a30-beb0-aa004a6f6470/iiif/cam-64-1-a_0001.tif/full/!300,500/0/default.jpg;Livro impresso;Português;;Homenagem a Camões;Luís de Camões e a nacionalidade portuguesa;;1.ª ed.;São Miguel : s. n.;1880;1880;;;Centro Republicano Federal de Ponta Delgada;;;;;CAM. 64//1 A.;CAM500;http://id.bnportugal.gov.pt/bib/catbnp/385949;Livre
7361;386935;1;1;38693511;https://permalinkbnd.bnportugal.gov.pt/viewer/273122/?offset=#page=1&viewer=picture&o=info&n=0&q=;Imagens | 1747;Cantos - Cantos V | 1754;Episódios - Ilha de Vénus | 1769;386935;https://purl.pt/43871;https://bndigital.bnportugal.gov.pt//i/?IIIF=/c8/18/91/78/c8189178-5871-4300-9edd-154703c6e75a/iiif/cam-64-3-a_0000_000001.tif/full/!300,500/0/default.jpg;Livro impresso;Português;;Vianna a Camões;comemoração do tricentenário do imortal cantor dos Lusíadas;;1.ª ed.;Viana do Castelo : André Jorge Pereira & Filho;1880;1880;;;;;;;;CAM. 64//3 A.;CAM500;http://id.bnportugal.gov.pt/bib/catbnp/386935;Livre
7362;386992;1;1;38699211;https://permalinkbnd.bnportugal.gov.pt/viewer/273124/?offset=#page=1&viewer=picture&o=info&n=0&q=;Imagens | 1747;Cantos - Cantos VI | 1755;Episódios - Audiência d’El-Rei D. Manuel a Gama | 1770;386992;https://purl.pt/43661;https://bndigital.bnportugal.gov.pt//i/?IIIF=/0c/53/05/58/0c530558-6907-414a-974d-e379f3070104/iiif/cam-64-4-a_0000_000001.tif/full/!300,500/0/default.jpg;Livro impresso;Português;;Homenagem da Sociedade Amizade, Recreio e Ínstrução;;;1.ª ed.;S. Miguel : Lit. dos Açores;1880;1880;;;;;Camões, Luís de, 1524-1580, Antecedente bibliográfico;;Sociedade Amizade Recreio e Ínstrução;CAM. 64//4 A.;CAM500;http://id.bnportugal.gov.pt/bib/catbnp/386992;Livre
7363;396405;1;1;39640511;https://permalinkbnd.bnportugal.gov.pt/viewer/36059/?offset=#page=1&viewer=picture&o=info&n=0&q=;Imagens | 1747;Cantos - Cantos VII | 1756;Episódios - Camões na gruta de Macau | 1760;396405;https://purl.pt/6115;https://bndigital.bnportugal.gov.pt//i/?IIIF=/11/21/33/35/11213335-0c6f-4347-8501-397d47049e54/iiif/e-2172-v_0000_1-2_p24-C-R0150_000001.tif/full/!300,500/0/default.jpg;Iconografia;Português;;Luís de Camões;;;1.ª ed.;Macau : Com. Org. Comem. Dia de Portugal de Camões e das Comunid. Portuguesas;1992;1992;1 imagem;Fialho, Fernando Jorge, 1965-;;;;;;PURL 6115/0;;http://id.bnportugal.gov.pt/bib/catbnp/396405;Interno
7364;397670;1;11;397670111;https://permalinkbnd.bnportugal.gov.pt/viewer/273150/?offset=#page=11&viewer=picture&o=info&n=0&q=;Imagens | 1747;Cantos - Cantos VIII | 1757;Episódios - Visita do Rei de Melinde a Gama | 1761;397670;https://purl.pt/43874;https://bndigital.bnportugal.gov.pt//i/?IIIF=/f4/b1/c2/b3/f4b1c2b3-f0bb-4cb4-b767-93d0dae46bc3/iiif/cam-70-v_0000_000007.tif/full/!300,500/0/default.jpg;Livro impresso;"Português ; Francês";;Episodio da Ilha de Venus extrahido dos Lusiadas de Camões;;;1.ª ed.;Braga : Typ. Lealdade : Sociedade Democrática Recreativa;1880;1880;23 p.;Camões, Luís de, 1524-1580;;;"Caldas, José Joaquim da Silva Pereira, 1818-1903, Autor da introdução, etc. ; Cournand, Antoine de, Autor da introdução, etc.";;;L. 5895//9 A;CAM500;http://id.bnportugal.gov.pt/bib/catbnp/397670;Livre
7365;397818;1;6;39781816;https://permalinkbnd.bnportugal.gov.pt/viewer/272368/?offset=#page=6&viewer=picture&o=info&n=0&q=;Imagens | 1747;Cantos - Cantos IX | 1758;"Episódios - Concílio ""Conselho dos Deuses"" | 1762";397818;https://purl.pt/43426;https://bndigital.bnportugal.gov.pt//i/?IIIF=/58/13/66/39/58136639-f7f1-4612-94b8-d6a78a970d34/iiif/cam-707-p_0007.tif/full/!300,500/0/default.jpg;Livro impresso;Português;;Os Lusíadas;poema épico;;Nova ed., cuidadosamente revista;Lisboa : Livraria de António Maria Pereira;1891;1891;XVIII, 457 p., 2 est.;Camões, Luís de, 1524-1580;;;Silva, Inocêncio Francisco da, 1810-1876, Autor da introdução, etc.;;;CAM. 707 P.;CAM500;http://id.bnportugal.gov.pt/bib/catbnp/397818;Livre
7366;397822;1;7;39782217;https://permalinkbnd.bnportugal.gov.pt/viewer/274090/?offset=#page=7&viewer=picture&o=info&n=0&q=;Imagens | 1747;Cantos - Cantos X | 1759;Episódios - Sonho d'El-Rei D. Manuel, no qual lhe aparecem os rios Indo e Ganges | 1763;397822;https://purl.pt/43741;https://bndigital.bnportugal.gov.pt//i/?IIIF=/53/07/f6/e6/5307f6e6-7747-45f0-8d9c-435d2871d068/iiif/cam-35-v_0007.tif/full/!300,500/0/default.jpg;Livro impresso;Português;;Os Lusíadas;;;Ed. comemorativa do IV Centenário do Descobrimento Marítimo da India;Lisboa : Typographia do Commercio;1898;1898;186 fls.;Camões, Luís de, 1524-1580;;;;;;CAM. 35 V.;CAM500;http://id.bnportugal.gov.pt/bib/catbnp/397822;Livre
7367;397852;1;14;397852114;https://permalinkbnd.bnportugal.gov.pt/viewer/274172/?offset=#page=14&viewer=picture&o=info&n=0&q=;Imagens | 1747;Cantos | 1748;Episódios - Assassínio de Inês de Castro | 1764;397852;https://purl.pt/43811;https://bndigital.bnportugal.gov.pt//i/?IIIF=/97/d2/74/d0/97d274d0-35d0-4540-bdbb-0b1af3d4ba91/iiif/cam-45-v_0005.tif/full/!300,500/0/default.jpg;Livro impresso;"Francês ; Português";;Les Lusiades;chant primier;;Edition commemorative du septieme anniversaire du tricentenaire de Camöes;Lisboa : Imprensa Nacional;1887;1887;79 p.;Camões, Luís de, 1524-1580;;;Courtois, Henri de, Tradutor;;;L. 5907//7 A.;CAM500;http://id.bnportugal.gov.pt/bib/catbnp/397852;Livre
7368;397863;1;11;397863111;https://permalinkbnd.bnportugal.gov.pt/viewer/273148/?offset=#page=11&viewer=picture&o=info&n=0&q=;Imagens | 1747;Cantos | 1748;Episódios - Aparição do gigante Adamastor na passagem do Cabo de B. Esperança | 1765;397863;https://purl.pt/43931;https://bndigital.bnportugal.gov.pt//i/?IIIF=/c3/91/eb/4c/c391eb4c-8bd2-4992-a05f-625f8ef77ebc/iiif/cam-69-v_0000_000001.tif/full/!300,500/0/default.jpg;Livro impresso;Português;;A Ode de Luiz de Camões ao Conde do Redondo, restituida á sua primitiva licção;;;Edição commemorativa do 4º anniversario do Tricentenario Camoniano;Lisboa : Typographia Elzeviriana;1884;1884;22, 2 p.;Camões, Luís de, 1524-1580;;;"Cunha, Xavier da, 1840-1920, Editor literário ; Carvalho, Alfredo de, fl. 1884, Tipógrafo";;;CAM. 69 V.;CAM500;http://id.bnportugal.gov.pt/bib/catbnp/397863;Livre
7369;397876;1;9;39787619;https://permalinkbnd.bnportugal.gov.pt/viewer/274230/?offset=#page=9&viewer=picture&o=info&n=0&q=;Imagens | 1747;Episódios | 1749;Episódios - Vénus aplaca os Ventos e a tormenta | 1766;397876;https://purl.pt/43825;https://bndigital.bnportugal.gov.pt//i/?IIIF=/de/b5/45/9c/deb5459c-316c-4583-bb29-fa7038aaebdc/iiif/cam-59-v_0009.tif/full/!300,500/0/default.jpg;Livro impresso;Francês;Português;Sonnets choisis;;;1.ª ed.;Paris : Plon;1879;1879;VII, 40 p.;Camões, Luís de, 1524-1580;;;Cazaubon, Léonce, Tradutor;;;CAM. 59 V.;CAM500;http://id.bnportugal.gov.pt/bib/catbnp/397876;Livre
7370;397877;1;9;39787719;https://permalinkbnd.bnportugal.gov.pt/viewer/1576/?offset=#page=9&viewer=picture&o=info&n=0&q=;Imagens | 1747;Cantos - Cantos I | 1750;Episódios - Desembarque de Gama em Calecut | 1767;397877;https://purl.pt/43875;https://bndigital.bnportugal.gov.pt//i/?IIIF=/3a/34/50/28/3a345028-610d-4c37-af11-98e95904bfe5/iiif/cam-75-1-v_0000_000001.tif/full/!300,500/0/default.jpg;Livro impresso;Português;;Tercetos impressos pela primeira vez, em 1576, na História da Província de Santa Cruz, de Pedro de Magalhães Gandavo;;;1.ª ed.;Lisboa : Joaquim Eusébio dos Santos;1894;1894;12 p., 1 est.;Camões, Luís de, 1524-1580;;;Braga, Teófilo, 1843-1924, Comentador (em meio audiovisual);;;CAM. 75//1 V.;CAM500;http://id.bnportugal.gov.pt/bib/catbnp/397877;Livre
7371;401648;1;3;40164813;https://permalinkbnd.bnportugal.gov.pt/viewer/273125/?offset=#page=3&viewer=picture&o=info&n=0&q=;Imagens | 1747;Cantos - Cantos II | 1751;Episódios - Segunda Audiência do Samorim a Gama | 1768;401648;https://purl.pt/43662;https://bndigital.bnportugal.gov.pt//i/?IIIF=/c5/6f/77/dc/c56f77dc-6fe1-4b19-8eac-61a13ea62b02/iiif/cam-64-7-a_0000_000001.tif/full/!300,500/0/default.jpg;Periódico;Português;;Plutarcho portuguez;colecção de retratos e biographias dos principaes vultos historicos da civilisação portugueza;;1.ª ed.;Porto : Julio Costa, Emilio Biel;1881;1881;;;;;;;;J. 1690//7 V.;CAM500;http://id.bnportugal.gov.pt/bib/catbnp/401648;Livre
7372;401658;1;1;40165811;https://permalinkbnd.bnportugal.gov.pt/viewer/3/?offset=#page=1&viewer=picture&o=info&n=0&q=;Imagens | 1747;Cantos - Cantos III | 1752;Episódios - Ilha de Vénus | 1769;401658;https://purl.pt/43862;https://bndigital.bnportugal.gov.pt//i/?IIIF=/9e/f3/33/17/9ef33317-4c7f-4371-8da7-082d54e2724e/iiif/cam-66-2-a_0001.tif/full/!300,500/0/default.jpg;Livro impresso;Português;;Victor Hugo a Camões no 3º centenário;;;1.ª ed.;Lisboa : J. Camilo Videira;1880;1880;;;;;;;;CAM. 66//2 A.;CAM500;http://id.bnportugal.gov.pt/bib/catbnp/401658;Livre
7373;401739;1;1;40173911;https://permalinkbnd.bnportugal.gov.pt/viewer/274260/?offset=#page=1&viewer=picture&o=info&n=0&q=;Imagens | 1747;Cantos - Cantos IV | 1753;Episódios - Audiência d’El-Rei D. Manuel a Gama | 1770;401739;https://purl.pt/43865;https://bndigital.bnportugal.gov.pt//i/?IIIF=/2d/fe/15/07/2dfe1507-1025-44a9-b149-33c026517803/iiif/cam-66-5-a_0001.tif/full/!300,500/0/default.jpg;Livro impresso;Português;;Homenagem ao príncipe dos poetas peninsulares ao reconstrutor da língua portuguesa, a Luís de Camões;;;1.ª ed.;Lisboa : Emp. Dic. Univ. Português;1880;1880;4 p.;;;;;;;CAM. 66//5 A.;CAM500;http://id.bnportugal.gov.pt/bib/catbnp/401739;Livre
7374;402086;1;16;402086116;https://permalinkbnd.bnportugal.gov.pt/viewer/274280/?offset=#page=16&viewer=picture&o=info&n=0&q=;Imagens | 1747;Cantos - Cantos V | 1754;Episódios - Camões na gruta de Macau | 1760;402086;https://purl.pt/43891;https://bndigital.bnportugal.gov.pt//i/?IIIF=/dc/d1/27/77/dcd12777-3117-4eb1-94d0-a5bb23f4e7b6/iiif/cam-69-a_0005.tif/full/!300,500/0/default.jpg;Livro impresso;Português;;Collecção Camoneana de José do Canto;tentativa de um catalogo methodico e remissivo;;1.ª ed.;Lisboa : Imprensa Nacional;1895;1895;XI, 357, 5 p.;Canto, José do, 1820-1898;;;Reis, Jaime Batalha, 1847-1935, Antigo possuidor;;;CAM. 69 A.;CAM500;http://id.bnportugal.gov.pt/bib/catbnp/402086;Livre
7375;402086;1;22;402086122;https://permalinkbnd.bnportugal.gov.pt/viewer/274280/?offset=#page=22&viewer=picture&o=info&n=0&q=;Imagens | 1747;Cantos - Cantos VI | 1755;Episódios - Visita do Rei de Melinde a Gama | 1761;402086;https://purl.pt/43891;https://bndigital.bnportugal.gov.pt//i/?IIIF=/dc/d1/27/77/dcd12777-3117-4eb1-94d0-a5bb23f4e7b6/iiif/cam-69-a_0005.tif/full/!300,500/0/default.jpg;Livro impresso;Português;;Collecção Camoneana de José do Canto;tentativa de um catalogo methodico e remissivo;;1.ª ed.;Lisboa : Imprensa Nacional;1895;1895;XI, 357, 5 p.;Canto, José do, 1820-1898;;;Reis, Jaime Batalha, 1847-1935, Antigo possuidor;;;CAM. 69 A.;CAM500;http://id.bnportugal.gov.pt/bib/catbnp/402086;Livre
7376;402917;1;9;40291719;https://permalinkbnd.bnportugal.gov.pt/viewer/273560/?offset=#page=9&viewer=picture&o=info&n=0&q=;Imagens | 1747;Cantos - Cantos VII | 1756;"Episódios - Concílio ""Conselho dos Deuses"" | 1762";402917;https://purl.pt/43923;https://bndigital.bnportugal.gov.pt//i/?IIIF=/68/36/f7/0d/6836f70d-c35f-47cf-856b-993a65ff926c/iiif/cam-130-a_0000_000001.tif/full/!300,500/0/default.jpg;Livro impresso;Português;Alemão;Camoëns in Cintra;poemeto extrahido do livro Tag und Nachstucke;;1.ª ed.;Lisboa : M. Gomes, Livreiro-Editor;1891;1891;39, 1 p.;Schack, Adolf Friederich Graf von, 1815-1894;;;Camões, Luís de, 1524-1580, Antecedente bibliográfico;;;CAM. 71//1 A.;CAM500;http://id.bnportugal.gov.pt/bib/catbnp/402917;Livre
7377;404543;1;7;40454317;https://permalinkbnd.bnportugal.gov.pt/viewer/273347/?offset=#page=7&viewer=picture&o=info&n=0&q=;Imagens | 1747;Cantos - Cantos VIII | 1757;Episódios - Sonho d'El-Rei D. Manuel, no qual lhe aparecem os rios Indo e Ganges | 1763;404543;https://purl.pt/43827;https://bndigital.bnportugal.gov.pt//i/?IIIF=/9f/79/bf/47/9f79bf47-41ea-438e-b7e9-2c631c46bb91/iiif/cam-81-a_0000_000001.tif/full/!300,500/0/default.jpg;Livro impresso;Português;;Excerptos dos Lusíadas;canto II;;1.ª ed.;Lisboa : Imprensa Nacional;1889;1889;;Camões, Luís de, 1524-1580;;;;;;CAM. 81 A.;CAM500;http://id.bnportugal.gov.pt/bib/catbnp/404543;Livre
7378;404800;1;21;404800121;https://permalinkbnd.bnportugal.gov.pt/viewer/274348/?offset=#page=21&viewer=picture&o=info&n=0&q=;Imagens | 1747;Cantos - Cantos IX | 1758;Episódios - Assassínio de Inês de Castro | 1764;404800;https://purl.pt/43914;https://bndigital.bnportugal.gov.pt//i/?IIIF=/1f/06/28/af/1f0628af-b385-4108-b72c-0016b004b60d/iiif/cam-85-a_0003.tif/full/!300,500/0/default.jpg;Livro impresso;Português;;Os festejos do centenario da India;grande album commemorativo;;1.ª ed.;Lisboa : publicado pela empreza do Pimpão;1898;1898;31 f.;;;;;;;CAM. 85 A.;CAM500;http://id.bnportugal.gov.pt/bib/catbnp/404800;Livre
7379;404800;1;69;404800169;https://permalinkbnd.bnportugal.gov.pt/viewer/274348/?offset=#page=69&viewer=picture&o=info&n=0&q=;Imagens | 1747;Cantos - Cantos X | 1759;Episódios - Aparição do gigante Adamastor na passagem do Cabo de B. Esperança | 1765;404800;https://purl.pt/43914;https://bndigital.bnportugal.gov.pt//i/?IIIF=/1f/06/28/af/1f0628af-b385-4108-b72c-0016b004b60d/iiif/cam-85-a_0003.tif/full/!300,500/0/default.jpg;Livro impresso;Português;;Os festejos do centenario da India;grande album commemorativo;;1.ª ed.;Lisboa : publicado pela empreza do Pimpão;1898;1898;31 f.;;;;;;;CAM. 85 A.;CAM500;http://id.bnportugal.gov.pt/bib/catbnp/404800;Livre
7380;410449;1;6;41044916;https://permalinkbnd.bnportugal.gov.pt/viewer/274346/?offset=#page=6&viewer=picture&o=info&n=0&q=;Imagens | 1747;Cantos | 1748;Episódios - Vénus aplaca os Ventos e a tormenta | 1766;410449;https://purl.pt/43911;https://bndigital.bnportugal.gov.pt//i/?IIIF=/37/17/31/09/37173109-2f71-495e-bea5-e4ca2470680c/iiif/cam-96-a_0007.tif/full/!300,500/0/default.jpg;Livro impresso;Espanhol;Português;Os Lusiadas Los Portugueses;;;Edicion acompañada del legitimo texto portugues y de copiosas notas y noticias biograficas sobre el insigne poeta ibero;Badajoz : Establecimiento Tipográfico de José Santamaría;1873;1873;263, 1 p.;Camões, Luís de, 1524-1580;;;Soler y Arqués, Carlos, 1836-1896, Tradutor;;;CAM. 96 A.;CAM500;http://id.bnportugal.gov.pt/bib/catbnp/410449;Livre
7381;411542;1;1;41154211;https://permalinkbnd.bnportugal.gov.pt/viewer/273798/?offset=#page=1&viewer=picture&o=info&n=0&q=;Imagens | 1747;Cantos | 1748;Episódios - Desembarque de Gama em Calecut | 1767;411542;https://purl.pt/43786;https://bndigital.bnportugal.gov.pt//i/?IIIF=/b5/4f/7e/1e/b54f7e1e-307d-47a6-9282-e41a7c32124d/iiif/cam-221-3-v_0000_000001.tif/full/!300,500/0/default.jpg;Livro impresso;Português;;O Centenario no Estrangeiro;conferencia realisada na Sociedade de Geographia de Lisboa no dia 11 de Novembro de 1897;;1.ª ed.;Lisboa : A Liberal;1897;1897;30, 2 p.;Lima, Magalhães, 1850-1928;;;Vilhena, Ernesto Jardim de, 1876-1967, Antigo possuidor;;;H.G. 5865//1 A.;CAM500;http://id.bnportugal.gov.pt/bib/catbnp/411542;Livre
7382;426512;1;1;42651211;https://permalinkbnd.bnportugal.gov.pt/viewer/272882/?offset=#page=1&viewer=picture&o=info&n=0&q=;Imagens | 1747;Episódios | 1749;Episódios - Segunda Audiência do Samorim a Gama | 1768;426512;https://purl.pt/43588;https://bndigital.bnportugal.gov.pt//i/?IIIF=/ed/9c/ac/ac/ed9cacac-104b-435c-b7cc-8aa38ac8bca3/iiif/426512_0001.tif/full/!300,500/0/default.jpg;Livro impresso;Português;;Homenagem a Camões;melodia para piano;;1.ª ed.;Lisboa : s.n.;1870;1870;1 partitura 2 p.;Pacheco, Maria Cornélia de Melo de Castro;;;;;;C.I.C. 142 A.;PRR2022;http://id.bnportugal.gov.pt/bib/catbnp/426512;Livre
7383;446302;1;11;446302111;https://permalinkbnd.bnportugal.gov.pt/viewer/1880/?offset=#page=11&viewer=picture&o=info&n=0&q=;Imagens | 1747;Cantos - Cantos I | 1750;Episódios - Ilha de Vénus | 1769;446302;https://purl.pt/43429;https://bndigital.bnportugal.gov.pt//i/?IIIF=/c1/c1/f9/e2/c1c1f9e2-a3e8-476d-a59f-c07a10de4bed/iiif/cam-516-v_0011.tif/full/!300,500/0/default.jpg;Livro impresso;Português;;Primeiros documentos para a historia do Jubileu Nacional de 1880;;;1.ª ed.;Lisboa : Impr. Nacional;1887;1887;29 p.;;;;;;Sociedade de Geografia de Lisboa, Editor literário;H.G. 18363//4 V.;CAM500;http://id.bnportugal.gov.pt/bib/catbnp/446302;Livre
7384;452363;1;1;45236311;https://permalinkbnd.bnportugal.gov.pt/viewer/35644/?offset=#page=1&viewer=picture&o=info&n=0&q=;Imagens | 1747;Cantos - Cantos II | 1751;Episódios - Audiência d’El-Rei D. Manuel a Gama | 1770;452363;https://purl.pt/11841;https://bndigital.bnportugal.gov.pt//i/?IIIF=/b5/32/68/9d/b532689d-3818-4d28-ab3a-df022c3eb88e/iiif/e-1029-a_0000_000001.tif/full/!300,500/0/default.jpg;Iconografia;Português;;Camões;;;1.ª ed.;S.l. : s.n.;1887;1887;1 gravura;David, Lubin, fl. ca 1887;;;"Champollion, Eugène-André, 1848-1901, Gravador em metal ; Salmon, Louis Adolphe, 1806-1895, Impressor de ilustrações em chapa gravada";;;PURL 11841/0;;http://id.bnportugal.gov.pt/bib/catbnp/452363;Livre
7385;453897;1;9;45389719;https://permalinkbnd.bnportugal.gov.pt/viewer/1880/?offset=#page=9&viewer=picture&o=info&n=0&q=;Imagens | 1747;Cantos - Cantos III | 1752;Episódios - Camões na gruta de Macau | 1760;453897;https://purl.pt/43792;https://bndigital.bnportugal.gov.pt//i/?IIIF=/7e/2c/17/63/7e2c1763-4416-4162-88ba-4e958901ed3d/iiif/cam-384-9-v_0000_000001.tif/full/!300,500/0/default.jpg;Livro impresso;Português;;Á memoria de Luiz de Camões no seu tricentenario em 10 de Junho de 1880...;;;1.ª ed.;Braga : Typ. de Gonçalves Gouvea;1880;1880;16 p.;;;;;;;CAM. 384//9 V.;CAM500;http://id.bnportugal.gov.pt/bib/catbnp/453897;Livre
7386;454218;1;3;45421813;https://permalinkbnd.bnportugal.gov.pt/viewer/273923/?offset=#page=3&viewer=picture&o=info&n=0&q=;Imagens | 1747;Cantos - Cantos IV | 1753;Episódios - Visita do Rei de Melinde a Gama | 1761;454218;https://purl.pt/43793;https://bndigital.bnportugal.gov.pt//i/?IIIF=/a4/54/ba/df/a454badf-dc23-49b9-8ac1-fff9a72f6856/iiif/cam-386-6-v_0000_000001.tif/full/!300,500/0/default.jpg;Livro impresso;Português;;Vida de Luiz de Camões e seu retrato;;;1.ª ed.;Coimbra : Impr. Academica;1881;1881;15 p.;;;;;;;CAM. 386//6 V.;CAM500;http://id.bnportugal.gov.pt/bib/catbnp/454218;Livre
7387;455268;1;8;45526818;https://permalinkbnd.bnportugal.gov.pt/viewer/270331/?offset=#page=8&viewer=picture&o=info&n=0&q=;Imagens | 1747;Cantos - Cantos V | 1754;"Episódios - Concílio ""Conselho dos Deuses"" | 1762";455268;https://purl.pt/42934;https://bndigital.bnportugal.gov.pt//i/?IIIF=/e0/e2/36/8e/e0e2368e-06b5-4efd-bb33-762145de2b06/iiif/cam-408-v_0000_000011.tif/full/!300,500/0/default.jpg;Livro impresso;Italiano;Português;I Lusiadi;;;Seconde edizione illustrata con note di D. B.;Milano : Societá Tipog. dei Classici Italiani;1821;1821;XXXX, 517, 1 p. 2 v.;Camões, Luís de, 1524-1580;;;Nervi, Antonio, 1760-1836, Tradutor;;;CAM. 408 V.;CAM500;http://id.bnportugal.gov.pt/bib/catbnp/455268;Livre
7388;455268;1;62;455268162;https://permalinkbnd.bnportugal.gov.pt/viewer/270331/?offset=#page=62&viewer=picture&o=info&n=0&q=;Imagens | 1747;Cantos - Cantos VI | 1755;Episódios - Sonho d'El-Rei D. Manuel, no qual lhe aparecem os rios Indo e Ganges | 1763;455268;https://purl.pt/42934;https://bndigital.bnportugal.gov.pt//i/?IIIF=/e0/e2/36/8e/e0e2368e-06b5-4efd-bb33-762145de2b06/iiif/cam-408-v_0000_000011.tif/full/!300,500/0/default.jpg;Livro impresso;Italiano;Português;I Lusiadi;;;Seconde edizione illustrata con note di D. B.;Milano : Societá Tipog. dei Classici Italiani;1821;1821;XXXX, 517, 1 p. 2 v.;Camões, Luís de, 1524-1580;;;Nervi, Antonio, 1760-1836, Tradutor;;;CAM. 408 V.;CAM500;http://id.bnportugal.gov.pt/bib/catbnp/455268;Livre
7389;455268;2;8;45526828;https://permalinkbnd.bnportugal.gov.pt/viewer/270331/?medianame=cam-409-v_0000_&o=volume#page=8&viewer=picture&o=volume&n=0&q=;Imagens | 1747;Cantos - Cantos VII | 1756;Episódios - Assassínio de Inês de Castro | 1764;455268;https://purl.pt/42934;https://bndigital.bnportugal.gov.pt//i/?IIIF=/e0/e2/36/8e/e0e2368e-06b5-4efd-bb33-762145de2b06/iiif/cam-408-v_0000_000011.tif/full/!300,500/0/default.jpg;Livro impresso;Italiano;Português;I Lusiadi;;;Seconde edizione illustrata con note di D. B.;Milano : Societá Tipog. dei Classici Italiani;1821;1821;XXXX, 517, 1 p. 2 v.;Camões, Luís de, 1524-1580;;;Nervi, Antonio, 1760-1836, Tradutor;;;CAM. 408 V.;CAM500;http://id.bnportugal.gov.pt/bib/catbnp/455268;Livre
7390;455275;1;10;455275110;https://permalinkbnd.bnportugal.gov.pt/viewer/270345/?offset=#page=10&viewer=picture&o=info&n=0&q=;Imagens | 1747;Cantos - Cantos VIII | 1757;Episódios - Aparição do gigante Adamastor na passagem do Cabo de B. Esperança | 1765;455275;https://purl.pt/42943;https://bndigital.bnportugal.gov.pt//i/?IIIF=/5d/28/c9/4e/5d28c94e-b940-4e81-8f76-f7b1ef6f5a4b/iiif/cam-410-v_0000_000013.tif/full/!300,500/0/default.jpg;Livro impresso;Português;;Obras completas de Luis de Camões;;;1.ª ed.;Lisboa : s.n.;1843;1843;3 t.;Camões, Luís de, 1524-1580;;;"Feio, José Vitorino Barreto, 1782-1850, Compilador ; Monteiro, José Gomes, 1807-1879, Compilador";;;CAM. 410 V.;CAM500;http://id.bnportugal.gov.pt/bib/catbnp/455275;Livre
7391;458290;1;10;458290110;https://permalinkbnd.bnportugal.gov.pt/viewer/273525/?offset=#page=10&viewer=picture&o=info&n=0&q=;Imagens | 1747;Cantos - Cantos IX | 1758;Episódios - Vénus aplaca os Ventos e a tormenta | 1766;458290;https://purl.pt/43921;https://bndigital.bnportugal.gov.pt//i/?IIIF=/3d/ef/d5/dc/3defd5dc-8364-472f-9969-dc10b3471470/iiif/cam-129-a_0000_000011.tif/full/!300,500/0/default.jpg;Livro impresso;"Português ; Francês";Português;A ilha de Venus;episodio extrahido do nono canto dos Lusiadas;;1.ª ed.;Porto : Livraria Camões de Fernandes Possas;1890;1890;VII, 1 br., 38, 2 p.;Camões, Luís de, 1524-1580;;;"Baour-Lormian, P. L. M., 1770-1854, Tradutor ; Grandmaison, M. Parsival, Tradutor ; Aranha, Brito, 1833-1914, Antigo possuidor";;;CAM. 129 A.;CAM500;http://id.bnportugal.gov.pt/bib/catbnp/458290;Livre
7392;458655;1;11;458655111;https://permalinkbnd.bnportugal.gov.pt/viewer/270116/?offset=#page=11&viewer=picture&o=info&n=0&q=;Imagens | 1747;Cantos - Cantos X | 1759;Episódios - Desembarque de Gama em Calecut | 1767;458655;https://purl.pt/42928;https://bndigital.bnportugal.gov.pt//i/?IIIF=/c4/0f/74/3f/c40f743f-cbf4-4bf9-8481-bce3fdf02c38/iiif/cam-152-a_0000_000011.tif/full/!300,500/0/default.jpg;Livro impresso;Português;;Florilegio camoneano;;;1.ª ed.;Porto : Livr. Camões;1887;1887;8 T.;;;;;;;CAM. 152 A.;CAM500;http://id.bnportugal.gov.pt/bib/catbnp/458655;Livre
7393;458655;2;5;45865525;https://permalinkbnd.bnportugal.gov.pt/viewer/270116/?medianame=cam-153-a_0000_&o=volume#page=5&viewer=picture&o=volume&n=0&q=;Imagens | 1747;Cantos - Cantos II | 1751;Episódios - Segunda Audiência do Samorim a Gama | 1768;458655;https://purl.pt/42928;https://bndigital.bnportugal.gov.pt//i/?IIIF=/c4/0f/74/3f/c40f743f-cbf4-4bf9-8481-bce3fdf02c38/iiif/cam-152-a_0000_000011.tif/full/!300,500/0/default.jpg;Livro impresso;Português;;Florilegio camoneano;;;1.ª ed.;Porto : Livr. Camões;1887;1887;8 T.;;;;;;;CAM. 152 A.;CAM500;http://id.bnportugal.gov.pt/bib/catbnp/458655;Livre
7394;458655;3;12;458655312;https://permalinkbnd.bnportugal.gov.pt/viewer/270116/?medianame=cam-153-a_0000_&o=volume?&medianame=cam-154-a_0000_&viewer=picture&o=volume#page=12&viewer=picture&o=volume&n=0&q=;Imagens | 1747;Cantos - Cantos III | 1752;Episódios - Ilha de Vénus | 1769;458655;https://purl.pt/42928;https://bndigital.bnportugal.gov.pt//i/?IIIF=/c4/0f/74/3f/c40f743f-cbf4-4bf9-8481-bce3fdf02c38/iiif/cam-152-a_0000_000011.tif/full/!300,500/0/default.jpg;Livro impresso;Português;;Florilegio camoneano;;;1.ª ed.;Porto : Livr. Camões;1887;1887;8 T.;;;;;;;CAM. 152 A.;CAM500;http://id.bnportugal.gov.pt/bib/catbnp/458655;Livre
7395;458655;4;12;458655412;https://permalinkbnd.bnportugal.gov.pt/viewer/270116/?medianame=cam-153-a_0000_&o=volume?&viewer=picture&o=volume?&medianame=cam-155-a_0000_&viewer=picture&o=volume#page=12&viewer=picture&o=volume&n=0&q=;Imagens | 1747;Cantos - Cantos IV | 1753;Episódios - Audiência d’El-Rei D. Manuel a Gama | 1770;458655;https://purl.pt/42928;https://bndigital.bnportugal.gov.pt//i/?IIIF=/c4/0f/74/3f/c40f743f-cbf4-4bf9-8481-bce3fdf02c38/iiif/cam-152-a_0000_000011.tif/full/!300,500/0/default.jpg;Livro impresso;Português;;Florilegio camoneano;;;1.ª ed.;Porto : Livr. Camões;1887;1887;8 T.;;;;;;;CAM. 152 A.;CAM500;http://id.bnportugal.gov.pt/bib/catbnp/458655;Livre
7396;458655;1;11;458655111;;Imagens | 1747;Cantos - Cantos V | 1754;Episódios - Camões na gruta de Macau | 1760;458655;https://purl.pt/42928;https://bndigital.bnportugal.gov.pt//i/?IIIF=/c4/0f/74/3f/c40f743f-cbf4-4bf9-8481-bce3fdf02c38/iiif/cam-152-a_0000_000011.tif/full/!300,500/0/default.jpg;Livro impresso;Português;;Florilegio camoneano;;;1.ª ed.;Porto : Livr. Camões;1887;1887;8 T.;;;;;;;CAM. 152 A.;CAM500;http://id.bnportugal.gov.pt/bib/catbnp/458655;Livre
7397;458655;8;12;458655812;#VALOR!;Imagens | 1747;Cantos - Cantos VI | 1755;Episódios - Visita do Rei de Melinde a Gama | 1761;458655;https://purl.pt/42928;https://bndigital.bnportugal.gov.pt//i/?IIIF=/c4/0f/74/3f/c40f743f-cbf4-4bf9-8481-bce3fdf02c38/iiif/cam-152-a_0000_000011.tif/full/!300,500/0/default.jpg;Livro impresso;Português;;Florilegio camoneano;;;1.ª ed.;Porto : Livr. Camões;1887;1887;8 T.;;;;;;;CAM. 152 A.;CAM500;http://id.bnportugal.gov.pt/bib/catbnp/458655;Livre
7398;465606;1;3;46560613;https://permalinkbnd.bnportugal.gov.pt/viewer/274117/?offset=#page=3&viewer=picture&o=info&n=0&q=;Imagens | 1747;Cantos - Cantos VII | 1756;"Episódios - Concílio ""Conselho dos Deuses"" | 1762";465606;https://purl.pt/43836;https://bndigital.bnportugal.gov.pt//i/?IIIF=/42/cd/d2/e6/42cdd2e6-50ac-44e8-a7c5-107037a0f860/iiif/cam-674-v_0000_000003.tif/full/!300,500/0/default.jpg;Livro impresso;Inglês;;Sonnets;;;1.ª ed.;Newcastle upon Tinet : Impr. by M. A. Richardson;1845;1845;16 p.;Adamson, John, 1787-1851;;;Sucena, 1850-?, Antigo possuidor;;;CAM. 674 V.;CAM500;http://id.bnportugal.gov.pt/bib/catbnp/465606;Livre
7399;471392;1;5;47139215;https://permalinkbnd.bnportugal.gov.pt/viewer/274153/?offset=#page=5&viewer=picture&o=info&n=0&q=;Imagens | 1747;Cantos - Cantos VIII | 1757;Episódios - Sonho d'El-Rei D. Manuel, no qual lhe aparecem os rios Indo e Ganges | 1763;471392;https://purl.pt/43854;https://bndigital.bnportugal.gov.pt//i/?IIIF=/f2/8b/c2/cc/f28bc2cc-79a2-4081-ab33-b9fabce3fa4a/iiif/cam-1451-v_0000_000005.tif/full/!300,500/0/default.jpg;Livro impresso;Italiano;;Camões;musica;;1.ª ed.;Lisboa : s.n.;1857;1857;36 p.;Farina, Luigi;;;;;;CAM. 1451 V.;CAM500;http://id.bnportugal.gov.pt/bib/catbnp/471392;Livre
7400;475171;1;13;475171113;https://permalinkbnd.bnportugal.gov.pt/viewer/272371/?offset=#page=13&viewer=picture&o=info&n=0&q=;Imagens | 1747;Cantos - Cantos IX | 1758;Episódios - Assassínio de Inês de Castro | 1764;475171;https://purl.pt/43413;https://bndigital.bnportugal.gov.pt//i/?IIIF=/5d/bd/60/12/5dbd6012-a3b6-4853-b7f9-a7245fc80226/iiif/cam-782-p_0013.tif/full/!300,500/0/default.jpg;Livro manuscrito;Latim;Português;Ludouici Camoenij Lusitani libri X ex materno rhythmico in latinum & virgilianu carmen à D. Andrea Baiano Lusiada Orientali traducti & ab eodem manuscripti. Anno jubilei CIICXXV 1625;;;1.ª ed.;;1625;1625;24, 383 p.;Camões, Luís de, 1524-1580;;;Baião, André, 1566-1639, Tradutor;;;F. 9;CAM500;http://id.bnportugal.gov.pt/bib/catbnp/475171;Livre
7401;475214;1;7;47521417;https://permalinkbnd.bnportugal.gov.pt/viewer/273182/?offset=#page=7&viewer=picture&o=info&n=0&q=;Imagens | 1747;Cantos - Cantos X | 1759;Episódios - Aparição do gigante Adamastor na passagem do Cabo de B. Esperança | 1765;475214;https://purl.pt/43856;https://bndigital.bnportugal.gov.pt//i/?IIIF=/70/3f/cc/e5/703fcce5-cee9-4fd0-b063-c58c42d156ac/iiif/cam-74-7-v_0000_000001.tif/full/!300,500/0/default.jpg;Livro impresso;"Hebraico antigo ; Francês";;Inês de Castro;episode des Lusiades ...;;1.ª ed.;Lisbonne : Imp. Nationale;1892;1892;XI, 24 p.;Camões, Luís de, 1524-1580;;;"Vilhena, Ernesto Jardim de, 1876-1967, Antigo possuidor ; Benoliel, Joseph, 1873-1932, Tradutor ; Wogue, Lazare Eliezer, 1817-1897, Comentador (em meio audiovisual)";;Congresso Internacional dos Orientalistas, Organizador de conferência;H.G. 7378//5 V.;CAM500;http://id.bnportugal.gov.pt/bib/catbnp/475214;Livre
7402;475453;1;1;47545311;https://permalinkbnd.bnportugal.gov.pt/viewer/273318/?offset=#page=1&viewer=picture&o=info&n=0&q=;Imagens | 1747;Cantos | 1748;Episódios - Vénus aplaca os Ventos e a tormenta | 1766;475453;https://purl.pt/43768;https://bndigital.bnportugal.gov.pt//i/?IIIF=/57/26/e4/65/5726e465-1ee7-4c62-b7c4-06c930646aa0/iiif/cam-83-1-a_0000_000001.tif/full/!300,500/0/default.jpg;Periódico;Português;;Recreio musical;album de musicas para piano;;1.ª ed.;Lisboa : s.n.;1880;1880;;;;;;;;CAM. 83//1 A.;CAM500;http://id.bnportugal.gov.pt/bib/catbnp/475453;Livre
7403;475458;1;1;47545811;https://permalinkbnd.bnportugal.gov.pt/viewer/273319/?offset=#page=1&viewer=picture&o=info&n=0&q=;Imagens | 1747;Cantos | 1748;Episódios - Desembarque de Gama em Calecut | 1767;475458;https://purl.pt/43675;https://bndigital.bnportugal.gov.pt//i/?IIIF=/36/69/d9/d4/3669d9d4-f77b-4fe3-a244-701d17f3e42a/iiif/cam-83-2-a_0000_000001.tif/full/!300,500/0/default.jpg;Livro impresso;Português;;Os Lusíadas;musica para piano e canto;;1.ª ed.;Lisboa : Verol Senior;1880;1880;1 partitura 5 p.;Carvalho, Augusto José de, 1848-1910;;Camões, Luís de, 1524-1580;;;;C.I.C. 140 A.;PRR2022;http://id.bnportugal.gov.pt/bib/catbnp/475458;Livre
7404;476957;1;5;47695715;https://permalinkbnd.bnportugal.gov.pt/viewer/273102/?offset=#page=5&viewer=picture&o=info&n=0&q=;Imagens | 1747;Episódios | 1749;Episódios - Segunda Audiência do Samorim a Gama | 1768;476957;https://purl.pt/43755;https://bndigital.bnportugal.gov.pt//i/?IIIF=/86/6c/46/07/866c4607-1618-436f-b006-ed4e4b3aa2eb/iiif/cam-25-a_0000_000005.tif/full/!300,500/0/default.jpg;Livro impresso;Português;;Os Lusiadas;;;Ed. popular gratuita;Lisboa : Emp. do Diario de Noticias;1880;1880;17, 1 p.;Camões, Luís de, 1524-1580;;;;;;CAM. 25 A.;CAM500;http://id.bnportugal.gov.pt/bib/catbnp/476957;Livre
7405;479076;1;1;47907611;https://permalinkbnd.bnportugal.gov.pt/viewer/270341/?offset=#page=1&viewer=picture&o=info&n=0&q=;Imagens | 1747;Cantos - Cantos I | 1750;Episódios - Ilha de Vénus | 1769;479076;https://purl.pt/42929;https://bndigital.bnportugal.gov.pt//i/?IIIF=/61/6e/1e/85/616e1e85-5eec-40f5-81a2-56ec93537919/iiif/cam-80-63-a_0000_000001.tif/full/!300,500/0/default.jpg;Periódico;Polaco;;Tygodnik Illustrowany;;;1.ª ed.;Warszawa : drukiem J. Ungra;1880;1880;;;;;Lenike, J., Editor literário;;;CAM. 80//63 A.;CAM500;http://id.bnportugal.gov.pt/bib/catbnp/479076;Livre
7406;479079;1;1;47907911;https://permalinkbnd.bnportugal.gov.pt/viewer/270336/?offset=#page=1&viewer=picture&o=info&n=0&q=;Imagens | 1747;Cantos - Cantos II | 1751;Episódios - Audiência d’El-Rei D. Manuel a Gama | 1770;479079;https://purl.pt/42930;https://bndigital.bnportugal.gov.pt//i/?IIIF=/c5/1b/85/f9/c51b85f9-2522-413e-b7ef-aebc584037d9/iiif/cam-80-65-a_0000_000001.tif/full/!300,500/0/default.jpg;Periódico;Polaco;;Tygodnik Powszechny;;;1.ª ed.;Warszawa : drukarni S. Orgelbrando Synow;1880;1880;;;;;Orgelbrand, Maurycy, Editor literário;;;CAM. 80//65 A.;CAM500;http://id.bnportugal.gov.pt/bib/catbnp/479079;Livre
7407;480058;1;1;48005811;https://permalinkbnd.bnportugal.gov.pt/viewer/273314/?offset=#page=1&viewer=picture&o=info&n=0&q=;Imagens | 1747;Cantos - Cantos III | 1752;Episódios - Camões na gruta de Macau | 1760;480058;https://purl.pt/43673;https://bndigital.bnportugal.gov.pt//i/?IIIF=/ac/03/49/21/ac034921-8f14-43b9-a5d4-7c9ee7950d1c/iiif/cam-80-71-a_0000_000001.tif/full/!300,500/0/default.jpg;Periódico;Português;;Jornal do Commercio;;;1.ª ed.;Rio de Janeiro : s.n.;1880;1880;;;;;Villeneuve, Júlio Constâncio de, Director;;;CAM. 80//71 A.;CAM500;http://id.bnportugal.gov.pt/bib/catbnp/480058;Livre
7408;357297;1;10;357297110;https://permalinkbnd.bnportugal.gov.pt/viewer/281908/?offset=#page=10&viewer=picture&o=info&n=0&q=;Imagens | 1747;Cantos - Cantos IV | 1753;Episódios - Visita do Rei de Melinde a Gama | 1761;357297;https://purl.pt/43384;https://bndigital.bnportugal.gov.pt//i/?IIIF=/b2/56/5a/a6/b2565aa6-70f7-48fe-a06c-6e301f3b710c/iiif/cam-6-v_0011.tif/full/!300,500/0/default.jpg;Livro impresso;Português;;Os Lusíadas;;;Nova edição correcta, e dada á luz, conforme á de 1817, in-4º;Paris : na officina typographica de Firmino Didot...;1817;1817;CX, 420 p.;Camões, Luís de, 1524-1580;;;"Mateus, Morgado de, 1758-1825, Editor literário ; Didot, Firmin, fl. 1789-1829, Impressor ; Norton, Tomás, 1804-1860, Antigo possuidor";;;CAM. 6 V.;CAM500;http://id.bnportugal.gov.pt/bib/catbnp/357297;Livre
7409;601741;1;1;60174111;https://permalinkbnd.bnportugal.gov.pt/viewer/36540/?offset=#page=1&viewer=picture&o=info&n=0&q=;Imagens | 1747;Cantos - Cantos V | 1754;"Episódios - Concílio ""Conselho dos Deuses"" | 1762";601741;https://purl.pt/1066;https://bndigital.bnportugal.gov.pt//i/?IIIF=/50/1e/d4/2a/501ed42a-3de0-4cf9-821c-15ebd89b7023/iiif/e-3415-p_0000_000001.tif/full/!300,500/0/default.jpg;Iconografia;Francês;;Camoens;;;1.ª ed.;La Haye : van Lier fréres;1860;1860;1 gravura;;;;;;;PURL 1066/0;;http://id.bnportugal.gov.pt/bib/catbnp/601741;Livre
7410;604127;1;1;60412711;https://permalinkbnd.bnportugal.gov.pt/viewer/14040/?offset=#page=1&viewer=picture&o=info&n=0&q=;Imagens | 1747;Cantos - Cantos VI | 1755;Episódios - Sonho d'El-Rei D. Manuel, no qual lhe aparecem os rios Indo e Ganges | 1763;604127;https://purl.pt/27537;https://bndigital.bnportugal.gov.pt//i/?IIIF=/84/ce/f5/25/84cef525-7874-41a2-b678-e38e5372d53b/iiif/cc-1054-r_0000_000001.tif/full/!300,500/0/default.jpg;Cartografia;Português;;Carta da geographia dos Lusiadas;dedicada a S.M. El-rei D. Luis I;;1.ª ed.;Lisboa : Litografia da Imprensa Nacional;1883;1883;1 mapa;Figueiredo, António Cardoso Borges de, 1851?-1890;;;Camões, Luís de, 1524-1580, Antecedente bibliográfico;;;C.C. 1054 R.;;http://id.bnportugal.gov.pt/bib/catbnp/604127;Livre
7411;613457;1;1;61345711;https://permalinkbnd.bnportugal.gov.pt/viewer/272734/?offset=#page=1&viewer=picture&o=info&n=0&q=;Imagens | 1747;Cantos - Cantos VII | 1756;Episódios - Assassínio de Inês de Castro | 1764;613457;https://purl.pt/43563;https://bndigital.bnportugal.gov.pt//i/?IIIF=/d6/fc/1e/ec/d6fc1eec-5431-4985-ae4f-544438336cce/iiif/e-3525-p_0000_000001.tif/full/!300,500/0/default.jpg;Iconografia;Português;;Camões;;;1.ª ed.;S.l. : s.n.;1968;1968;1 imagem;;;;;;;E. 3525 P.;CAM500;http://id.bnportugal.gov.pt/bib/catbnp/613457;Livre
7412;614521;1;1;61452111;https://permalinkbnd.bnportugal.gov.pt/viewer/36741/?offset=#page=1&viewer=picture&o=info&n=0&q=;Imagens | 1747;Cantos - Cantos VIII | 1757;Episódios - Aparição do gigante Adamastor na passagem do Cabo de B. Esperança | 1765;614521;https://purl.pt/1127;https://bndigital.bnportugal.gov.pt//i/?IIIF=/97/cc/bc/96/97ccbc96-a88e-42be-92ff-c6a0010e4a17/iiif/e-3548-p_0000_000001.tif/full/!300,500/0/default.jpg;Iconografia;Português;;Luiz de Camões;;;1.ª ed.;Lisboa : Imprensa Nacional;1873;1873;1 gravura;Sousa, Joaquim Pedro de, 1822-1878;;;;;;PURL 1127/0;;http://id.bnportugal.gov.pt/bib/catbnp/614521;Livre
7413;626460;1;1;62646011;https://permalinkbnd.bnportugal.gov.pt/viewer/37180/?offset=#page=1&viewer=picture&o=info&n=0&q=;Imagens | 1747;Cantos - Cantos IX | 1758;Episódios - Vénus aplaca os Ventos e a tormenta | 1766;626460;https://purl.pt/12554;https://bndigital.bnportugal.gov.pt//i/?IIIF=/2e/b6/5c/81/2eb65c81-3c05-4b71-be80-a9b88ddce593/iiif/e-4000-p_0000_000001.tif/full/!300,500/0/default.jpg;Iconografia;Francês;;Camoens;;;1.ª ed.;Paris : s.n.;1846;1846;1 gravura;Lemaitre, Augustin François, 1797-1870;;;;;;PURL 12554/0;;http://id.bnportugal.gov.pt/bib/catbnp/626460;Livre
7414;626703;1;1;62670311;https://permalinkbnd.bnportugal.gov.pt/viewer/37208/?offset=#page=1&viewer=picture&o=info&n=0&q=;Imagens | 1747;Cantos - Cantos X | 1759;Episódios - Desembarque de Gama em Calecut | 1767;626703;https://purl.pt/12562;https://bndigital.bnportugal.gov.pt//i/?IIIF=/29/a3/8d/74/29a38d74-bbec-4aff-8570-4e947e87c7d8/iiif/e-4002-p_0000_000001.tif/full/!300,500/0/default.jpg;Iconografia;Alemão;;Camoëns im Gefangnisse zu Goa;;;1.ª ed.;S.l. : s.n.;1840;1840;1 gravura;Duncan, Andrew, 1795-?;;;Moreaux, Charles Florent Léon, 1815-?, Antecedente bibliográfico;;;PURL 12562/0;;http://id.bnportugal.gov.pt/bib/catbnp/626703;Livre
7415;636335;1;1;63633511;https://permalinkbnd.bnportugal.gov.pt/viewer/35147/?offset=#page=1&viewer=picture&o=info&n=0&q=;Imagens | 1747;Episódios | 1749;Episódios - Segunda Audiência do Samorim a Gama | 1768;636335;https://purl.pt/5762;https://bndigital.bnportugal.gov.pt//i/?IIIF=/30/ae/32/70/30ae3270-e8f9-4d96-90e0-ec7eacfd7d52/iiif/e-1772-v_0000_000001.tif/full/!300,500/0/default.jpg;Iconografia;Português;;Á memoria do immortal cantor das glorias portuguezas;;;1.ª ed.;Lisboa : s.n.;1880;1880;1 gravura;;;;;;;PURL 5762/0;;http://id.bnportugal.gov.pt/bib/catbnp/636335;Livre
7416;636337;1;1;63633711;https://permalinkbnd.bnportugal.gov.pt/viewer/1880/?offset=#page=1&viewer=picture&o=info&n=0&q=;Imagens | 1747;Cantos - Cantos I | 1750;Episódios - Ilha de Vénus | 1769;636337;https://purl.pt/5763;https://bndigital.bnportugal.gov.pt//i/?IIIF=/a1/c7/1e/30/a1c71e30-149f-4d01-a4cd-17eb6386f4ec/iiif/e-1773-v_0000_000001.tif/full/!300,500/0/default.jpg;Iconografia;Português;;10 de Junho de 1880;;;1.ª ed.;Lisboa : s.n.;1880;1880;1 gravura;;;;;;;PURL 5763/0;;http://id.bnportugal.gov.pt/bib/catbnp/636337;Livre
7417;636371;1;1;63637111;https://permalinkbnd.bnportugal.gov.pt/viewer/35133/?offset=#page=1&viewer=picture&o=info&n=0&q=;Imagens | 1747;Cantos - Cantos II | 1751;Episódios - Audiência d’El-Rei D. Manuel a Gama | 1770;636371;https://purl.pt/5756;https://bndigital.bnportugal.gov.pt//i/?IIIF=/4d/33/d1/a8/4d33d1a8-9b14-4816-b086-3bfda8beb020/iiif/e-1775-v_0000_000001.tif/full/!300,500/0/default.jpg;Iconografia;Português;;Camões na gruta de Macau;homenagem do Diario de Portugal a Luiz de Camões;;1.ª ed.;S.l. : s.n.;1880;1880;1 gravura;Cardon, ca 1880;;;Metrass, Francisco Augusto, 1825-1861, Antecedente bibliográfico;;;PURL 5756/0;OChina;http://id.bnportugal.gov.pt/bib/catbnp/636371;Livre
7418;636385;1;1;63638511;https://permalinkbnd.bnportugal.gov.pt/viewer/35127/?offset=#page=1&viewer=picture&o=info&n=0&q=;Imagens | 1747;Cantos - Cantos III | 1752;Episódios - Camões na gruta de Macau | 1760;636385;https://purl.pt/5757;https://bndigital.bnportugal.gov.pt//i/?IIIF=/77/c8/5e/5a/77c85e5a-2edc-447a-be9f-e3b9247fe8a1/iiif/e-1774-v_0000_000001.tif/full/!300,500/0/default.jpg;Iconografia;Português;;Monumento a Camões;;;1.ª ed.;S.l. : s.n.;1868;1868;1 gravura;Sousa, Joaquim Pedro de, 1822-1878;;;Barros, Silêncio Cristão de, 1798-1867, Impressor de ilustrações em chapa gravada;;;PURL 5757/0;CAM500;http://id.bnportugal.gov.pt/bib/catbnp/636385;Livre
7419;636389;1;1;63638911;https://permalinkbnd.bnportugal.gov.pt/viewer/35137/?offset=#page=1&viewer=picture&o=info&n=0&q=;Imagens | 1747;Cantos - Cantos IV | 1753;Episódios - Visita do Rei de Melinde a Gama | 1761;636389;https://purl.pt/5761;https://bndigital.bnportugal.gov.pt//i/?IIIF=/7e/61/9f/18/7e619f18-7c28-4232-b632-4cb06e6e808f/iiif/e-1776-v_0000_000001.tif/full/!300,500/0/default.jpg;Iconografia;Português;;O tempo levando os Lusíadas à posteridade;;;1.ª ed.;S.l. : s.n.;1880;1880;1 gravura;Medeiros, J., ca. 18- -;;;;;;PURL 5761/0;;http://id.bnportugal.gov.pt/bib/catbnp/636389;Livre
7420;637133;1;1;63713311;https://permalinkbnd.bnportugal.gov.pt/viewer/37203/?offset=#page=1&viewer=picture&o=info&n=0&q=;Imagens | 1747;Cantos - Cantos V | 1754;"Episódios - Concílio ""Conselho dos Deuses"" | 1762";637133;https://purl.pt/4762;https://bndigital.bnportugal.gov.pt//i/?IIIF=/2b/63/53/2f/2b63532f-998a-4f7b-8b8c-b4e456bc6390/iiif/e-403-v_0000_000001.tif/full/!300,500/0/default.jpg;Iconografia;Português;;Epitome da vida de Luiz de Camoens;;;1.ª ed.;Lisboa : s.n.;1808;1808;1 gravura;Cardini, João, fl. 1804-1825?;;;;;;PURL 4762/0;;http://id.bnportugal.gov.pt/bib/catbnp/637133;Livre
7421;637139;1;1;63713911;https://permalinkbnd.bnportugal.gov.pt/viewer/37132/?offset=#page=1&viewer=picture&o=info&n=0&q=;Imagens | 1747;Cantos - Cantos VI | 1755;Episódios - Sonho d'El-Rei D. Manuel, no qual lhe aparecem os rios Indo e Ganges | 1763;637139;https://purl.pt/4760;https://bndigital.bnportugal.gov.pt//i/?IIIF=/91/93/ef/9e/9193ef9e-3647-4d04-a920-6fce8a1629b8/iiif/e-404-v_0000_000001.tif/full/!300,500/0/default.jpg;Iconografia;Português;;Ao tricentenário de Luiz de Camões;aos 10 de Junho de 1880, Rio de Janeiro;;1.ª ed.;Rio de Janeiro : s.n.;1880;1880;1 gravura;;;;;;Litografia António Lobo & Companhia;PURL 4760/0;;http://id.bnportugal.gov.pt/bib/catbnp/637139;Livre
7422;665442;1;1;66544211;https://permalinkbnd.bnportugal.gov.pt/viewer/34623/?offset=#page=1&viewer=picture&o=info&n=0&q=;Imagens | 1747;Cantos - Cantos VII | 1756;Episódios - Assassínio de Inês de Castro | 1764;665442;https://purl.pt/5904;https://bndigital.bnportugal.gov.pt//i/?IIIF=/10/b0/d1/e1/10b0d1e1-7ca8-4acb-b504-95f8a8017a24/iiif/e-1447-v_0000_000001.tif/full/!300,500/0/default.jpg;Iconografia;;;Tricentenário de Camões;;;1.ª ed.;S.l. : s.n.;1880;1880;1 gravura;;;;;;;PURL 5904/0;;http://id.bnportugal.gov.pt/bib/catbnp/665442;Livre
7423;700486;1;1;70048611;https://permalinkbnd.bnportugal.gov.pt/viewer/37092/?offset=#page=1&viewer=picture&o=info&n=0&q=;Imagens | 1747;Cantos - Cantos VIII | 1757;Episódios - Aparição do gigante Adamastor na passagem do Cabo de B. Esperança | 1765;700486;https://purl.pt/6773;https://bndigital.bnportugal.gov.pt//i/?IIIF=/68/60/bf/0c/6860bf0c-8b2d-42e5-8809-1edc675de42b/iiif/e-40-a_0000_000001.tif/full/!300,500/0/default.jpg;Iconografia;Português;;Camões lendo os Lusíadas a D. Sebastião;;;1.ª ed.;Lisboa : s.n.;1893;1893;1 gravura;Ramalho, António, 1858-1916;;;;;Litografia de Portugal, Impressor;PURL 6773/0;;http://id.bnportugal.gov.pt/bib/catbnp/700486;Livre
7424;700487;1;1;70048711;https://permalinkbnd.bnportugal.gov.pt/viewer/37325/?offset=#page=1&viewer=picture&o=info&n=0&q=;Imagens | 1747;Cantos - Cantos IX | 1758;Episódios - Vénus aplaca os Ventos e a tormenta | 1766;700487;https://purl.pt/6771;https://bndigital.bnportugal.gov.pt//i/?IIIF=/f1/a9/3d/d6/f1a93dd6-7849-41fe-998c-148d7cb7b2dd/iiif/e-41-a_0000_000001.tif/full/!300,500/0/default.jpg;Iconografia;Português;;Camões no leito de morte;;;1.ª ed.;Lisboa : s.n.;1861;1861;1 gravura;Cupertino, fl. 1860;;;;;;PURL 6771/0;;http://id.bnportugal.gov.pt/bib/catbnp/700487;Livre
7425;704429;1;1;70442911;https://permalinkbnd.bnportugal.gov.pt/viewer/33427/?offset=#page=1&viewer=picture&o=info&n=0&q=;Imagens | 1747;Cantos - Cantos X | 1759;Episódios - Desembarque de Gama em Calecut | 1767;704429;https://purl.pt/1227;https://bndigital.bnportugal.gov.pt//i/?IIIF=/ed/6c/2b/55/ed6c2b55-9065-4ce7-97e4-d3437ec4bfa1/iiif/d-392-v_0000_000001.tif/full/!300,500/0/default.jpg;Iconografia;Português;;Os Lusíadas;ilustração;;1.ª ed.;;1900;1900;1 desenho;Gameiro, Alfredo Roque, 1864-1935;;;;;;PURL 1227/0;;http://id.bnportugal.gov.pt/bib/catbnp/704429;Livre
7426;709106;1;1;70910611;https://permalinkbnd.bnportugal.gov.pt/viewer/36374/?offset=#page=1&viewer=picture&o=info&n=0&q=;Imagens | 1747;Cantos | 1748;Episódios - Segunda Audiência do Samorim a Gama | 1768;709106;https://purl.pt/6901;https://bndigital.bnportugal.gov.pt//i/?IIIF=/c6/65/ed/04/c665ed04-906d-47be-afa9-f49402d8909b/iiif/e-271-a_0000_000001.tif/full/!300,500/0/default.jpg;Iconografia;Português;;Luiz de Camões;;;1.ª ed.;S.l. : s.n.;1878;1878;1 gravura;Grossi, ca 1880;;;;;;PURL 6901/0;;http://id.bnportugal.gov.pt/bib/catbnp/709106;Livre
7427;709129;1;1;70912911;https://permalinkbnd.bnportugal.gov.pt/viewer/36554/?offset=#page=1&viewer=picture&o=info&n=0&q=;Imagens | 1747;Cantos | 1748;Episódios - Ilha de Vénus | 1769;709129;https://purl.pt/6844;https://bndigital.bnportugal.gov.pt//i/?IIIF=/d5/4a/55/8b/d54a558b-4168-4ce9-95b6-7b9ac715137f/iiif/e-274-a_0000_000001.tif/full/!300,500/0/default.jpg;Iconografia;Português;;Vasco da Gama apresenta a D. Manuel as primicias da India;Entraram pela foz do Tejo ameno... Lusiadas, canto X, est. 144;;1.ª ed.;"Lisboa ; : João Romano Torres";1890;1890;1 imagem;;;;"Camões, Luís de, 1524-1580, Autor em citações ou excertos de textos ; Marinho, José Pires, 1857-1929?, Técnico gráfico ; Torres, João Romano, 1855-1935, Editor comercial";;;PURL 6844/0;;http://id.bnportugal.gov.pt/bib/catbnp/709129;Livre
7428;729122;1;1;72912211;https://permalinkbnd.bnportugal.gov.pt/viewer/37663/?offset=#page=1&viewer=picture&o=info&n=0&q=;Imagens | 1747;Episódios | 1749;Episódios - Audiência d’El-Rei D. Manuel a Gama | 1770;729122;https://purl.pt/12937;https://bndigital.bnportugal.gov.pt//i/?IIIF=/15/56/29/ac/155629ac-1d4f-4db2-92f1-9e806d18975b/iiif/e-4482-p_0000_000001.tif/full/!300,500/0/default.jpg;Iconografia;Latim;;Ludovicus Camonius, Lusitanus epicorum poetar, in Hispania Princeps, vixit an. LV. obiit an M.DLXXIX;;;1.ª ed.;Lisboa : na Officina Luisiana;1779;1779;1 gravura;Rodrigues, António Fernandes, 1727-1807;;;;;Oficina Luisiana, Impressor;PURL 12937/0;;http://id.bnportugal.gov.pt/bib/catbnp/729122;Livre
7429;730341;1;1;73034111;https://permalinkbnd.bnportugal.gov.pt/viewer/37195/?offset=#page=1&viewer=picture&o=info&n=0&q=;Imagens | 1747;Cantos - Cantos I | 1750;Episódios - Camões na gruta de Macau | 1760;730341;https://purl.pt/12929;https://bndigital.bnportugal.gov.pt//i/?IIIF=/19/3c/83/f5/193c83f5-310f-455d-9964-8f3f8f904fbf/iiif/e-4001-p_0000_000001.tif/full/!300,500/0/default.jpg;Iconografia;Francês;;Camoens;;;1.ª ed.;Paris : Furne;1841;1841;1 gravura;Audibran, François Adolphe Bruneau, 1810-?;;;;;;PURL 12929/0;;http://id.bnportugal.gov.pt/bib/catbnp/730341;Livre
7430;733501;1;1;73350111;https://permalinkbnd.bnportugal.gov.pt/viewer/37674/?offset=#page=1&viewer=picture&o=info&n=0&q=;Imagens | 1747;Cantos - Cantos II | 1751;Episódios - Visita do Rei de Melinde a Gama | 1761;733501;https://purl.pt/12938;https://bndigital.bnportugal.gov.pt//i/?IIIF=/cc/6b/e6/40/cc6be640-2698-4a10-bacd-3f17255ef02f/iiif/e-4484-p_0000_000001.tif/full/!300,500/0/default.jpg;Iconografia;Inglês;;Luis de Camoens;;;1.ª ed.;London : Longman;1820;1820;1 gravura;Skelton, William, 1763-1848;;;;;;PURL 12938/0;PCulture;http://id.bnportugal.gov.pt/bib/catbnp/733501;Livre
7431;742171;1;10;742171110;https://permalinkbnd.bnportugal.gov.pt/viewer/274166/?offset=#page=10&viewer=picture&o=info&n=0&q=;Imagens | 1747;Cantos - Cantos III | 1752;"Episódios - Concílio ""Conselho dos Deuses"" | 1762";742171;https://purl.pt/43810;https://bndigital.bnportugal.gov.pt//i/?IIIF=/20/0e/92/c5/200e92c5-aec5-4489-a61a-b6480cdafb72/iiif/cam-41-v_0005.tif/full/!300,500/0/default.jpg;Livro impresso;Francês;;Les Lusiades;;;1.ª ed.;Lisboa : Tip da Comp. Nacional Editora;1889;1889;338 p.;Camões, Luís de, 1524-1580;;;Garin, Hyacinthe, Editor literário;;;L. 5855 A.;CAM500;http://id.bnportugal.gov.pt/bib/catbnp/742171;Livre
7432;742171;1;18;742171118;https://permalinkbnd.bnportugal.gov.pt/viewer/274166/?offset=#page=18&viewer=picture&o=info&n=0&q=;Imagens | 1747;Cantos - Cantos IV | 1753;Episódios - Sonho d'El-Rei D. Manuel, no qual lhe aparecem os rios Indo e Ganges | 1763;742171;https://purl.pt/43810;https://bndigital.bnportugal.gov.pt//i/?IIIF=/20/0e/92/c5/200e92c5-aec5-4489-a61a-b6480cdafb72/iiif/cam-41-v_0005.tif/full/!300,500/0/default.jpg;Livro impresso;Francês;;Les Lusiades;;;1.ª ed.;Lisboa : Tip da Comp. Nacional Editora;1889;1889;338 p.;Camões, Luís de, 1524-1580;;;Garin, Hyacinthe, Editor literário;;;L. 5855 A.;CAM500;http://id.bnportugal.gov.pt/bib/catbnp/742171;Livre
7433;764770;1;7;76477017;https://permalinkbnd.bnportugal.gov.pt/viewer/270042/?offset=#page=7&viewer=picture&o=info&n=0&q=;Imagens | 1747;Cantos - Cantos V | 1754;Episódios - Assassínio de Inês de Castro | 1764;764770;https://purl.pt/42608;https://bndigital.bnportugal.gov.pt//i/?IIIF=/9e/91/6e/ad/9e916ead-0a6f-45ca-96ba-ec9f9d845df0/iiif/cam-17-p_0000_000007.tif/full/!300,500/0/default.jpg;Livro impresso;Português;;Os Lusiadas;;;1.ª ed.;Em Lisboa : por Pedro Crasbeeck : com privilegio, à custa de Domingos Fernandez livreyro;1609;1609;2, 186 f.;Camões, Luís de, 1524-1580;;;"Cunha, Rodrigo da, 1577-1643, Personalidade a quem é dedicada a obra ; Sousa, Luís de, 1555-1632, Autor ; Mendonça, Pedro da Silva e, Autor ; Tasso, Torquato, 1544-1595, Autor ; Leitão, Diogo Taborda, 15--, Autor ; Tamayo de Vargas, Tomás, 1588-1641, Autor ; Bernardes, Diogo, ca 1530-1596, Autor ; Craesbeeck, Pedro, fl. 1597-1632, Impressor ; Norton, Tomás, 1804-1860, Antigo possuidor ; Fernandes, Domingos, 15---16--, Editor comercial ; Barreto, Domingos da Costa, Antigo possuidor ; Caminha, António Lourenço, ?-1831, Antigo possuidor";;;F. 2553;CAM500;http://id.bnportugal.gov.pt/bib/catbnp/764770;Livre
7434;767226;1;4;76722614;https://permalinkbnd.bnportugal.gov.pt/viewer/273943/?offset=#page=4&viewer=picture&o=info&n=0&q=;Imagens | 1747;Cantos - Cantos VI | 1755;Episódios - Aparição do gigante Adamastor na passagem do Cabo de B. Esperança | 1765;767226;https://purl.pt/43749;https://bndigital.bnportugal.gov.pt//i/?IIIF=/78/25/d5/43/7825d543-ad3b-43c0-9034-6398ee47951b/iiif/cam-566-p_0000_000005.tif/full/!300,500/0/default.jpg;Livro impresso;Português;;Os Lusiadas;poema épico...;;Nova ed. cuidadosamente revista e conforme às de 1572, precedida da biografia do poeta e seguida de um dicionário dos nomes próprios;Lisboa : Livr. António Maria Pereira;1875;1875;XVIII, 457, 6 p.;Camões, Luís de, 1524-1580;;;;;;CAM. 566 P.;CAM500;http://id.bnportugal.gov.pt/bib/catbnp/767226;Livre
7435;767525;1;3;76752513;https://permalinkbnd.bnportugal.gov.pt/viewer/273427/?offset=#page=3&viewer=picture&o=info&n=0&q=;Imagens | 1747;Cantos - Cantos VII | 1756;Episódios - Vénus aplaca os Ventos e a tormenta | 1766;767525;https://purl.pt/43772;https://bndigital.bnportugal.gov.pt//i/?IIIF=/7c/53/55/55/7c535555-bf57-4fa5-b6f4-b9bad743d540/iiif/cam-106-2-v_0000_000001.tif/full/!300,500/0/default.jpg;Livro impresso;Português;;Á memoria de Luiz de Camões;301.º anniversario do fallecimento do grande épico;;1.ª ed.;Loanda : Tip. do Mercantil;1881;1881;26, 2 p.;;Sociedade Propagadora de Conhecimentos Geográfico-Africanos;;Vilhena, Ernesto Jardim de, 1876-1967, Antigo possuidor;;;H.G. 12224//6 V.;CAM500;http://id.bnportugal.gov.pt/bib/catbnp/767525;Livre
7436;782745;1;6;78274516;https://permalinkbnd.bnportugal.gov.pt/viewer/272372/?offset=#page=6&viewer=picture&o=info&n=0&q=;Imagens | 1747;Cantos - Cantos VIII | 1757;Episódios - Desembarque de Gama em Calecut | 1767;782745;https://purl.pt/43415;https://bndigital.bnportugal.gov.pt//i/?IIIF=/a1/d0/ad/31/a1d0ad31-73b5-460a-ba20-5f53415efc39/iiif/cam-709-p_0007.tif/full/!300,500/0/default.jpg;Livro impresso;Português;;Os Lusiadas;poema épico;;Nova ed;Porto : Livr. Ed. Cruz Coutinho;1889;1889;XII, 480 p.;Camões, Luís de, 1524-1580;;;;;;CAM. 709 P.;CAM500;http://id.bnportugal.gov.pt/bib/catbnp/782745;Livre
7437;784907;1;21;784907121;https://permalinkbnd.bnportugal.gov.pt/viewer/272381/?offset=#page=21&viewer=picture&o=info&n=0&q=;Imagens | 1747;Cantos - Cantos IX | 1758;Episódios - Segunda Audiência do Samorim a Gama | 1768;784907;https://purl.pt/43424;https://bndigital.bnportugal.gov.pt//i/?IIIF=/b1/0e/f2/ad/b10ef2ad-b90f-419d-ac6d-791303f80865/iiif/cam-738-p_0018.tif/full/!300,500/0/default.jpg;Livro impresso;Português;;Lusiadas de Luis de Camões a que se ajuntam a vida do Poeta, hum argumento historico dos Lusiadas... com 10 estampas;;;1.ª ed.;Lisboa : Tip. de Eugénio Augusti;1836;1836;;Camões, Luís de, 1524-1580;;;;;;CAM. 738 P.;CAM500;http://id.bnportugal.gov.pt/bib/catbnp/784907;Livre
7438;784907;1;24;784907124;https://permalinkbnd.bnportugal.gov.pt/viewer/272381/?offset=#page=24&viewer=picture&o=info&n=0&q=;Imagens | 1747;Cantos - Cantos X | 1759;Episódios - Ilha de Vénus | 1769;784907;https://purl.pt/43424;https://bndigital.bnportugal.gov.pt//i/?IIIF=/b1/0e/f2/ad/b10ef2ad-b90f-419d-ac6d-791303f80865/iiif/cam-738-p_0018.tif/full/!300,500/0/default.jpg;Livro impresso;Português;;Lusiadas de Luis de Camões a que se ajuntam a vida do Poeta, hum argumento historico dos Lusiadas... com 10 estampas;;;1.ª ed.;Lisboa : Tip. de Eugénio Augusti;1836;1836;;Camões, Luís de, 1524-1580;;;;;;CAM. 738 P.;CAM500;http://id.bnportugal.gov.pt/bib/catbnp/784907;Livre
7439;784907;1;25;784907125;https://permalinkbnd.bnportugal.gov.pt/viewer/272381/?offset=#page=25&viewer=picture&o=info&n=0&q=;Imagens | 1747;Episódios | 1749;Episódios - Audiência d’El-Rei D. Manuel a Gama | 1770;784907;https://purl.pt/43424;https://bndigital.bnportugal.gov.pt//i/?IIIF=/b1/0e/f2/ad/b10ef2ad-b90f-419d-ac6d-791303f80865/iiif/cam-738-p_0018.tif/full/!300,500/0/default.jpg;Livro impresso;Português;;Lusiadas de Luis de Camões a que se ajuntam a vida do Poeta, hum argumento historico dos Lusiadas... com 10 estampas;;;1.ª ed.;Lisboa : Tip. de Eugénio Augusti;1836;1836;;Camões, Luís de, 1524-1580;;;;;;CAM. 738 P.;CAM500;http://id.bnportugal.gov.pt/bib/catbnp/784907;Livre
7440;784907;1;28;784907128;https://permalinkbnd.bnportugal.gov.pt/viewer/272381/?offset=#page=28&viewer=picture&o=info&n=0&q=;Imagens | 1747;Cantos - Cantos I | 1750;Episódios - Camões na gruta de Macau | 1760;784907;https://purl.pt/43424;https://bndigital.bnportugal.gov.pt//i/?IIIF=/b1/0e/f2/ad/b10ef2ad-b90f-419d-ac6d-791303f80865/iiif/cam-738-p_0018.tif/full/!300,500/0/default.jpg;Livro impresso;Português;;Lusiadas de Luis de Camões a que se ajuntam a vida do Poeta, hum argumento historico dos Lusiadas... com 10 estampas;;;1.ª ed.;Lisboa : Tip. de Eugénio Augusti;1836;1836;;Camões, Luís de, 1524-1580;;;;;;CAM. 738 P.;CAM500;http://id.bnportugal.gov.pt/bib/catbnp/784907;Livre
7441;784907;1;29;784907129;https://permalinkbnd.bnportugal.gov.pt/viewer/272381/?offset=#page=29&viewer=picture&o=info&n=0&q=;Imagens | 1747;Cantos - Cantos II | 1751;Episódios - Visita do Rei de Melinde a Gama | 1761;784907;https://purl.pt/43424;https://bndigital.bnportugal.gov.pt//i/?IIIF=/b1/0e/f2/ad/b10ef2ad-b90f-419d-ac6d-791303f80865/iiif/cam-738-p_0018.tif/full/!300,500/0/default.jpg;Livro impresso;Português;;Lusiadas de Luis de Camões a que se ajuntam a vida do Poeta, hum argumento historico dos Lusiadas... com 10 estampas;;;1.ª ed.;Lisboa : Tip. de Eugénio Augusti;1836;1836;;Camões, Luís de, 1524-1580;;;;;;CAM. 738 P.;CAM500;http://id.bnportugal.gov.pt/bib/catbnp/784907;Livre
7442;784907;1;32;784907132;https://permalinkbnd.bnportugal.gov.pt/viewer/272381/?offset=#page=32&viewer=picture&o=info&n=0&q=;Imagens | 1747;Cantos - Cantos III | 1752;"Episódios - Concílio ""Conselho dos Deuses"" | 1762";784907;https://purl.pt/43424;https://bndigital.bnportugal.gov.pt//i/?IIIF=/b1/0e/f2/ad/b10ef2ad-b90f-419d-ac6d-791303f80865/iiif/cam-738-p_0018.tif/full/!300,500/0/default.jpg;Livro impresso;Português;;Lusiadas de Luis de Camões a que se ajuntam a vida do Poeta, hum argumento historico dos Lusiadas... com 10 estampas;;;1.ª ed.;Lisboa : Tip. de Eugénio Augusti;1836;1836;;Camões, Luís de, 1524-1580;;;;;;CAM. 738 P.;CAM500;http://id.bnportugal.gov.pt/bib/catbnp/784907;Livre
7443;784907;1;33;784907133;https://permalinkbnd.bnportugal.gov.pt/viewer/272381/?offset=#page=33&viewer=picture&o=info&n=0&q=;Imagens | 1747;Cantos - Cantos IV | 1753;Episódios - Sonho d'El-Rei D. Manuel, no qual lhe aparecem os rios Indo e Ganges | 1763;784907;https://purl.pt/43424;https://bndigital.bnportugal.gov.pt//i/?IIIF=/b1/0e/f2/ad/b10ef2ad-b90f-419d-ac6d-791303f80865/iiif/cam-738-p_0018.tif/full/!300,500/0/default.jpg;Livro impresso;Português;;Lusiadas de Luis de Camões a que se ajuntam a vida do Poeta, hum argumento historico dos Lusiadas... com 10 estampas;;;1.ª ed.;Lisboa : Tip. de Eugénio Augusti;1836;1836;;Camões, Luís de, 1524-1580;;;;;;CAM. 738 P.;CAM500;http://id.bnportugal.gov.pt/bib/catbnp/784907;Livre
7444;784907;1;36;784907136;https://permalinkbnd.bnportugal.gov.pt/viewer/272381/?offset=#page=36&viewer=picture&o=info&n=0&q=;Imagens | 1747;Cantos - Cantos V | 1754;Episódios - Assassínio de Inês de Castro | 1764;784907;https://purl.pt/43424;https://bndigital.bnportugal.gov.pt//i/?IIIF=/b1/0e/f2/ad/b10ef2ad-b90f-419d-ac6d-791303f80865/iiif/cam-738-p_0018.tif/full/!300,500/0/default.jpg;Livro impresso;Português;;Lusiadas de Luis de Camões a que se ajuntam a vida do Poeta, hum argumento historico dos Lusiadas... com 10 estampas;;;1.ª ed.;Lisboa : Tip. de Eugénio Augusti;1836;1836;;Camões, Luís de, 1524-1580;;;;;;CAM. 738 P.;CAM500;http://id.bnportugal.gov.pt/bib/catbnp/784907;Livre
7445;784907;1;37;784907137;https://permalinkbnd.bnportugal.gov.pt/viewer/272381/?offset=#page=37&viewer=picture&o=info&n=0&q=;Imagens | 1747;Cantos - Cantos VI | 1755;Episódios - Aparição do gigante Adamastor na passagem do Cabo de B. Esperança | 1765;784907;https://purl.pt/43424;https://bndigital.bnportugal.gov.pt//i/?IIIF=/b1/0e/f2/ad/b10ef2ad-b90f-419d-ac6d-791303f80865/iiif/cam-738-p_0018.tif/full/!300,500/0/default.jpg;Livro impresso;Português;;Lusiadas de Luis de Camões a que se ajuntam a vida do Poeta, hum argumento historico dos Lusiadas... com 10 estampas;;;1.ª ed.;Lisboa : Tip. de Eugénio Augusti;1836;1836;;Camões, Luís de, 1524-1580;;;;;;CAM. 738 P.;CAM500;http://id.bnportugal.gov.pt/bib/catbnp/784907;Livre
7446;784907;1;40;784907140;https://permalinkbnd.bnportugal.gov.pt/viewer/272381/?offset=#page=40&viewer=picture&o=info&n=0&q=;Imagens | 1747;Cantos - Cantos VII | 1756;Episódios - Vénus aplaca os Ventos e a tormenta | 1766;784907;https://purl.pt/43424;https://bndigital.bnportugal.gov.pt//i/?IIIF=/b1/0e/f2/ad/b10ef2ad-b90f-419d-ac6d-791303f80865/iiif/cam-738-p_0018.tif/full/!300,500/0/default.jpg;Livro impresso;Português;;Lusiadas de Luis de Camões a que se ajuntam a vida do Poeta, hum argumento historico dos Lusiadas... com 10 estampas;;;1.ª ed.;Lisboa : Tip. de Eugénio Augusti;1836;1836;;Camões, Luís de, 1524-1580;;;;;;CAM. 738 P.;CAM500;http://id.bnportugal.gov.pt/bib/catbnp/784907;Livre
7447;784907;1;41;784907141;https://permalinkbnd.bnportugal.gov.pt/viewer/272381/?offset=#page=41&viewer=picture&o=info&n=0&q=;Imagens | 1747;Cantos - Cantos VIII | 1757;Episódios - Desembarque de Gama em Calecut | 1767;784907;https://purl.pt/43424;https://bndigital.bnportugal.gov.pt//i/?IIIF=/b1/0e/f2/ad/b10ef2ad-b90f-419d-ac6d-791303f80865/iiif/cam-738-p_0018.tif/full/!300,500/0/default.jpg;Livro impresso;Português;;Lusiadas de Luis de Camões a que se ajuntam a vida do Poeta, hum argumento historico dos Lusiadas... com 10 estampas;;;1.ª ed.;Lisboa : Tip. de Eugénio Augusti;1836;1836;;Camões, Luís de, 1524-1580;;;;;;CAM. 738 P.;CAM500;http://id.bnportugal.gov.pt/bib/catbnp/784907;Livre
7448;785080;1;10;785080110;https://permalinkbnd.bnportugal.gov.pt/viewer/280474/?offset=#page=10&viewer=picture&o=info&n=0&q=;Imagens | 1747;Cantos - Cantos IX | 1758;Episódios - Segunda Audiência do Samorim a Gama | 1768;785080;https://purl.pt/43416;https://bndigital.bnportugal.gov.pt//i/?IIIF=/0a/a0/d6/98/0aa0d698-6da1-43e7-8004-b777778c806e/iiif/cam-753-p_0000_000011.tif/full/!300,500/0/default.jpg;Livro impresso;Inglês;Português;Poems from the portuguese;;;A new ed;London : Printed for James Carpenter and Son;1824;1824;157 p.;Camões, Luís de, 1524-1580;;;Strangford, 1780-1855, Tradutor;;;CAM. 753 P.;CAM500;http://id.bnportugal.gov.pt/bib/catbnp/785080;Livre
7449;788850;1;8;78885018;https://permalinkbnd.bnportugal.gov.pt/viewer/272359/?offset=#page=8&viewer=picture&o=info&n=0&q=;Imagens | 1747;Cantos - Cantos X | 1759;Episódios - Ilha de Vénus | 1769;788850;https://purl.pt/43407;https://bndigital.bnportugal.gov.pt//i/?IIIF=/58/b9/1c/10/58b91c10-5fe4-4502-a679-09d2d40f6c8c/iiif/cam-843-p_0009.tif/full/!300,500/0/default.jpg;Livro impresso;Francês;Português;Poésies;;;1.ª ed.;Bruxelles : Impr. de Vandoren Fréres;1828;1828;XLV, 229 p.;Camões, Luís de, 1524-1580;;;"Strangford, 1780-1855, Tradutor ; Barère, B., Tradutor";;;CAM. 843 P.;CAM500;http://id.bnportugal.gov.pt/bib/catbnp/788850;Livre
7450;788899;1;216;7888991216;https://permalinkbnd.bnportugal.gov.pt/viewer/272367/?offset=#page=216&viewer=picture&o=info&n=0&q=;Imagens | 1747;Cantos | 1748;Episódios - Audiência d’El-Rei D. Manuel a Gama | 1770;788899;https://purl.pt/43414;https://bndigital.bnportugal.gov.pt//i/?IIIF=/b7/ea/46/6d/b7ea466d-22e7-482d-9272-4dddffd6d49b/iiif/cam-845-p_0007.tif/full/!300,500/0/default.jpg;Livro impresso;Inglês;Francês;Classical descriptions of love, from the mort celebrated epic poets;Homer, Ariosto, Tasso, Milton and Camoens;;1.ª ed.;London : J. Blacklock;1809;1809;224 p.;;;;Grandmaison, M. Parsival, Tradutor;;;CAM. 845 P.;CAM500;http://id.bnportugal.gov.pt/bib/catbnp/788899;Livre
7451;798614;1;10;798614110;https://permalinkbnd.bnportugal.gov.pt/viewer/272379/?offset=#page=10&viewer=picture&o=info&n=0&q=;Imagens | 1747;Cantos | 1748;Episódios - Camões na gruta de Macau | 1760;798614;https://purl.pt/43421;https://bndigital.bnportugal.gov.pt//i/?IIIF=/9a/4f/fc/07/9a4ffc07-96b7-4a90-8728-685e045c56cf/iiif/cam-955-p_0007.tif/full/!300,500/0/default.jpg;Livro impresso;Inglês;Português;The Lusiad;;;1.ª ed.;London : T. & W. Boone;1854;1854;310 p.;Camões, Luís de, 1524-1580;;;Mitchell, T. Livingston, Tradutor;;;CAM. 955 P.;CAM500;http://id.bnportugal.gov.pt/bib/catbnp/798614;Livre
7452;798623;1;8;79862318;https://permalinkbnd.bnportugal.gov.pt/viewer/272383/?offset=#page=8&viewer=picture&o=info&n=0&q=;Imagens | 1747;Episódios | 1749;Episódios - Visita do Rei de Melinde a Gama | 1761;798623;https://purl.pt/42612;https://bndigital.bnportugal.gov.pt//i/?IIIF=/f0/b5/28/08/f0b52808-60f3-4e5e-ae1d-90ab230894f4/iiif/cam-957-p_0009.tif/full/!300,500/0/default.jpg;Livro impresso;Inglês;Português;Poems;;;1.ª ed.;London : James Carpenter;1803;1803;159 p.;Camões, Luís de, 1524-1580;;;Strangford, 1780-1855, Tradutor;;;CAM. 957 P.;CAM500;http://id.bnportugal.gov.pt/bib/catbnp/798623;Livre
7453;798863;1;5;79886315;https://permalinkbnd.bnportugal.gov.pt/viewer/272376/?offset=#page=5&viewer=picture&o=info&n=0&q=;Imagens | 1747;Cantos - Cantos I | 1750;"Episódios - Concílio ""Conselho dos Deuses"" | 1762";798863;https://purl.pt/43430;https://bndigital.bnportugal.gov.pt//i/?IIIF=/e5/78/5c/ef/e5785cef-18ea-472c-884a-3e05b1032839/iiif/cam-977-p_0005.tif/full/!300,500/0/default.jpg;Livro impresso;Português;;Os Lusiadas;poema epico;;Nova ed. correcta;Pernambuco : Tip. de Santos & Comp.;1843;1843;391 p.;Camões, Luís de, 1524-1580;;;;;;CAM. 977 P.;CAM500;http://id.bnportugal.gov.pt/bib/catbnp/798863;Livre
7454;798864;1;2;79886412;https://permalinkbnd.bnportugal.gov.pt/viewer/272380/?offset=#page=2&viewer=picture&o=info&n=0&q=;Imagens | 1747;Cantos - Cantos II | 1751;Episódios - Sonho d'El-Rei D. Manuel, no qual lhe aparecem os rios Indo e Ganges | 1763;798864;https://purl.pt/43423;https://bndigital.bnportugal.gov.pt//i/?IIIF=/c7/62/23/de/c76223de-5f31-4030-a77d-a7706d53fa5f/iiif/cam-978-p_0007.tif/full/!300,500/0/default.jpg;Livro impresso;Português;;Os Lusiadas;epopeia;;Ed. popular, conforme a 2ª de 1572 com um prospecto chronologico da vida do poeta, as variações e estâncias omittidas;Porto : Impr. Portuguesa;1870;1870;XXIV, 449 p.;Camões, Luís de, 1524-1580;;;;;;CAM. 978 P.;CAM500;http://id.bnportugal.gov.pt/bib/catbnp/798864;Livre
7455;798881;1;5;79888115;https://permalinkbnd.bnportugal.gov.pt/viewer/272389/?offset=#page=5&viewer=picture&o=info&n=0&q=;Imagens | 1747;Cantos - Cantos III | 1752;Episódios - Assassínio de Inês de Castro | 1764;798881;https://purl.pt/43139;https://bndigital.bnportugal.gov.pt//i/?IIIF=/9a/df/59/a9/9adf59a9-8030-45c6-9c58-6a231a62c5ff/iiif/cam-993-p_0001.tif/full/!300,500/0/default.jpg;Livro impresso;Português;;A lyra de Camões;;;1.ª ed.;Porto : Impr. Portugueza;1883;1883;8 p.;Machado, Ariosto, ca 18--;;;;;;CAM. 993 P.;CAM500;http://id.bnportugal.gov.pt/bib/catbnp/798881;Livre
7456;800848;1;5;80084815;https://permalinkbnd.bnportugal.gov.pt/viewer/272392/?offset=#page=5&viewer=picture&o=info&n=0&q=;Imagens | 1747;Cantos - Cantos IV | 1753;Episódios - Aparição do gigante Adamastor na passagem do Cabo de B. Esperança | 1765;800848;https://purl.pt/43379;https://bndigital.bnportugal.gov.pt//i/?IIIF=/26/d3/2c/9a/26d32c9a-aff0-463a-9654-37de1e502cea/iiif/cam-1048-p_0003.tif/full/!300,500/0/default.jpg;Livro impresso;"Português ; Alemão";Português;Alma minha gentil;;;1.ª ed.;Porto : Impr. Ferreira de Brito;1883;1883;4 f.;Camões, Luís de, 1524-1580;;;Storck, Wilhelm, 1829-1905, Tradutor;;;CAM. 1048 P.;CAM500;http://id.bnportugal.gov.pt/bib/catbnp/800848;Livre
7457;800863;1;7;80086317;https://permalinkbnd.bnportugal.gov.pt/viewer/270350/?offset=#page=7&viewer=picture&o=info&n=0&q=;Imagens | 1747;Cantos - Cantos V | 1754;Episódios - Vénus aplaca os Ventos e a tormenta | 1766;800863;https://purl.pt/42945;https://bndigital.bnportugal.gov.pt//i/?IIIF=/10/9f/ff/c4/109fffc4-85a9-4694-a9fe-8ece7f76b5cc/iiif/cam-1058-p_0000_000007.tif/full/!300,500/0/default.jpg;Livro impresso;Português;;Rimas de João Xavier de Matos, entre os pastores da Arcadia Portuense Albano Erithreo, dedicadas à memoria do Grande Luiz de Camões, Principe dos Poetas Portugueses;;;1.ª ed.;Lisboa : na Regia Off. Typ.;1800;1800;2 v.;Matos, João Xavier de, 1730-1789;;;Melo, Caetano de Lima e, Editor literário;;;CAM. 1058 P.;CAM500;http://id.bnportugal.gov.pt/bib/catbnp/800863;Livre
7458;800870;1;13;800870113;https://permalinkbnd.bnportugal.gov.pt/viewer/274038/?offset=#page=13&viewer=picture&o=info&n=0&q=;Imagens | 1747;Cantos - Cantos VI | 1755;Episódios - Desembarque de Gama em Calecut | 1767;800870;https://purl.pt/43887;https://bndigital.bnportugal.gov.pt//i/?IIIF=/6d/03/e5/53/6d03e553-ce6a-40fb-9dc1-3fdf08a2a6c6/iiif/cam-1061-p_0000_000013.tif/full/!300,500/0/default.jpg;Livro impresso;Português;;Sonetos a Dona Ignez de Castro;;;1.ª ed.;Lisboa : na Officina de Filippe da Silva e Azevedo;1784;1784;15, 1 br. p.;Santos, António Ribeiro dos, 1745-1818;;;Azevedo, Filipe da Silva e, fl. 1745-1793, Impressor;;;H.G. 9789//6 P.;CAM500;http://id.bnportugal.gov.pt/bib/catbnp/800870;Livre
7459;801047;1;3;80104713;https://permalinkbnd.bnportugal.gov.pt/viewer/272399/?offset=#page=3&viewer=picture&o=info&n=0&q=;Imagens | 1747;Cantos - Cantos VII | 1756;Episódios - Segunda Audiência do Samorim a Gama | 1768;801047;https://purl.pt/43383;https://bndigital.bnportugal.gov.pt//i/?IIIF=/2e/e7/7c/38/2ee77c38-af9b-4d8d-a30d-6d8e8089f6f3/iiif/cam-1080-p_0003.tif/full/!300,500/0/default.jpg;Livro impresso;Português;;Homenagem a Luís de Camões;tricentenario 10 de Junho de 1880;;1.ª ed.;Lisboa : s.n.;1880;1880;2, XIV p.;Azevedo, J. Estevão de, ca 1880;;;;;;CAM. 1080 P.;CAM500;http://id.bnportugal.gov.pt/bib/catbnp/801047;Livre
7460;804699;1;8;80469918;https://permalinkbnd.bnportugal.gov.pt/viewer/274084/?offset=#page=8&viewer=picture&o=info&n=0&q=;Imagens | 1747;Cantos - Cantos VIII | 1757;Episódios - Ilha de Vénus | 1769;804699;https://purl.pt/43740;https://bndigital.bnportugal.gov.pt//i/?IIIF=/87/08/33/6f/8708336f-2ba1-45b9-9146-62e6c659793f/iiif/cam-14-v_0005.tif/full/!300,500/0/default.jpg;Livro impresso;Português;;Os Lusiadas;poema epico;;Nova ed. correcta e dada à luz conforme a de 1817 in 4º;Paris : Livr. Portugueza de J. P. Aillaud;1836;1836;VI, 2, CX, 420 p.;Camões, Luís de, 1524-1580;;;Mateus, Morgado de, 1758-1825, Editor literário;;;CAM. 14 V.;CAM500;http://id.bnportugal.gov.pt/bib/catbnp/804699;Livre
7461;804707;1;8;80470718;https://permalinkbnd.bnportugal.gov.pt/viewer/272355/?offset=#page=8&viewer=picture&o=info&n=0&q=;Imagens | 1747;Cantos - Cantos IX | 1758;Episódios - Audiência d’El-Rei D. Manuel a Gama | 1770;804707;https://purl.pt/43403;https://bndigital.bnportugal.gov.pt//i/?IIIF=/0f/1a/3d/1d/0f1a3d1d-6792-4f88-be5e-3270be2187fd/iiif/cam-15-v_0011.tif/full/!300,500/0/default.jpg;Livro impresso;Português;;Os Lusiadas;poema epico restituido à sua primitiva linguagem, auctorisada com exemplos extrahidos dos escriptores contemporaneos a Camões, augmentado com a vida deste poeta, uma noticia ácerca de Vasco da Gama, as estancias e lições achadas;;1.ª ed.;Paris : na Livr. Europea de Baudry;1840;1840;XXXIV, 585, 1 p.;Camões, Luís de, 1524-1580;;;"Sousa, Manuel de Faria e, 1590-1649, Autor da introdução, etc. ; Fonseca, José da, 1788-1866, Autor da introdução, etc.";;;CAM. 15 V.;CAM500;http://id.bnportugal.gov.pt/bib/catbnp/804707;Livre
7462;804707;1;42;804707142;https://permalinkbnd.bnportugal.gov.pt/viewer/272355/?offset=#page=42&viewer=picture&o=info&n=0&q=;Imagens | 1747;Cantos - Cantos X | 1759;Episódios - Camões na gruta de Macau | 1760;804707;https://purl.pt/43403;https://bndigital.bnportugal.gov.pt//i/?IIIF=/0f/1a/3d/1d/0f1a3d1d-6792-4f88-be5e-3270be2187fd/iiif/cam-15-v_0011.tif/full/!300,500/0/default.jpg;Livro impresso;Português;;Os Lusiadas;poema epico restituido à sua primitiva linguagem, auctorisada com exemplos extrahidos dos escriptores contemporaneos a Camões, augmentado com a vida deste poeta, uma noticia ácerca de Vasco da Gama, as estancias e lições achadas;;1.ª ed.;Paris : na Livr. Europea de Baudry;1840;1840;XXXIV, 585, 1 p.;Camões, Luís de, 1524-1580;;;"Sousa, Manuel de Faria e, 1590-1649, Autor da introdução, etc. ; Fonseca, José da, 1788-1866, Autor da introdução, etc.";;;CAM. 15 V.;CAM500;http://id.bnportugal.gov.pt/bib/catbnp/804707;Livre
7463;804731;1;10;804731110;https://permalinkbnd.bnportugal.gov.pt/viewer/270138/?medianame=cam-17-v_0000_&o=volume#page=10&viewer=picture&o=volume&n=0&q=;Imagens | 1747;Episódios | 1749;Episódios - Visita do Rei de Melinde a Gama | 1761;804731;https://purl.pt/42825;https://bndigital.bnportugal.gov.pt//i/?IIIF=/c9/5c/2d/80/c95c2d80-0139-4149-b238-327b510e0b9a/iiif/cam-17-v_0000_000011.tif/full/!300,500/0/default.jpg;Livro impresso;Português;;Obras de Luiz de Camões;precedidas de um ensaio biographico, no qual se relatam alguns factos não conhecidos da sua vida augmentadas com algumas composições ineditas do poeta pelo Visconde de Juromenha;;1.ª ed.;Lisboa : Imprensa Nacional;1860;1860;6 vol.;Camões, Luís de, 1524-1580;;;Juromenha, 1807-1887, Autor da introdução, etc.;;;L. 11176 V.;CAM500;http://id.bnportugal.gov.pt/bib/catbnp/804731;Livre
7464;804731;6;10;804731610;https://permalinkbnd.bnportugal.gov.pt/viewer/270138/?medianame=cam-22-v_0000_&o=volume#page=10&viewer=picture&o=volume&n=0&q=;Imagens | 1747;Cantos - Cantos I | 1750;"Episódios - Concílio ""Conselho dos Deuses"" | 1762";804731;https://purl.pt/42825;https://bndigital.bnportugal.gov.pt//i/?IIIF=/c9/5c/2d/80/c95c2d80-0139-4149-b238-327b510e0b9a/iiif/cam-17-v_0000_000011.tif/full/!300,500/0/default.jpg;Livro impresso;Português;;Obras de Luiz de Camões;precedidas de um ensaio biographico, no qual se relatam alguns factos não conhecidos da sua vida augmentadas com algumas composições ineditas do poeta pelo Visconde de Juromenha;;1.ª ed.;Lisboa : Imprensa Nacional;1860;1860;6 vol.;Camões, Luís de, 1524-1580;;;Juromenha, 1807-1887, Autor da introdução, etc.;;;L. 11176 V.;CAM500;http://id.bnportugal.gov.pt/bib/catbnp/804731;Livre
7465;804731;6;43;804731643;https://permalinkbnd.bnportugal.gov.pt/viewer/270138/?medianame=cam-22-v_0000_&o=volume#page=43&viewer=picture&o=volume&n=0&q=;Imagens | 1747;Cantos - Cantos II | 1751;Episódios - Sonho d'El-Rei D. Manuel, no qual lhe aparecem os rios Indo e Ganges | 1763;804731;https://purl.pt/42825;https://bndigital.bnportugal.gov.pt//i/?IIIF=/c9/5c/2d/80/c95c2d80-0139-4149-b238-327b510e0b9a/iiif/cam-17-v_0000_000011.tif/full/!300,500/0/default.jpg;Livro impresso;Português;;Obras de Luiz de Camões;precedidas de um ensaio biographico, no qual se relatam alguns factos não conhecidos da sua vida augmentadas com algumas composições ineditas do poeta pelo Visconde de Juromenha;;1.ª ed.;Lisboa : Imprensa Nacional;1860;1860;6 vol.;Camões, Luís de, 1524-1580;;;Juromenha, 1807-1887, Autor da introdução, etc.;;;L. 11176 V.;CAM500;http://id.bnportugal.gov.pt/bib/catbnp/804731;Livre
7466;804731;6;174;8047316174;https://permalinkbnd.bnportugal.gov.pt/viewer/270138/?medianame=cam-17-v_0000_&o=volume?&medianame=cam-22-v_0000_&viewer=picture&o=volume#page=174&viewer=picture&o=volume&n=0&q=;Imagens | 1747;Cantos - Cantos III | 1752;Episódios - Assassínio de Inês de Castro | 1764;804731;https://purl.pt/42825;https://bndigital.bnportugal.gov.pt//i/?IIIF=/c9/5c/2d/80/c95c2d80-0139-4149-b238-327b510e0b9a/iiif/cam-17-v_0000_000011.tif/full/!300,500/0/default.jpg;Livro impresso;Português;;Obras de Luiz de Camões;precedidas de um ensaio biographico, no qual se relatam alguns factos não conhecidos da sua vida augmentadas com algumas composições ineditas do poeta pelo Visconde de Juromenha;;1.ª ed.;Lisboa : Imprensa Nacional;1860;1860;6 vol.;Camões, Luís de, 1524-1580;;;Juromenha, 1807-1887, Autor da introdução, etc.;;;L. 11176 V.;CAM500;http://id.bnportugal.gov.pt/bib/catbnp/804731;Livre
7467;804731;6;388;8047316388;https://permalinkbnd.bnportugal.gov.pt/viewer/270138/?medianame=cam-17-v_0000_&o=volume?&medianame=cam-22-v_0000_&viewer=picture&o=volume#page=388&viewer=picture&o=volume&n=0&q=;Imagens | 1747;Cantos - Cantos IV | 1753;Episódios - Aparição do gigante Adamastor na passagem do Cabo de B. Esperança | 1765;804731;https://purl.pt/42825;https://bndigital.bnportugal.gov.pt//i/?IIIF=/c9/5c/2d/80/c95c2d80-0139-4149-b238-327b510e0b9a/iiif/cam-17-v_0000_000011.tif/full/!300,500/0/default.jpg;Livro impresso;Português;;Obras de Luiz de Camões;precedidas de um ensaio biographico, no qual se relatam alguns factos não conhecidos da sua vida augmentadas com algumas composições ineditas do poeta pelo Visconde de Juromenha;;1.ª ed.;Lisboa : Imprensa Nacional;1860;1860;6 vol.;Camões, Luís de, 1524-1580;;;Juromenha, 1807-1887, Autor da introdução, etc.;;;L. 11176 V.;CAM500;http://id.bnportugal.gov.pt/bib/catbnp/804731;Livre
7468;805036;1;7;80503617;https://permalinkbnd.bnportugal.gov.pt/viewer/270047/?offset=#page=7&viewer=picture&o=info&n=0&q=;Imagens | 1747;Cantos - Cantos V | 1754;Episódios - Vénus aplaca os Ventos e a tormenta | 1766;805036;https://purl.pt/42615;https://bndigital.bnportugal.gov.pt//i/?IIIF=/04/56/f5/1f/0456f51f-704b-4799-8864-de350710eadb/iiif/cam-28-v_0000_000005.tif/full/!300,500/0/default.jpg;Livro impresso;Português;;Os Lusiadas...;a primeira edição impressa em vida de Luis de Camões 1572;;1.ª ed.;Lisboa : s.n.;1886;1886;10, 38, 1 p.;Camões, Luís de, 1524-1580;;;Santos, Joaquim Eusébio dos, ca 18--, Litógrafo;;;CAM. 28 V.;;http://id.bnportugal.gov.pt/bib/catbnp/805036;Livre
7469;807561;1;8;80756118;https://permalinkbnd.bnportugal.gov.pt/viewer/274169/?offset=#page=8&viewer=picture&o=info&n=0&q=;Imagens | 1747;Cantos - Cantos VI | 1755;Episódios - Desembarque de Gama em Calecut | 1767;807561;https://purl.pt/43817;https://bndigital.bnportugal.gov.pt//i/?IIIF=/69/f7/a5/f4/69f7a5f4-1a20-4ce9-85d3-24b8134a9685/iiif/cam-47-v_0005.tif/full/!300,500/0/default.jpg;Livro impresso;Italiano;Português;I Lusiadi;poema;;1.ª ed.;Milano : presso Carlo Branca;1862;1862;13, XXXIX, 471, 1 p.;Camões, Luís de, 1524-1580;;;"Bellotti, Felice, Tradutor ; Maggi, Giovanni Antonio, Autor da introdução, etc.";;;CAM. 47 V.;CAM500;http://id.bnportugal.gov.pt/bib/catbnp/807561;Livre
7470;807567;1;54;807567154;https://permalinkbnd.bnportugal.gov.pt/viewer/270089/?offset=#page=54&viewer=picture&o=info&n=0&q=;Imagens | 1747;Cantos - Cantos VII | 1756;Episódios - Segunda Audiência do Samorim a Gama | 1768;807567;https://purl.pt/42617;https://bndigital.bnportugal.gov.pt//i/?IIIF=/a8/86/25/9a/a886259a-3e34-4058-aa6a-f259265bbedb/iiif/cam-48-v_0000_000011.tif/full/!300,500/0/default.jpg;Livro impresso;Inglês;Português;The Lusiad or the discovery of India;an epic poem;;3rd ed;Dublin : printed by Graisberry and Campbell;1791;1791;2 v.;Camões, Luís de, 1524-1580;;;Mickle, William Julius, 1734-1788, Tradutor;;;CAM. 48 V.;CAM500;http://id.bnportugal.gov.pt/bib/catbnp/807567;Livre
7471;807675;1;1 vs. 9;80767511 vs. 9;https://permalinkbnd.bnportugal.gov.pt/viewer/281023/?offset=#page=1 vs. 9&viewer=picture&o=info&n=0&q=;Imagens | 1747;Cantos - Cantos VIII | 1757;Episódios - Ilha de Vénus | 1769;807675;https://purl.pt/43868;https://bndigital.bnportugal.gov.pt//i/?IIIF=/00/37/6b/04/00376b04-62d3-4bd1-880c-42088be712b3/iiif/cam-62-2-v_0000_000001.tif/full/!300,500/0/default.jpg;Livro impresso;Italiano;Português;O Soneto de Luis de Camões Alma minha gentil;;;Edição de 200 exemplares numerados;Lisboa : Typ. Casa Portugueza;1884;1884;2 f.;Camões, Luís de, 1524-1580;;;Peragallo, Prospero, 1823-1916, Tradutor;;;CAM. 62//2 V.;CAM500;http://id.bnportugal.gov.pt/bib/catbnp/807675;Livre
7472;808481;1;17;808481117;https://permalinkbnd.bnportugal.gov.pt/viewer/274252/?offset=#page=17&viewer=picture&o=info&n=0&q=;Imagens | 1747;Cantos - Cantos IX | 1758;Episódios - Audiência d’El-Rei D. Manuel a Gama | 1770;808481;https://purl.pt/43870;https://bndigital.bnportugal.gov.pt//i/?IIIF=/0a/b4/ca/cd/0ab4cacd-5524-446b-b470-bf398b531cc6/iiif/cam-65-2-v_0001.tif/full/!300,500/0/default.jpg;Livro impresso;Português;;A primeira poesia impressa de Luiz de Camões no livro do Doctor Garcia dOrta intitulado Coloquios dos simples e drogas;;;1.ª ed.;Lisboa : s.n.;1887;1887;10, 12 p.;Camões, Luís de, 1524-1580;;;"Braga, Teófilo, 1843-1924, Editor literário ; Orta, Garcia de, 1499?-1568, Nome associado";;;CAM. 284//6 V.;CAM500;http://id.bnportugal.gov.pt/bib/catbnp/808481;Livre
7473;808481;1;26;808481126;https://permalinkbnd.bnportugal.gov.pt/viewer/274252/?offset=#page=26&viewer=picture&o=info&n=0&q=;Imagens | 1747;Cantos - Cantos X | 1759;Episódios - Camões na gruta de Macau | 1760;808481;https://purl.pt/43870;https://bndigital.bnportugal.gov.pt//i/?IIIF=/0a/b4/ca/cd/0ab4cacd-5524-446b-b470-bf398b531cc6/iiif/cam-65-2-v_0001.tif/full/!300,500/0/default.jpg;Livro impresso;Português;;A primeira poesia impressa de Luiz de Camões no livro do Doctor Garcia dOrta intitulado Coloquios dos simples e drogas;;;1.ª ed.;Lisboa : s.n.;1887;1887;10, 12 p.;Camões, Luís de, 1524-1580;;;"Braga, Teófilo, 1843-1924, Editor literário ; Orta, Garcia de, 1499?-1568, Nome associado";;;CAM. 284//6 V.;CAM500;http://id.bnportugal.gov.pt/bib/catbnp/808481;Livre
7474;808481;1;29;808481129;https://permalinkbnd.bnportugal.gov.pt/viewer/274252/?offset=#page=29&viewer=picture&o=info&n=0&q=;Imagens | 1747;Cantos | 1748;Episódios - Visita do Rei de Melinde a Gama | 1761;808481;https://purl.pt/43870;https://bndigital.bnportugal.gov.pt//i/?IIIF=/0a/b4/ca/cd/0ab4cacd-5524-446b-b470-bf398b531cc6/iiif/cam-65-2-v_0001.tif/full/!300,500/0/default.jpg;Livro impresso;Português;;A primeira poesia impressa de Luiz de Camões no livro do Doctor Garcia dOrta intitulado Coloquios dos simples e drogas;;;1.ª ed.;Lisboa : s.n.;1887;1887;10, 12 p.;Camões, Luís de, 1524-1580;;;"Braga, Teófilo, 1843-1924, Editor literário ; Orta, Garcia de, 1499?-1568, Nome associado";;;CAM. 284//6 V.;CAM500;http://id.bnportugal.gov.pt/bib/catbnp/808481;Livre
7475;808497;1;7;80849717;https://permalinkbnd.bnportugal.gov.pt/viewer/273233/?offset=#page=7&viewer=picture&o=info&n=0&q=;Imagens | 1747;Cantos | 1748;"Episódios - Concílio ""Conselho dos Deuses"" | 1762";808497;https://purl.pt/43932;https://bndigital.bnportugal.gov.pt//i/?IIIF=/48/4c/2a/27/484c2a27-fd2e-4680-8a45-98c7dbfd51fd/iiif/cam-77-v_0000_000005.tif/full/!300,500/0/default.jpg;Livro impresso;"Português ; Italiano";Português;Flores de poesia portugueza;;;1.ª ed.;Lisboa : Empreza do Ocidente;1893;1893;86 p.;;;;Peragallo, Prospero, 1823-1916, Tradutor;;;CAM. 77 V.;CAM500;http://id.bnportugal.gov.pt/bib/catbnp/808497;Livre
7476;808502;1;12;808502112;https://permalinkbnd.bnportugal.gov.pt/viewer/270086/?offset=#page=12&viewer=picture&o=info&n=0&q=;Imagens | 1747;Episódios | 1749;Episódios - Sonho d'El-Rei D. Manuel, no qual lhe aparecem os rios Indo e Ganges | 1763;808502;https://purl.pt/42915;https://bndigital.bnportugal.gov.pt//i/?IIIF=/91/4d/83/ce/914d83ce-db92-46b6-90a3-a93497ddbc41/iiif/cam-79-v_0000_000005.tif/full/!300,500/0/default.jpg;Livro impresso;"Português ; Italiano";Português;Poesias de Luiz de Camões e outros;;;1.ª ed.;Lisboa : Impr. Nacional;1890;1890;2 v.;;;Camões, Luís de, 1524-1580;Peragallo, Prospero, 1823-1916, Tradutor;;;CAM. 79 V.;CAM500;http://id.bnportugal.gov.pt/bib/catbnp/808502;Livre
7477;808536;1;7;80853617;https://permalinkbnd.bnportugal.gov.pt/viewer/270087/?offset=#page=7&viewer=picture&o=info&n=0&q=;Imagens | 1747;Cantos - Cantos I | 1750;Episódios - Assassínio de Inês de Castro | 1764;808536;https://purl.pt/42822;https://bndigital.bnportugal.gov.pt//i/?IIIF=/ae/13/d9/fc/ae13d9fc-af5b-41fa-9c73-13677994f5c1/iiif/cam-84-v_0000_000007.tif/full/!300,500/0/default.jpg;Livro impresso;Italiano;Português;Poesie portoghese e sivigliane;;;1.ª ed.;Genova : Stablimento Typ. Ved. Papini e Figli;1899;1899;2 v.;;;;Peragallo, Prospero, 1823-1916, Tradutor;;;CAM. 84 V.;CAM500;http://id.bnportugal.gov.pt/bib/catbnp/808536;Livre
7478;808536;1;17;808536117;https://permalinkbnd.bnportugal.gov.pt/viewer/270087/?offset=#page=17&viewer=picture&o=info&n=0&q=;Imagens | 1747;Cantos - Cantos II | 1751;Episódios - Aparição do gigante Adamastor na passagem do Cabo de B. Esperança | 1765;808536;https://purl.pt/42822;https://bndigital.bnportugal.gov.pt//i/?IIIF=/ae/13/d9/fc/ae13d9fc-af5b-41fa-9c73-13677994f5c1/iiif/cam-84-v_0000_000007.tif/full/!300,500/0/default.jpg;Livro impresso;Italiano;Português;Poesie portoghese e sivigliane;;;1.ª ed.;Genova : Stablimento Typ. Ved. Papini e Figli;1899;1899;2 v.;;;;Peragallo, Prospero, 1823-1916, Tradutor;;;CAM. 84 V.;CAM500;http://id.bnportugal.gov.pt/bib/catbnp/808536;Livre
7479;808536;1;79;808536179;https://permalinkbnd.bnportugal.gov.pt/viewer/270087/?offset=#page=79&viewer=picture&o=info&n=0&q=;Imagens | 1747;Cantos - Cantos III | 1752;Episódios - Vénus aplaca os Ventos e a tormenta | 1766;808536;https://purl.pt/42822;https://bndigital.bnportugal.gov.pt//i/?IIIF=/ae/13/d9/fc/ae13d9fc-af5b-41fa-9c73-13677994f5c1/iiif/cam-84-v_0000_000007.tif/full/!300,500/0/default.jpg;Livro impresso;Italiano;Português;Poesie portoghese e sivigliane;;;1.ª ed.;Genova : Stablimento Typ. Ved. Papini e Figli;1899;1899;2 v.;;;;Peragallo, Prospero, 1823-1916, Tradutor;;;CAM. 84 V.;CAM500;http://id.bnportugal.gov.pt/bib/catbnp/808536;Livre
7480;808536;1;89;808536189;https://permalinkbnd.bnportugal.gov.pt/viewer/270087/?offset=#page=89&viewer=picture&o=info&n=0&q=;Imagens | 1747;Cantos - Cantos IV | 1753;Episódios - Desembarque de Gama em Calecut | 1767;808536;https://purl.pt/42822;https://bndigital.bnportugal.gov.pt//i/?IIIF=/ae/13/d9/fc/ae13d9fc-af5b-41fa-9c73-13677994f5c1/iiif/cam-84-v_0000_000007.tif/full/!300,500/0/default.jpg;Livro impresso;Italiano;Português;Poesie portoghese e sivigliane;;;1.ª ed.;Genova : Stablimento Typ. Ved. Papini e Figli;1899;1899;2 v.;;;;Peragallo, Prospero, 1823-1916, Tradutor;;;CAM. 84 V.;CAM500;http://id.bnportugal.gov.pt/bib/catbnp/808536;Livre
7481;808536;1;97;808536197;https://permalinkbnd.bnportugal.gov.pt/viewer/270087/?offset=#page=97&viewer=picture&o=info&n=0&q=;Imagens | 1747;Cantos - Cantos V | 1754;Episódios - Segunda Audiência do Samorim a Gama | 1768;808536;https://purl.pt/42822;https://bndigital.bnportugal.gov.pt//i/?IIIF=/ae/13/d9/fc/ae13d9fc-af5b-41fa-9c73-13677994f5c1/iiif/cam-84-v_0000_000007.tif/full/!300,500/0/default.jpg;Livro impresso;Italiano;Português;Poesie portoghese e sivigliane;;;1.ª ed.;Genova : Stablimento Typ. Ved. Papini e Figli;1899;1899;2 v.;;;;Peragallo, Prospero, 1823-1916, Tradutor;;;CAM. 84 V.;CAM500;http://id.bnportugal.gov.pt/bib/catbnp/808536;Livre
7482;808536;1;104;8085361104;https://permalinkbnd.bnportugal.gov.pt/viewer/270087/?offset=#page=104&viewer=picture&o=info&n=0&q=;Imagens | 1747;Cantos - Cantos VI | 1755;Episódios - Ilha de Vénus | 1769;808536;https://purl.pt/42822;https://bndigital.bnportugal.gov.pt//i/?IIIF=/ae/13/d9/fc/ae13d9fc-af5b-41fa-9c73-13677994f5c1/iiif/cam-84-v_0000_000007.tif/full/!300,500/0/default.jpg;Livro impresso;Italiano;Português;Poesie portoghese e sivigliane;;;1.ª ed.;Genova : Stablimento Typ. Ved. Papini e Figli;1899;1899;2 v.;;;;Peragallo, Prospero, 1823-1916, Tradutor;;;CAM. 84 V.;CAM500;http://id.bnportugal.gov.pt/bib/catbnp/808536;Livre
7483;808536;1;105;8085361105;https://permalinkbnd.bnportugal.gov.pt/viewer/270087/?offset=#page=105&viewer=picture&o=info&n=0&q=;Imagens | 1747;Cantos - Cantos VII | 1756;Episódios - Audiência d’El-Rei D. Manuel a Gama | 1770;808536;https://purl.pt/42822;https://bndigital.bnportugal.gov.pt//i/?IIIF=/ae/13/d9/fc/ae13d9fc-af5b-41fa-9c73-13677994f5c1/iiif/cam-84-v_0000_000007.tif/full/!300,500/0/default.jpg;Livro impresso;Italiano;Português;Poesie portoghese e sivigliane;;;1.ª ed.;Genova : Stablimento Typ. Ved. Papini e Figli;1899;1899;2 v.;;;;Peragallo, Prospero, 1823-1916, Tradutor;;;CAM. 84 V.;CAM500;http://id.bnportugal.gov.pt/bib/catbnp/808536;Livre
7484;808766;1;10;808766110;https://permalinkbnd.bnportugal.gov.pt/viewer/273350/?offset=#page=10&viewer=picture&o=info&n=0&q=;Imagens | 1747;Cantos - Cantos VIII | 1757;Episódios - Camões na gruta de Macau | 1760;808766;https://purl.pt/43857;https://bndigital.bnportugal.gov.pt//i/?IIIF=/29/3a/ba/e6/293abae6-2e00-4a86-8ac3-38df069f98ac/iiif/cam-95-v_0000_000005.tif/full/!300,500/0/default.jpg;Livro impresso;Sueco;Português;Nãgra dikter;;;1.ª ed.;Upsala : Harald Wretmans Boktryckeri;1899;1899;20 p.;Camões, Luís de, 1524-1580;;;Björkman, Göran, 1860-1923, Tradutor;;;CAM. 95 V.;CAM500;http://id.bnportugal.gov.pt/bib/catbnp/808766;Livre
7485;810040;1;11;810040111;https://permalinkbnd.bnportugal.gov.pt/viewer/273316/?offset=#page=11&viewer=picture&o=info&n=0&q=;Imagens | 1747;Cantos - Cantos IX | 1758;Episódios - Visita do Rei de Melinde a Gama | 1761;810040;https://purl.pt/43815;https://bndigital.bnportugal.gov.pt//i/?IIIF=/b6/d0/71/c6/b6d071c6-e05d-4c17-96b2-07a62e35fb7f/iiif/cam-82-1-v_0000_000005.tif/full/!300,500/0/default.jpg;Livro impresso;Português;;Episodio do Gigante Adamastor;Lusiadas, Canto V, Est. XXXVII-LXX;;1.ª ed.;Lisboa : Imp. Nacional;1898;1898;48, 1 p.;Benoliel, Joseph, 1873-1932;;;Vilhena, Ernesto Jardim de, 1876-1967, Antigo possuidor;;;L. 31751 V.;CAM500;http://id.bnportugal.gov.pt/bib/catbnp/810040;Livre
7486;810055;1;1;81005511;https://permalinkbnd.bnportugal.gov.pt/viewer/273346/?offset=#page=1&viewer=picture&o=info&n=0&q=;Imagens | 1747;Cantos - Cantos X | 1759;"Episódios - Concílio ""Conselho dos Deuses"" | 1762";810055;https://purl.pt/43756;https://bndigital.bnportugal.gov.pt//i/?IIIF=/34/41/92/cf/344192cf-3708-4802-9818-a45312b9e82b/iiif/cam-83-4-v_0000_000001.tif/full/!300,500/0/default.jpg;Livro impresso;"Português ; Italiano ; Espanhol ; Francês";Português;A epopéa das navegações portuguezas;estrophes;;1.ª ed.;Lisboa : Imp. Nacional;1898;1898;27, 5 p.;Cunha, Xavier da, 1840-1920;;;"Vilhena, Ernesto Jardim de, 1876-1967, Antigo possuidor ; Peragallo, Prospero, 1823-1916, Tradutor ; Lamarque de Novoa, José, Tradutor ; Benoliel, Joseph, 1873-1932, Tradutor";;;L. 5627 V.;CAM500;http://id.bnportugal.gov.pt/bib/catbnp/810055;Livre
7487;810055;1;5;81005515;https://permalinkbnd.bnportugal.gov.pt/viewer/273346/?offset=#page=5&viewer=picture&o=info&n=0&q=;Imagens | 1747;Episódios | 1749;Episódios - Sonho d'El-Rei D. Manuel, no qual lhe aparecem os rios Indo e Ganges | 1763;810055;https://purl.pt/43756;https://bndigital.bnportugal.gov.pt//i/?IIIF=/34/41/92/cf/344192cf-3708-4802-9818-a45312b9e82b/iiif/cam-83-4-v_0000_000001.tif/full/!300,500/0/default.jpg;Livro impresso;"Português ; Italiano ; Espanhol ; Francês";Português;A epopéa das navegações portuguezas;estrophes;;1.ª ed.;Lisboa : Imp. Nacional;1898;1898;27, 5 p.;Cunha, Xavier da, 1840-1920;;;"Vilhena, Ernesto Jardim de, 1876-1967, Antigo possuidor ; Peragallo, Prospero, 1823-1916, Tradutor ; Lamarque de Novoa, José, Tradutor ; Benoliel, Joseph, 1873-1932, Tradutor";;;L. 5627 V.;CAM500;http://id.bnportugal.gov.pt/bib/catbnp/810055;Livre
7488;810381;1;7;81038117;https://permalinkbnd.bnportugal.gov.pt/viewer/274342/?offset=#page=7&viewer=picture&o=info&n=0&q=;Imagens | 1747;Cantos - Cantos I | 1750;Episódios - Assassínio de Inês de Castro | 1764;810381;https://purl.pt/43913;https://bndigital.bnportugal.gov.pt//i/?IIIF=/79/72/60/1d/7972601d-e856-49df-bc77-f7e76667a402/iiif/cam-96-v_0007.tif/full/!300,500/0/default.jpg;Livro impresso;Espanhol;;Sesion de la Real Academia Española à que asistió S. M. el Emperador del Brasil;;;1.ª ed.;Madrid : Imprenta y Estereotipia de M. Rivadeneyra;1873;1873;177, 1 br. p.;Cueto, Leopoldo Augusto de, 1815-1901;;Valera, Juan, 1824-1905, Autor;;;Real Academia Española, Editor literário;CAM. 96 V.;CAM500;http://id.bnportugal.gov.pt/bib/catbnp/810381;Livre
7489;847196;1;3;84719613;https://permalinkbnd.bnportugal.gov.pt/viewer/273439/?offset=#page=3&viewer=picture&o=info&n=0&q=;Imagens | 1747;Cantos - Cantos II | 1751;Episódios - Aparição do gigante Adamastor na passagem do Cabo de B. Esperança | 1765;847196;https://purl.pt/43757;https://bndigital.bnportugal.gov.pt//i/?IIIF=/c6/34/87/47/c6348747-4a91-4fb6-b497-01ffe8b250db/iiif/cam-120-1-v_0000_000001.tif/full/!300,500/0/default.jpg;Livro impresso;Português;;Camões;homenagem aos antigos heróis portuguezes e sobre todos ao seu divino cantor Luís de Camões;;1.ª ed.;Porto : Typ. Nacional;1880;1880;32 p.;Brito, Rosalino Cândido de Sampaio e;;;;;;CAM. 120//1 V.;CAM500;http://id.bnportugal.gov.pt/bib/catbnp/847196;Livre
7490;851350;1;5;85135015;https://permalinkbnd.bnportugal.gov.pt/viewer/273527/?offset=#page=5&viewer=picture&o=info&n=0&q=;Imagens | 1747;Cantos - Cantos III | 1752;Episódios - Vénus aplaca os Ventos e a tormenta | 1766;851350;https://purl.pt/43922;https://bndigital.bnportugal.gov.pt//i/?IIIF=/56/14/10/91/56141091-d8f1-4fff-94e5-824215338e69/iiif/cam-130-3-v_0000_000001.tif/full/!300,500/0/default.jpg;Livro impresso;Português;;A leitura dos Lusiadas;;;1.ª ed.;Porto : Imprensa Ferreira de Brito;1880;1880;4 f.;Campos, Alfredo, 1847-1906;;;;;;CAM. 130//3 V.;CAM500;http://id.bnportugal.gov.pt/bib/catbnp/851350;Livre
7491;852833;1;11;852833111;https://permalinkbnd.bnportugal.gov.pt/viewer/273731/?offset=#page=11&viewer=picture&o=info&n=0&q=;Imagens | 1747;Cantos - Cantos IV | 1753;Episódios - Desembarque de Gama em Calecut | 1767;852833;https://purl.pt/43927;https://bndigital.bnportugal.gov.pt//i/?IIIF=/7a/fb/76/79/7afb7679-f363-4b2d-8ae7-66b17a54fb04/iiif/cam-184-v_0000_000007.tif/full/!300,500/0/default.jpg;Livro impresso;Português;;O pranto de Camões;;;1.ª ed.;Porto : Livraria Civilisação;1891;1891;18 f.;Araújo, Horácio de, fl. 1890-1893;;;;;;CAM. 184 V.;CAM500;http://id.bnportugal.gov.pt/bib/catbnp/852833;Livre
7492;859037;1;3;85903713;https://permalinkbnd.bnportugal.gov.pt/viewer/272628/?offset=#page=3&viewer=picture&o=info&n=0&q=;Imagens | 1747;Cantos - Cantos V | 1754;Episódios - Segunda Audiência do Samorim a Gama | 1768;859037;https://purl.pt/43752;https://bndigital.bnportugal.gov.pt//i/?IIIF=/7c/8e/0c/32/7c8e0c32-7301-4cec-97d8-dff5af8467bc/iiif/cam-254-4-v_0000_000001.tif/full/!300,500/0/default.jpg;Livro impresso;Português;;Notas para uma edição crítica e comentada dos Lusíadas;;;1.ª ed.;Coimbra : Impr. da Universidade;1920;1920;63 p.;Rodrigues, José Maria, 1857-1942;;;;;;CAM. 254//4 V.;CAM500;http://id.bnportugal.gov.pt/bib/catbnp/859037;Livre
7493;865410;1;1;86541011;https://permalinkbnd.bnportugal.gov.pt/viewer/281130/?offset=#page=1&viewer=picture&o=info&n=0&q=;Imagens | 1747;Cantos - Cantos VI | 1755;Episódios - Ilha de Vénus | 1769;865410;https://purl.pt/42601;https://bndigital.bnportugal.gov.pt//i/?IIIF=/3c/74/9e/7c/3c749e7c-418e-4e81-93bd-79e9cd23c0b5/iiif/cam-374-9-v_0001.tif/full/!300,500/0/default.jpg;Livro impresso;Português;;O brazão do apellido de Camões;;;1.ª ed.;Coimbra : Impr. Litteraria;1880;1880;;;;;;;;CAM. 289//10 V.;CAM500;http://id.bnportugal.gov.pt/bib/catbnp/865410;Livre
7494;874327;1; ;8743271 ;https://permalinkbnd.bnportugal.gov.pt/viewer/273183/?offset=#page=&viewer=picture&o=info&n=0&q=;Imagens | 1747;Cantos - Cantos VII | 1756;Episódios - Audiência d’El-Rei D. Manuel a Gama | 1770;874327;https://purl.pt/43876;https://bndigital.bnportugal.gov.pt//i/?IIIF=/fc/4a/4e/ae/fc4a4eae-d17b-452f-bacc-9d746943ce50/iiif/cam-75-2-v_0000_000001.tif/full/!300,500/0/default.jpg;Livro impresso;Francês;;Épisode dInês de Castro, imité du portugais, de Camoens;;;1.ª ed.;Porto : Circulo Camoniano;1890;1890;8 p.;Cournand, Antoine de;;;Tomás, Aníbal Fernandes, 1849-1911;;;CAM. 75//2 V.;CAM500;http://id.bnportugal.gov.pt/bib/catbnp/874327;Livre
7495;917387;1;1;91738711;https://permalinkbnd.bnportugal.gov.pt/viewer/272728/?offset=#page=1&viewer=picture&o=info&n=0&q=;Imagens | 1747;Cantos - Cantos VIII | 1757;Episódios - Camões na gruta de Macau | 1760;917387;https://purl.pt/43557;https://bndigital.bnportugal.gov.pt//i/?IIIF=/2d/6c/e2/cf/2d6ce2cf-28e6-40d1-845f-f33a70f941bc/iiif/e-103-r_0000_000001.tif/full/!300,500/0/default.jpg;Iconografia;Português;;Terceiro Centenário de Camões - Botafogo - Rio de Janeiro;;;1.ª ed.;Rio de Janeiro : Com. Promot. do Cent. de Camões;1880;1880;1 gravura;Off, Augusto, ˜fl. ca. œ1880;;;;;;E. 103 R.;CAM500;http://id.bnportugal.gov.pt/bib/catbnp/917387;Livre
7496;931586;1;1;93158611;https://permalinkbnd.bnportugal.gov.pt/viewer/272733/?offset=#page=1&viewer=picture&o=info&n=0&q=;Imagens | 1747;Cantos - Cantos IX | 1758;Episódios - Visita do Rei de Melinde a Gama | 1761;931586;https://purl.pt/43561;https://bndigital.bnportugal.gov.pt//i/?IIIF=/9c/66/7e/93/9c667e93-bd4b-41e5-a06b-b0d8bc6a589f/iiif/e-192-r_0000_000001.tif/full/!300,500/0/default.jpg;Iconografia;;;Luís de Camões;;;1.ª ed.;S.l. : s.n.;1890;1890;1 rep. de obra de arte;;;;;;;E. 192 R.;CAM500;http://id.bnportugal.gov.pt/bib/catbnp/931586;Livre
7497;950676;1;1;95067611;https://permalinkbnd.bnportugal.gov.pt/viewer/33718/?offset=#page=1&viewer=picture&o=info&n=0&q=;Imagens | 1747;Cantos - Cantos X | 1759;"Episódios - Concílio ""Conselho dos Deuses"" | 1762";950676;https://purl.pt/12259;https://bndigital.bnportugal.gov.pt//i/?IIIF=/9d/67/63/2e/9d67632e-2781-47f3-ae3e-a11fa91a1de0/iiif/e-1059-a_0000_000001.tif/full/!300,500/0/default.jpg;Iconografia;Francês;;Derniers moments de Camoëns;;;1.ª ed.;Paris : s.n.;1840;1840;1 gravura;Dulong, Lustrel, 18--;;;Dulong, Jean-Louis, 1800-1868, Antecedente bibliográfico;;;PURL 12259/0;;http://id.bnportugal.gov.pt/bib/catbnp/950676;Livre
7498;950691;1;1;95069111;https://permalinkbnd.bnportugal.gov.pt/viewer/33721/?offset=#page=1&viewer=picture&o=info&n=0&q=;Imagens | 1747;Cantos | 1748;Episódios - Sonho d'El-Rei D. Manuel, no qual lhe aparecem os rios Indo e Ganges | 1763;950691;https://purl.pt/12253;https://bndigital.bnportugal.gov.pt//i/?IIIF=/c3/71/d7/72/c371d772-03fc-4cef-be97-420dd6a893d8/iiif/e-1060-a_0000_000001.tif/full/!300,500/0/default.jpg;Iconografia;Francês;;Le Camoens;;;1.ª ed.;Paris : s.n.;1850;1850;1 gravura;Meunier, Jean-Baptiste, 1821-1900;;Degrox, H., ca 1880, Autor;Wappers, Gustave, 1803-1874, Antecedente bibliográfico;;;PURL 12253/0;;http://id.bnportugal.gov.pt/bib/catbnp/950691;Livre
7499;959409;1;1;95940911;https://permalinkbnd.bnportugal.gov.pt/viewer/36775/?offset=#page=1&viewer=picture&o=info&n=0&q=;Imagens | 1747;Cantos | 1748;Episódios - Assassínio de Inês de Castro | 1764;959409;https://purl.pt/27596;https://bndigital.bnportugal.gov.pt//i/?IIIF=/1a/06/71/22/1a067122-e60e-4b4e-bef4-aecdf1f01e1c/iiif/e-360-r_0000_000001.tif/full/!300,500/0/default.jpg;Iconografia;Português;;Camões na gruta de Macau;5.º anno;;1.ª ed.;Lisboa : s.n.;1866;1866;1 gravura;Metrass, Francisco Augusto, 1825-1861;;;"Sousa, Joaquim Pedro de, 1822-1878, Litógrafo ; Lopes, Domingos Francisco, fl. 1835-ca 1874, Impressor";;Sociedade Promotora das Belas Artes em Portugal, Nome associado;E. 360 R.;OChina;http://id.bnportugal.gov.pt/bib/catbnp/959409;Livre
7500;1025381;1;3;102538113;https://permalinkbnd.bnportugal.gov.pt/viewer/274123/?offset=#page=3&viewer=picture&o=info&n=0&q=;Imagens | 1747;Episódios | 1749;Episódios - Aparição do gigante Adamastor na passagem do Cabo de B. Esperança | 1765;1025381;https://purl.pt/43841;https://bndigital.bnportugal.gov.pt//i/?IIIF=/be/78/ab/86/be78ab86-315c-4ba6-b63a-b558416c403f/iiif/cam-1394-p_0000_000003.tif/full/!300,500/0/default.jpg;Livro impresso;Português;;Homenagem a Camões;discursos e poesias recitados pelos alumnos e alumnas das aulas da Ordem Terceira do Carmo por ocasião do tricentenário de Camões;;1.ª ed.;Porto : Typ. Alexandre da Fonseca Vasconcellos;1880;1880;16 p.;;;;Vasconcelos, Alexandre da Fonseca, 18--;;;CAM. 1394 P.;CAM500;http://id.bnportugal.gov.pt/bib/catbnp/1025381;Livre
7501;1044776;1;1;104477611;https://permalinkbnd.bnportugal.gov.pt/viewer/272738/?offset=#page=1&viewer=picture&o=info&n=0&q=;Imagens | 1747;Cantos - Cantos I | 1750;Episódios - Vénus aplaca os Ventos e a tormenta | 1766;1044776;https://purl.pt/43556;https://bndigital.bnportugal.gov.pt//i/?IIIF=/4b/91/7c/2c/4b917c2c-294e-4c16-8a85-8fa86d878cce/iiif/ct-569-v_0000_000001.tif/full/!300,500/0/default.jpg;Iconografia;Português;;Os Lusiadas;dedicado à digna Commissão dos Festejos a Camões em 1880;;1.ª ed.;Lisboa : V. S.;1880;1880;1 cartaz;Verol Sénior, 1814-1898;;;Casanova, Enrique, 1850-1913, Técnico gráfico;;;CT. 569 V.;CAM500;http://id.bnportugal.gov.pt/bib/catbnp/1044776;Livre
7502;1066418;1;126;10664181126;https://permalinkbnd.bnportugal.gov.pt/viewer/274092/?offset=#page=126&viewer=picture&o=info&n=0&q=;Imagens | 1747;Cantos - Cantos II | 1751;Episódios - Desembarque de Gama em Calecut | 1767;1066418;https://purl.pt/43744;https://bndigital.bnportugal.gov.pt//i/?IIIF=/cf/7c/9e/01/cf7c9e01-20f2-461f-934f-f7fb2ac7283c/iiif/cam-10-a_0007.tif/full/!300,500/0/default.jpg;Livro impresso;"Português ; Espanhol";;Rimas varias;;;1.ª ed.;Lisboa : en la Imprenta Craesbeeckiana;1689;1689;4, 207, 1 br., 339 p.;Camões, Luís de, 1524-1580;;;"Melo, Garcia de, ?- 1706, Personalidade a quem é dedicada a obra ; Melo, António Craesbeeck de, fl. 1685, Autor da dedicatória ; Sousa, Manuel de Faria e, 1590-1649, Comentador (em meio audiovisual) ; Gama, fl. séc. 18, Antigo possuidor ; Gordo, Joaquim José Ferreira, 1758-1838, Antigo possuidor ; Silva, Leão de Araújo, fl. séc. 18, Antigo possuidor";;Oficina Craesbeeckiana, Impressor;CAM. 10 A.;CAM500;http://id.bnportugal.gov.pt/bib/catbnp/1066418;Livre
7503;1066418;1;217;10664181217;https://permalinkbnd.bnportugal.gov.pt/viewer/274092/?offset=#page=217&viewer=picture&o=info&n=0&q=;Imagens | 1747;Cantos - Cantos III | 1752;Episódios - Segunda Audiência do Samorim a Gama | 1768;1066418;https://purl.pt/43744;https://bndigital.bnportugal.gov.pt//i/?IIIF=/cf/7c/9e/01/cf7c9e01-20f2-461f-934f-f7fb2ac7283c/iiif/cam-10-a_0007.tif/full/!300,500/0/default.jpg;Livro impresso;"Português ; Espanhol";;Rimas varias;;;1.ª ed.;Lisboa : en la Imprenta Craesbeeckiana;1689;1689;4, 207, 1 br., 339 p.;Camões, Luís de, 1524-1580;;;"Melo, Garcia de, ?- 1706, Personalidade a quem é dedicada a obra ; Melo, António Craesbeeck de, fl. 1685, Autor da dedicatória ; Sousa, Manuel de Faria e, 1590-1649, Comentador (em meio audiovisual) ; Gama, fl. séc. 18, Antigo possuidor ; Gordo, Joaquim José Ferreira, 1758-1838, Antigo possuidor ; Silva, Leão de Araújo, fl. séc. 18, Antigo possuidor";;Oficina Craesbeeckiana, Impressor;CAM. 10 A.;CAM500;http://id.bnportugal.gov.pt/bib/catbnp/1066418;Livre
7504;1073960;1;9;107396019;https://permalinkbnd.bnportugal.gov.pt/viewer/272390/?offset=#page=9&viewer=picture&o=info&n=0&q=;Imagens | 1747;Cantos - Cantos IV | 1753;Episódios - Ilha de Vénus | 1769;1073960;https://purl.pt/43436;https://bndigital.bnportugal.gov.pt//i/?IIIF=/19/b5/c6/f0/19b5c6f0-4f74-423e-963e-83719775b540/iiif/cam-1475-p_0007.tif/full/!300,500/0/default.jpg;Livro impresso;Italiano;;Camoens;dramma lirico in tre atti da rappresentarsi nel Regio Teatro il Carnevale Quaresima 1852 alla presenza delle IL. SS. RR. MM.;;1.ª ed.;Torino : Off. Tipografica e Litografica di Giuseppe Fodratti;1852;1852;10, 52 p.;;;;"Cortesi, Antonio, fl. 1823-1852, Libretista ; Sanelli, Gualtiero, 1816-1861, Maestro ; Codedó, Andrea, 18--, Libretista";;;CAM. 1475 P.;CAM500;http://id.bnportugal.gov.pt/bib/catbnp/1073960;Livre
7505;1076546;1;1;107654611;https://permalinkbnd.bnportugal.gov.pt/viewer/280467/?offset=#page=1&viewer=picture&o=info&n=0&q=;Imagens | 1747;Cantos - Cantos V | 1754;Episódios - Audiência d’El-Rei D. Manuel a Gama | 1770;1076546;https://purl.pt/42613;https://bndigital.bnportugal.gov.pt//i/?IIIF=/97/f3/a3/73/97f3a373-3a12-49ac-9f2d-d9afbb88c8c5/iiif/cam-987-p_0000_000001.tif/full/!300,500/0/default.jpg;Periódico;Português;;Almanach Camões para...;;;1.ª ed.;"Porto : Empreza do Semanario ""O Camões""";1882;1882;;;;;Leal, António Augusto, ca 18 --, Autor da introdução, etc.;;;TR. 6015//1 P.;CAM500;http://id.bnportugal.gov.pt/bib/catbnp/1076546;Livre
7506;1076546;1;13;1076546113;https://permalinkbnd.bnportugal.gov.pt/viewer/280467/?offset=#page=13&viewer=picture&o=info&n=0&q=;Imagens | 1747;Cantos - Cantos VI | 1755;Episódios - Camões na gruta de Macau | 1760;1076546;https://purl.pt/42613;https://bndigital.bnportugal.gov.pt//i/?IIIF=/97/f3/a3/73/97f3a373-3a12-49ac-9f2d-d9afbb88c8c5/iiif/cam-987-p_0000_000001.tif/full/!300,500/0/default.jpg;Periódico;Português;;Almanach Camões para...;;;1.ª ed.;"Porto : Empreza do Semanario ""O Camões""";1882;1882;;;;;Leal, António Augusto, ca 18 --, Autor da introdução, etc.;;;TR. 6015//1 P.;CAM500;http://id.bnportugal.gov.pt/bib/catbnp/1076546;Livre
7507;1076546;1;35;1076546135;https://permalinkbnd.bnportugal.gov.pt/viewer/280467/?offset=#page=35&viewer=picture&o=info&n=0&q=;Imagens | 1747;Cantos - Cantos VII | 1756;Episódios - Visita do Rei de Melinde a Gama | 1761;1076546;https://purl.pt/42613;https://bndigital.bnportugal.gov.pt//i/?IIIF=/97/f3/a3/73/97f3a373-3a12-49ac-9f2d-d9afbb88c8c5/iiif/cam-987-p_0000_000001.tif/full/!300,500/0/default.jpg;Periódico;Português;;Almanach Camões para...;;;1.ª ed.;"Porto : Empreza do Semanario ""O Camões""";1882;1882;;;;;Leal, António Augusto, ca 18 --, Autor da introdução, etc.;;;TR. 6015//1 P.;CAM500;http://id.bnportugal.gov.pt/bib/catbnp/1076546;Livre
7508;1306834;1;1;130683411;https://permalinkbnd.bnportugal.gov.pt/viewer/36160/?offset=#page=1&viewer=picture&o=info&n=0&q=;Imagens | 1747;Cantos - Cantos VIII | 1757;"Episódios - Concílio ""Conselho dos Deuses"" | 1762";1306834;https://purl.pt/6233;https://bndigital.bnportugal.gov.pt//i/?IIIF=/ee/8d/cb/29/ee8dcb29-ec79-470f-96f6-347bcbfbd615/iiif/e-2273-v_0000_000001.tif/full/!300,500/0/default.jpg;Iconografia;Francês;;Grotte du Camoens dans le jardin de M. Perira, a Macao Chine;;;1.ª ed.;S.l. : s.n.;1845;1845;1 gravura;Bichebois, Louis-Philippe-Alphonse, 1801-1850;;Bayot, Alphonse Jean Baptiste, 1810-?, Autor;La Touanne, Edmond, ca 1830, Antecedente bibliográfico;;;PURL 6233/0;OChina;http://id.bnportugal.gov.pt/bib/catbnp/1306834;Livre
7509;1313328;1;1;131332811;https://permalinkbnd.bnportugal.gov.pt/viewer/272788/?offset=#page=1&viewer=picture&o=info&n=0&q=;Imagens | 1747;Cantos - Cantos IX | 1758;Episódios - Sonho d'El-Rei D. Manuel, no qual lhe aparecem os rios Indo e Ganges | 1763;1313328;https://purl.pt/43574;https://bndigital.bnportugal.gov.pt//i/?IIIF=/67/fa/fb/81/67fafb81-116d-4ab4-b085-fb4022574959/iiif/mpp-26-1-a_0000_000001.tif/full/!300,500/0/default.jpg;Periódico;Português;;O genio de Camões;Romança;;1.ª ed.;Lisboa : J. I. Canongia & C.;1850;1850;Partitura 6 p.;Pinto, Francisco António Norberto dos Santos, 1815-1860;;;"Romano, José, 1825-1887, Autor de letras para trechos musicais ; Vieira, Ernesto, 1848-1915, Antigo possuidor";;J. I. Canongia e C.ª, Editor comercial;M.P.P. 26//1 A.;CAM500;http://id.bnportugal.gov.pt/bib/catbnp/1313328;Livre
7510;1376687;1;1;137668711;https://permalinkbnd.bnportugal.gov.pt/viewer/88185/?offset=#page=1&viewer=picture&o=info&n=0&q=;Imagens | 1747;Cantos - Cantos X | 1759;Episódios - Assassínio de Inês de Castro | 1764;1376687;https://purl.pt/31492;https://bndigital.bnportugal.gov.pt//i/?IIIF=/11/82/e8/05/1182e805-ff50-4225-b6c0-2be2c44f7f1d/iiif/pi-27899-p_0000_000001.tif/full/!300,500/0/default.jpg;Iconografia;Inglês;;Old Goa;statue of poet Camoes;;1.ª ed.;S.l. : s.n.;1930;1930;1 postal;;;;;;;P.I. 27899 P.;;http://id.bnportugal.gov.pt/bib/catbnp/1376687;Livre
7511;1376717;1;1;137671711;https://permalinkbnd.bnportugal.gov.pt/viewer/272785/?offset=#page=1&viewer=picture&o=info&n=0&q=;Imagens | 1747;Episódios | 1749;Episódios - Aparição do gigante Adamastor na passagem do Cabo de B. Esperança | 1765;1376717;https://purl.pt/43578;https://bndigital.bnportugal.gov.pt//i/?IIIF=/90/a7/b9/b1/90a7b9b1-9a8d-4481-bdf7-b9ba1c46c55f/iiif/pi-27904-p_0000_000001.tif/full/!300,500/0/default.jpg;Iconografia;Inglês;;Camoes Grotto - Macao;;;1.ª ed.;Hong Kong : M. Sternberg.;1910;1910;1 postal;;;;;;;P.I. 27904 P.;CAM500;http://id.bnportugal.gov.pt/bib/catbnp/1376717;Livre
7512;1380949;1;1;138094911;https://permalinkbnd.bnportugal.gov.pt/viewer/38463/?offset=#page=1&viewer=picture&o=info&n=0&q=;Imagens | 1747;Cantos - Cantos I | 1750;Episódios - Vénus aplaca os Ventos e a tormenta | 1766;1380949;https://purl.pt/13721;https://bndigital.bnportugal.gov.pt//i/?IIIF=/e9/a5/d9/de/e9a5d9de-9cd0-45ad-8bc7-5bf81c2b6f5f/iiif/e-49-p_0000_000001.tif/full/!300,500/0/default.jpg;Iconografia;Francês;;Mort de Camoëns;;;1.ª ed.;S.l. : s.n.;1831;1831;1 gravura;Guérin, Simon, 1812-1850;;;Leullier, Louis Félix, 1811-1882, Antecedente bibliográfico;;Petit & Bertauts, Impressor;PURL 13721/0;;http://id.bnportugal.gov.pt/bib/catbnp/1380949;Livre
7513;1381028;1;1;138102811;https://permalinkbnd.bnportugal.gov.pt/viewer/38591/?offset=#page=1&viewer=picture&o=info&n=0&q=;Imagens | 1747;Cantos - Cantos II | 1751;Episódios - Desembarque de Gama em Calecut | 1767;1381028;https://purl.pt/13722;https://bndigital.bnportugal.gov.pt//i/?IIIF=/24/1a/20/23/241a2023-5c24-445d-a049-5ba8d80cace3/iiif/e-50-p_0000_000001.tif/full/!300,500/0/default.jpg;Iconografia;Português;;Luís de Camões;dequelle cuia lyra sonorosa será mais affamada que ditosa;;1.ª ed.;S.l. : s.n.;1890;1890;1 imagem;;;"Gérard, François, 1770-1837, Antecedente bibliográfico ; Visconti, L., ca 1817, Antecedente bibliográfico";Lignon, Étienne Frédéric, 1779-1833, Antecedente bibliográfico;;;PURL 13722/0;CAM500;http://id.bnportugal.gov.pt/bib/catbnp/1381028;Livre
7514;1381084;1;1;138108411;https://permalinkbnd.bnportugal.gov.pt/viewer/1843/?offset=#page=1&viewer=picture&o=info&n=0&q=;Imagens | 1747;Cantos - Cantos III | 1752;Episódios - Segunda Audiência do Samorim a Gama | 1768;1381084;https://purl.pt/13740;https://bndigital.bnportugal.gov.pt//i/?IIIF=/33/3c/50/9e/333c509e-9a7c-4a79-ad74-a9e03d120e37/iiif/e-51-p_0000_000001.tif/full/!300,500/0/default.jpg;Iconografia;Português;;Exposição de 1843;esbocete modelado em barro pelo Sr. F. de Assis Rodrigues;;1.ª ed.;Lisboa : s.n.;1843;1843;1 gravura;Fonseca, António Manuel da, 1796-1890;;Marques, Joaquim António, 1821-1885, Artista;"Legrand, C., fl. 1839-1847, Litógrafo ; Rodrigues, Francisco de Assis, 1801-1877, Antecedente bibliográfico";;Litografia de Manuel Luís da Costa, Impressor;PURL 13740/0;;http://id.bnportugal.gov.pt/bib/catbnp/1381084;Livre
7515;1381142;1;1;138114211;https://permalinkbnd.bnportugal.gov.pt/viewer/37955/?offset=#page=1&viewer=picture&o=info&n=0&q=;Imagens | 1747;Cantos - Cantos IV | 1753;Episódios - Ilha de Vénus | 1769;1381142;https://purl.pt/13738;https://bndigital.bnportugal.gov.pt//i/?IIIF=/71/67/71/ac/716771ac-0530-4a07-906d-9ce1a0962f09/iiif/e-52-p_0000_000001.tif/full/!300,500/0/default.jpg;Iconografia;Português;;Luiz de Camões;;;1.ª ed.;Lisboa : s.n.;1841;1841;1 gravura;Legrand, C., fl. 1839-1847;;;;;Litografia de Manuel Luís da Costa, Impressor;PURL 13738/0;;http://id.bnportugal.gov.pt/bib/catbnp/1381142;Livre
7516;1381247;1;1;138124711;https://permalinkbnd.bnportugal.gov.pt/viewer/38270/?offset=#page=1&viewer=picture&o=info&n=0&q=;Imagens | 1747;Cantos - Cantos V | 1754;Episódios - Audiência d’El-Rei D. Manuel a Gama | 1770;1381247;https://purl.pt/13739;https://bndigital.bnportugal.gov.pt//i/?IIIF=/37/29/d6/48/3729d648-1fb0-42ea-86da-0b3cda4b47f6/iiif/e-53-p_0000_000001.tif/full/!300,500/0/default.jpg;Iconografia;Português;;Camões;para ser-vos braço as armas feito...;;1.ª ed.;Lisboa : s.n.;1841;1841;1 gravura;Legrand, C., fl. 1839-1847;;;;;Litografia de Manuel Luís da Costa, Impressor;PURL 13739/0;;http://id.bnportugal.gov.pt/bib/catbnp/1381247;Livre
7517;1384320;1;1;138432011;https://permalinkbnd.bnportugal.gov.pt/viewer/39315/?offset=#page=1&viewer=picture&o=info&n=0&q=;Imagens | 1747;Cantos - Cantos VI | 1755;Episódios - Camões na gruta de Macau | 1760;1384320;https://purl.pt/15135;https://bndigital.bnportugal.gov.pt//i/?IIIF=/33/44/56/1d/3344561d-810e-449d-b22a-42940397353a/iiif/e-94-p_0000_000001.tif/full/!300,500/0/default.jpg;Iconografia;Português;;Luiz de Camões;;;1.ª ed.;S.l. : s.n.;1880;1880;1 gravura;;;;;;;E. 94 P.;;http://id.bnportugal.gov.pt/bib/catbnp/1384320;Livre
7518;1651190;1;1;165119011;https://permalinkbnd.bnportugal.gov.pt/viewer/272735/?offset=#page=1&viewer=picture&o=info&n=0&q=;Imagens | 1747;Cantos - Cantos VII | 1756;Episódios - Visita do Rei de Melinde a Gama | 1761;1651190;https://purl.pt/43564;https://bndigital.bnportugal.gov.pt//i/?IIIF=/69/3f/3b/06/693f3b06-26c3-404a-a10b-2612753e34bf/iiif/e-371-p_0000_000001.tif/full/!300,500/0/default.jpg;Iconografia;Latim;;In utrunque paratus;fama volans cita...;;1.ª ed.;S.l. : s.n.;1880;1880;1 imagem;Allet, Jean Charles, ca. 1668-1732?;;;;;;E. 371 P.;CAM500;http://id.bnportugal.gov.pt/bib/catbnp/1651190;Livre
7519;1669786;1;1;166978611;https://permalinkbnd.bnportugal.gov.pt/viewer/272737/?offset=#page=1&viewer=picture&o=info&n=0&q=;Imagens | 1747;Cantos - Cantos VIII | 1757;"Episódios - Concílio ""Conselho dos Deuses"" | 1762";1669786;https://purl.pt/43566;https://bndigital.bnportugal.gov.pt//i/?IIIF=/66/1d/2b/82/661d2b82-89fe-40d8-82c3-bc5fd993945f/iiif/e-596-p_0000_000001.tif/full/!300,500/0/default.jpg;Iconografia;Francês;;Lisbonne;bronze de Victor Bastos;;1.ª ed.;S.l. : s.n.;1880;1880;1 gravura;E. R., fl. 1880;;;Bastos, Vítor, 1831-1894, Antecedente bibliográfico;;;E. 596 P.;CAM500;http://id.bnportugal.gov.pt/bib/catbnp/1669786;Livre
7520;1671826;1;1;167182611;https://permalinkbnd.bnportugal.gov.pt/viewer/272727/?offset=#page=1&viewer=picture&o=info&n=0&q=;Imagens | 1747;Cantos - Cantos IX | 1758;Episódios - Sonho d'El-Rei D. Manuel, no qual lhe aparecem os rios Indo e Ganges | 1763;1671826;https://purl.pt/43555;https://bndigital.bnportugal.gov.pt//i/?IIIF=/ff/0e/25/81/ff0e2581-9e34-4e16-8533-d98f127e59ab/iiif/ct-3944-r_0000_000001.tif/full/!300,500/0/default.jpg;Iconografia;Português;;Semana Camoneana em Lisboa;3 a 10 de Junho de 1924;;1.ª ed.;Lisboa : s.n.;1924;1924;1 cartaz;;;;;;;CT. 3944 R.;CAM500;http://id.bnportugal.gov.pt/bib/catbnp/1671826;Livre
7521;1684166;1;1;168416611;https://permalinkbnd.bnportugal.gov.pt/viewer/272736/?offset=#page=1&viewer=picture&o=info&n=0&q=;Imagens | 1747;Cantos - Cantos X | 1759;Episódios - Assassínio de Inês de Castro | 1764;1684166;https://purl.pt/43565;https://bndigital.bnportugal.gov.pt//i/?IIIF=/73/cf/9d/f7/73cf9df7-d8e7-4fc5-ba8c-ade1184e8a61/iiif/e-5098-p_0000_000001.tif/full/!300,500/0/default.jpg;Iconografia;Português;;Os netos dos varões assignalados...;História seculo XV;;1.ª ed.;Lisboa : s.n.;1898;1898;1 gravura;;;"Ribeiro, Tomás, 1831-1901, Autor ; Pinheiro, Raphael Bordallo, 1846-1905, Autor";;;Litografia da Companhia Nacional Editora, Impressor;E. 5098 P.;CAM500;http://id.bnportugal.gov.pt/bib/catbnp/1684166;Livre
7522;1718418;1;1;171841811;https://permalinkbnd.bnportugal.gov.pt/viewer/16732/?offset=#page=1&viewer=picture&o=info&n=0&q=;Imagens | 1747;Cantos | 1748;Episódios - Aparição do gigante Adamastor na passagem do Cabo de B. Esperança | 1765;1718418;https://purl.pt/32817;https://bndigital.bnportugal.gov.pt//i/?IIIF=/a1/70/7e/52/a1707e52-7a21-4019-9844-bcd1b4aa3b5e/iiif/cn-1144-a_0000_000001.tif/full/!300,500/0/default.jpg;Partitura;Português;;Supplica dAmor;;;1.ª ed.;Lisboa : Lith. Castro R. Douradores 10;1870;1870;Partitura 4 p.;Vargas Júnior, José Heliodoro, 1835-1920;;;Camões, Luís de, 1524-1580, Autor;;Portugal. Conservatório Nacional. Escola de Música, Antigo possuidor;C.N. 1144 A.;CAM500;http://id.bnportugal.gov.pt/bib/catbnp/1718418;Livre
7523;1718418;1;3;171841813;https://permalinkbnd.bnportugal.gov.pt/viewer/16732/?offset=#page=3&viewer=picture&o=info&n=0&q=;Imagens | 1747;Cantos | 1748;Episódios - Vénus aplaca os Ventos e a tormenta | 1766;1718418;https://purl.pt/32817;https://bndigital.bnportugal.gov.pt//i/?IIIF=/a1/70/7e/52/a1707e52-7a21-4019-9844-bcd1b4aa3b5e/iiif/cn-1144-a_0000_000001.tif/full/!300,500/0/default.jpg;Partitura;Português;;Supplica dAmor;;;1.ª ed.;Lisboa : Lith. Castro R. Douradores 10;1870;1870;Partitura 4 p.;Vargas Júnior, José Heliodoro, 1835-1920;;;Camões, Luís de, 1524-1580, Autor;;Portugal. Conservatório Nacional. Escola de Música, Antigo possuidor;C.N. 1144 A.;CAM500;http://id.bnportugal.gov.pt/bib/catbnp/1718418;Livre
7524;1724855;1;1;172485511;https://permalinkbnd.bnportugal.gov.pt/viewer/268841/?offset=#page=1&viewer=picture&o=info&n=0&q=;Imagens | 1747;Episódios | 1749;Episódios - Desembarque de Gama em Calecut | 1767;1724855;https://purl.pt/42660;https://bndigital.bnportugal.gov.pt//i/?IIIF=/43/dc/ad/d7/43dcadd7-d5f5-4535-9b8b-5e60b7c0ad16/iiif/cn-1008-a_0000_000001.tif/full/!300,500/0/default.jpg;Partitura;Português;;Fado Camões;Fado para piano;;1.ª ed.;Lisboa : Lith. Palhares T. da Palha 15;1880;1880;Partitura 2 p.;Braga, Carlos Augusto Alves, 1842-1888;;;;;"Portugal. Conservatório Nacional. Escola de Música, Antigo possuidor ; Litografia Palhares. Conservatório Nacional. Escola de Música, Impressor";C.N. 1008 A.;CAM500;http://id.bnportugal.gov.pt/bib/catbnp/1724855;Livre
7525;1752559;1;1;175255911;https://permalinkbnd.bnportugal.gov.pt/viewer/33216/?offset=#page=1&viewer=picture&o=info&n=0&q=;Imagens | 1747;Cantos - Cantos I | 1750;Episódios - Segunda Audiência do Samorim a Gama | 1768;1752559;https://purl.pt/25720;https://bndigital.bnportugal.gov.pt//i/?IIIF=/1a/e2/14/14/1ae21414-7a32-4a7d-89b1-c58db9a772ee/iiif/d-327-p_0000_000001.tif/full/!300,500/0/default.jpg;Iconografia;Português;;A morte de Camões;;;1.ª ed.;;1866;1866;1 desenho;Sousa, Joaquim Pedro de, 1822-1878;;;;;;D. 327 P.;CAM500;http://id.bnportugal.gov.pt/bib/catbnp/1752559;Livre
7526;1779910;1;1;177991011;https://permalinkbnd.bnportugal.gov.pt/viewer/272731/?offset=#page=1&viewer=picture&o=info&n=0&q=;Imagens | 1747;Cantos - Cantos II | 1751;Episódios - Ilha de Vénus | 1769;1779910;https://purl.pt/43560;https://bndigital.bnportugal.gov.pt//i/?IIIF=/68/90/e9/63/6890e963-328e-4ebd-ba24-ab70de40bc15/iiif/e-1688-p_0000_000001.tif/full/!300,500/0/default.jpg;Iconografia;Espanhol;;Camoens, principe de los poetas portugueses;;;1.ª ed.;S.l. : s.n.;1800;1800;1 gravura;;;;;;;E. 1688 P.;CAM500;http://id.bnportugal.gov.pt/bib/catbnp/1779910;Livre
7527;1784317;1;1;178431711;https://permalinkbnd.bnportugal.gov.pt/viewer/272732/?offset=#page=1&viewer=picture&o=info&n=0&q=;Imagens | 1747;Cantos - Cantos III | 1752;Episódios - Audiência d’El-Rei D. Manuel a Gama | 1770;1784317;https://purl.pt/43562;https://bndigital.bnportugal.gov.pt//i/?IIIF=/43/35/c0/8c/4335c08c-d936-42e4-a9c2-aafd7f06386e/iiif/e-3389-p_0000_000001.tif/full/!300,500/0/default.jpg;Iconografia;Francês;;Le Camoens appuyé sur des debris du vaisseau;;;1.ª ed.;S.l. : s.n.;1810;1810;1 gravura;;;;"Vernet, Horace, 1789-1863, Antecedente bibliográfico ; Lefèvre, fl. 18, Impressor ; Nyon, fl. 18--, Impressor";;;E. 3389 P.;CAM500;http://id.bnportugal.gov.pt/bib/catbnp/1784317;Livre
7528;1790475;1;1;179047511;https://permalinkbnd.bnportugal.gov.pt/viewer/272729/?offset=#page=1&viewer=picture&o=info&n=0&q=;Imagens | 1747;Cantos - Cantos IV | 1753;Episódios - Camões na gruta de Macau | 1760;1790475;https://purl.pt/43558;https://bndigital.bnportugal.gov.pt//i/?IIIF=/77/13/3c/98/77133c98-3727-4a8b-8023-3640c6aa758c/iiif/e-157-pq_0000_000001.tif/full/!300,500/0/default.jpg;Iconografia;Português;;Luiz de Camoes;Apollo portuguez honra de Espanha nasceu 1524, morreo 1570, optimo poetñ Lt. Baro de Dillon dedicavit 1782;;1.ª ed.;Lisboa : s.n.;1793;1793;1 gravura;;;;"Aquino, Tomás José de, 1718/20-1804, Editor literário ; Costa, José Lúcio da, 1763-fl. até 1810, Gravador (aguafortista) ; Dillon, John Talbot, 1739-1805, Antecedente bibliográfico";;;E. 157 PQ.;CAM500;http://id.bnportugal.gov.pt/bib/catbnp/1790475;Livre
7529;1888900;1;1;188890011;https://permalinkbnd.bnportugal.gov.pt/viewer/272786/?offset=#page=1&viewer=picture&o=info&n=0&q=;Imagens | 1747;Cantos - Cantos V | 1754;Episódios - Visita do Rei de Melinde a Gama | 1761;1888900;https://purl.pt/42921;https://bndigital.bnportugal.gov.pt//i/?IIIF=/08/cf/57/16/08cf5716-9c50-4274-b8e1-245c41b95fe2/iiif/l-116593-p_0000_000001.tif/full/!300,500/0/default.jpg;Livro impresso;Português;;Os Lusíadas;;;1.ª ed.;Rio de Janeiro : Edições de Ouro;1958;1958;788, 12 p.;Camões, Luís de, 1524-1580;;;Bueno, Francisco da Silveira, 1898-, Editor literário;;;L. 116593 P.;CAM500;http://id.bnportugal.gov.pt/bib/catbnp/1888900;Livre
7530;1888900;1;8;188890018;https://permalinkbnd.bnportugal.gov.pt/viewer/272786/?offset=#page=8&viewer=picture&o=info&n=0&q=;Imagens | 1747;Cantos - Cantos VI | 1755;"Episódios - Concílio ""Conselho dos Deuses"" | 1762";1888900;https://purl.pt/42921;https://bndigital.bnportugal.gov.pt//i/?IIIF=/08/cf/57/16/08cf5716-9c50-4274-b8e1-245c41b95fe2/iiif/l-116593-p_0000_000001.tif/full/!300,500/0/default.jpg;Livro impresso;Português;;Os Lusíadas;;;1.ª ed.;Rio de Janeiro : Edições de Ouro;1958;1958;788, 12 p.;Camões, Luís de, 1524-1580;;;Bueno, Francisco da Silveira, 1898-, Editor literário;;;L. 116593 P.;CAM500;http://id.bnportugal.gov.pt/bib/catbnp/1888900;Livre
7531;1888900;1;10;1888900110;https://permalinkbnd.bnportugal.gov.pt/viewer/272786/?offset=#page=10&viewer=picture&o=info&n=0&q=;Imagens | 1747;Cantos - Cantos VII | 1756;Episódios - Sonho d'El-Rei D. Manuel, no qual lhe aparecem os rios Indo e Ganges | 1763;1888900;https://purl.pt/42921;https://bndigital.bnportugal.gov.pt//i/?IIIF=/08/cf/57/16/08cf5716-9c50-4274-b8e1-245c41b95fe2/iiif/l-116593-p_0000_000001.tif/full/!300,500/0/default.jpg;Livro impresso;Português;;Os Lusíadas;;;1.ª ed.;Rio de Janeiro : Edições de Ouro;1958;1958;788, 12 p.;Camões, Luís de, 1524-1580;;;Bueno, Francisco da Silveira, 1898-, Editor literário;;;L. 116593 P.;CAM500;http://id.bnportugal.gov.pt/bib/catbnp/1888900;Livre
7532;1888900;1;12;1888900112;https://permalinkbnd.bnportugal.gov.pt/viewer/272786/?offset=#page=12&viewer=picture&o=info&n=0&q=;Imagens | 1747;Cantos - Cantos VIII | 1757;Episódios - Assassínio de Inês de Castro | 1764;1888900;https://purl.pt/42921;https://bndigital.bnportugal.gov.pt//i/?IIIF=/08/cf/57/16/08cf5716-9c50-4274-b8e1-245c41b95fe2/iiif/l-116593-p_0000_000001.tif/full/!300,500/0/default.jpg;Livro impresso;Português;;Os Lusíadas;;;1.ª ed.;Rio de Janeiro : Edições de Ouro;1958;1958;788, 12 p.;Camões, Luís de, 1524-1580;;;Bueno, Francisco da Silveira, 1898-, Editor literário;;;L. 116593 P.;CAM500;http://id.bnportugal.gov.pt/bib/catbnp/1888900;Livre
7533;1888900;1;52;1888900152;https://permalinkbnd.bnportugal.gov.pt/viewer/272786/?offset=#page=52&viewer=picture&o=info&n=0&q=;Imagens | 1747;Cantos - Cantos IX | 1758;Episódios - Aparição do gigante Adamastor na passagem do Cabo de B. Esperança | 1765;1888900;https://purl.pt/42921;https://bndigital.bnportugal.gov.pt//i/?IIIF=/08/cf/57/16/08cf5716-9c50-4274-b8e1-245c41b95fe2/iiif/l-116593-p_0000_000001.tif/full/!300,500/0/default.jpg;Livro impresso;Português;;Os Lusíadas;;;1.ª ed.;Rio de Janeiro : Edições de Ouro;1958;1958;788, 12 p.;Camões, Luís de, 1524-1580;;;Bueno, Francisco da Silveira, 1898-, Editor literário;;;L. 116593 P.;CAM500;http://id.bnportugal.gov.pt/bib/catbnp/1888900;Livre
7534;1888900;1;53;1888900153;https://permalinkbnd.bnportugal.gov.pt/viewer/272786/?offset=#page=53&viewer=picture&o=info&n=0&q=;Imagens | 1747;Cantos - Cantos X | 1759;Episódios - Vénus aplaca os Ventos e a tormenta | 1766;1888900;https://purl.pt/42921;https://bndigital.bnportugal.gov.pt//i/?IIIF=/08/cf/57/16/08cf5716-9c50-4274-b8e1-245c41b95fe2/iiif/l-116593-p_0000_000001.tif/full/!300,500/0/default.jpg;Livro impresso;Português;;Os Lusíadas;;;1.ª ed.;Rio de Janeiro : Edições de Ouro;1958;1958;788, 12 p.;Camões, Luís de, 1524-1580;;;Bueno, Francisco da Silveira, 1898-, Editor literário;;;L. 116593 P.;CAM500;http://id.bnportugal.gov.pt/bib/catbnp/1888900;Livre
7535;1888900;1;86;1888900186;https://permalinkbnd.bnportugal.gov.pt/viewer/272786/?offset=#page=86&viewer=picture&o=info&n=0&q=;Imagens | 1747;Episódios | 1749;Episódios - Desembarque de Gama em Calecut | 1767;1888900;https://purl.pt/42921;https://bndigital.bnportugal.gov.pt//i/?IIIF=/08/cf/57/16/08cf5716-9c50-4274-b8e1-245c41b95fe2/iiif/l-116593-p_0000_000001.tif/full/!300,500/0/default.jpg;Livro impresso;Português;;Os Lusíadas;;;1.ª ed.;Rio de Janeiro : Edições de Ouro;1958;1958;788, 12 p.;Camões, Luís de, 1524-1580;;;Bueno, Francisco da Silveira, 1898-, Editor literário;;;L. 116593 P.;CAM500;http://id.bnportugal.gov.pt/bib/catbnp/1888900;Livre
7536;1888900;1;87;1888900187;https://permalinkbnd.bnportugal.gov.pt/viewer/272786/?offset=#page=87&viewer=picture&o=info&n=0&q=;Imagens | 1747;Cantos - Cantos I | 1750;Episódios - Segunda Audiência do Samorim a Gama | 1768;1888900;https://purl.pt/42921;https://bndigital.bnportugal.gov.pt//i/?IIIF=/08/cf/57/16/08cf5716-9c50-4274-b8e1-245c41b95fe2/iiif/l-116593-p_0000_000001.tif/full/!300,500/0/default.jpg;Livro impresso;Português;;Os Lusíadas;;;1.ª ed.;Rio de Janeiro : Edições de Ouro;1958;1958;788, 12 p.;Camões, Luís de, 1524-1580;;;Bueno, Francisco da Silveira, 1898-, Editor literário;;;L. 116593 P.;CAM500;http://id.bnportugal.gov.pt/bib/catbnp/1888900;Livre
7537;1888900;1;88;1888900188;https://permalinkbnd.bnportugal.gov.pt/viewer/272786/?offset=#page=88&viewer=picture&o=info&n=0&q=;Imagens | 1747;Cantos - Cantos II | 1751;Episódios - Ilha de Vénus | 1769;1888900;https://purl.pt/42921;https://bndigital.bnportugal.gov.pt//i/?IIIF=/08/cf/57/16/08cf5716-9c50-4274-b8e1-245c41b95fe2/iiif/l-116593-p_0000_000001.tif/full/!300,500/0/default.jpg;Livro impresso;Português;;Os Lusíadas;;;1.ª ed.;Rio de Janeiro : Edições de Ouro;1958;1958;788, 12 p.;Camões, Luís de, 1524-1580;;;Bueno, Francisco da Silveira, 1898-, Editor literário;;;L. 116593 P.;CAM500;http://id.bnportugal.gov.pt/bib/catbnp/1888900;Livre
7538;1888900;1;166;18889001166;https://permalinkbnd.bnportugal.gov.pt/viewer/272786/?offset=#page=166&viewer=picture&o=info&n=0&q=;Imagens | 1747;Cantos - Cantos III | 1752;Episódios - Audiência d’El-Rei D. Manuel a Gama | 1770;1888900;https://purl.pt/42921;https://bndigital.bnportugal.gov.pt//i/?IIIF=/08/cf/57/16/08cf5716-9c50-4274-b8e1-245c41b95fe2/iiif/l-116593-p_0000_000001.tif/full/!300,500/0/default.jpg;Livro impresso;Português;;Os Lusíadas;;;1.ª ed.;Rio de Janeiro : Edições de Ouro;1958;1958;788, 12 p.;Camões, Luís de, 1524-1580;;;Bueno, Francisco da Silveira, 1898-, Editor literário;;;L. 116593 P.;CAM500;http://id.bnportugal.gov.pt/bib/catbnp/1888900;Livre
7539;1888900;1;167;18889001167;https://permalinkbnd.bnportugal.gov.pt/viewer/272786/?offset=#page=167&viewer=picture&o=info&n=0&q=;Imagens | 1747;Cantos - Cantos IV | 1753;Episódios - Camões na gruta de Macau | 1760;1888900;https://purl.pt/42921;https://bndigital.bnportugal.gov.pt//i/?IIIF=/08/cf/57/16/08cf5716-9c50-4274-b8e1-245c41b95fe2/iiif/l-116593-p_0000_000001.tif/full/!300,500/0/default.jpg;Livro impresso;Português;;Os Lusíadas;;;1.ª ed.;Rio de Janeiro : Edições de Ouro;1958;1958;788, 12 p.;Camões, Luís de, 1524-1580;;;Bueno, Francisco da Silveira, 1898-, Editor literário;;;L. 116593 P.;CAM500;http://id.bnportugal.gov.pt/bib/catbnp/1888900;Livre
7540;1888900;1;168;18889001168;https://permalinkbnd.bnportugal.gov.pt/viewer/272786/?offset=#page=168&viewer=picture&o=info&n=0&q=;Imagens | 1747;Cantos - Cantos V | 1754;Episódios - Visita do Rei de Melinde a Gama | 1761;1888900;https://purl.pt/42921;https://bndigital.bnportugal.gov.pt//i/?IIIF=/08/cf/57/16/08cf5716-9c50-4274-b8e1-245c41b95fe2/iiif/l-116593-p_0000_000001.tif/full/!300,500/0/default.jpg;Livro impresso;Português;;Os Lusíadas;;;1.ª ed.;Rio de Janeiro : Edições de Ouro;1958;1958;788, 12 p.;Camões, Luís de, 1524-1580;;;Bueno, Francisco da Silveira, 1898-, Editor literário;;;L. 116593 P.;CAM500;http://id.bnportugal.gov.pt/bib/catbnp/1888900;Livre
7541;1888900;1;241;18889001241;https://permalinkbnd.bnportugal.gov.pt/viewer/272786/?offset=#page=241&viewer=picture&o=info&n=0&q=;Imagens | 1747;Cantos - Cantos VI | 1755;"Episódios - Concílio ""Conselho dos Deuses"" | 1762";1888900;https://purl.pt/42921;https://bndigital.bnportugal.gov.pt//i/?IIIF=/08/cf/57/16/08cf5716-9c50-4274-b8e1-245c41b95fe2/iiif/l-116593-p_0000_000001.tif/full/!300,500/0/default.jpg;Livro impresso;Português;;Os Lusíadas;;;1.ª ed.;Rio de Janeiro : Edições de Ouro;1958;1958;788, 12 p.;Camões, Luís de, 1524-1580;;;Bueno, Francisco da Silveira, 1898-, Editor literário;;;L. 116593 P.;CAM500;http://id.bnportugal.gov.pt/bib/catbnp/1888900;Livre
7542;1888900;1;329;18889001329;https://permalinkbnd.bnportugal.gov.pt/viewer/272786/?offset=#page=329&viewer=picture&o=info&n=0&q=;Imagens | 1747;Cantos - Cantos VII | 1756;Episódios - Sonho d'El-Rei D. Manuel, no qual lhe aparecem os rios Indo e Ganges | 1763;1888900;https://purl.pt/42921;https://bndigital.bnportugal.gov.pt//i/?IIIF=/08/cf/57/16/08cf5716-9c50-4274-b8e1-245c41b95fe2/iiif/l-116593-p_0000_000001.tif/full/!300,500/0/default.jpg;Livro impresso;Português;;Os Lusíadas;;;1.ª ed.;Rio de Janeiro : Edições de Ouro;1958;1958;788, 12 p.;Camões, Luís de, 1524-1580;;;Bueno, Francisco da Silveira, 1898-, Editor literário;;;L. 116593 P.;CAM500;http://id.bnportugal.gov.pt/bib/catbnp/1888900;Livre
7543;1888900;1;330;18889001330;https://permalinkbnd.bnportugal.gov.pt/viewer/272786/?offset=#page=330&viewer=picture&o=info&n=0&q=;Imagens | 1747;Cantos - Cantos VIII | 1757;Episódios - Assassínio de Inês de Castro | 1764;1888900;https://purl.pt/42921;https://bndigital.bnportugal.gov.pt//i/?IIIF=/08/cf/57/16/08cf5716-9c50-4274-b8e1-245c41b95fe2/iiif/l-116593-p_0000_000001.tif/full/!300,500/0/default.jpg;Livro impresso;Português;;Os Lusíadas;;;1.ª ed.;Rio de Janeiro : Edições de Ouro;1958;1958;788, 12 p.;Camões, Luís de, 1524-1580;;;Bueno, Francisco da Silveira, 1898-, Editor literário;;;L. 116593 P.;CAM500;http://id.bnportugal.gov.pt/bib/catbnp/1888900;Livre
7544;1888900;1;389;18889001389;https://permalinkbnd.bnportugal.gov.pt/viewer/272786/?offset=#page=389&viewer=picture&o=info&n=0&q=;Imagens | 1747;Cantos - Cantos IX | 1758;Episódios - Aparição do gigante Adamastor na passagem do Cabo de B. Esperança | 1765;1888900;https://purl.pt/42921;https://bndigital.bnportugal.gov.pt//i/?IIIF=/08/cf/57/16/08cf5716-9c50-4274-b8e1-245c41b95fe2/iiif/l-116593-p_0000_000001.tif/full/!300,500/0/default.jpg;Livro impresso;Português;;Os Lusíadas;;;1.ª ed.;Rio de Janeiro : Edições de Ouro;1958;1958;788, 12 p.;Camões, Luís de, 1524-1580;;;Bueno, Francisco da Silveira, 1898-, Editor literário;;;L. 116593 P.;CAM500;http://id.bnportugal.gov.pt/bib/catbnp/1888900;Livre
7545;1888900;1;390;18889001390;https://permalinkbnd.bnportugal.gov.pt/viewer/272786/?offset=#page=390&viewer=picture&o=info&n=0&q=;Imagens | 1747;Cantos - Cantos X | 1759;Episódios - Vénus aplaca os Ventos e a tormenta | 1766;1888900;https://purl.pt/42921;https://bndigital.bnportugal.gov.pt//i/?IIIF=/08/cf/57/16/08cf5716-9c50-4274-b8e1-245c41b95fe2/iiif/l-116593-p_0000_000001.tif/full/!300,500/0/default.jpg;Livro impresso;Português;;Os Lusíadas;;;1.ª ed.;Rio de Janeiro : Edições de Ouro;1958;1958;788, 12 p.;Camões, Luís de, 1524-1580;;;Bueno, Francisco da Silveira, 1898-, Editor literário;;;L. 116593 P.;CAM500;http://id.bnportugal.gov.pt/bib/catbnp/1888900;Livre
7546;1888900;1;449;18889001449;https://permalinkbnd.bnportugal.gov.pt/viewer/272786/?offset=#page=449&viewer=picture&o=info&n=0&q=;Imagens | 1747;Cantos | 1748;Episódios - Desembarque de Gama em Calecut | 1767;1888900;https://purl.pt/42921;https://bndigital.bnportugal.gov.pt//i/?IIIF=/08/cf/57/16/08cf5716-9c50-4274-b8e1-245c41b95fe2/iiif/l-116593-p_0000_000001.tif/full/!300,500/0/default.jpg;Livro impresso;Português;;Os Lusíadas;;;1.ª ed.;Rio de Janeiro : Edições de Ouro;1958;1958;788, 12 p.;Camões, Luís de, 1524-1580;;;Bueno, Francisco da Silveira, 1898-, Editor literário;;;L. 116593 P.;CAM500;http://id.bnportugal.gov.pt/bib/catbnp/1888900;Livre
7547;1888900;1;450;18889001450;https://permalinkbnd.bnportugal.gov.pt/viewer/272786/?offset=#page=450&viewer=picture&o=info&n=0&q=;Imagens | 1747;Cantos | 1748;Episódios - Segunda Audiência do Samorim a Gama | 1768;1888900;https://purl.pt/42921;https://bndigital.bnportugal.gov.pt//i/?IIIF=/08/cf/57/16/08cf5716-9c50-4274-b8e1-245c41b95fe2/iiif/l-116593-p_0000_000001.tif/full/!300,500/0/default.jpg;Livro impresso;Português;;Os Lusíadas;;;1.ª ed.;Rio de Janeiro : Edições de Ouro;1958;1958;788, 12 p.;Camões, Luís de, 1524-1580;;;Bueno, Francisco da Silveira, 1898-, Editor literário;;;L. 116593 P.;CAM500;http://id.bnportugal.gov.pt/bib/catbnp/1888900;Livre
7548;1888900;1;505;18889001505;https://permalinkbnd.bnportugal.gov.pt/viewer/272786/?offset=#page=505&viewer=picture&o=info&n=0&q=;Imagens | 1747;Episódios | 1749;Episódios - Ilha de Vénus | 1769;1888900;https://purl.pt/42921;https://bndigital.bnportugal.gov.pt//i/?IIIF=/08/cf/57/16/08cf5716-9c50-4274-b8e1-245c41b95fe2/iiif/l-116593-p_0000_000001.tif/full/!300,500/0/default.jpg;Livro impresso;Português;;Os Lusíadas;;;1.ª ed.;Rio de Janeiro : Edições de Ouro;1958;1958;788, 12 p.;Camões, Luís de, 1524-1580;;;Bueno, Francisco da Silveira, 1898-, Editor literário;;;L. 116593 P.;CAM500;http://id.bnportugal.gov.pt/bib/catbnp/1888900;Livre
7549;1888900;1;506;18889001506;https://permalinkbnd.bnportugal.gov.pt/viewer/272786/?offset=#page=506&viewer=picture&o=info&n=0&q=;Imagens | 1747;Cantos - Cantos I | 1750;Episódios - Audiência d’El-Rei D. Manuel a Gama | 1770;1888900;https://purl.pt/42921;https://bndigital.bnportugal.gov.pt//i/?IIIF=/08/cf/57/16/08cf5716-9c50-4274-b8e1-245c41b95fe2/iiif/l-116593-p_0000_000001.tif/full/!300,500/0/default.jpg;Livro impresso;Português;;Os Lusíadas;;;1.ª ed.;Rio de Janeiro : Edições de Ouro;1958;1958;788, 12 p.;Camões, Luís de, 1524-1580;;;Bueno, Francisco da Silveira, 1898-, Editor literário;;;L. 116593 P.;CAM500;http://id.bnportugal.gov.pt/bib/catbnp/1888900;Livre
7550;1888900;1;559;18889001559;https://permalinkbnd.bnportugal.gov.pt/viewer/272786/?offset=#page=559&viewer=picture&o=info&n=0&q=;Imagens | 1747;Cantos - Cantos II | 1751;Episódios - Camões na gruta de Macau | 1760;1888900;https://purl.pt/42921;https://bndigital.bnportugal.gov.pt//i/?IIIF=/08/cf/57/16/08cf5716-9c50-4274-b8e1-245c41b95fe2/iiif/l-116593-p_0000_000001.tif/full/!300,500/0/default.jpg;Livro impresso;Português;;Os Lusíadas;;;1.ª ed.;Rio de Janeiro : Edições de Ouro;1958;1958;788, 12 p.;Camões, Luís de, 1524-1580;;;Bueno, Francisco da Silveira, 1898-, Editor literário;;;L. 116593 P.;CAM500;http://id.bnportugal.gov.pt/bib/catbnp/1888900;Livre
7551;1888900;1;560;18889001560;https://permalinkbnd.bnportugal.gov.pt/viewer/272786/?offset=#page=560&viewer=picture&o=info&n=0&q=;Imagens | 1747;Cantos - Cantos III | 1752;Episódios - Visita do Rei de Melinde a Gama | 1761;1888900;https://purl.pt/42921;https://bndigital.bnportugal.gov.pt//i/?IIIF=/08/cf/57/16/08cf5716-9c50-4274-b8e1-245c41b95fe2/iiif/l-116593-p_0000_000001.tif/full/!300,500/0/default.jpg;Livro impresso;Português;;Os Lusíadas;;;1.ª ed.;Rio de Janeiro : Edições de Ouro;1958;1958;788, 12 p.;Camões, Luís de, 1524-1580;;;Bueno, Francisco da Silveira, 1898-, Editor literário;;;L. 116593 P.;CAM500;http://id.bnportugal.gov.pt/bib/catbnp/1888900;Livre
7552;1888900;1;615;18889001615;https://permalinkbnd.bnportugal.gov.pt/viewer/272786/?offset=#page=615&viewer=picture&o=info&n=0&q=;Imagens | 1747;Cantos - Cantos IV | 1753;"Episódios - Concílio ""Conselho dos Deuses"" | 1762";1888900;https://purl.pt/42921;https://bndigital.bnportugal.gov.pt//i/?IIIF=/08/cf/57/16/08cf5716-9c50-4274-b8e1-245c41b95fe2/iiif/l-116593-p_0000_000001.tif/full/!300,500/0/default.jpg;Livro impresso;Português;;Os Lusíadas;;;1.ª ed.;Rio de Janeiro : Edições de Ouro;1958;1958;788, 12 p.;Camões, Luís de, 1524-1580;;;Bueno, Francisco da Silveira, 1898-, Editor literário;;;L. 116593 P.;CAM500;http://id.bnportugal.gov.pt/bib/catbnp/1888900;Livre
7553;1888900;1;616;18889001616;https://permalinkbnd.bnportugal.gov.pt/viewer/272786/?offset=#page=616&viewer=picture&o=info&n=0&q=;Imagens | 1747;Cantos - Cantos V | 1754;Episódios - Sonho d'El-Rei D. Manuel, no qual lhe aparecem os rios Indo e Ganges | 1763;1888900;https://purl.pt/42921;https://bndigital.bnportugal.gov.pt//i/?IIIF=/08/cf/57/16/08cf5716-9c50-4274-b8e1-245c41b95fe2/iiif/l-116593-p_0000_000001.tif/full/!300,500/0/default.jpg;Livro impresso;Português;;Os Lusíadas;;;1.ª ed.;Rio de Janeiro : Edições de Ouro;1958;1958;788, 12 p.;Camões, Luís de, 1524-1580;;;Bueno, Francisco da Silveira, 1898-, Editor literário;;;L. 116593 P.;CAM500;http://id.bnportugal.gov.pt/bib/catbnp/1888900;Livre
7554;1888900;1;670;18889001670;https://permalinkbnd.bnportugal.gov.pt/viewer/272786/?offset=#page=670&viewer=picture&o=info&n=0&q=;Imagens | 1747;Cantos - Cantos VI | 1755;Episódios - Assassínio de Inês de Castro | 1764;1888900;https://purl.pt/42921;https://bndigital.bnportugal.gov.pt//i/?IIIF=/08/cf/57/16/08cf5716-9c50-4274-b8e1-245c41b95fe2/iiif/l-116593-p_0000_000001.tif/full/!300,500/0/default.jpg;Livro impresso;Português;;Os Lusíadas;;;1.ª ed.;Rio de Janeiro : Edições de Ouro;1958;1958;788, 12 p.;Camões, Luís de, 1524-1580;;;Bueno, Francisco da Silveira, 1898-, Editor literário;;;L. 116593 P.;CAM500;http://id.bnportugal.gov.pt/bib/catbnp/1888900;Livre
7555;1888900;1;671;18889001671;https://permalinkbnd.bnportugal.gov.pt/viewer/272786/?offset=#page=671&viewer=picture&o=info&n=0&q=;Imagens | 1747;Cantos - Cantos VII | 1756;Episódios - Aparição do gigante Adamastor na passagem do Cabo de B. Esperança | 1765;1888900;https://purl.pt/42921;https://bndigital.bnportugal.gov.pt//i/?IIIF=/08/cf/57/16/08cf5716-9c50-4274-b8e1-245c41b95fe2/iiif/l-116593-p_0000_000001.tif/full/!300,500/0/default.jpg;Livro impresso;Português;;Os Lusíadas;;;1.ª ed.;Rio de Janeiro : Edições de Ouro;1958;1958;788, 12 p.;Camões, Luís de, 1524-1580;;;Bueno, Francisco da Silveira, 1898-, Editor literário;;;L. 116593 P.;CAM500;http://id.bnportugal.gov.pt/bib/catbnp/1888900;Livre
7556;1888900;1;672;18889001672;https://permalinkbnd.bnportugal.gov.pt/viewer/272786/?offset=#page=672&viewer=picture&o=info&n=0&q=;Imagens | 1747;Cantos - Cantos VIII | 1757;Episódios - Vénus aplaca os Ventos e a tormenta | 1766;1888900;https://purl.pt/42921;https://bndigital.bnportugal.gov.pt//i/?IIIF=/08/cf/57/16/08cf5716-9c50-4274-b8e1-245c41b95fe2/iiif/l-116593-p_0000_000001.tif/full/!300,500/0/default.jpg;Livro impresso;Português;;Os Lusíadas;;;1.ª ed.;Rio de Janeiro : Edições de Ouro;1958;1958;788, 12 p.;Camões, Luís de, 1524-1580;;;Bueno, Francisco da Silveira, 1898-, Editor literário;;;L. 116593 P.;CAM500;http://id.bnportugal.gov.pt/bib/catbnp/1888900;Livre
7557;1888900;1;792;18889001792;https://permalinkbnd.bnportugal.gov.pt/viewer/272786/?offset=#page=792&viewer=picture&o=info&n=0&q=;Imagens | 1747;Cantos - Cantos IX | 1758;Episódios - Desembarque de Gama em Calecut | 1767;1888900;https://purl.pt/42921;https://bndigital.bnportugal.gov.pt//i/?IIIF=/08/cf/57/16/08cf5716-9c50-4274-b8e1-245c41b95fe2/iiif/l-116593-p_0000_000001.tif/full/!300,500/0/default.jpg;Livro impresso;Português;;Os Lusíadas;;;1.ª ed.;Rio de Janeiro : Edições de Ouro;1958;1958;788, 12 p.;Camões, Luís de, 1524-1580;;;Bueno, Francisco da Silveira, 1898-, Editor literário;;;L. 116593 P.;CAM500;http://id.bnportugal.gov.pt/bib/catbnp/1888900;Livre
7558;1888900;1;793;18889001793;https://permalinkbnd.bnportugal.gov.pt/viewer/272786/?offset=#page=793&viewer=picture&o=info&n=0&q=;Imagens | 1747;Cantos - Cantos X | 1759;Episódios - Segunda Audiência do Samorim a Gama | 1768;1888900;https://purl.pt/42921;https://bndigital.bnportugal.gov.pt//i/?IIIF=/08/cf/57/16/08cf5716-9c50-4274-b8e1-245c41b95fe2/iiif/l-116593-p_0000_000001.tif/full/!300,500/0/default.jpg;Livro impresso;Português;;Os Lusíadas;;;1.ª ed.;Rio de Janeiro : Edições de Ouro;1958;1958;788, 12 p.;Camões, Luís de, 1524-1580;;;Bueno, Francisco da Silveira, 1898-, Editor literário;;;L. 116593 P.;CAM500;http://id.bnportugal.gov.pt/bib/catbnp/1888900;Livre
7559;1888900;1;794;18889001794;https://permalinkbnd.bnportugal.gov.pt/viewer/272786/?offset=#page=794&viewer=picture&o=info&n=0&q=;Imagens | 1747;Episódios | 1749;Episódios - Ilha de Vénus | 1769;1888900;https://purl.pt/42921;https://bndigital.bnportugal.gov.pt//i/?IIIF=/08/cf/57/16/08cf5716-9c50-4274-b8e1-245c41b95fe2/iiif/l-116593-p_0000_000001.tif/full/!300,500/0/default.jpg;Livro impresso;Português;;Os Lusíadas;;;1.ª ed.;Rio de Janeiro : Edições de Ouro;1958;1958;788, 12 p.;Camões, Luís de, 1524-1580;;;Bueno, Francisco da Silveira, 1898-, Editor literário;;;L. 116593 P.;CAM500;http://id.bnportugal.gov.pt/bib/catbnp/1888900;Livre
7560;1888900;1;795;18889001795;https://permalinkbnd.bnportugal.gov.pt/viewer/272786/?offset=#page=795&viewer=picture&o=info&n=0&q=;Imagens | 1747;Cantos - Cantos I | 1750;Episódios - Audiência d’El-Rei D. Manuel a Gama | 1770;1888900;https://purl.pt/42921;https://bndigital.bnportugal.gov.pt//i/?IIIF=/08/cf/57/16/08cf5716-9c50-4274-b8e1-245c41b95fe2/iiif/l-116593-p_0000_000001.tif/full/!300,500/0/default.jpg;Livro impresso;Português;;Os Lusíadas;;;1.ª ed.;Rio de Janeiro : Edições de Ouro;1958;1958;788, 12 p.;Camões, Luís de, 1524-1580;;;Bueno, Francisco da Silveira, 1898-, Editor literário;;;L. 116593 P.;CAM500;http://id.bnportugal.gov.pt/bib/catbnp/1888900;Livre
7561;1888900;1;796;18889001796;https://permalinkbnd.bnportugal.gov.pt/viewer/272786/?offset=#page=796&viewer=picture&o=info&n=0&q=;Imagens | 1747;Cantos - Cantos II | 1751;Episódios - Camões na gruta de Macau | 1760;1888900;https://purl.pt/42921;https://bndigital.bnportugal.gov.pt//i/?IIIF=/08/cf/57/16/08cf5716-9c50-4274-b8e1-245c41b95fe2/iiif/l-116593-p_0000_000001.tif/full/!300,500/0/default.jpg;Livro impresso;Português;;Os Lusíadas;;;1.ª ed.;Rio de Janeiro : Edições de Ouro;1958;1958;788, 12 p.;Camões, Luís de, 1524-1580;;;Bueno, Francisco da Silveira, 1898-, Editor literário;;;L. 116593 P.;CAM500;http://id.bnportugal.gov.pt/bib/catbnp/1888900;Livre
7562;1888900;1;797;18889001797;https://permalinkbnd.bnportugal.gov.pt/viewer/272786/?offset=#page=797&viewer=picture&o=info&n=0&q=;Imagens | 1747;Cantos - Cantos III | 1752;Episódios - Visita do Rei de Melinde a Gama | 1761;1888900;https://purl.pt/42921;https://bndigital.bnportugal.gov.pt//i/?IIIF=/08/cf/57/16/08cf5716-9c50-4274-b8e1-245c41b95fe2/iiif/l-116593-p_0000_000001.tif/full/!300,500/0/default.jpg;Livro impresso;Português;;Os Lusíadas;;;1.ª ed.;Rio de Janeiro : Edições de Ouro;1958;1958;788, 12 p.;Camões, Luís de, 1524-1580;;;Bueno, Francisco da Silveira, 1898-, Editor literário;;;L. 116593 P.;CAM500;http://id.bnportugal.gov.pt/bib/catbnp/1888900;Livre
7563;1888900;1;798;18889001798;https://permalinkbnd.bnportugal.gov.pt/viewer/272786/?offset=#page=798&viewer=picture&o=info&n=0&q=;Imagens | 1747;Cantos - Cantos IV | 1753;"Episódios - Concílio ""Conselho dos Deuses"" | 1762";1888900;https://purl.pt/42921;https://bndigital.bnportugal.gov.pt//i/?IIIF=/08/cf/57/16/08cf5716-9c50-4274-b8e1-245c41b95fe2/iiif/l-116593-p_0000_000001.tif/full/!300,500/0/default.jpg;Livro impresso;Português;;Os Lusíadas;;;1.ª ed.;Rio de Janeiro : Edições de Ouro;1958;1958;788, 12 p.;Camões, Luís de, 1524-1580;;;Bueno, Francisco da Silveira, 1898-, Editor literário;;;L. 116593 P.;CAM500;http://id.bnportugal.gov.pt/bib/catbnp/1888900;Livre
7564;1888900;1;799;18889001799;https://permalinkbnd.bnportugal.gov.pt/viewer/272786/?offset=#page=799&viewer=picture&o=info&n=0&q=;Imagens | 1747;Cantos - Cantos V | 1754;Episódios - Sonho d'El-Rei D. Manuel, no qual lhe aparecem os rios Indo e Ganges | 1763;1888900;https://purl.pt/42921;https://bndigital.bnportugal.gov.pt//i/?IIIF=/08/cf/57/16/08cf5716-9c50-4274-b8e1-245c41b95fe2/iiif/l-116593-p_0000_000001.tif/full/!300,500/0/default.jpg;Livro impresso;Português;;Os Lusíadas;;;1.ª ed.;Rio de Janeiro : Edições de Ouro;1958;1958;788, 12 p.;Camões, Luís de, 1524-1580;;;Bueno, Francisco da Silveira, 1898-, Editor literário;;;L. 116593 P.;CAM500;http://id.bnportugal.gov.pt/bib/catbnp/1888900;Livre
7565;1888900;1;800;18889001800;https://permalinkbnd.bnportugal.gov.pt/viewer/272786/?offset=#page=800&viewer=picture&o=info&n=0&q=;Imagens | 1747;Cantos - Cantos VI | 1755;Episódios - Assassínio de Inês de Castro | 1764;1888900;https://purl.pt/42921;https://bndigital.bnportugal.gov.pt//i/?IIIF=/08/cf/57/16/08cf5716-9c50-4274-b8e1-245c41b95fe2/iiif/l-116593-p_0000_000001.tif/full/!300,500/0/default.jpg;Livro impresso;Português;;Os Lusíadas;;;1.ª ed.;Rio de Janeiro : Edições de Ouro;1958;1958;788, 12 p.;Camões, Luís de, 1524-1580;;;Bueno, Francisco da Silveira, 1898-, Editor literário;;;L. 116593 P.;CAM500;http://id.bnportugal.gov.pt/bib/catbnp/1888900;Livre
7566;1888900;1;804;18889001804;https://permalinkbnd.bnportugal.gov.pt/viewer/272786/?offset=#page=804&viewer=picture&o=info&n=0&q=;Imagens | 1747;Cantos - Cantos VII | 1756;Episódios - Aparição do gigante Adamastor na passagem do Cabo de B. Esperança | 1765;1888900;https://purl.pt/42921;https://bndigital.bnportugal.gov.pt//i/?IIIF=/08/cf/57/16/08cf5716-9c50-4274-b8e1-245c41b95fe2/iiif/l-116593-p_0000_000001.tif/full/!300,500/0/default.jpg;Livro impresso;Português;;Os Lusíadas;;;1.ª ed.;Rio de Janeiro : Edições de Ouro;1958;1958;788, 12 p.;Camões, Luís de, 1524-1580;;;Bueno, Francisco da Silveira, 1898-, Editor literário;;;L. 116593 P.;CAM500;http://id.bnportugal.gov.pt/bib/catbnp/1888900;Livre
7567;1891325;1;1;189132511;https://permalinkbnd.bnportugal.gov.pt/viewer/272730/?offset=#page=1&viewer=picture&o=info&n=0&q=;Imagens | 1747;Cantos - Cantos VIII | 1757;Episódios - Vénus aplaca os Ventos e a tormenta | 1766;1891325;https://purl.pt/43559;https://bndigital.bnportugal.gov.pt//i/?IIIF=/4d/0f/18/76/4d0f1876-73ce-4910-adfa-0eaa756f89f0/iiif/e-160-pq_0000_000001.tif/full/!300,500/0/default.jpg;Iconografia;Português;;"A leitura dos ""Lusíadas""";aguarela de Roque Gameiro;;1.ª ed.;S.l. : s.n.;1890;1890;1 gravura;;;;"Marinho, José Pires, 1857-1929?, Gravador em madeira ; Gameiro, Alfredo Roque, 1864-1935, Nome associado";;;E. 160 PQ.;CAM500;http://id.bnportugal.gov.pt/bib/catbnp/1891325;Livre
7568;1915110;1;3;191511013;https://permalinkbnd.bnportugal.gov.pt/viewer/67153/?offset=#page=3&viewer=picture&o=info&n=0&q=;Imagens | 1747;Cantos - Cantos IX | 1758;Episódios - Desembarque de Gama em Calecut | 1767;1915110;https://purl.pt/38119;https://bndigital.bnportugal.gov.pt//i/?IIIF=/3f/ed/05/26/3fed0526-7a12-406e-b0a2-09f1a0c89145/iiif/fcr-280-a_0000_000001.tif/full/!300,500/0/default.jpg;Partitura;Francês;;Souvenir de Camões;suite de valses pour piano;;1.ª ed.;Lisboa : Lence & V. Canongia;1867;1867;;Marti, Manoel, 1819-1873;;;Sousa, Joaquim Pedro de, 1822-1878, Gravador;;"Lence e Viúva Canongia. Instituto Português do Património Cultural. Departamento de Musicologia, Editor comercial ; Portugal. Instituto Português do Património Cultural. Departamento de Musicologia, Antigo possuidor ; Lence. Instituto Português do Património Cultural. Departamento de Musicologia";F.C.R. 280 A.;CAM500;http://id.bnportugal.gov.pt/bib/catbnp/1915110;Livre
7569;1976927;1;1;197692711;https://permalinkbnd.bnportugal.gov.pt/viewer/272792/?offset=#page=1&viewer=picture&o=info&n=0&q=;Imagens | 1747;Cantos - Cantos X | 1759;Episódios - Segunda Audiência do Samorim a Gama | 1768;1976927;https://purl.pt/43576;https://bndigital.bnportugal.gov.pt//i/?IIIF=/4e/e2/ae/43/4ee2ae43-d45b-4877-8c13-44080e019b4f/iiif/pi-1152-p_0000_000001.tif/full/!300,500/0/default.jpg;Iconografia;Português;;Camões e as tágides;quadro de Columbano;;1.ª ed.;Lisbonne : F.A.Martins;1903;1903;1 postal;Columbano, 1857-1929;;;Martins, F.A., fl. 1867-1916, Editor comercial;;;P.I. 1152 P.;CAM500;http://id.bnportugal.gov.pt/bib/catbnp/1976927;Livre
7570;1979399;1;1;197939911;https://permalinkbnd.bnportugal.gov.pt/viewer/272811/?offset=#page=1&viewer=picture&o=info&n=0&q=;Imagens | 1747;Cantos | 1748;Episódios - Ilha de Vénus | 1769;1979399;https://purl.pt/43584;https://bndigital.bnportugal.gov.pt//i/?IIIF=/b8/68/3a/99/b8683a99-f6b6-42ae-b35c-09707c6ceef1/iiif/1979399_0000_000001.tif/full/!300,500/0/default.jpg;Iconografia;Português;;Biblioteca Nacional;;;1.ª ed.;Lisboa : Biblioteca Nacional;1911;1911;1 estampa;;Portugal. Biblioteca Nacional;;;;;EL 1;CAM500;http://id.bnportugal.gov.pt/bib/catbnp/1979399;Livre
7571;1979400;1;1;197940011;https://permalinkbnd.bnportugal.gov.pt/viewer/272812/?offset=#page=1&viewer=picture&o=info&n=0&q=;Imagens | 1747;Cantos | 1748;Episódios - Audiência d’El-Rei D. Manuel a Gama | 1770;1979400;https://purl.pt/43585;https://bndigital.bnportugal.gov.pt//i/?IIIF=/99/8c/5b/d7/998c5bd7-b96e-4664-ac24-14a646bdaba0/iiif/1979400_0000_000001.tif/full/!300,500/0/default.jpg;Iconografia;Português;;Biblioteca Nacional de Lisboa;;;1.ª ed.;Lisboa : Biblioteca Nacional;1911;1911;1 estampa;;Portugal. Biblioteca Nacional;;;;;EL 2;CAM500;http://id.bnportugal.gov.pt/bib/catbnp/1979400;Livre
7572;2129622;1;7;212962217;https://permalinkbnd.bnportugal.gov.pt/viewer/281142/?offset=#page=7&viewer=picture&o=info&n=0&q=;Imagens | 1747;Episódios | 1749;Episódios - Camões na gruta de Macau | 1760;2129622;https://purl.pt/43591;https://bndigital.bnportugal.gov.pt//i/?IIIF=/af/b3/2d/58/afb32d58-23e5-47d0-90b7-ecfb2e365869/iiif/cod-3785_0013.tif/full/!300,500/0/default.jpg;Livro manuscrito;"Português ; Espanhol";;Ramilhete de fragrantes, e engraçadas flores Colhidas Por varias e diuersas mãos dos amenos bosques do Pindo e vistozos prados do Parnazo, E Regadas das lizongeiras correntes de Aganipe.;;;1.ª ed.;;1712;1712;XI, 195 f., enc.;;;"Tojal, Pedro de Azevedo, 16---1742, Autor ; Céu, Violante do, 1601-1693, Autor ; Rojas Zorilla, Francisco de, 1607-1648, Autor ; Baía, Jerónimo, 1620-1688, Autor ; Meneses, Maria de Lara e, 1610-1649, Autor ; Camões, Luís de, 1524-1580, Autor ; Noronha, Tomás de, ?-1651, Autor ; Macedo, Duarte Ribeiro de, 1618-1680, Autor ; Góngora y Argote, Luis de, 1561-1627, Autor ; Bacelar, António Barbosa, 1610-1663, Autor";;;;COD. 3785;CAM500;http://id.bnportugal.gov.pt/bib/catbnp/2129622;Livre
7573;2129622;1;9;212962219;https://permalinkbnd.bnportugal.gov.pt/viewer/281142/?offset=#page=9&viewer=picture&o=info&n=0&q=;Imagens | 1747;Cantos - Cantos I | 1750;Episódios - Visita do Rei de Melinde a Gama | 1761;2129622;https://purl.pt/43591;https://bndigital.bnportugal.gov.pt//i/?IIIF=/af/b3/2d/58/afb32d58-23e5-47d0-90b7-ecfb2e365869/iiif/cod-3785_0013.tif/full/!300,500/0/default.jpg;Livro manuscrito;"Português ; Espanhol";;Ramilhete de fragrantes, e engraçadas flores Colhidas Por varias e diuersas mãos dos amenos bosques do Pindo e vistozos prados do Parnazo, E Regadas das lizongeiras correntes de Aganipe.;;;1.ª ed.;;1712;1712;XI, 195 f., enc.;;;"Tojal, Pedro de Azevedo, 16---1742, Autor ; Céu, Violante do, 1601-1693, Autor ; Rojas Zorilla, Francisco de, 1607-1648, Autor ; Baía, Jerónimo, 1620-1688, Autor ; Meneses, Maria de Lara e, 1610-1649, Autor ; Camões, Luís de, 1524-1580, Autor ; Noronha, Tomás de, ?-1651, Autor ; Macedo, Duarte Ribeiro de, 1618-1680, Autor ; Góngora y Argote, Luis de, 1561-1627, Autor ; Bacelar, António Barbosa, 1610-1663, Autor";;;;COD. 3785;CAM500;http://id.bnportugal.gov.pt/bib/catbnp/2129622;Livre
7574;586409;1;1;58640911;https://permalinkbnd.bnportugal.gov.pt/viewer/276786/?offset=#page=1&viewer=picture&o=info&n=0&q=;Imagens | 1747;Cantos - Cantos II | 1751;"Episódios - Concílio ""Conselho dos Deuses"" | 1762";586409;https://purl.pt/44278;https://bndigital.bnportugal.gov.pt//i/?IIIF=/d1/36/87/6f/d136876f-a0f8-4fef-8995-9f24cacde63a/iiif/cam-191-a_0001.tif/full/!300,500/0/default.jpg;Livro impresso;Português;;Homenagem a Camoes;Op. 30;;1.ª ed.;Porto : J. Carli;1850;1850;4 p.;Carli, Jacopo;;;;;;C.I.C. 204 A.;PRR2022;http://id.bnportugal.gov.pt/bib/catbnp/586409;Livre
7575;811645;1;1;81164511;https://permalinkbnd.bnportugal.gov.pt/viewer/274457/?offset=#page=1&viewer=picture&o=info&n=0&q=;Imagens | 1747;Cantos - Cantos III | 1752;Episódios - Sonho d'El-Rei D. Manuel, no qual lhe aparecem os rios Indo e Ganges | 1763;811645;https://purl.pt/43997;https://bndigital.bnportugal.gov.pt//i/?IIIF=/bb/ff/9c/fc/bbff9cfc-bd5d-4f34-a253-958907761f51/iiif/cam-114-1-v_0000_000001.tif/full/!300,500/0/default.jpg;Livro impresso;Francês;;Luiz de Camões, ses oeuvres et sa littérature;catalogue dune nouvelle collection importante déditions originales de ses poésies, de traductions et douvrages rares sur sa vie et ses oeuvres en vente aux prix marqués;;1.ª ed.;Berlin : W. H. Kühl;1884;1884;19, 1 br. p.;;;;Kühl, W. H., Editor comercial;;;CAM. 114//1 V.;CAM500;http://id.bnportugal.gov.pt/bib/catbnp/811645;Livre
7576;742175;1;7;74217517;https://permalinkbnd.bnportugal.gov.pt/viewer/274458/?offset=#page=7&viewer=picture&o=info&n=0&q=;Imagens | 1747;Cantos - Cantos IV | 1753;Episódios - Assassínio de Inês de Castro | 1764;742175;https://purl.pt/43998;https://bndigital.bnportugal.gov.pt//i/?IIIF=/7f/80/8f/56/7f808f56-bdb5-4754-bc73-776fc80c5edc/iiif/cam-114-4-a_0000_000001.tif/full/!300,500/0/default.jpg;Livro impresso;Italiano;Português;O Gigante Adamastor;episodio dOs Lusíadas de Luiz de Camões;;1.ª ed.;Lisboa : Typographia Castro Irmão;1898;1898;XIX, 1, 19, 5 p.;Camões, Luís de, 1524-1580;;;"Cunha, Xavier da, 1840-1920, Autor da introdução, etc. ; Peragallo, Prospero, 1823-1916, Tradutor";;;CAM. 114//4 A.;CAM500;http://id.bnportugal.gov.pt/bib/catbnp/742175;Livre
7577;742176;1;3;74217613;https://permalinkbnd.bnportugal.gov.pt/viewer/274459/?offset=#page=3&viewer=picture&o=info&n=0&q=;Imagens | 1747;Cantos - Cantos V | 1754;Episódios - Aparição do gigante Adamastor na passagem do Cabo de B. Esperança | 1765;742176;https://purl.pt/43999;https://bndigital.bnportugal.gov.pt//i/?IIIF=/98/9a/7b/1d/989a7b1d-f6e8-492d-95dc-a4a1bc97599d/iiif/cam-114-6-a_0000_000001.tif/full/!300,500/0/default.jpg;Livro impresso;Português;;O naufragio de Camões e dos Lusiadas;;;1.ª ed.;Lisboa : Typographia Castro Irmão;1915;1915;50, 2 p.;Freitas, Jordão A. de, 1866-1950;;;;;;CAM. 114//6 A.;CAM500;http://id.bnportugal.gov.pt/bib/catbnp/742176;Livre
7578;742180;1;5;74218015;https://permalinkbnd.bnportugal.gov.pt/viewer/274957/?offset=#page=5&viewer=picture&o=info&n=0&q=;Imagens | 1747;Cantos - Cantos VI | 1755;Episódios - Vénus aplaca os Ventos e a tormenta | 1766;742180;https://purl.pt/43980;https://bndigital.bnportugal.gov.pt//i/?IIIF=/db/cb/34/68/dbcb3468-66dc-4bf9-8a8e-36892835986d/iiif/cam-115-4-a_0001.tif/full/!300,500/0/default.jpg;Livro impresso;Inglês;Português;Camões;um capítulo da História de Portugal;;1.ª ed.;Lisboa : s.n.;1892;1892;26 p.;Stephens;;;"Bastos, J. T. da Silva, 1852-1939, Editor literário ; Martins, Oliveira, 1845-1894";;;CAM. 115//4 A.;CAM500;http://id.bnportugal.gov.pt/bib/catbnp/742180;Livre
7579;458243;1;69;458243169;https://permalinkbnd.bnportugal.gov.pt/viewer/272626/?offset=#page=69&viewer=picture&o=info&n=0&q=;Imagens | 1747;Cantos - Cantos VII | 1756;Episódios - Desembarque de Gama em Calecut | 1767;458243;https://purl.pt/44000;https://bndigital.bnportugal.gov.pt//i/?IIIF=/ca/ef/b2/6f/caefb26f-9502-4b44-a1a6-7185f1ebc5d1/iiif/cam-122-a_0000_000007.tif/full/!300,500/0/default.jpg;Livro impresso;Português;;Os Lusíadas;;;Edição artística comemorativa do 3º centenário da restauração da independência de Portugal;Barcelos : Companhia Editora do Minho;1940;1940;LVII, 7, 318, 2 p.;Camões, Luís de, 1524-1580;;;"Cidade, Hernâni, 1887-1975, Autor da introdução, etc. ; Cerdeira, Eleutério, 1876-?, Comentador (em meio audiovisual) ; Lopes, Joaquim, 1886-1956, Ilustrador";;;CAM. 122 A.;CAM500;http://id.bnportugal.gov.pt/bib/catbnp/458243;Livre
7580;458243;1;71;458243171;https://permalinkbnd.bnportugal.gov.pt/viewer/272626/?offset=#page=71&viewer=picture&o=info&n=0&q=;Imagens | 1747;Cantos - Cantos VIII | 1757;Episódios - Segunda Audiência do Samorim a Gama | 1768;458243;https://purl.pt/44000;https://bndigital.bnportugal.gov.pt//i/?IIIF=/ca/ef/b2/6f/caefb26f-9502-4b44-a1a6-7185f1ebc5d1/iiif/cam-122-a_0000_000007.tif/full/!300,500/0/default.jpg;Livro impresso;Português;;Os Lusíadas;;;Edição artística comemorativa do 3º centenário da restauração da independência de Portugal;Barcelos : Companhia Editora do Minho;1940;1940;LVII, 7, 318, 2 p.;Camões, Luís de, 1524-1580;;;"Cidade, Hernâni, 1887-1975, Autor da introdução, etc. ; Cerdeira, Eleutério, 1876-?, Comentador (em meio audiovisual) ; Lopes, Joaquim, 1886-1956, Ilustrador";;;CAM. 122 A.;CAM500;http://id.bnportugal.gov.pt/bib/catbnp/458243;Livre
7581;458243;1;73;458243173;https://permalinkbnd.bnportugal.gov.pt/viewer/272626/?offset=#page=73&viewer=picture&o=info&n=0&q=;Imagens | 1747;Cantos - Cantos IX | 1758;Episódios - Ilha de Vénus | 1769;458243;https://purl.pt/44000;https://bndigital.bnportugal.gov.pt//i/?IIIF=/ca/ef/b2/6f/caefb26f-9502-4b44-a1a6-7185f1ebc5d1/iiif/cam-122-a_0000_000007.tif/full/!300,500/0/default.jpg;Livro impresso;Português;;Os Lusíadas;;;Edição artística comemorativa do 3º centenário da restauração da independência de Portugal;Barcelos : Companhia Editora do Minho;1940;1940;LVII, 7, 318, 2 p.;Camões, Luís de, 1524-1580;;;"Cidade, Hernâni, 1887-1975, Autor da introdução, etc. ; Cerdeira, Eleutério, 1876-?, Comentador (em meio audiovisual) ; Lopes, Joaquim, 1886-1956, Ilustrador";;;CAM. 122 A.;CAM500;http://id.bnportugal.gov.pt/bib/catbnp/458243;Livre
7582;458243;1;102;4582431102;https://permalinkbnd.bnportugal.gov.pt/viewer/272626/?offset=#page=102&viewer=picture&o=info&n=0&q=;Imagens | 1747;Cantos - Cantos X | 1759;Episódios - Audiência d’El-Rei D. Manuel a Gama | 1770;458243;https://purl.pt/44000;https://bndigital.bnportugal.gov.pt//i/?IIIF=/ca/ef/b2/6f/caefb26f-9502-4b44-a1a6-7185f1ebc5d1/iiif/cam-122-a_0000_000007.tif/full/!300,500/0/default.jpg;Livro impresso;Português;;Os Lusíadas;;;Edição artística comemorativa do 3º centenário da restauração da independência de Portugal;Barcelos : Companhia Editora do Minho;1940;1940;LVII, 7, 318, 2 p.;Camões, Luís de, 1524-1580;;;"Cidade, Hernâni, 1887-1975, Autor da introdução, etc. ; Cerdeira, Eleutério, 1876-?, Comentador (em meio audiovisual) ; Lopes, Joaquim, 1886-1956, Ilustrador";;;CAM. 122 A.;CAM500;http://id.bnportugal.gov.pt/bib/catbnp/458243;Livre
7583;458243;1;122;4582431122;https://permalinkbnd.bnportugal.gov.pt/viewer/272626/?offset=#page=122&viewer=picture&o=info&n=0&q=;Imagens | 1747;Episódios | 1749;Episódios - Camões na gruta de Macau | 1760;458243;https://purl.pt/44000;https://bndigital.bnportugal.gov.pt//i/?IIIF=/ca/ef/b2/6f/caefb26f-9502-4b44-a1a6-7185f1ebc5d1/iiif/cam-122-a_0000_000007.tif/full/!300,500/0/default.jpg;Livro impresso;Português;;Os Lusíadas;;;Edição artística comemorativa do 3º centenário da restauração da independência de Portugal;Barcelos : Companhia Editora do Minho;1940;1940;LVII, 7, 318, 2 p.;Camões, Luís de, 1524-1580;;;"Cidade, Hernâni, 1887-1975, Autor da introdução, etc. ; Cerdeira, Eleutério, 1876-?, Comentador (em meio audiovisual) ; Lopes, Joaquim, 1886-1956, Ilustrador";;;CAM. 122 A.;CAM500;http://id.bnportugal.gov.pt/bib/catbnp/458243;Livre
7584;458243;1;103;4582431103;https://permalinkbnd.bnportugal.gov.pt/viewer/272626/?offset=#page=103&viewer=picture&o=info&n=0&q=;Imagens | 1747;Cantos - Cantos I | 1750;Episódios - Visita do Rei de Melinde a Gama | 1761;458243;https://purl.pt/44000;https://bndigital.bnportugal.gov.pt//i/?IIIF=/ca/ef/b2/6f/caefb26f-9502-4b44-a1a6-7185f1ebc5d1/iiif/cam-122-a_0000_000007.tif/full/!300,500/0/default.jpg;Livro impresso;Português;;Os Lusíadas;;;Edição artística comemorativa do 3º centenário da restauração da independência de Portugal;Barcelos : Companhia Editora do Minho;1940;1940;LVII, 7, 318, 2 p.;Camões, Luís de, 1524-1580;;;"Cidade, Hernâni, 1887-1975, Autor da introdução, etc. ; Cerdeira, Eleutério, 1876-?, Comentador (em meio audiovisual) ; Lopes, Joaquim, 1886-1956, Ilustrador";;;CAM. 122 A.;CAM500;http://id.bnportugal.gov.pt/bib/catbnp/458243;Livre
7585;458243;1;135;4582431135;https://permalinkbnd.bnportugal.gov.pt/viewer/272626/?offset=#page=135&viewer=picture&o=info&n=0&q=;Imagens | 1747;Cantos - Cantos II | 1751;"Episódios - Concílio ""Conselho dos Deuses"" | 1762";458243;https://purl.pt/44000;https://bndigital.bnportugal.gov.pt//i/?IIIF=/ca/ef/b2/6f/caefb26f-9502-4b44-a1a6-7185f1ebc5d1/iiif/cam-122-a_0000_000007.tif/full/!300,500/0/default.jpg;Livro impresso;Português;;Os Lusíadas;;;Edição artística comemorativa do 3º centenário da restauração da independência de Portugal;Barcelos : Companhia Editora do Minho;1940;1940;LVII, 7, 318, 2 p.;Camões, Luís de, 1524-1580;;;"Cidade, Hernâni, 1887-1975, Autor da introdução, etc. ; Cerdeira, Eleutério, 1876-?, Comentador (em meio audiovisual) ; Lopes, Joaquim, 1886-1956, Ilustrador";;;CAM. 122 A.;CAM500;http://id.bnportugal.gov.pt/bib/catbnp/458243;Livre
7586;458243;1;137;4582431137;https://permalinkbnd.bnportugal.gov.pt/viewer/272626/?offset=#page=137&viewer=picture&o=info&n=0&q=;Imagens | 1747;Cantos - Cantos III | 1752;Episódios - Sonho d'El-Rei D. Manuel, no qual lhe aparecem os rios Indo e Ganges | 1763;458243;https://purl.pt/44000;https://bndigital.bnportugal.gov.pt//i/?IIIF=/ca/ef/b2/6f/caefb26f-9502-4b44-a1a6-7185f1ebc5d1/iiif/cam-122-a_0000_000007.tif/full/!300,500/0/default.jpg;Livro impresso;Português;;Os Lusíadas;;;Edição artística comemorativa do 3º centenário da restauração da independência de Portugal;Barcelos : Companhia Editora do Minho;1940;1940;LVII, 7, 318, 2 p.;Camões, Luís de, 1524-1580;;;"Cidade, Hernâni, 1887-1975, Autor da introdução, etc. ; Cerdeira, Eleutério, 1876-?, Comentador (em meio audiovisual) ; Lopes, Joaquim, 1886-1956, Ilustrador";;;CAM. 122 A.;CAM500;http://id.bnportugal.gov.pt/bib/catbnp/458243;Livre
7587;458243;1;205;4582431205;https://permalinkbnd.bnportugal.gov.pt/viewer/272626/?offset=#page=205&viewer=picture&o=info&n=0&q=;Imagens | 1747;Cantos - Cantos IV | 1753;Episódios - Assassínio de Inês de Castro | 1764;458243;https://purl.pt/44000;https://bndigital.bnportugal.gov.pt//i/?IIIF=/ca/ef/b2/6f/caefb26f-9502-4b44-a1a6-7185f1ebc5d1/iiif/cam-122-a_0000_000007.tif/full/!300,500/0/default.jpg;Livro impresso;Português;;Os Lusíadas;;;Edição artística comemorativa do 3º centenário da restauração da independência de Portugal;Barcelos : Companhia Editora do Minho;1940;1940;LVII, 7, 318, 2 p.;Camões, Luís de, 1524-1580;;;"Cidade, Hernâni, 1887-1975, Autor da introdução, etc. ; Cerdeira, Eleutério, 1876-?, Comentador (em meio audiovisual) ; Lopes, Joaquim, 1886-1956, Ilustrador";;;CAM. 122 A.;CAM500;http://id.bnportugal.gov.pt/bib/catbnp/458243;Livre
7588;458243;1;233;4582431233;https://permalinkbnd.bnportugal.gov.pt/viewer/272626/?offset=#page=233&viewer=picture&o=info&n=0&q=;Imagens | 1747;Cantos - Cantos V | 1754;Episódios - Aparição do gigante Adamastor na passagem do Cabo de B. Esperança | 1765;458243;https://purl.pt/44000;https://bndigital.bnportugal.gov.pt//i/?IIIF=/ca/ef/b2/6f/caefb26f-9502-4b44-a1a6-7185f1ebc5d1/iiif/cam-122-a_0000_000007.tif/full/!300,500/0/default.jpg;Livro impresso;Português;;Os Lusíadas;;;Edição artística comemorativa do 3º centenário da restauração da independência de Portugal;Barcelos : Companhia Editora do Minho;1940;1940;LVII, 7, 318, 2 p.;Camões, Luís de, 1524-1580;;;"Cidade, Hernâni, 1887-1975, Autor da introdução, etc. ; Cerdeira, Eleutério, 1876-?, Comentador (em meio audiovisual) ; Lopes, Joaquim, 1886-1956, Ilustrador";;;CAM. 122 A.;CAM500;http://id.bnportugal.gov.pt/bib/catbnp/458243;Livre
7589;458243;1;261;4582431261;https://permalinkbnd.bnportugal.gov.pt/viewer/272626/?offset=#page=261&viewer=picture&o=info&n=0&q=;Imagens | 1747;Cantos - Cantos VI | 1755;Episódios - Vénus aplaca os Ventos e a tormenta | 1766;458243;https://purl.pt/44000;https://bndigital.bnportugal.gov.pt//i/?IIIF=/ca/ef/b2/6f/caefb26f-9502-4b44-a1a6-7185f1ebc5d1/iiif/cam-122-a_0000_000007.tif/full/!300,500/0/default.jpg;Livro impresso;Português;;Os Lusíadas;;;Edição artística comemorativa do 3º centenário da restauração da independência de Portugal;Barcelos : Companhia Editora do Minho;1940;1940;LVII, 7, 318, 2 p.;Camões, Luís de, 1524-1580;;;"Cidade, Hernâni, 1887-1975, Autor da introdução, etc. ; Cerdeira, Eleutério, 1876-?, Comentador (em meio audiovisual) ; Lopes, Joaquim, 1886-1956, Ilustrador";;;CAM. 122 A.;CAM500;http://id.bnportugal.gov.pt/bib/catbnp/458243;Livre
7590;458243;1;287;4582431287;https://permalinkbnd.bnportugal.gov.pt/viewer/272626/?offset=#page=287&viewer=picture&o=info&n=0&q=;Imagens | 1747;Cantos - Cantos VII | 1756;Episódios - Desembarque de Gama em Calecut | 1767;458243;https://purl.pt/44000;https://bndigital.bnportugal.gov.pt//i/?IIIF=/ca/ef/b2/6f/caefb26f-9502-4b44-a1a6-7185f1ebc5d1/iiif/cam-122-a_0000_000007.tif/full/!300,500/0/default.jpg;Livro impresso;Português;;Os Lusíadas;;;Edição artística comemorativa do 3º centenário da restauração da independência de Portugal;Barcelos : Companhia Editora do Minho;1940;1940;LVII, 7, 318, 2 p.;Camões, Luís de, 1524-1580;;;"Cidade, Hernâni, 1887-1975, Autor da introdução, etc. ; Cerdeira, Eleutério, 1876-?, Comentador (em meio audiovisual) ; Lopes, Joaquim, 1886-1956, Ilustrador";;;CAM. 122 A.;CAM500;http://id.bnportugal.gov.pt/bib/catbnp/458243;Livre
7591;458243;1;315;4582431315;https://permalinkbnd.bnportugal.gov.pt/viewer/272626/?offset=#page=315&viewer=picture&o=info&n=0&q=;Imagens | 1747;Cantos - Cantos VIII | 1757;Episódios - Segunda Audiência do Samorim a Gama | 1768;458243;https://purl.pt/44000;https://bndigital.bnportugal.gov.pt//i/?IIIF=/ca/ef/b2/6f/caefb26f-9502-4b44-a1a6-7185f1ebc5d1/iiif/cam-122-a_0000_000007.tif/full/!300,500/0/default.jpg;Livro impresso;Português;;Os Lusíadas;;;Edição artística comemorativa do 3º centenário da restauração da independência de Portugal;Barcelos : Companhia Editora do Minho;1940;1940;LVII, 7, 318, 2 p.;Camões, Luís de, 1524-1580;;;"Cidade, Hernâni, 1887-1975, Autor da introdução, etc. ; Cerdeira, Eleutério, 1876-?, Comentador (em meio audiovisual) ; Lopes, Joaquim, 1886-1956, Ilustrador";;;CAM. 122 A.;CAM500;http://id.bnportugal.gov.pt/bib/catbnp/458243;Livre
7592;458243;1;343;4582431343;https://permalinkbnd.bnportugal.gov.pt/viewer/272626/?offset=#page=343&viewer=picture&o=info&n=0&q=;Imagens | 1747;Cantos - Cantos IX | 1758;Episódios - Ilha de Vénus | 1769;458243;https://purl.pt/44000;https://bndigital.bnportugal.gov.pt//i/?IIIF=/ca/ef/b2/6f/caefb26f-9502-4b44-a1a6-7185f1ebc5d1/iiif/cam-122-a_0000_000007.tif/full/!300,500/0/default.jpg;Livro impresso;Português;;Os Lusíadas;;;Edição artística comemorativa do 3º centenário da restauração da independência de Portugal;Barcelos : Companhia Editora do Minho;1940;1940;LVII, 7, 318, 2 p.;Camões, Luís de, 1524-1580;;;"Cidade, Hernâni, 1887-1975, Autor da introdução, etc. ; Cerdeira, Eleutério, 1876-?, Comentador (em meio audiovisual) ; Lopes, Joaquim, 1886-1956, Ilustrador";;;CAM. 122 A.;CAM500;http://id.bnportugal.gov.pt/bib/catbnp/458243;Livre
7593;335235;1;23;335235123;https://permalinkbnd.bnportugal.gov.pt/viewer/279168/?offset=#page=23&viewer=picture&o=info&n=0&q=;Imagens | 1747;Cantos - Cantos X | 1759;Episódios - Audiência d’El-Rei D. Manuel a Gama | 1770;335235;https://purl.pt/44973;https://bndigital.bnportugal.gov.pt//i/?IIIF=/d7/8c/1c/eb/d78c1ceb-b6f5-4939-a0f3-caae1f03afb5/iiif/cam-1225-p_0007.tif/full/!300,500/0/default.jpg;Livro impresso;Português;;Os Lusiadas;poema epico;;Nova edição...;Rio de Janeiro : Eduardo & Henrique Laemmert;1856;1856;"2 tomos em 1 vol. XV, 234; 287 p.";Camões, Luís de, 1524-1580;;;Garção, José Caetano Mazziotti Salema, 1886-1961, Antigo possuidor;;;CAM. 1225 P.;CAM500;http://id.bnportugal.gov.pt/bib/catbnp/335235;Livre
7594;335235;1;63;335235163;https://permalinkbnd.bnportugal.gov.pt/viewer/279168/?offset=#page=63&viewer=picture&o=info&n=0&q=;Imagens | 1747;Cantos | 1748;Episódios - Camões na gruta de Macau | 1760;335235;https://purl.pt/44973;https://bndigital.bnportugal.gov.pt//i/?IIIF=/d7/8c/1c/eb/d78c1ceb-b6f5-4939-a0f3-caae1f03afb5/iiif/cam-1225-p_0007.tif/full/!300,500/0/default.jpg;Livro impresso;Português;;Os Lusiadas;poema epico;;Nova edição...;Rio de Janeiro : Eduardo & Henrique Laemmert;1856;1856;"2 tomos em 1 vol. XV, 234; 287 p.";Camões, Luís de, 1524-1580;;;Garção, José Caetano Mazziotti Salema, 1886-1961, Antigo possuidor;;;CAM. 1225 P.;CAM500;http://id.bnportugal.gov.pt/bib/catbnp/335235;Livre
7595;335235;1;105;3352351105;https://permalinkbnd.bnportugal.gov.pt/viewer/279168/?offset=#page=105&viewer=picture&o=info&n=0&q=;Imagens | 1747;Cantos | 1748;Episódios - Visita do Rei de Melinde a Gama | 1761;335235;https://purl.pt/44973;https://bndigital.bnportugal.gov.pt//i/?IIIF=/d7/8c/1c/eb/d78c1ceb-b6f5-4939-a0f3-caae1f03afb5/iiif/cam-1225-p_0007.tif/full/!300,500/0/default.jpg;Livro impresso;Português;;Os Lusiadas;poema epico;;Nova edição...;Rio de Janeiro : Eduardo & Henrique Laemmert;1856;1856;"2 tomos em 1 vol. XV, 234; 287 p.";Camões, Luís de, 1524-1580;;;Garção, José Caetano Mazziotti Salema, 1886-1961, Antigo possuidor;;;CAM. 1225 P.;CAM500;http://id.bnportugal.gov.pt/bib/catbnp/335235;Livre
7596;335235;1;157;3352351157;https://permalinkbnd.bnportugal.gov.pt/viewer/279168/?offset=#page=157&viewer=picture&o=info&n=0&q=;Imagens | 1747;Episódios | 1749;"Episódios - Concílio ""Conselho dos Deuses"" | 1762";335235;https://purl.pt/44973;https://bndigital.bnportugal.gov.pt//i/?IIIF=/d7/8c/1c/eb/d78c1ceb-b6f5-4939-a0f3-caae1f03afb5/iiif/cam-1225-p_0007.tif/full/!300,500/0/default.jpg;Livro impresso;Português;;Os Lusiadas;poema epico;;Nova edição...;Rio de Janeiro : Eduardo & Henrique Laemmert;1856;1856;"2 tomos em 1 vol. XV, 234; 287 p.";Camões, Luís de, 1524-1580;;;Garção, José Caetano Mazziotti Salema, 1886-1961, Antigo possuidor;;;CAM. 1225 P.;CAM500;http://id.bnportugal.gov.pt/bib/catbnp/335235;Livre
7597;335235;1;197;3352351197;https://permalinkbnd.bnportugal.gov.pt/viewer/279168/?offset=#page=197&viewer=picture&o=info&n=0&q=;Imagens | 1747;Cantos - Cantos I | 1750;Episódios - Sonho d'El-Rei D. Manuel, no qual lhe aparecem os rios Indo e Ganges | 1763;335235;https://purl.pt/44973;https://bndigital.bnportugal.gov.pt//i/?IIIF=/d7/8c/1c/eb/d78c1ceb-b6f5-4939-a0f3-caae1f03afb5/iiif/cam-1225-p_0007.tif/full/!300,500/0/default.jpg;Livro impresso;Português;;Os Lusiadas;poema epico;;Nova edição...;Rio de Janeiro : Eduardo & Henrique Laemmert;1856;1856;"2 tomos em 1 vol. XV, 234; 287 p.";Camões, Luís de, 1524-1580;;;Garção, José Caetano Mazziotti Salema, 1886-1961, Antigo possuidor;;;CAM. 1225 P.;CAM500;http://id.bnportugal.gov.pt/bib/catbnp/335235;Livre
7598;335235;1;268;3352351268;https://permalinkbnd.bnportugal.gov.pt/viewer/279168/?offset=#page=268&viewer=picture&o=info&n=0&q=;Imagens | 1747;Cantos - Cantos II | 1751;Episódios - Assassínio de Inês de Castro | 1764;335235;https://purl.pt/44973;https://bndigital.bnportugal.gov.pt//i/?IIIF=/d7/8c/1c/eb/d78c1ceb-b6f5-4939-a0f3-caae1f03afb5/iiif/cam-1225-p_0007.tif/full/!300,500/0/default.jpg;Livro impresso;Português;;Os Lusiadas;poema epico;;Nova edição...;Rio de Janeiro : Eduardo & Henrique Laemmert;1856;1856;"2 tomos em 1 vol. XV, 234; 287 p.";Camões, Luís de, 1524-1580;;;Garção, José Caetano Mazziotti Salema, 1886-1961, Antigo possuidor;;;CAM. 1225 P.;CAM500;http://id.bnportugal.gov.pt/bib/catbnp/335235;Livre
7599;335235;1;309;3352351309;https://permalinkbnd.bnportugal.gov.pt/viewer/279168/?offset=#page=309&viewer=picture&o=info&n=0&q=;Imagens | 1747;Cantos - Cantos III | 1752;Episódios - Aparição do gigante Adamastor na passagem do Cabo de B. Esperança | 1765;335235;https://purl.pt/44973;https://bndigital.bnportugal.gov.pt//i/?IIIF=/d7/8c/1c/eb/d78c1ceb-b6f5-4939-a0f3-caae1f03afb5/iiif/cam-1225-p_0007.tif/full/!300,500/0/default.jpg;Livro impresso;Português;;Os Lusiadas;poema epico;;Nova edição...;Rio de Janeiro : Eduardo & Henrique Laemmert;1856;1856;"2 tomos em 1 vol. XV, 234; 287 p.";Camões, Luís de, 1524-1580;;;Garção, José Caetano Mazziotti Salema, 1886-1961, Antigo possuidor;;;CAM. 1225 P.;CAM500;http://id.bnportugal.gov.pt/bib/catbnp/335235;Livre
7600;335235;1;375;3352351375;https://permalinkbnd.bnportugal.gov.pt/viewer/279168/?offset=#page=375&viewer=picture&o=info&n=0&q=;Imagens | 1747;Cantos - Cantos IV | 1753;Episódios - Vénus aplaca os Ventos e a tormenta | 1766;335235;https://purl.pt/44973;https://bndigital.bnportugal.gov.pt//i/?IIIF=/d7/8c/1c/eb/d78c1ceb-b6f5-4939-a0f3-caae1f03afb5/iiif/cam-1225-p_0007.tif/full/!300,500/0/default.jpg;Livro impresso;Português;;Os Lusiadas;poema epico;;Nova edição...;Rio de Janeiro : Eduardo & Henrique Laemmert;1856;1856;"2 tomos em 1 vol. XV, 234; 287 p.";Camões, Luís de, 1524-1580;;;Garção, José Caetano Mazziotti Salema, 1886-1961, Antigo possuidor;;;CAM. 1225 P.;CAM500;http://id.bnportugal.gov.pt/bib/catbnp/335235;Livre
7601;256272;1;10;256272110;https://permalinkbnd.bnportugal.gov.pt/viewer/273511/?offset=#page=10&viewer=picture&o=info&n=0&q=;Imagens | 1747;Cantos - Cantos V | 1754;Episódios - Desembarque de Gama em Calecut | 1767;256272;https://purl.pt/44001;https://bndigital.bnportugal.gov.pt//i/?IIIF=/fe/86/20/98/fe862098-0810-4c61-b65c-dfaf90f3b978/iiif/cam-124-p_0000_000011.tif/full/!300,500/0/default.jpg;Livro impresso;Português;;Os Lusiadas;;;Nova edição correcta, e dada á luz, conforme á de 1817, in 4º;Paris : J.P. Aillaud, Quai Voltaire, n 21;1823;1823;2, 377, 1 br., 1, 1 br. p., 1 grav.;Camões, Luís de, 1524-1580;;;"Gérard, François, 1770-1837, Artista ; Fry, William Thomas, 1789-1843, Gravador (aguafortista) ; Mateus, Morgado de, 1758-1825, Editor literário ; Didot, Firmin, fl. 1789-1829, Impressor ; Aillaud, João Pedro, 1785-ca 1853, Livreiro ; Norton, Tomás, 1804-1860, Antigo possuidor";;;CAM. 123 P.;CAM500;http://id.bnportugal.gov.pt/bib/catbnp/256272;Livre
7602;256272;1;11;256272111;https://permalinkbnd.bnportugal.gov.pt/viewer/273511/?offset=#page=11&viewer=picture&o=info&n=0&q=;Imagens | 1747;Cantos - Cantos VI | 1755;Episódios - Segunda Audiência do Samorim a Gama | 1768;256272;https://purl.pt/44001;https://bndigital.bnportugal.gov.pt//i/?IIIF=/fe/86/20/98/fe862098-0810-4c61-b65c-dfaf90f3b978/iiif/cam-124-p_0000_000011.tif/full/!300,500/0/default.jpg;Livro impresso;Português;;Os Lusiadas;;;Nova edição correcta, e dada á luz, conforme á de 1817, in 4º;Paris : J.P. Aillaud, Quai Voltaire, n 21;1823;1823;2, 377, 1 br., 1, 1 br. p., 1 grav.;Camões, Luís de, 1524-1580;;;"Gérard, François, 1770-1837, Artista ; Fry, William Thomas, 1789-1843, Gravador (aguafortista) ; Mateus, Morgado de, 1758-1825, Editor literário ; Didot, Firmin, fl. 1789-1829, Impressor ; Aillaud, João Pedro, 1785-ca 1853, Livreiro ; Norton, Tomás, 1804-1860, Antigo possuidor";;;CAM. 123 P.;CAM500;http://id.bnportugal.gov.pt/bib/catbnp/256272;Livre
7603;458267;1;5;45826715;https://permalinkbnd.bnportugal.gov.pt/viewer/274951/?offset=#page=5&viewer=picture&o=info&n=0&q=;Imagens | 1747;Cantos - Cantos VII | 1756;Episódios - Ilha de Vénus | 1769;458267;https://purl.pt/43971;https://bndigital.bnportugal.gov.pt//i/?IIIF=/ff/05/78/6b/ff05786b-dbe4-4b2e-9965-b30541cc9431/iiif/cam-125-a_0005.tif/full/!300,500/0/default.jpg;Livro impresso;Português;;Per Umbram...;;;1.ª ed.;Lisboa : Imprensa Nacional;1887;1887;7 f.;Castro, Eugénio de, 1869-1944;;;;;;CAM. 125 A.;PRR2024;http://id.bnportugal.gov.pt/bib/catbnp/458267;Livre
7604;849980;1;96;849980196;https://permalinkbnd.bnportugal.gov.pt/viewer/273524/?offset=#page=96&viewer=picture&o=info&n=0&q=;Imagens | 1747;Cantos - Cantos VIII | 1757;Episódios - Audiência d’El-Rei D. Manuel a Gama | 1770;849980;https://purl.pt/44002;https://bndigital.bnportugal.gov.pt//i/?IIIF=/ff/7b/86/ff/ff7b86ff-03d0-4f92-b63e-85c46449c9d1/iiif/cam-125-v_0000_000009.tif/full/!300,500/0/default.jpg;Livro impresso;Português;;A primeira edição dos Lusiadas;;;1.ª ed.;Porto e Braga : Livraria Internacional de Ernesto Chardron;1880;1880;87, 9 p.;Noronha, Tito de, 1834-1896;;;;;;J.S. 1077;CAM500;http://id.bnportugal.gov.pt/bib/catbnp/849980;Livre
7605;849980;1;97;849980197;https://permalinkbnd.bnportugal.gov.pt/viewer/273524/?offset=#page=97&viewer=picture&o=info&n=0&q=;Imagens | 1747;Cantos - Cantos IX | 1758;Episódios - Camões na gruta de Macau | 1760;849980;https://purl.pt/44002;https://bndigital.bnportugal.gov.pt//i/?IIIF=/ff/7b/86/ff/ff7b86ff-03d0-4f92-b63e-85c46449c9d1/iiif/cam-125-v_0000_000009.tif/full/!300,500/0/default.jpg;Livro impresso;Português;;A primeira edição dos Lusiadas;;;1.ª ed.;Porto e Braga : Livraria Internacional de Ernesto Chardron;1880;1880;87, 9 p.;Noronha, Tito de, 1834-1896;;;;;;J.S. 1077;CAM500;http://id.bnportugal.gov.pt/bib/catbnp/849980;Livre
7606;849980;1;100;8499801100;https://permalinkbnd.bnportugal.gov.pt/viewer/273524/?offset=#page=100&viewer=picture&o=info&n=0&q=;Imagens | 1747;Cantos - Cantos X | 1759;Episódios - Visita do Rei de Melinde a Gama | 1761;849980;https://purl.pt/44002;https://bndigital.bnportugal.gov.pt//i/?IIIF=/ff/7b/86/ff/ff7b86ff-03d0-4f92-b63e-85c46449c9d1/iiif/cam-125-v_0000_000009.tif/full/!300,500/0/default.jpg;Livro impresso;Português;;A primeira edição dos Lusiadas;;;1.ª ed.;Porto e Braga : Livraria Internacional de Ernesto Chardron;1880;1880;87, 9 p.;Noronha, Tito de, 1834-1896;;;;;;J.S. 1077;CAM500;http://id.bnportugal.gov.pt/bib/catbnp/849980;Livre
7607;849980;1;101;8499801101;https://permalinkbnd.bnportugal.gov.pt/viewer/273524/?offset=#page=101&viewer=picture&o=info&n=0&q=;Imagens | 1747;Cantos | 1748;"Episódios - Concílio ""Conselho dos Deuses"" | 1762";849980;https://purl.pt/44002;https://bndigital.bnportugal.gov.pt//i/?IIIF=/ff/7b/86/ff/ff7b86ff-03d0-4f92-b63e-85c46449c9d1/iiif/cam-125-v_0000_000009.tif/full/!300,500/0/default.jpg;Livro impresso;Português;;A primeira edição dos Lusiadas;;;1.ª ed.;Porto e Braga : Livraria Internacional de Ernesto Chardron;1880;1880;87, 9 p.;Noronha, Tito de, 1834-1896;;;;;;J.S. 1077;CAM500;http://id.bnportugal.gov.pt/bib/catbnp/849980;Livre
7608;458260;1;8;45826018;https://permalinkbnd.bnportugal.gov.pt/viewer/275168/?offset=#page=8&viewer=picture&o=info&n=0&q=;Imagens | 1747;Cantos | 1748;Episódios - Sonho d'El-Rei D. Manuel, no qual lhe aparecem os rios Indo e Ganges | 1763;458260;https://purl.pt/44062;https://bndigital.bnportugal.gov.pt//i/?IIIF=/11/71/d1/08/1171d108-6c81-4a65-8f5d-c4337a19bbb4/iiif/cam-127-a_0001.tif/full/!300,500/0/default.jpg;Livro impresso;Português;;Adamastor;episodio do Canto V dos Lusiadas;;1.ª ed.;Lisboa : Imprensa Nacional;1888;1888;10 f.;Camões, Luís de, 1524-1580;;;;;;CAM. 127 A.;CAM500;http://id.bnportugal.gov.pt/bib/catbnp/458260;Livre
7609;256276;1;7;25627617;https://permalinkbnd.bnportugal.gov.pt/viewer/275163/?offset=#page=7&viewer=picture&o=info&n=0&q=;Imagens | 1747;Episódios | 1749;Episódios - Assassínio de Inês de Castro | 1764;256276;https://purl.pt/44065;https://bndigital.bnportugal.gov.pt//i/?IIIF=/83/32/d3/b4/8332d3b4-4478-406b-8987-cef71bd9119e/iiif/cam-127-p_0007.tif/full/!300,500/0/default.jpg;Livro impresso;Português;;Os Lusiadas;;;Nova edição mais correcta;Lisboa : na Impressão Regia : vende-se na Loja dos Pobres;1827;1827;377, 1 br. p.;Camões, Luís de, 1524-1580;;;Norton, Tomás, 1804-1860, Antigo possuidor;;Tipografia Régia, Impressor;CAM. 126 P.;CAM500;http://id.bnportugal.gov.pt/bib/catbnp/256276;Livre
7610;849990;1;7;84999017;https://permalinkbnd.bnportugal.gov.pt/viewer/275167/?offset=#page=7&viewer=picture&o=info&n=0&q=;Imagens | 1747;Cantos - Cantos I | 1750;Episódios - Aparição do gigante Adamastor na passagem do Cabo de B. Esperança | 1765;849990;https://purl.pt/44063;https://bndigital.bnportugal.gov.pt//i/?IIIF=/1c/4c/dd/8a/1c4cdd8a-b1c5-4fc7-b103-3e6d38fd7586/iiif/cam-130-1-v_0001.tif/full/!300,500/0/default.jpg;Livro impresso;Português;;Leitura dum trecho dos Lusiadas;canto decimo;;1.ª ed.;Porto : Typographia Occidental;1880;1880;XXXI, 1 br. p.;Silva, Augusto Luso da, 1827-1902;;;;;;CAM. 130//1 V.;CAM500;http://id.bnportugal.gov.pt/bib/catbnp/849990;Livre
7611;851358;1;100;8513581100;https://permalinkbnd.bnportugal.gov.pt/viewer/280465/?offset=#page=100&viewer=picture&o=info&n=0&q=;Imagens | 1747;Cantos - Cantos II | 1751;Episódios - Vénus aplaca os Ventos e a tormenta | 1766;851358;https://purl.pt/44344;https://bndigital.bnportugal.gov.pt//i/?IIIF=/eb/79/5f/fb/eb795ffb-b97e-4016-9733-b90efc66c2c7/iiif/cam-131-v_0000_000007.tif/full/!300,500/0/default.jpg;Livro impresso;Português;;A Obra monumental de Luiz de Camões;estudos bibliographicos;;1.ª ed.;Lisboa : Imprensa Nacional;1886;1886;2 v.;Aranha, Brito, 1833-1914;;;;;;CAM. 131 V.;CAM500;http://id.bnportugal.gov.pt/bib/catbnp/851358;Livre
7612;851358;1;121;8513581121;https://permalinkbnd.bnportugal.gov.pt/viewer/280465/?offset=#page=121&viewer=picture&o=info&n=0&q=;Imagens | 1747;Cantos - Cantos III | 1752;Episódios - Desembarque de Gama em Calecut | 1767;851358;https://purl.pt/44344;https://bndigital.bnportugal.gov.pt//i/?IIIF=/eb/79/5f/fb/eb795ffb-b97e-4016-9733-b90efc66c2c7/iiif/cam-131-v_0000_000007.tif/full/!300,500/0/default.jpg;Livro impresso;Português;;A Obra monumental de Luiz de Camões;estudos bibliographicos;;1.ª ed.;Lisboa : Imprensa Nacional;1886;1886;2 v.;Aranha, Brito, 1833-1914;;;;;;CAM. 131 V.;CAM500;http://id.bnportugal.gov.pt/bib/catbnp/851358;Livre
7613;851358;1;125;8513581125;https://permalinkbnd.bnportugal.gov.pt/viewer/280465/?offset=#page=125&viewer=picture&o=info&n=0&q=;Imagens | 1747;Cantos - Cantos IV | 1753;Episódios - Segunda Audiência do Samorim a Gama | 1768;851358;https://purl.pt/44344;https://bndigital.bnportugal.gov.pt//i/?IIIF=/eb/79/5f/fb/eb795ffb-b97e-4016-9733-b90efc66c2c7/iiif/cam-131-v_0000_000007.tif/full/!300,500/0/default.jpg;Livro impresso;Português;;A Obra monumental de Luiz de Camões;estudos bibliographicos;;1.ª ed.;Lisboa : Imprensa Nacional;1886;1886;2 v.;Aranha, Brito, 1833-1914;;;;;;CAM. 131 V.;CAM500;http://id.bnportugal.gov.pt/bib/catbnp/851358;Livre
7614;851358;1;129;8513581129;https://permalinkbnd.bnportugal.gov.pt/viewer/280465/?offset=#page=129&viewer=picture&o=info&n=0&q=;Imagens | 1747;Cantos - Cantos V | 1754;Episódios - Ilha de Vénus | 1769;851358;https://purl.pt/44344;https://bndigital.bnportugal.gov.pt//i/?IIIF=/eb/79/5f/fb/eb795ffb-b97e-4016-9733-b90efc66c2c7/iiif/cam-131-v_0000_000007.tif/full/!300,500/0/default.jpg;Livro impresso;Português;;A Obra monumental de Luiz de Camões;estudos bibliographicos;;1.ª ed.;Lisboa : Imprensa Nacional;1886;1886;2 v.;Aranha, Brito, 1833-1914;;;;;;CAM. 131 V.;CAM500;http://id.bnportugal.gov.pt/bib/catbnp/851358;Livre
7615;851358;1;137;8513581137;https://permalinkbnd.bnportugal.gov.pt/viewer/280465/?offset=#page=137&viewer=picture&o=info&n=0&q=;Imagens | 1747;Cantos - Cantos VI | 1755;Episódios - Audiência d’El-Rei D. Manuel a Gama | 1770;851358;https://purl.pt/44344;https://bndigital.bnportugal.gov.pt//i/?IIIF=/eb/79/5f/fb/eb795ffb-b97e-4016-9733-b90efc66c2c7/iiif/cam-131-v_0000_000007.tif/full/!300,500/0/default.jpg;Livro impresso;Português;;A Obra monumental de Luiz de Camões;estudos bibliographicos;;1.ª ed.;Lisboa : Imprensa Nacional;1886;1886;2 v.;Aranha, Brito, 1833-1914;;;;;;CAM. 131 V.;CAM500;http://id.bnportugal.gov.pt/bib/catbnp/851358;Livre
7616;851358;1;151;8513581151;https://permalinkbnd.bnportugal.gov.pt/viewer/280465/?offset=#page=151&viewer=picture&o=info&n=0&q=;Imagens | 1747;Cantos - Cantos VII | 1756;Episódios - Camões na gruta de Macau | 1760;851358;https://purl.pt/44344;https://bndigital.bnportugal.gov.pt//i/?IIIF=/eb/79/5f/fb/eb795ffb-b97e-4016-9733-b90efc66c2c7/iiif/cam-131-v_0000_000007.tif/full/!300,500/0/default.jpg;Livro impresso;Português;;A Obra monumental de Luiz de Camões;estudos bibliographicos;;1.ª ed.;Lisboa : Imprensa Nacional;1886;1886;2 v.;Aranha, Brito, 1833-1914;;;;;;CAM. 131 V.;CAM500;http://id.bnportugal.gov.pt/bib/catbnp/851358;Livre
7617;851358;1;157;8513581157;https://permalinkbnd.bnportugal.gov.pt/viewer/280465/?offset=#page=157&viewer=picture&o=info&n=0&q=;Imagens | 1747;Cantos - Cantos VIII | 1757;Episódios - Visita do Rei de Melinde a Gama | 1761;851358;https://purl.pt/44344;https://bndigital.bnportugal.gov.pt//i/?IIIF=/eb/79/5f/fb/eb795ffb-b97e-4016-9733-b90efc66c2c7/iiif/cam-131-v_0000_000007.tif/full/!300,500/0/default.jpg;Livro impresso;Português;;A Obra monumental de Luiz de Camões;estudos bibliographicos;;1.ª ed.;Lisboa : Imprensa Nacional;1886;1886;2 v.;Aranha, Brito, 1833-1914;;;;;;CAM. 131 V.;CAM500;http://id.bnportugal.gov.pt/bib/catbnp/851358;Livre
7618;851358;1;159;8513581159;https://permalinkbnd.bnportugal.gov.pt/viewer/280465/?offset=#page=159&viewer=picture&o=info&n=0&q=;Imagens | 1747;Cantos - Cantos IX | 1758;"Episódios - Concílio ""Conselho dos Deuses"" | 1762";851358;https://purl.pt/44344;https://bndigital.bnportugal.gov.pt//i/?IIIF=/eb/79/5f/fb/eb795ffb-b97e-4016-9733-b90efc66c2c7/iiif/cam-131-v_0000_000007.tif/full/!300,500/0/default.jpg;Livro impresso;Português;;A Obra monumental de Luiz de Camões;estudos bibliographicos;;1.ª ed.;Lisboa : Imprensa Nacional;1886;1886;2 v.;Aranha, Brito, 1833-1914;;;;;;CAM. 131 V.;CAM500;http://id.bnportugal.gov.pt/bib/catbnp/851358;Livre
7619;851358;1;192;8513581192;https://permalinkbnd.bnportugal.gov.pt/viewer/280465/?offset=#page=192&viewer=picture&o=info&n=0&q=;Imagens | 1747;Cantos - Cantos X | 1759;Episódios - Sonho d'El-Rei D. Manuel, no qual lhe aparecem os rios Indo e Ganges | 1763;851358;https://purl.pt/44344;https://bndigital.bnportugal.gov.pt//i/?IIIF=/eb/79/5f/fb/eb795ffb-b97e-4016-9733-b90efc66c2c7/iiif/cam-131-v_0000_000007.tif/full/!300,500/0/default.jpg;Livro impresso;Português;;A Obra monumental de Luiz de Camões;estudos bibliographicos;;1.ª ed.;Lisboa : Imprensa Nacional;1886;1886;2 v.;Aranha, Brito, 1833-1914;;;;;;CAM. 131 V.;CAM500;http://id.bnportugal.gov.pt/bib/catbnp/851358;Livre
7620;851358;1;193;8513581193;https://permalinkbnd.bnportugal.gov.pt/viewer/280465/?offset=#page=193&viewer=picture&o=info&n=0&q=;Imagens | 1747;Cantos | 1748;Episódios - Assassínio de Inês de Castro | 1764;851358;https://purl.pt/44344;https://bndigital.bnportugal.gov.pt//i/?IIIF=/eb/79/5f/fb/eb795ffb-b97e-4016-9733-b90efc66c2c7/iiif/cam-131-v_0000_000007.tif/full/!300,500/0/default.jpg;Livro impresso;Português;;A Obra monumental de Luiz de Camões;estudos bibliographicos;;1.ª ed.;Lisboa : Imprensa Nacional;1886;1886;2 v.;Aranha, Brito, 1833-1914;;;;;;CAM. 131 V.;CAM500;http://id.bnportugal.gov.pt/bib/catbnp/851358;Livre
7621;851358;1;226;8513581226;https://permalinkbnd.bnportugal.gov.pt/viewer/280465/?offset=#page=226&viewer=picture&o=info&n=0&q=;Imagens | 1747;Cantos | 1748;Episódios - Aparição do gigante Adamastor na passagem do Cabo de B. Esperança | 1765;851358;https://purl.pt/44344;https://bndigital.bnportugal.gov.pt//i/?IIIF=/eb/79/5f/fb/eb795ffb-b97e-4016-9733-b90efc66c2c7/iiif/cam-131-v_0000_000007.tif/full/!300,500/0/default.jpg;Livro impresso;Português;;A Obra monumental de Luiz de Camões;estudos bibliographicos;;1.ª ed.;Lisboa : Imprensa Nacional;1886;1886;2 v.;Aranha, Brito, 1833-1914;;;;;;CAM. 131 V.;CAM500;http://id.bnportugal.gov.pt/bib/catbnp/851358;Livre
7622;851358;1;281;8513581281;https://permalinkbnd.bnportugal.gov.pt/viewer/280465/?offset=#page=281&viewer=picture&o=info&n=0&q=;Imagens | 1747;Episódios | 1749;Episódios - Vénus aplaca os Ventos e a tormenta | 1766;851358;https://purl.pt/44344;https://bndigital.bnportugal.gov.pt//i/?IIIF=/eb/79/5f/fb/eb795ffb-b97e-4016-9733-b90efc66c2c7/iiif/cam-131-v_0000_000007.tif/full/!300,500/0/default.jpg;Livro impresso;Português;;A Obra monumental de Luiz de Camões;estudos bibliographicos;;1.ª ed.;Lisboa : Imprensa Nacional;1886;1886;2 v.;Aranha, Brito, 1833-1914;;;;;;CAM. 131 V.;CAM500;http://id.bnportugal.gov.pt/bib/catbnp/851358;Livre
7623;851358;1;294;8513581294;https://permalinkbnd.bnportugal.gov.pt/viewer/280465/?offset=#page=294&viewer=picture&o=info&n=0&q=;Imagens | 1747;Cantos - Cantos I | 1750;Episódios - Desembarque de Gama em Calecut | 1767;851358;https://purl.pt/44344;https://bndigital.bnportugal.gov.pt//i/?IIIF=/eb/79/5f/fb/eb795ffb-b97e-4016-9733-b90efc66c2c7/iiif/cam-131-v_0000_000007.tif/full/!300,500/0/default.jpg;Livro impresso;Português;;A Obra monumental de Luiz de Camões;estudos bibliographicos;;1.ª ed.;Lisboa : Imprensa Nacional;1886;1886;2 v.;Aranha, Brito, 1833-1914;;;;;;CAM. 131 V.;CAM500;http://id.bnportugal.gov.pt/bib/catbnp/851358;Livre
7624;851358;1;325;8513581325;https://permalinkbnd.bnportugal.gov.pt/viewer/280465/?offset=#page=325&viewer=picture&o=info&n=0&q=;Imagens | 1747;Cantos - Cantos II | 1751;Episódios - Segunda Audiência do Samorim a Gama | 1768;851358;https://purl.pt/44344;https://bndigital.bnportugal.gov.pt//i/?IIIF=/eb/79/5f/fb/eb795ffb-b97e-4016-9733-b90efc66c2c7/iiif/cam-131-v_0000_000007.tif/full/!300,500/0/default.jpg;Livro impresso;Português;;A Obra monumental de Luiz de Camões;estudos bibliographicos;;1.ª ed.;Lisboa : Imprensa Nacional;1886;1886;2 v.;Aranha, Brito, 1833-1914;;;;;;CAM. 131 V.;CAM500;http://id.bnportugal.gov.pt/bib/catbnp/851358;Livre
7625;851358;1;468;8513581468;https://permalinkbnd.bnportugal.gov.pt/viewer/280465/?offset=#page=468&viewer=picture&o=info&n=0&q=;Imagens | 1747;Cantos - Cantos III | 1752;Episódios - Ilha de Vénus | 1769;851358;https://purl.pt/44344;https://bndigital.bnportugal.gov.pt//i/?IIIF=/eb/79/5f/fb/eb795ffb-b97e-4016-9733-b90efc66c2c7/iiif/cam-131-v_0000_000007.tif/full/!300,500/0/default.jpg;Livro impresso;Português;;A Obra monumental de Luiz de Camões;estudos bibliographicos;;1.ª ed.;Lisboa : Imprensa Nacional;1886;1886;2 v.;Aranha, Brito, 1833-1914;;;;;;CAM. 131 V.;CAM500;http://id.bnportugal.gov.pt/bib/catbnp/851358;Livre
7626;851358;1;500;8513581500;https://permalinkbnd.bnportugal.gov.pt/viewer/280465/?offset=#page=500&viewer=picture&o=info&n=0&q=;Imagens | 1747;Cantos - Cantos IV | 1753;Episódios - Audiência d’El-Rei D. Manuel a Gama | 1770;851358;https://purl.pt/44344;https://bndigital.bnportugal.gov.pt//i/?IIIF=/eb/79/5f/fb/eb795ffb-b97e-4016-9733-b90efc66c2c7/iiif/cam-131-v_0000_000007.tif/full/!300,500/0/default.jpg;Livro impresso;Português;;A Obra monumental de Luiz de Camões;estudos bibliographicos;;1.ª ed.;Lisboa : Imprensa Nacional;1886;1886;2 v.;Aranha, Brito, 1833-1914;;;;;;CAM. 131 V.;CAM500;http://id.bnportugal.gov.pt/bib/catbnp/851358;Livre
7627;851957;1;5;85195715;https://permalinkbnd.bnportugal.gov.pt/viewer/275169/?offset=#page=5&viewer=picture&o=info&n=0&q=;Imagens | 1747;Cantos - Cantos V | 1754;Episódios - Camões na gruta de Macau | 1760;851957;https://purl.pt/44061;https://bndigital.bnportugal.gov.pt//i/?IIIF=/af/36/c6/fa/af36c6fa-a524-4c56-91e4-8a0ba612dcf4/iiif/cam-135-1-v_0001.tif/full/!300,500/0/default.jpg;Livro impresso;Português;;A Camões;poesia recitada pelo actor Salazar no Theatro da Rua dos Condes;;1.ª ed.;Lisboa : Typ. de Ximenes Leopoldino Corrêa;1880;1880;8 p.;Anjos, Joaquim dos, 1856-1918;;;;;;CAM. 135//1 V.;CAM500;http://id.bnportugal.gov.pt/bib/catbnp/851957;Livre
7628;780308;1;5;78030815;https://permalinkbnd.bnportugal.gov.pt/viewer/275164/?offset=#page=5&viewer=picture&o=info&n=0&q=;Imagens | 1747;Cantos - Cantos VI | 1755;Episódios - Visita do Rei de Melinde a Gama | 1761;780308;https://purl.pt/44064;https://bndigital.bnportugal.gov.pt//i/?IIIF=/95/68/63/55/95686355-3599-4dd5-88c6-b9d7a520c66b/iiif/cam-135-6-v_0001.tif/full/!300,500/0/default.jpg;Livro impresso;Português;;Homenagem a Luiz de Camões;;;1.ª ed.;Lisboa : Typographia Coelho & Irmão;1880;1880;18 p.;Pusich, Antónia Gertrudes, 1805-1883;;;;;;CAM. 135//6 V.;CAM500;http://id.bnportugal.gov.pt/bib/catbnp/780308;Livre
7629;852081;1;4;85208114;https://permalinkbnd.bnportugal.gov.pt/viewer/275364/?offset=#page=4&viewer=picture&o=info&n=0&q=;Imagens | 1747;Cantos - Cantos VII | 1756;"Episódios - Concílio ""Conselho dos Deuses"" | 1762";852081;https://purl.pt/44095;https://bndigital.bnportugal.gov.pt//i/?IIIF=/e9/00/22/b5/e90022b5-8e26-4699-867a-f2772727a5b8/iiif/cam-136-8-v_0001.tif/full/!300,500/0/default.jpg;Livro impresso;Português;;Homenagem a Luiz de Camões;sessão solemne da Associação Typographica Lisbonense para commemorar o Tricentenario;;1.ª ed.;Lisboa : Imprensa Nacional;1880;1880;51, 1 br. p., 1 estampa;;;;"Bastos, Vítor, 1831-1894, Artista ; Sousa, Joaquim Pedro de, 1822-1878, Gravador em metal";;;CAM. 136//8 V.;CAM500;http://id.bnportugal.gov.pt/bib/catbnp/852081;Livre
7630;352640;1;6;35264016;https://permalinkbnd.bnportugal.gov.pt/viewer/279243/?offset=#page=6&viewer=picture&o=info&n=0&q=;Imagens | 1747;Cantos - Cantos VIII | 1757;Episódios - Sonho d'El-Rei D. Manuel, no qual lhe aparecem os rios Indo e Ganges | 1763;352640;https://purl.pt/45009;https://bndigital.bnportugal.gov.pt//i/?IIIF=/34/94/05/63/34940563-8dd9-4ab7-b87c-7e9c8184d005/iiif/cam-1415-v_0001.tif/full/!300,500/0/default.jpg;Livro impresso;Francês;;Scénes de la nature sous les Tropiques et de leur influence sur la poesie;suivies de Camoens et Jozé Indio;;1.ª ed.;Paris : Chez Louis Janet;1824;1824;4, IV, 516, 1 p.;Denis, Ferdinand, 1798-1890;;;Denis, Ferdinand, 1798-1890, Nome associado;;;L. 5065 V.;CAM500;http://id.bnportugal.gov.pt/bib/catbnp/352640;Livre
7631;943524;1;6;94352416;https://permalinkbnd.bnportugal.gov.pt/viewer/279232/?offset=#page=6&viewer=picture&o=info&n=0&q=;Imagens | 1747;Cantos - Cantos IX | 1758;Episódios - Assassínio de Inês de Castro | 1764;943524;https://purl.pt/44993;https://bndigital.bnportugal.gov.pt//i/?IIIF=/0b/7e/27/f6/0b7e27f6-cb2f-4e7f-905e-9289c1b904b0/iiif/cam-1427-p_0007.tif/full/!300,500/0/default.jpg;Livro impresso;Português;;Nova Castro;tragedia;;4ª edição, correcta e augmentada;Lisboa : Imp. Regia;1817;1817;1 v.;Gomes Júnior, João Baptista, 17--1803;;;;;;L. 2943 V.;CAM500;http://id.bnportugal.gov.pt/bib/catbnp/943524;Livre
7632;120404;1;1;12040411;https://permalinkbnd.bnportugal.gov.pt/viewer/276120/?offset=#page=1&viewer=picture&o=info&n=0&q=;Imagens | 1747;Cantos - Cantos X | 1759;Episódios - Aparição do gigante Adamastor na passagem do Cabo de B. Esperança | 1765;120404;https://purl.pt/44155;https://bndigital.bnportugal.gov.pt//i/?IIIF=/83/4a/f6/cb/834af6cb-91ac-473c-9481-541d30350a4c/iiif/cam-143-a_0001.tif/full/!300,500/0/default.jpg;Livro impresso;Português;;Os Lusíadas;;;Ed. popular gratuita;Lisboa : Diário de Notícias;1880;1880;17, 1 p.;Camões, Luís de, 1524-1580;;;;;;L. 5907//23 A.;CAM500;http://id.bnportugal.gov.pt/bib/catbnp/120404;Livre
7633;397864;1;10;397864110;https://permalinkbnd.bnportugal.gov.pt/viewer/279340/?offset=#page=10&viewer=picture&o=info&n=0&q=;Imagens | 1747;Cantos | 1748;Episódios - Vénus aplaca os Ventos e a tormenta | 1766;397864;https://purl.pt/45036;https://bndigital.bnportugal.gov.pt//i/?IIIF=/57/49/c9/1d/5749c91d-873b-46a2-b4f5-8da947fc1fbb/iiif/cam-1458-p_0011.tif/full/!300,500/0/default.jpg;Livro impresso;Inglês;Português;Poems from the portuguese of Luis de Camoens;with remarks on his life and writings, notes, etc.;;5th ed;London : J. Carpenter : C. Whittingham;1808;1808;158 p., 1 est.;Camões, Luís de, 1524-1580;;;Strangford, 1780-1855, Tradutor;;;CAM. 1458 P.;CAM500;http://id.bnportugal.gov.pt/bib/catbnp/397864;Livre
7634;256426;1;8;25642618;https://permalinkbnd.bnportugal.gov.pt/viewer/276130/?offset=#page=8&viewer=picture&o=info&n=0&q=;Imagens | 1747;Cantos | 1748;Episódios - Desembarque de Gama em Calecut | 1767;256426;https://purl.pt/44185;https://bndigital.bnportugal.gov.pt//i/?IIIF=/53/22/2b/d9/53222bd9-72fa-478f-bef6-2b0dc193ac70/iiif/cam-147-p_0005.tif/full/!300,500/0/default.jpg;Livro impresso;Português;;Os Lusiadas;;;Edição publicada por Agra & Irmão;Rio de Janeiro : vende-se em casa de Agra & Irmão;1855;1855;397 p., 1 estampa;Camões, Luís de, 1524-1580;;;Barreto, João Franco, 1600-post. 1674, Editor literário;;Tipografia Brasiliense, Impressor;CAM. 147 P.;CAM500;http://id.bnportugal.gov.pt/bib/catbnp/256426;Livre
7635;381260;1;9;38126019;https://permalinkbnd.bnportugal.gov.pt/viewer/273100/?offset=#page=9&viewer=picture&o=info&n=0&q=;Imagens | 1747;Episódios | 1749;Episódios - Segunda Audiência do Samorim a Gama | 1768;381260;https://purl.pt/44190;https://bndigital.bnportugal.gov.pt//i/?IIIF=/0b/26/c7/e3/0b26c7e3-1958-4e92-8c9d-7d86a61ab2a8/iiif/cam-15-a_0000_000009.tif/full/!300,500/0/default.jpg;Livro impresso;Português;;Obras do grande Luis de Camões, Principe dos Poetas Heroycos, & Lyricos de Hespanha;novamente dadas a luz com os seus Lusiadas...;;E agora nesta ultima Impressaõ correcta, & accrescentada com a sua Vida;Lisboa Occidental : na officina de Joseph Lopes Ferreyra...;1720;1720;30, 312, 251 p.;Camões, Luís de, 1524-1580;;Faria, Manuel Severim de, 1583-1655, Autor;"Barreto, João Franco, 1600-post. 1674, Comentador de texto escrito ; Correia, Manuel, 15---antes de 1613, Comentador de texto escrito ; Ferreira, José Lopes, fl. 1706-1771, Impressor";;;CAM. 15 A.;CAM500;http://id.bnportugal.gov.pt/bib/catbnp/381260;Livre
7636;381260;1;16;381260116;https://permalinkbnd.bnportugal.gov.pt/viewer/273100/?offset=#page=16&viewer=picture&o=info&n=0&q=;Imagens | 1747;Cantos - Cantos I | 1750;Episódios - Ilha de Vénus | 1769;381260;https://purl.pt/44190;https://bndigital.bnportugal.gov.pt//i/?IIIF=/0b/26/c7/e3/0b26c7e3-1958-4e92-8c9d-7d86a61ab2a8/iiif/cam-15-a_0000_000009.tif/full/!300,500/0/default.jpg;Livro impresso;Português;;Obras do grande Luis de Camões, Principe dos Poetas Heroycos, & Lyricos de Hespanha;novamente dadas a luz com os seus Lusiadas...;;E agora nesta ultima Impressaõ correcta, & accrescentada com a sua Vida;Lisboa Occidental : na officina de Joseph Lopes Ferreyra...;1720;1720;30, 312, 251 p.;Camões, Luís de, 1524-1580;;Faria, Manuel Severim de, 1583-1655, Autor;"Barreto, João Franco, 1600-post. 1674, Comentador de texto escrito ; Correia, Manuel, 15---antes de 1613, Comentador de texto escrito ; Ferreira, José Lopes, fl. 1706-1771, Impressor";;;CAM. 15 A.;CAM500;http://id.bnportugal.gov.pt/bib/catbnp/381260;Livre
7637;397821;1;7;39782117;https://permalinkbnd.bnportugal.gov.pt/viewer/273782/?offset=#page=7&viewer=picture&o=info&n=0&q=;Imagens | 1747;Cantos - Cantos II | 1751;Episódios - Audiência d’El-Rei D. Manuel a Gama | 1770;397821;https://purl.pt/44005;https://bndigital.bnportugal.gov.pt//i/?IIIF=/ba/e9/44/c6/bae944c6-abdc-4997-82d4-29762ce0eb22/iiif/cam-150-a_0000_000007.tif/full/!300,500/0/default.jpg;Livro impresso;Português;;Os Lusíadas;profusamente illustrada com desenhos allegoricos...;;1.ª ed.;Lisboa : Silvestre Castanheiro;1898;1898;XXXIII, 599 p.;Camões, Luís de, 1524-1580;;;"Belo, António Mendes, 1842-1929, Comentador (em meio audiovisual) ; Chagas, Pinheiro, 1842-1895, Comentador (em meio audiovisual) ; Costa, José Fernandes, 1848-1920, Comentador (em meio audiovisual)";;;CAM. 150 A.;CAM500;http://id.bnportugal.gov.pt/bib/catbnp/397821;Livre
7638;397821;1;12;397821112;https://permalinkbnd.bnportugal.gov.pt/viewer/273782/?offset=#page=12&viewer=picture&o=info&n=0&q=;Imagens | 1747;Cantos - Cantos III | 1752;Episódios - Camões na gruta de Macau | 1760;397821;https://purl.pt/44005;https://bndigital.bnportugal.gov.pt//i/?IIIF=/ba/e9/44/c6/bae944c6-abdc-4997-82d4-29762ce0eb22/iiif/cam-150-a_0000_000007.tif/full/!300,500/0/default.jpg;Livro impresso;Português;;Os Lusíadas;profusamente illustrada com desenhos allegoricos...;;1.ª ed.;Lisboa : Silvestre Castanheiro;1898;1898;XXXIII, 599 p.;Camões, Luís de, 1524-1580;;;"Belo, António Mendes, 1842-1929, Comentador (em meio audiovisual) ; Chagas, Pinheiro, 1842-1895, Comentador (em meio audiovisual) ; Costa, José Fernandes, 1848-1920, Comentador (em meio audiovisual)";;;CAM. 150 A.;CAM500;http://id.bnportugal.gov.pt/bib/catbnp/397821;Livre
7639;397821;1;25;397821125;https://permalinkbnd.bnportugal.gov.pt/viewer/273782/?offset=#page=25&viewer=picture&o=info&n=0&q=;Imagens | 1747;Cantos - Cantos IV | 1753;Episódios - Visita do Rei de Melinde a Gama | 1761;397821;https://purl.pt/44005;https://bndigital.bnportugal.gov.pt//i/?IIIF=/ba/e9/44/c6/bae944c6-abdc-4997-82d4-29762ce0eb22/iiif/cam-150-a_0000_000007.tif/full/!300,500/0/default.jpg;Livro impresso;Português;;Os Lusíadas;profusamente illustrada com desenhos allegoricos...;;1.ª ed.;Lisboa : Silvestre Castanheiro;1898;1898;XXXIII, 599 p.;Camões, Luís de, 1524-1580;;;"Belo, António Mendes, 1842-1929, Comentador (em meio audiovisual) ; Chagas, Pinheiro, 1842-1895, Comentador (em meio audiovisual) ; Costa, José Fernandes, 1848-1920, Comentador (em meio audiovisual)";;;CAM. 150 A.;CAM500;http://id.bnportugal.gov.pt/bib/catbnp/397821;Livre
7640;397821;1;48;397821148;https://permalinkbnd.bnportugal.gov.pt/viewer/273782/?offset=#page=48&viewer=picture&o=info&n=0&q=;Imagens | 1747;Cantos - Cantos V | 1754;"Episódios - Concílio ""Conselho dos Deuses"" | 1762";397821;https://purl.pt/44005;https://bndigital.bnportugal.gov.pt//i/?IIIF=/ba/e9/44/c6/bae944c6-abdc-4997-82d4-29762ce0eb22/iiif/cam-150-a_0000_000007.tif/full/!300,500/0/default.jpg;Livro impresso;Português;;Os Lusíadas;profusamente illustrada com desenhos allegoricos...;;1.ª ed.;Lisboa : Silvestre Castanheiro;1898;1898;XXXIII, 599 p.;Camões, Luís de, 1524-1580;;;"Belo, António Mendes, 1842-1929, Comentador (em meio audiovisual) ; Chagas, Pinheiro, 1842-1895, Comentador (em meio audiovisual) ; Costa, José Fernandes, 1848-1920, Comentador (em meio audiovisual)";;;CAM. 150 A.;CAM500;http://id.bnportugal.gov.pt/bib/catbnp/397821;Livre
7641;397821;1;103;3978211103;https://permalinkbnd.bnportugal.gov.pt/viewer/273782/?offset=#page=103&viewer=picture&o=info&n=0&q=;Imagens | 1747;Cantos - Cantos VI | 1755;Episódios - Sonho d'El-Rei D. Manuel, no qual lhe aparecem os rios Indo e Ganges | 1763;397821;https://purl.pt/44005;https://bndigital.bnportugal.gov.pt//i/?IIIF=/ba/e9/44/c6/bae944c6-abdc-4997-82d4-29762ce0eb22/iiif/cam-150-a_0000_000007.tif/full/!300,500/0/default.jpg;Livro impresso;Português;;Os Lusíadas;profusamente illustrada com desenhos allegoricos...;;1.ª ed.;Lisboa : Silvestre Castanheiro;1898;1898;XXXIII, 599 p.;Camões, Luís de, 1524-1580;;;"Belo, António Mendes, 1842-1929, Comentador (em meio audiovisual) ; Chagas, Pinheiro, 1842-1895, Comentador (em meio audiovisual) ; Costa, José Fernandes, 1848-1920, Comentador (em meio audiovisual)";;;CAM. 150 A.;CAM500;http://id.bnportugal.gov.pt/bib/catbnp/397821;Livre
7642;397821;1;163;3978211163;https://permalinkbnd.bnportugal.gov.pt/viewer/273782/?offset=#page=163&viewer=picture&o=info&n=0&q=;Imagens | 1747;Cantos - Cantos VII | 1756;Episódios - Assassínio de Inês de Castro | 1764;397821;https://purl.pt/44005;https://bndigital.bnportugal.gov.pt//i/?IIIF=/ba/e9/44/c6/bae944c6-abdc-4997-82d4-29762ce0eb22/iiif/cam-150-a_0000_000007.tif/full/!300,500/0/default.jpg;Livro impresso;Português;;Os Lusíadas;profusamente illustrada com desenhos allegoricos...;;1.ª ed.;Lisboa : Silvestre Castanheiro;1898;1898;XXXIII, 599 p.;Camões, Luís de, 1524-1580;;;"Belo, António Mendes, 1842-1929, Comentador (em meio audiovisual) ; Chagas, Pinheiro, 1842-1895, Comentador (em meio audiovisual) ; Costa, José Fernandes, 1848-1920, Comentador (em meio audiovisual)";;;CAM. 150 A.;CAM500;http://id.bnportugal.gov.pt/bib/catbnp/397821;Livre
7643;397821;1;237;3978211237;https://permalinkbnd.bnportugal.gov.pt/viewer/273782/?offset=#page=237&viewer=picture&o=info&n=0&q=;Imagens | 1747;Cantos - Cantos VIII | 1757;Episódios - Aparição do gigante Adamastor na passagem do Cabo de B. Esperança | 1765;397821;https://purl.pt/44005;https://bndigital.bnportugal.gov.pt//i/?IIIF=/ba/e9/44/c6/bae944c6-abdc-4997-82d4-29762ce0eb22/iiif/cam-150-a_0000_000007.tif/full/!300,500/0/default.jpg;Livro impresso;Português;;Os Lusíadas;profusamente illustrada com desenhos allegoricos...;;1.ª ed.;Lisboa : Silvestre Castanheiro;1898;1898;XXXIII, 599 p.;Camões, Luís de, 1524-1580;;;"Belo, António Mendes, 1842-1929, Comentador (em meio audiovisual) ; Chagas, Pinheiro, 1842-1895, Comentador (em meio audiovisual) ; Costa, José Fernandes, 1848-1920, Comentador (em meio audiovisual)";;;CAM. 150 A.;CAM500;http://id.bnportugal.gov.pt/bib/catbnp/397821;Livre
7644;397821;1;239;3978211239;https://permalinkbnd.bnportugal.gov.pt/viewer/273782/?offset=#page=239&viewer=picture&o=info&n=0&q=;Imagens | 1747;Cantos - Cantos IX | 1758;Episódios - Vénus aplaca os Ventos e a tormenta | 1766;397821;https://purl.pt/44005;https://bndigital.bnportugal.gov.pt//i/?IIIF=/ba/e9/44/c6/bae944c6-abdc-4997-82d4-29762ce0eb22/iiif/cam-150-a_0000_000007.tif/full/!300,500/0/default.jpg;Livro impresso;Português;;Os Lusíadas;profusamente illustrada com desenhos allegoricos...;;1.ª ed.;Lisboa : Silvestre Castanheiro;1898;1898;XXXIII, 599 p.;Camões, Luís de, 1524-1580;;;"Belo, António Mendes, 1842-1929, Comentador (em meio audiovisual) ; Chagas, Pinheiro, 1842-1895, Comentador (em meio audiovisual) ; Costa, José Fernandes, 1848-1920, Comentador (em meio audiovisual)";;;CAM. 150 A.;CAM500;http://id.bnportugal.gov.pt/bib/catbnp/397821;Livre
7645;397821;1;293;3978211293;https://permalinkbnd.bnportugal.gov.pt/viewer/273782/?offset=#page=293&viewer=picture&o=info&n=0&q=;Imagens | 1747;Cantos - Cantos X | 1759;Episódios - Desembarque de Gama em Calecut | 1767;397821;https://purl.pt/44005;https://bndigital.bnportugal.gov.pt//i/?IIIF=/ba/e9/44/c6/bae944c6-abdc-4997-82d4-29762ce0eb22/iiif/cam-150-a_0000_000007.tif/full/!300,500/0/default.jpg;Livro impresso;Português;;Os Lusíadas;profusamente illustrada com desenhos allegoricos...;;1.ª ed.;Lisboa : Silvestre Castanheiro;1898;1898;XXXIII, 599 p.;Camões, Luís de, 1524-1580;;;"Belo, António Mendes, 1842-1929, Comentador (em meio audiovisual) ; Chagas, Pinheiro, 1842-1895, Comentador (em meio audiovisual) ; Costa, José Fernandes, 1848-1920, Comentador (em meio audiovisual)";;;CAM. 150 A.;CAM500;http://id.bnportugal.gov.pt/bib/catbnp/397821;Livre
7646;397821;1;347;3978211347;https://permalinkbnd.bnportugal.gov.pt/viewer/273782/?offset=#page=347&viewer=picture&o=info&n=0&q=;Imagens | 1747;Cantos | 1748;Episódios - Segunda Audiência do Samorim a Gama | 1768;397821;https://purl.pt/44005;https://bndigital.bnportugal.gov.pt//i/?IIIF=/ba/e9/44/c6/bae944c6-abdc-4997-82d4-29762ce0eb22/iiif/cam-150-a_0000_000007.tif/full/!300,500/0/default.jpg;Livro impresso;Português;;Os Lusíadas;profusamente illustrada com desenhos allegoricos...;;1.ª ed.;Lisboa : Silvestre Castanheiro;1898;1898;XXXIII, 599 p.;Camões, Luís de, 1524-1580;;;"Belo, António Mendes, 1842-1929, Comentador (em meio audiovisual) ; Chagas, Pinheiro, 1842-1895, Comentador (em meio audiovisual) ; Costa, José Fernandes, 1848-1920, Comentador (em meio audiovisual)";;;CAM. 150 A.;CAM500;http://id.bnportugal.gov.pt/bib/catbnp/397821;Livre
7647;397821;1;349;3978211349;https://permalinkbnd.bnportugal.gov.pt/viewer/273782/?offset=#page=349&viewer=picture&o=info&n=0&q=;Imagens | 1747;Cantos | 1748;Episódios - Ilha de Vénus | 1769;397821;https://purl.pt/44005;https://bndigital.bnportugal.gov.pt//i/?IIIF=/ba/e9/44/c6/bae944c6-abdc-4997-82d4-29762ce0eb22/iiif/cam-150-a_0000_000007.tif/full/!300,500/0/default.jpg;Livro impresso;Português;;Os Lusíadas;profusamente illustrada com desenhos allegoricos...;;1.ª ed.;Lisboa : Silvestre Castanheiro;1898;1898;XXXIII, 599 p.;Camões, Luís de, 1524-1580;;;"Belo, António Mendes, 1842-1929, Comentador (em meio audiovisual) ; Chagas, Pinheiro, 1842-1895, Comentador (em meio audiovisual) ; Costa, José Fernandes, 1848-1920, Comentador (em meio audiovisual)";;;CAM. 150 A.;CAM500;http://id.bnportugal.gov.pt/bib/catbnp/397821;Livre
7648;397821;1;399;3978211399;https://permalinkbnd.bnportugal.gov.pt/viewer/273782/?offset=#page=399&viewer=picture&o=info&n=0&q=;Imagens | 1747;Episódios | 1749;Episódios - Audiência d’El-Rei D. Manuel a Gama | 1770;397821;https://purl.pt/44005;https://bndigital.bnportugal.gov.pt//i/?IIIF=/ba/e9/44/c6/bae944c6-abdc-4997-82d4-29762ce0eb22/iiif/cam-150-a_0000_000007.tif/full/!300,500/0/default.jpg;Livro impresso;Português;;Os Lusíadas;profusamente illustrada com desenhos allegoricos...;;1.ª ed.;Lisboa : Silvestre Castanheiro;1898;1898;XXXIII, 599 p.;Camões, Luís de, 1524-1580;;;"Belo, António Mendes, 1842-1929, Comentador (em meio audiovisual) ; Chagas, Pinheiro, 1842-1895, Comentador (em meio audiovisual) ; Costa, José Fernandes, 1848-1920, Comentador (em meio audiovisual)";;;CAM. 150 A.;CAM500;http://id.bnportugal.gov.pt/bib/catbnp/397821;Livre
7649;397821;1;401;3978211401;https://permalinkbnd.bnportugal.gov.pt/viewer/273782/?offset=#page=401&viewer=picture&o=info&n=0&q=;Imagens | 1747;Cantos - Cantos I | 1750;Episódios - Camões na gruta de Macau | 1760;397821;https://purl.pt/44005;https://bndigital.bnportugal.gov.pt//i/?IIIF=/ba/e9/44/c6/bae944c6-abdc-4997-82d4-29762ce0eb22/iiif/cam-150-a_0000_000007.tif/full/!300,500/0/default.jpg;Livro impresso;Português;;Os Lusíadas;profusamente illustrada com desenhos allegoricos...;;1.ª ed.;Lisboa : Silvestre Castanheiro;1898;1898;XXXIII, 599 p.;Camões, Luís de, 1524-1580;;;"Belo, António Mendes, 1842-1929, Comentador (em meio audiovisual) ; Chagas, Pinheiro, 1842-1895, Comentador (em meio audiovisual) ; Costa, José Fernandes, 1848-1920, Comentador (em meio audiovisual)";;;CAM. 150 A.;CAM500;http://id.bnportugal.gov.pt/bib/catbnp/397821;Livre
7650;397821;1;445;3978211445;https://permalinkbnd.bnportugal.gov.pt/viewer/273782/?offset=#page=445&viewer=picture&o=info&n=0&q=;Imagens | 1747;Cantos - Cantos II | 1751;Episódios - Visita do Rei de Melinde a Gama | 1761;397821;https://purl.pt/44005;https://bndigital.bnportugal.gov.pt//i/?IIIF=/ba/e9/44/c6/bae944c6-abdc-4997-82d4-29762ce0eb22/iiif/cam-150-a_0000_000007.tif/full/!300,500/0/default.jpg;Livro impresso;Português;;Os Lusíadas;profusamente illustrada com desenhos allegoricos...;;1.ª ed.;Lisboa : Silvestre Castanheiro;1898;1898;XXXIII, 599 p.;Camões, Luís de, 1524-1580;;;"Belo, António Mendes, 1842-1929, Comentador (em meio audiovisual) ; Chagas, Pinheiro, 1842-1895, Comentador (em meio audiovisual) ; Costa, José Fernandes, 1848-1920, Comentador (em meio audiovisual)";;;CAM. 150 A.;CAM500;http://id.bnportugal.gov.pt/bib/catbnp/397821;Livre
7651;397821;1;447;3978211447;https://permalinkbnd.bnportugal.gov.pt/viewer/273782/?offset=#page=447&viewer=picture&o=info&n=0&q=;Imagens | 1747;Cantos - Cantos III | 1752;"Episódios - Concílio ""Conselho dos Deuses"" | 1762";397821;https://purl.pt/44005;https://bndigital.bnportugal.gov.pt//i/?IIIF=/ba/e9/44/c6/bae944c6-abdc-4997-82d4-29762ce0eb22/iiif/cam-150-a_0000_000007.tif/full/!300,500/0/default.jpg;Livro impresso;Português;;Os Lusíadas;profusamente illustrada com desenhos allegoricos...;;1.ª ed.;Lisboa : Silvestre Castanheiro;1898;1898;XXXIII, 599 p.;Camões, Luís de, 1524-1580;;;"Belo, António Mendes, 1842-1929, Comentador (em meio audiovisual) ; Chagas, Pinheiro, 1842-1895, Comentador (em meio audiovisual) ; Costa, José Fernandes, 1848-1920, Comentador (em meio audiovisual)";;;CAM. 150 A.;CAM500;http://id.bnportugal.gov.pt/bib/catbnp/397821;Livre
7652;397821;1;497;3978211497;https://permalinkbnd.bnportugal.gov.pt/viewer/273782/?offset=#page=497&viewer=picture&o=info&n=0&q=;Imagens | 1747;Cantos - Cantos IV | 1753;Episódios - Sonho d'El-Rei D. Manuel, no qual lhe aparecem os rios Indo e Ganges | 1763;397821;https://purl.pt/44005;https://bndigital.bnportugal.gov.pt//i/?IIIF=/ba/e9/44/c6/bae944c6-abdc-4997-82d4-29762ce0eb22/iiif/cam-150-a_0000_000007.tif/full/!300,500/0/default.jpg;Livro impresso;Português;;Os Lusíadas;profusamente illustrada com desenhos allegoricos...;;1.ª ed.;Lisboa : Silvestre Castanheiro;1898;1898;XXXIII, 599 p.;Camões, Luís de, 1524-1580;;;"Belo, António Mendes, 1842-1929, Comentador (em meio audiovisual) ; Chagas, Pinheiro, 1842-1895, Comentador (em meio audiovisual) ; Costa, José Fernandes, 1848-1920, Comentador (em meio audiovisual)";;;CAM. 150 A.;CAM500;http://id.bnportugal.gov.pt/bib/catbnp/397821;Livre
7653;397821;1;499;3978211499;https://permalinkbnd.bnportugal.gov.pt/viewer/273782/?offset=#page=499&viewer=picture&o=info&n=0&q=;Imagens | 1747;Cantos - Cantos V | 1754;Episódios - Assassínio de Inês de Castro | 1764;397821;https://purl.pt/44005;https://bndigital.bnportugal.gov.pt//i/?IIIF=/ba/e9/44/c6/bae944c6-abdc-4997-82d4-29762ce0eb22/iiif/cam-150-a_0000_000007.tif/full/!300,500/0/default.jpg;Livro impresso;Português;;Os Lusíadas;profusamente illustrada com desenhos allegoricos...;;1.ª ed.;Lisboa : Silvestre Castanheiro;1898;1898;XXXIII, 599 p.;Camões, Luís de, 1524-1580;;;"Belo, António Mendes, 1842-1929, Comentador (em meio audiovisual) ; Chagas, Pinheiro, 1842-1895, Comentador (em meio audiovisual) ; Costa, José Fernandes, 1848-1920, Comentador (em meio audiovisual)";;;CAM. 150 A.;CAM500;http://id.bnportugal.gov.pt/bib/catbnp/397821;Livre
7654;397821;1;547;3978211547;https://permalinkbnd.bnportugal.gov.pt/viewer/273782/?offset=#page=547&viewer=picture&o=info&n=0&q=;Imagens | 1747;Cantos - Cantos VI | 1755;Episódios - Aparição do gigante Adamastor na passagem do Cabo de B. Esperança | 1765;397821;https://purl.pt/44005;https://bndigital.bnportugal.gov.pt//i/?IIIF=/ba/e9/44/c6/bae944c6-abdc-4997-82d4-29762ce0eb22/iiif/cam-150-a_0000_000007.tif/full/!300,500/0/default.jpg;Livro impresso;Português;;Os Lusíadas;profusamente illustrada com desenhos allegoricos...;;1.ª ed.;Lisboa : Silvestre Castanheiro;1898;1898;XXXIII, 599 p.;Camões, Luís de, 1524-1580;;;"Belo, António Mendes, 1842-1929, Comentador (em meio audiovisual) ; Chagas, Pinheiro, 1842-1895, Comentador (em meio audiovisual) ; Costa, José Fernandes, 1848-1920, Comentador (em meio audiovisual)";;;CAM. 150 A.;CAM500;http://id.bnportugal.gov.pt/bib/catbnp/397821;Livre
7655;397821;1;549;3978211549;https://permalinkbnd.bnportugal.gov.pt/viewer/273782/?offset=#page=549&viewer=picture&o=info&n=0&q=;Imagens | 1747;Cantos - Cantos VII | 1756;Episódios - Vénus aplaca os Ventos e a tormenta | 1766;397821;https://purl.pt/44005;https://bndigital.bnportugal.gov.pt//i/?IIIF=/ba/e9/44/c6/bae944c6-abdc-4997-82d4-29762ce0eb22/iiif/cam-150-a_0000_000007.tif/full/!300,500/0/default.jpg;Livro impresso;Português;;Os Lusíadas;profusamente illustrada com desenhos allegoricos...;;1.ª ed.;Lisboa : Silvestre Castanheiro;1898;1898;XXXIII, 599 p.;Camões, Luís de, 1524-1580;;;"Belo, António Mendes, 1842-1929, Comentador (em meio audiovisual) ; Chagas, Pinheiro, 1842-1895, Comentador (em meio audiovisual) ; Costa, José Fernandes, 1848-1920, Comentador (em meio audiovisual)";;;CAM. 150 A.;CAM500;http://id.bnportugal.gov.pt/bib/catbnp/397821;Livre
7656;2284;1;67;2284167;https://permalinkbnd.bnportugal.gov.pt/viewer/272627/?offset=#page=67&viewer=picture&o=info&n=0&q=;Imagens | 1747;Cantos - Cantos VIII | 1757;Episódios - Desembarque de Gama em Calecut | 1767;2284;https://purl.pt/43957;https://bndigital.bnportugal.gov.pt//i/?IIIF=/f4/aa/32/ae/f4aa32ae-6c1c-4685-b497-6fb573476d75/iiif/cam-151-a_0000_000001.tif/full/!300,500/0/default.jpg;Livro impresso;Português;;Os Lusíadas;edição artística comemorativa do 3º Centenário da Restauração da Independência de Portugal;;Nova edição;Barcelos : Companhia Editora do Minho;1960;1960;LVII, 318, 2 p.;Camões, Luís de, 1524-1580;;;"Cidade, Hernâni, 1887-1975, Autor da introdução, etc. ; Lopes, Joaquim, 1886-1956, Ilustrador ; Cerdeira, Eleutério, 1876-?, Comentador de texto escrito";;;L. 6177 A.;CAM500;http://id.bnportugal.gov.pt/bib/catbnp/2284;Livre
7657;2284;1;71;2284171;https://permalinkbnd.bnportugal.gov.pt/viewer/272627/?offset=#page=71&viewer=picture&o=info&n=0&q=;Imagens | 1747;Cantos - Cantos IX | 1758;Episódios - Segunda Audiência do Samorim a Gama | 1768;2284;https://purl.pt/43957;https://bndigital.bnportugal.gov.pt//i/?IIIF=/f4/aa/32/ae/f4aa32ae-6c1c-4685-b497-6fb573476d75/iiif/cam-151-a_0000_000001.tif/full/!300,500/0/default.jpg;Livro impresso;Português;;Os Lusíadas;edição artística comemorativa do 3º Centenário da Restauração da Independência de Portugal;;Nova edição;Barcelos : Companhia Editora do Minho;1960;1960;LVII, 318, 2 p.;Camões, Luís de, 1524-1580;;;"Cidade, Hernâni, 1887-1975, Autor da introdução, etc. ; Lopes, Joaquim, 1886-1956, Ilustrador ; Cerdeira, Eleutério, 1876-?, Comentador de texto escrito";;;L. 6177 A.;CAM500;http://id.bnportugal.gov.pt/bib/catbnp/2284;Livre
7658;2284;1;101;22841101;https://permalinkbnd.bnportugal.gov.pt/viewer/272627/?offset=#page=101&viewer=picture&o=info&n=0&q=;Imagens | 1747;Cantos - Cantos X | 1759;Episódios - Ilha de Vénus | 1769;2284;https://purl.pt/43957;https://bndigital.bnportugal.gov.pt//i/?IIIF=/f4/aa/32/ae/f4aa32ae-6c1c-4685-b497-6fb573476d75/iiif/cam-151-a_0000_000001.tif/full/!300,500/0/default.jpg;Livro impresso;Português;;Os Lusíadas;edição artística comemorativa do 3º Centenário da Restauração da Independência de Portugal;;Nova edição;Barcelos : Companhia Editora do Minho;1960;1960;LVII, 318, 2 p.;Camões, Luís de, 1524-1580;;;"Cidade, Hernâni, 1887-1975, Autor da introdução, etc. ; Lopes, Joaquim, 1886-1956, Ilustrador ; Cerdeira, Eleutério, 1876-?, Comentador de texto escrito";;;L. 6177 A.;CAM500;http://id.bnportugal.gov.pt/bib/catbnp/2284;Livre
7659;2284;1;133;22841133;https://permalinkbnd.bnportugal.gov.pt/viewer/272627/?offset=#page=133&viewer=picture&o=info&n=0&q=;Imagens | 1747;Cantos - Cantos II | 1751;Episódios - Audiência d’El-Rei D. Manuel a Gama | 1770;2284;https://purl.pt/43957;https://bndigital.bnportugal.gov.pt//i/?IIIF=/f4/aa/32/ae/f4aa32ae-6c1c-4685-b497-6fb573476d75/iiif/cam-151-a_0000_000001.tif/full/!300,500/0/default.jpg;Livro impresso;Português;;Os Lusíadas;edição artística comemorativa do 3º Centenário da Restauração da Independência de Portugal;;Nova edição;Barcelos : Companhia Editora do Minho;1960;1960;LVII, 318, 2 p.;Camões, Luís de, 1524-1580;;;"Cidade, Hernâni, 1887-1975, Autor da introdução, etc. ; Lopes, Joaquim, 1886-1956, Ilustrador ; Cerdeira, Eleutério, 1876-?, Comentador de texto escrito";;;L. 6177 A.;CAM500;http://id.bnportugal.gov.pt/bib/catbnp/2284;Livre
7660;2284;1;173;22841173;https://permalinkbnd.bnportugal.gov.pt/viewer/272627/?offset=#page=173&viewer=picture&o=info&n=0&q=;Imagens | 1747;Cantos - Cantos III | 1752;Episódios - Camões na gruta de Macau | 1760;2284;https://purl.pt/43957;https://bndigital.bnportugal.gov.pt//i/?IIIF=/f4/aa/32/ae/f4aa32ae-6c1c-4685-b497-6fb573476d75/iiif/cam-151-a_0000_000001.tif/full/!300,500/0/default.jpg;Livro impresso;Português;;Os Lusíadas;edição artística comemorativa do 3º Centenário da Restauração da Independência de Portugal;;Nova edição;Barcelos : Companhia Editora do Minho;1960;1960;LVII, 318, 2 p.;Camões, Luís de, 1524-1580;;;"Cidade, Hernâni, 1887-1975, Autor da introdução, etc. ; Lopes, Joaquim, 1886-1956, Ilustrador ; Cerdeira, Eleutério, 1876-?, Comentador de texto escrito";;;L. 6177 A.;CAM500;http://id.bnportugal.gov.pt/bib/catbnp/2284;Livre
7661;2284;1;203;22841203;https://permalinkbnd.bnportugal.gov.pt/viewer/272627/?offset=#page=203&viewer=picture&o=info&n=0&q=;Imagens | 1747;Cantos - Cantos IV | 1753;Episódios - Visita do Rei de Melinde a Gama | 1761;2284;https://purl.pt/43957;https://bndigital.bnportugal.gov.pt//i/?IIIF=/f4/aa/32/ae/f4aa32ae-6c1c-4685-b497-6fb573476d75/iiif/cam-151-a_0000_000001.tif/full/!300,500/0/default.jpg;Livro impresso;Português;;Os Lusíadas;edição artística comemorativa do 3º Centenário da Restauração da Independência de Portugal;;Nova edição;Barcelos : Companhia Editora do Minho;1960;1960;LVII, 318, 2 p.;Camões, Luís de, 1524-1580;;;"Cidade, Hernâni, 1887-1975, Autor da introdução, etc. ; Lopes, Joaquim, 1886-1956, Ilustrador ; Cerdeira, Eleutério, 1876-?, Comentador de texto escrito";;;L. 6177 A.;CAM500;http://id.bnportugal.gov.pt/bib/catbnp/2284;Livre
7662;2284;1;231;22841231;https://permalinkbnd.bnportugal.gov.pt/viewer/272627/?offset=#page=231&viewer=picture&o=info&n=0&q=;Imagens | 1747;Cantos - Cantos V | 1754;"Episódios - Concílio ""Conselho dos Deuses"" | 1762";2284;https://purl.pt/43957;https://bndigital.bnportugal.gov.pt//i/?IIIF=/f4/aa/32/ae/f4aa32ae-6c1c-4685-b497-6fb573476d75/iiif/cam-151-a_0000_000001.tif/full/!300,500/0/default.jpg;Livro impresso;Português;;Os Lusíadas;edição artística comemorativa do 3º Centenário da Restauração da Independência de Portugal;;Nova edição;Barcelos : Companhia Editora do Minho;1960;1960;LVII, 318, 2 p.;Camões, Luís de, 1524-1580;;;"Cidade, Hernâni, 1887-1975, Autor da introdução, etc. ; Lopes, Joaquim, 1886-1956, Ilustrador ; Cerdeira, Eleutério, 1876-?, Comentador de texto escrito";;;L. 6177 A.;CAM500;http://id.bnportugal.gov.pt/bib/catbnp/2284;Livre
7663;2284;1;259;22841259;https://permalinkbnd.bnportugal.gov.pt/viewer/272627/?offset=#page=259&viewer=picture&o=info&n=0&q=;Imagens | 1747;Cantos - Cantos VI | 1755;Episódios - Sonho d'El-Rei D. Manuel, no qual lhe aparecem os rios Indo e Ganges | 1763;2284;https://purl.pt/43957;https://bndigital.bnportugal.gov.pt//i/?IIIF=/f4/aa/32/ae/f4aa32ae-6c1c-4685-b497-6fb573476d75/iiif/cam-151-a_0000_000001.tif/full/!300,500/0/default.jpg;Livro impresso;Português;;Os Lusíadas;edição artística comemorativa do 3º Centenário da Restauração da Independência de Portugal;;Nova edição;Barcelos : Companhia Editora do Minho;1960;1960;LVII, 318, 2 p.;Camões, Luís de, 1524-1580;;;"Cidade, Hernâni, 1887-1975, Autor da introdução, etc. ; Lopes, Joaquim, 1886-1956, Ilustrador ; Cerdeira, Eleutério, 1876-?, Comentador de texto escrito";;;L. 6177 A.;CAM500;http://id.bnportugal.gov.pt/bib/catbnp/2284;Livre
7664;2284;1;285;22841285;https://permalinkbnd.bnportugal.gov.pt/viewer/272627/?offset=#page=285&viewer=picture&o=info&n=0&q=;Imagens | 1747;Cantos - Cantos VII | 1756;Episódios - Assassínio de Inês de Castro | 1764;2284;https://purl.pt/43957;https://bndigital.bnportugal.gov.pt//i/?IIIF=/f4/aa/32/ae/f4aa32ae-6c1c-4685-b497-6fb573476d75/iiif/cam-151-a_0000_000001.tif/full/!300,500/0/default.jpg;Livro impresso;Português;;Os Lusíadas;edição artística comemorativa do 3º Centenário da Restauração da Independência de Portugal;;Nova edição;Barcelos : Companhia Editora do Minho;1960;1960;LVII, 318, 2 p.;Camões, Luís de, 1524-1580;;;"Cidade, Hernâni, 1887-1975, Autor da introdução, etc. ; Lopes, Joaquim, 1886-1956, Ilustrador ; Cerdeira, Eleutério, 1876-?, Comentador de texto escrito";;;L. 6177 A.;CAM500;http://id.bnportugal.gov.pt/bib/catbnp/2284;Livre
7665;2284;1;313;22841313;https://permalinkbnd.bnportugal.gov.pt/viewer/272627/?offset=#page=313&viewer=picture&o=info&n=0&q=;Imagens | 1747;Cantos - Cantos VIII | 1757;Episódios - Aparição do gigante Adamastor na passagem do Cabo de B. Esperança | 1765;2284;https://purl.pt/43957;https://bndigital.bnportugal.gov.pt//i/?IIIF=/f4/aa/32/ae/f4aa32ae-6c1c-4685-b497-6fb573476d75/iiif/cam-151-a_0000_000001.tif/full/!300,500/0/default.jpg;Livro impresso;Português;;Os Lusíadas;edição artística comemorativa do 3º Centenário da Restauração da Independência de Portugal;;Nova edição;Barcelos : Companhia Editora do Minho;1960;1960;LVII, 318, 2 p.;Camões, Luís de, 1524-1580;;;"Cidade, Hernâni, 1887-1975, Autor da introdução, etc. ; Lopes, Joaquim, 1886-1956, Ilustrador ; Cerdeira, Eleutério, 1876-?, Comentador de texto escrito";;;L. 6177 A.;CAM500;http://id.bnportugal.gov.pt/bib/catbnp/2284;Livre
7666;2284;1;341;22841341;https://permalinkbnd.bnportugal.gov.pt/viewer/272627/?offset=#page=341&viewer=picture&o=info&n=0&q=;Imagens | 1747;Cantos - Cantos IX | 1758;Episódios - Vénus aplaca os Ventos e a tormenta | 1766;2284;https://purl.pt/43957;https://bndigital.bnportugal.gov.pt//i/?IIIF=/f4/aa/32/ae/f4aa32ae-6c1c-4685-b497-6fb573476d75/iiif/cam-151-a_0000_000001.tif/full/!300,500/0/default.jpg;Livro impresso;Português;;Os Lusíadas;edição artística comemorativa do 3º Centenário da Restauração da Independência de Portugal;;Nova edição;Barcelos : Companhia Editora do Minho;1960;1960;LVII, 318, 2 p.;Camões, Luís de, 1524-1580;;;"Cidade, Hernâni, 1887-1975, Autor da introdução, etc. ; Lopes, Joaquim, 1886-1956, Ilustrador ; Cerdeira, Eleutério, 1876-?, Comentador de texto escrito";;;L. 6177 A.;CAM500;http://id.bnportugal.gov.pt/bib/catbnp/2284;Livre
7667;256560;1;8;25656018;https://permalinkbnd.bnportugal.gov.pt/viewer/277151/?offset=#page=8&viewer=picture&o=info&n=0&q=;Imagens | 1747;Cantos - Cantos X | 1759;Episódios - Desembarque de Gama em Calecut | 1767;256560;https://purl.pt/44314;https://bndigital.bnportugal.gov.pt//i/?IIIF=/e3/79/81/09/e3798109-27bc-49ed-bfeb-9a79c1254c59/iiif/cam-155-p_0009.tif/full/!300,500/0/default.jpg;Livro impresso;Português;;Os Lusiadas;;;Nova edição conforme á de 1817, in-4º, de Dom José de Souza-Botelho Morgado de Matteus;Paris : em Casa de V J.-P. Aillaud, Guillard e C 47, Rua Saint-André-des-Arts, 47;1865;1865;12, 536 p., 1 estampa;Camões, Luís de, 1524-1580;;;"Tasso, Torquato, 1544-1595, Autor ; Sousa, Paulino de, ca. 18--, Editor literário ; Aquino, Tomás José de, 1718/20-1804, Editor literário ; Barreto, João Franco, 1600-post. 1674, Editor literário ; Mateus, Morgado de, 1758-1825, Editor literário ; Schneider, Félicie, 1831-1888, Ilustrador ; Fournier, Félicie, 1797-1879, Gravador ; Penet, Lucien François, 1834-1901, Ilustrador ; Sargent, Alfred Louis, 1828-?, Gravador em madeira ; Lix, Frédéric Théodore, 1830-1897, Ilustrador ; Lehuger, fl. 186-, Gravador em madeira ; Bouret, A., fl. 186-, Impressor";;Aillaud, Guillard. e Cª, Livreiro;CAM. 155 P.;CAM500;http://id.bnportugal.gov.pt/bib/catbnp/256560;Livre
7668;256560;1;63;256560163;https://permalinkbnd.bnportugal.gov.pt/viewer/277151/?offset=#page=63&viewer=picture&o=info&n=0&q=;Imagens | 1747;Cantos | 1748;Episódios - Segunda Audiência do Samorim a Gama | 1768;256560;https://purl.pt/44314;https://bndigital.bnportugal.gov.pt//i/?IIIF=/e3/79/81/09/e3798109-27bc-49ed-bfeb-9a79c1254c59/iiif/cam-155-p_0009.tif/full/!300,500/0/default.jpg;Livro impresso;Português;;Os Lusiadas;;;Nova edição conforme á de 1817, in-4º, de Dom José de Souza-Botelho Morgado de Matteus;Paris : em Casa de V J.-P. Aillaud, Guillard e C 47, Rua Saint-André-des-Arts, 47;1865;1865;12, 536 p., 1 estampa;Camões, Luís de, 1524-1580;;;"Tasso, Torquato, 1544-1595, Autor ; Sousa, Paulino de, ca. 18--, Editor literário ; Aquino, Tomás José de, 1718/20-1804, Editor literário ; Barreto, João Franco, 1600-post. 1674, Editor literário ; Mateus, Morgado de, 1758-1825, Editor literário ; Schneider, Félicie, 1831-1888, Ilustrador ; Fournier, Félicie, 1797-1879, Gravador ; Penet, Lucien François, 1834-1901, Ilustrador ; Sargent, Alfred Louis, 1828-?, Gravador em madeira ; Lix, Frédéric Théodore, 1830-1897, Ilustrador ; Lehuger, fl. 186-, Gravador em madeira ; Bouret, A., fl. 186-, Impressor";;Aillaud, Guillard. e Cª, Livreiro;CAM. 155 P.;CAM500;http://id.bnportugal.gov.pt/bib/catbnp/256560;Livre
7669;256560;1;101;2565601101;https://permalinkbnd.bnportugal.gov.pt/viewer/277151/?offset=#page=101&viewer=picture&o=info&n=0&q=;Imagens | 1747;Cantos | 1748;Episódios - Ilha de Vénus | 1769;256560;https://purl.pt/44314;https://bndigital.bnportugal.gov.pt//i/?IIIF=/e3/79/81/09/e3798109-27bc-49ed-bfeb-9a79c1254c59/iiif/cam-155-p_0009.tif/full/!300,500/0/default.jpg;Livro impresso;Português;;Os Lusiadas;;;Nova edição conforme á de 1817, in-4º, de Dom José de Souza-Botelho Morgado de Matteus;Paris : em Casa de V J.-P. Aillaud, Guillard e C 47, Rua Saint-André-des-Arts, 47;1865;1865;12, 536 p., 1 estampa;Camões, Luís de, 1524-1580;;;"Tasso, Torquato, 1544-1595, Autor ; Sousa, Paulino de, ca. 18--, Editor literário ; Aquino, Tomás José de, 1718/20-1804, Editor literário ; Barreto, João Franco, 1600-post. 1674, Editor literário ; Mateus, Morgado de, 1758-1825, Editor literário ; Schneider, Félicie, 1831-1888, Ilustrador ; Fournier, Félicie, 1797-1879, Gravador ; Penet, Lucien François, 1834-1901, Ilustrador ; Sargent, Alfred Louis, 1828-?, Gravador em madeira ; Lix, Frédéric Théodore, 1830-1897, Ilustrador ; Lehuger, fl. 186-, Gravador em madeira ; Bouret, A., fl. 186-, Impressor";;Aillaud, Guillard. e Cª, Livreiro;CAM. 155 P.;CAM500;http://id.bnportugal.gov.pt/bib/catbnp/256560;Livre
7670;256560;1;143;2565601143;https://permalinkbnd.bnportugal.gov.pt/viewer/277151/?offset=#page=143&viewer=picture&o=info&n=0&q=;Imagens | 1747;Episódios | 1749;Episódios - Audiência d’El-Rei D. Manuel a Gama | 1770;256560;https://purl.pt/44314;https://bndigital.bnportugal.gov.pt//i/?IIIF=/e3/79/81/09/e3798109-27bc-49ed-bfeb-9a79c1254c59/iiif/cam-155-p_0009.tif/full/!300,500/0/default.jpg;Livro impresso;Português;;Os Lusiadas;;;Nova edição conforme á de 1817, in-4º, de Dom José de Souza-Botelho Morgado de Matteus;Paris : em Casa de V J.-P. Aillaud, Guillard e C 47, Rua Saint-André-des-Arts, 47;1865;1865;12, 536 p., 1 estampa;Camões, Luís de, 1524-1580;;;"Tasso, Torquato, 1544-1595, Autor ; Sousa, Paulino de, ca. 18--, Editor literário ; Aquino, Tomás José de, 1718/20-1804, Editor literário ; Barreto, João Franco, 1600-post. 1674, Editor literário ; Mateus, Morgado de, 1758-1825, Editor literário ; Schneider, Félicie, 1831-1888, Ilustrador ; Fournier, Félicie, 1797-1879, Gravador ; Penet, Lucien François, 1834-1901, Ilustrador ; Sargent, Alfred Louis, 1828-?, Gravador em madeira ; Lix, Frédéric Théodore, 1830-1897, Ilustrador ; Lehuger, fl. 186-, Gravador em madeira ; Bouret, A., fl. 186-, Impressor";;Aillaud, Guillard. e Cª, Livreiro;CAM. 155 P.;CAM500;http://id.bnportugal.gov.pt/bib/catbnp/256560;Livre
7671;256560;1;195;2565601195;https://permalinkbnd.bnportugal.gov.pt/viewer/277151/?offset=#page=195&viewer=picture&o=info&n=0&q=;Imagens | 1747;Cantos - Cantos I | 1750;Episódios - Camões na gruta de Macau | 1760;256560;https://purl.pt/44314;https://bndigital.bnportugal.gov.pt//i/?IIIF=/e3/79/81/09/e3798109-27bc-49ed-bfeb-9a79c1254c59/iiif/cam-155-p_0009.tif/full/!300,500/0/default.jpg;Livro impresso;Português;;Os Lusiadas;;;Nova edição conforme á de 1817, in-4º, de Dom José de Souza-Botelho Morgado de Matteus;Paris : em Casa de V J.-P. Aillaud, Guillard e C 47, Rua Saint-André-des-Arts, 47;1865;1865;12, 536 p., 1 estampa;Camões, Luís de, 1524-1580;;;"Tasso, Torquato, 1544-1595, Autor ; Sousa, Paulino de, ca. 18--, Editor literário ; Aquino, Tomás José de, 1718/20-1804, Editor literário ; Barreto, João Franco, 1600-post. 1674, Editor literário ; Mateus, Morgado de, 1758-1825, Editor literário ; Schneider, Félicie, 1831-1888, Ilustrador ; Fournier, Félicie, 1797-1879, Gravador ; Penet, Lucien François, 1834-1901, Ilustrador ; Sargent, Alfred Louis, 1828-?, Gravador em madeira ; Lix, Frédéric Théodore, 1830-1897, Ilustrador ; Lehuger, fl. 186-, Gravador em madeira ; Bouret, A., fl. 186-, Impressor";;Aillaud, Guillard. e Cª, Livreiro;CAM. 155 P.;CAM500;http://id.bnportugal.gov.pt/bib/catbnp/256560;Livre
7672;256560;1;233;2565601233;https://permalinkbnd.bnportugal.gov.pt/viewer/277151/?offset=#page=233&viewer=picture&o=info&n=0&q=;Imagens | 1747;Cantos - Cantos II | 1751;Episódios - Visita do Rei de Melinde a Gama | 1761;256560;https://purl.pt/44314;https://bndigital.bnportugal.gov.pt//i/?IIIF=/e3/79/81/09/e3798109-27bc-49ed-bfeb-9a79c1254c59/iiif/cam-155-p_0009.tif/full/!300,500/0/default.jpg;Livro impresso;Português;;Os Lusiadas;;;Nova edição conforme á de 1817, in-4º, de Dom José de Souza-Botelho Morgado de Matteus;Paris : em Casa de V J.-P. Aillaud, Guillard e C 47, Rua Saint-André-des-Arts, 47;1865;1865;12, 536 p., 1 estampa;Camões, Luís de, 1524-1580;;;"Tasso, Torquato, 1544-1595, Autor ; Sousa, Paulino de, ca. 18--, Editor literário ; Aquino, Tomás José de, 1718/20-1804, Editor literário ; Barreto, João Franco, 1600-post. 1674, Editor literário ; Mateus, Morgado de, 1758-1825, Editor literário ; Schneider, Félicie, 1831-1888, Ilustrador ; Fournier, Félicie, 1797-1879, Gravador ; Penet, Lucien François, 1834-1901, Ilustrador ; Sargent, Alfred Louis, 1828-?, Gravador em madeira ; Lix, Frédéric Théodore, 1830-1897, Ilustrador ; Lehuger, fl. 186-, Gravador em madeira ; Bouret, A., fl. 186-, Impressor";;Aillaud, Guillard. e Cª, Livreiro;CAM. 155 P.;CAM500;http://id.bnportugal.gov.pt/bib/catbnp/256560;Livre
7673;256560;1;269;2565601269;https://permalinkbnd.bnportugal.gov.pt/viewer/277151/?offset=#page=269&viewer=picture&o=info&n=0&q=;Imagens | 1747;Cantos - Cantos III | 1752;"Episódios - Concílio ""Conselho dos Deuses"" | 1762";256560;https://purl.pt/44314;https://bndigital.bnportugal.gov.pt//i/?IIIF=/e3/79/81/09/e3798109-27bc-49ed-bfeb-9a79c1254c59/iiif/cam-155-p_0009.tif/full/!300,500/0/default.jpg;Livro impresso;Português;;Os Lusiadas;;;Nova edição conforme á de 1817, in-4º, de Dom José de Souza-Botelho Morgado de Matteus;Paris : em Casa de V J.-P. Aillaud, Guillard e C 47, Rua Saint-André-des-Arts, 47;1865;1865;12, 536 p., 1 estampa;Camões, Luís de, 1524-1580;;;"Tasso, Torquato, 1544-1595, Autor ; Sousa, Paulino de, ca. 18--, Editor literário ; Aquino, Tomás José de, 1718/20-1804, Editor literário ; Barreto, João Franco, 1600-post. 1674, Editor literário ; Mateus, Morgado de, 1758-1825, Editor literário ; Schneider, Félicie, 1831-1888, Ilustrador ; Fournier, Félicie, 1797-1879, Gravador ; Penet, Lucien François, 1834-1901, Ilustrador ; Sargent, Alfred Louis, 1828-?, Gravador em madeira ; Lix, Frédéric Théodore, 1830-1897, Ilustrador ; Lehuger, fl. 186-, Gravador em madeira ; Bouret, A., fl. 186-, Impressor";;Aillaud, Guillard. e Cª, Livreiro;CAM. 155 P.;CAM500;http://id.bnportugal.gov.pt/bib/catbnp/256560;Livre
7674;256560;1;305;2565601305;https://permalinkbnd.bnportugal.gov.pt/viewer/277151/?offset=#page=305&viewer=picture&o=info&n=0&q=;Imagens | 1747;Cantos - Cantos IV | 1753;Episódios - Sonho d'El-Rei D. Manuel, no qual lhe aparecem os rios Indo e Ganges | 1763;256560;https://purl.pt/44314;https://bndigital.bnportugal.gov.pt//i/?IIIF=/e3/79/81/09/e3798109-27bc-49ed-bfeb-9a79c1254c59/iiif/cam-155-p_0009.tif/full/!300,500/0/default.jpg;Livro impresso;Português;;Os Lusiadas;;;Nova edição conforme á de 1817, in-4º, de Dom José de Souza-Botelho Morgado de Matteus;Paris : em Casa de V J.-P. Aillaud, Guillard e C 47, Rua Saint-André-des-Arts, 47;1865;1865;12, 536 p., 1 estampa;Camões, Luís de, 1524-1580;;;"Tasso, Torquato, 1544-1595, Autor ; Sousa, Paulino de, ca. 18--, Editor literário ; Aquino, Tomás José de, 1718/20-1804, Editor literário ; Barreto, João Franco, 1600-post. 1674, Editor literário ; Mateus, Morgado de, 1758-1825, Editor literário ; Schneider, Félicie, 1831-1888, Ilustrador ; Fournier, Félicie, 1797-1879, Gravador ; Penet, Lucien François, 1834-1901, Ilustrador ; Sargent, Alfred Louis, 1828-?, Gravador em madeira ; Lix, Frédéric Théodore, 1830-1897, Ilustrador ; Lehuger, fl. 186-, Gravador em madeira ; Bouret, A., fl. 186-, Impressor";;Aillaud, Guillard. e Cª, Livreiro;CAM. 155 P.;CAM500;http://id.bnportugal.gov.pt/bib/catbnp/256560;Livre
7675;256560;1;337;2565601337;https://permalinkbnd.bnportugal.gov.pt/viewer/277151/?offset=#page=337&viewer=picture&o=info&n=0&q=;Imagens | 1747;Cantos - Cantos V | 1754;Episódios - Assassínio de Inês de Castro | 1764;256560;https://purl.pt/44314;https://bndigital.bnportugal.gov.pt//i/?IIIF=/e3/79/81/09/e3798109-27bc-49ed-bfeb-9a79c1254c59/iiif/cam-155-p_0009.tif/full/!300,500/0/default.jpg;Livro impresso;Português;;Os Lusiadas;;;Nova edição conforme á de 1817, in-4º, de Dom José de Souza-Botelho Morgado de Matteus;Paris : em Casa de V J.-P. Aillaud, Guillard e C 47, Rua Saint-André-des-Arts, 47;1865;1865;12, 536 p., 1 estampa;Camões, Luís de, 1524-1580;;;"Tasso, Torquato, 1544-1595, Autor ; Sousa, Paulino de, ca. 18--, Editor literário ; Aquino, Tomás José de, 1718/20-1804, Editor literário ; Barreto, João Franco, 1600-post. 1674, Editor literário ; Mateus, Morgado de, 1758-1825, Editor literário ; Schneider, Félicie, 1831-1888, Ilustrador ; Fournier, Félicie, 1797-1879, Gravador ; Penet, Lucien François, 1834-1901, Ilustrador ; Sargent, Alfred Louis, 1828-?, Gravador em madeira ; Lix, Frédéric Théodore, 1830-1897, Ilustrador ; Lehuger, fl. 186-, Gravador em madeira ; Bouret, A., fl. 186-, Impressor";;Aillaud, Guillard. e Cª, Livreiro;CAM. 155 P.;CAM500;http://id.bnportugal.gov.pt/bib/catbnp/256560;Livre
7676;256560;1;373;2565601373;https://permalinkbnd.bnportugal.gov.pt/viewer/277151/?offset=#page=373&viewer=picture&o=info&n=0&q=;Imagens | 1747;Cantos - Cantos VI | 1755;Episódios - Aparição do gigante Adamastor na passagem do Cabo de B. Esperança | 1765;256560;https://purl.pt/44314;https://bndigital.bnportugal.gov.pt//i/?IIIF=/e3/79/81/09/e3798109-27bc-49ed-bfeb-9a79c1254c59/iiif/cam-155-p_0009.tif/full/!300,500/0/default.jpg;Livro impresso;Português;;Os Lusiadas;;;Nova edição conforme á de 1817, in-4º, de Dom José de Souza-Botelho Morgado de Matteus;Paris : em Casa de V J.-P. Aillaud, Guillard e C 47, Rua Saint-André-des-Arts, 47;1865;1865;12, 536 p., 1 estampa;Camões, Luís de, 1524-1580;;;"Tasso, Torquato, 1544-1595, Autor ; Sousa, Paulino de, ca. 18--, Editor literário ; Aquino, Tomás José de, 1718/20-1804, Editor literário ; Barreto, João Franco, 1600-post. 1674, Editor literário ; Mateus, Morgado de, 1758-1825, Editor literário ; Schneider, Félicie, 1831-1888, Ilustrador ; Fournier, Félicie, 1797-1879, Gravador ; Penet, Lucien François, 1834-1901, Ilustrador ; Sargent, Alfred Louis, 1828-?, Gravador em madeira ; Lix, Frédéric Théodore, 1830-1897, Ilustrador ; Lehuger, fl. 186-, Gravador em madeira ; Bouret, A., fl. 186-, Impressor";;Aillaud, Guillard. e Cª, Livreiro;CAM. 155 P.;CAM500;http://id.bnportugal.gov.pt/bib/catbnp/256560;Livre
7677;256560;1;409;2565601409;https://permalinkbnd.bnportugal.gov.pt/viewer/277151/?offset=#page=409&viewer=picture&o=info&n=0&q=;Imagens | 1747;Cantos - Cantos VII | 1756;Episódios - Vénus aplaca os Ventos e a tormenta | 1766;256560;https://purl.pt/44314;https://bndigital.bnportugal.gov.pt//i/?IIIF=/e3/79/81/09/e3798109-27bc-49ed-bfeb-9a79c1254c59/iiif/cam-155-p_0009.tif/full/!300,500/0/default.jpg;Livro impresso;Português;;Os Lusiadas;;;Nova edição conforme á de 1817, in-4º, de Dom José de Souza-Botelho Morgado de Matteus;Paris : em Casa de V J.-P. Aillaud, Guillard e C 47, Rua Saint-André-des-Arts, 47;1865;1865;12, 536 p., 1 estampa;Camões, Luís de, 1524-1580;;;"Tasso, Torquato, 1544-1595, Autor ; Sousa, Paulino de, ca. 18--, Editor literário ; Aquino, Tomás José de, 1718/20-1804, Editor literário ; Barreto, João Franco, 1600-post. 1674, Editor literário ; Mateus, Morgado de, 1758-1825, Editor literário ; Schneider, Félicie, 1831-1888, Ilustrador ; Fournier, Félicie, 1797-1879, Gravador ; Penet, Lucien François, 1834-1901, Ilustrador ; Sargent, Alfred Louis, 1828-?, Gravador em madeira ; Lix, Frédéric Théodore, 1830-1897, Ilustrador ; Lehuger, fl. 186-, Gravador em madeira ; Bouret, A., fl. 186-, Impressor";;Aillaud, Guillard. e Cª, Livreiro;CAM. 155 P.;CAM500;http://id.bnportugal.gov.pt/bib/catbnp/256560;Livre
7678;852331;1;12;852331112;https://permalinkbnd.bnportugal.gov.pt/viewer/277145/?offset=#page=12&viewer=picture&o=info&n=0&q=;Imagens | 1747;Cantos - Cantos VIII | 1757;Episódios - Desembarque de Gama em Calecut | 1767;852331;https://purl.pt/44308;https://bndigital.bnportugal.gov.pt//i/?IIIF=/d3/3c/2f/d6/d33c2fd6-697b-4ca3-8c0a-2d267664216a/iiif/cam-156-v_0005.tif/full/!300,500/0/default.jpg;Periódico;Português;;Círculo camoniano;revista internacional;;1.ª ed.;Porto : Typographia Elzeveriana annexa à Livrria Civilisação;1889;1889;;;;;Araújo, Joaquim de, 1858-1917, Director;;;CAM. 156 V.;CAM500;http://id.bnportugal.gov.pt/bib/catbnp/852331;Livre
7679;852331;1;110;8523311110;https://permalinkbnd.bnportugal.gov.pt/viewer/277145/?offset=#page=110&viewer=picture&o=info&n=0&q=;Imagens | 1747;Cantos - Cantos IX | 1758;Episódios - Segunda Audiência do Samorim a Gama | 1768;852331;https://purl.pt/44308;https://bndigital.bnportugal.gov.pt//i/?IIIF=/d3/3c/2f/d6/d33c2fd6-697b-4ca3-8c0a-2d267664216a/iiif/cam-156-v_0005.tif/full/!300,500/0/default.jpg;Periódico;Português;;Círculo camoniano;revista internacional;;1.ª ed.;Porto : Typographia Elzeveriana annexa à Livrria Civilisação;1889;1889;;;;;Araújo, Joaquim de, 1858-1917, Director;;;CAM. 156 V.;CAM500;http://id.bnportugal.gov.pt/bib/catbnp/852331;Livre
7680;852331;1;273;8523311273;https://permalinkbnd.bnportugal.gov.pt/viewer/277145/?offset=#page=273&viewer=picture&o=info&n=0&q=;Imagens | 1747;Cantos - Cantos X | 1759;Episódios - Ilha de Vénus | 1769;852331;https://purl.pt/44308;https://bndigital.bnportugal.gov.pt//i/?IIIF=/d3/3c/2f/d6/d33c2fd6-697b-4ca3-8c0a-2d267664216a/iiif/cam-156-v_0005.tif/full/!300,500/0/default.jpg;Periódico;Português;;Círculo camoniano;revista internacional;;1.ª ed.;Porto : Typographia Elzeveriana annexa à Livrria Civilisação;1889;1889;;;;;Araújo, Joaquim de, 1858-1917, Director;;;CAM. 156 V.;CAM500;http://id.bnportugal.gov.pt/bib/catbnp/852331;Livre
7681;852140;1;23;852140123;https://permalinkbnd.bnportugal.gov.pt/viewer/273814/?offset=#page=23&viewer=picture&o=info&n=0&q=;Imagens | 1747;Episódios | 1749;Episódios - Audiência d’El-Rei D. Manuel a Gama | 1770;852140;https://purl.pt/44007;https://bndigital.bnportugal.gov.pt//i/?IIIF=/f6/af/9c/57/f6af9c57-c756-458c-8669-6a427fa8f668/iiif/cam-160-v_0000_000001.tif/full/!300,500/0/default.jpg;Livro impresso;Português;;Portugal e Italia;ensaio de diccionario bibliographico;;1.ª ed.;Leorne : Typographia de Raphael Giusti;1898;1898;XI, 5, 176 p., 11 grav. extratexto;Faria, António de Portugal de, 1868-1937;;;;;;CAM. 160 V.;CAM500;http://id.bnportugal.gov.pt/bib/catbnp/852140;Livre
7682;852140;1;102;8521401102;https://permalinkbnd.bnportugal.gov.pt/viewer/273814/?offset=#page=102&viewer=picture&o=info&n=0&q=;Imagens | 1747;Cantos - Cantos I | 1750;Episódios - Camões na gruta de Macau | 1760;852140;https://purl.pt/44007;https://bndigital.bnportugal.gov.pt//i/?IIIF=/f6/af/9c/57/f6af9c57-c756-458c-8669-6a427fa8f668/iiif/cam-160-v_0000_000001.tif/full/!300,500/0/default.jpg;Livro impresso;Português;;Portugal e Italia;ensaio de diccionario bibliographico;;1.ª ed.;Leorne : Typographia de Raphael Giusti;1898;1898;XI, 5, 176 p., 11 grav. extratexto;Faria, António de Portugal de, 1868-1937;;;;;;CAM. 160 V.;CAM500;http://id.bnportugal.gov.pt/bib/catbnp/852140;Livre
7683;852140;1;198;8521401198;https://permalinkbnd.bnportugal.gov.pt/viewer/273814/?offset=#page=198&viewer=picture&o=info&n=0&q=;Imagens | 1747;Cantos - Cantos II | 1751;Episódios - Visita do Rei de Melinde a Gama | 1761;852140;https://purl.pt/44007;https://bndigital.bnportugal.gov.pt//i/?IIIF=/f6/af/9c/57/f6af9c57-c756-458c-8669-6a427fa8f668/iiif/cam-160-v_0000_000001.tif/full/!300,500/0/default.jpg;Livro impresso;Português;;Portugal e Italia;ensaio de diccionario bibliographico;;1.ª ed.;Leorne : Typographia de Raphael Giusti;1898;1898;XI, 5, 176 p., 11 grav. extratexto;Faria, António de Portugal de, 1868-1937;;;;;;CAM. 160 V.;CAM500;http://id.bnportugal.gov.pt/bib/catbnp/852140;Livre
7684;256620;1;8;25662018;https://permalinkbnd.bnportugal.gov.pt/viewer/277150/?offset=#page=8&viewer=picture&o=info&n=0&q=;Imagens | 1747;Cantos - Cantos III | 1752;"Episódios - Concílio ""Conselho dos Deuses"" | 1762";256620;https://purl.pt/44315;https://bndigital.bnportugal.gov.pt//i/?IIIF=/09/b8/1d/4f/09b81d4f-79e9-4153-a037-9eaca02940a4/iiif/cam-161-p_0005.tif/full/!300,500/0/default.jpg;Livro impresso;Português;;Os Lusiadas;;;Nova edição conforme á de 1817, in-4º de Dom José de Souza Botelho Morgado de Matteus;Pariz : em Casa de V J-P. Aillaud, Guillard e C 47, Rua Saint-André-des-Arts, 47;1873;1873;8, 536 p., 1 estampa;Camões, Luís de, 1524-1580;;;"Tasso, Torquato, 1544-1595, Autor ; Sousa, Paulino de, ca. 18--, Editor literário ; Aquino, Tomás José de, 1718/20-1804, Editor literário ; Barreto, João Franco, 1600-post. 1674, Editor literário ; Mateus, Morgado de, 1758-1825, Editor literário ; Schneider, Félicie, 1831-1888, Ilustrador ; Fournier, Félicie, 1797-1879, Gravador ; Penet, Lucien François, 1834-1901, Ilustrador ; Sargent, Alfred Louis, 1828-?, Gravador em madeira ; Lix, Frédéric Théodore, 1830-1897, Ilustrador ; Lehuger, fl. 186-, Gravador em madeira ; Bouret, A., fl. 186-, Impressor ; Graham, William, 1853-?, Antigo possuidor";;"Aillaud, Guillard. e Cª, Livreiro ; Imprimerie Simon Raçon. e Cª, Impressor";L. 53408 P.;CAM500;http://id.bnportugal.gov.pt/bib/catbnp/256620;Livre
7685;256620;1;59;256620159;https://permalinkbnd.bnportugal.gov.pt/viewer/277150/?offset=#page=59&viewer=picture&o=info&n=0&q=;Imagens | 1747;Cantos - Cantos IV | 1753;Episódios - Sonho d'El-Rei D. Manuel, no qual lhe aparecem os rios Indo e Ganges | 1763;256620;https://purl.pt/44315;https://bndigital.bnportugal.gov.pt//i/?IIIF=/09/b8/1d/4f/09b81d4f-79e9-4153-a037-9eaca02940a4/iiif/cam-161-p_0005.tif/full/!300,500/0/default.jpg;Livro impresso;Português;;Os Lusiadas;;;Nova edição conforme á de 1817, in-4º de Dom José de Souza Botelho Morgado de Matteus;Pariz : em Casa de V J-P. Aillaud, Guillard e C 47, Rua Saint-André-des-Arts, 47;1873;1873;8, 536 p., 1 estampa;Camões, Luís de, 1524-1580;;;"Tasso, Torquato, 1544-1595, Autor ; Sousa, Paulino de, ca. 18--, Editor literário ; Aquino, Tomás José de, 1718/20-1804, Editor literário ; Barreto, João Franco, 1600-post. 1674, Editor literário ; Mateus, Morgado de, 1758-1825, Editor literário ; Schneider, Félicie, 1831-1888, Ilustrador ; Fournier, Félicie, 1797-1879, Gravador ; Penet, Lucien François, 1834-1901, Ilustrador ; Sargent, Alfred Louis, 1828-?, Gravador em madeira ; Lix, Frédéric Théodore, 1830-1897, Ilustrador ; Lehuger, fl. 186-, Gravador em madeira ; Bouret, A., fl. 186-, Impressor ; Graham, William, 1853-?, Antigo possuidor";;"Aillaud, Guillard. e Cª, Livreiro ; Imprimerie Simon Raçon. e Cª, Impressor";L. 53408 P.;CAM500;http://id.bnportugal.gov.pt/bib/catbnp/256620;Livre
7686;256620;1;97;256620197;https://permalinkbnd.bnportugal.gov.pt/viewer/277150/?offset=#page=97&viewer=picture&o=info&n=0&q=;Imagens | 1747;Cantos - Cantos V | 1754;Episódios - Assassínio de Inês de Castro | 1764;256620;https://purl.pt/44315;https://bndigital.bnportugal.gov.pt//i/?IIIF=/09/b8/1d/4f/09b81d4f-79e9-4153-a037-9eaca02940a4/iiif/cam-161-p_0005.tif/full/!300,500/0/default.jpg;Livro impresso;Português;;Os Lusiadas;;;Nova edição conforme á de 1817, in-4º de Dom José de Souza Botelho Morgado de Matteus;Pariz : em Casa de V J-P. Aillaud, Guillard e C 47, Rua Saint-André-des-Arts, 47;1873;1873;8, 536 p., 1 estampa;Camões, Luís de, 1524-1580;;;"Tasso, Torquato, 1544-1595, Autor ; Sousa, Paulino de, ca. 18--, Editor literário ; Aquino, Tomás José de, 1718/20-1804, Editor literário ; Barreto, João Franco, 1600-post. 1674, Editor literário ; Mateus, Morgado de, 1758-1825, Editor literário ; Schneider, Félicie, 1831-1888, Ilustrador ; Fournier, Félicie, 1797-1879, Gravador ; Penet, Lucien François, 1834-1901, Ilustrador ; Sargent, Alfred Louis, 1828-?, Gravador em madeira ; Lix, Frédéric Théodore, 1830-1897, Ilustrador ; Lehuger, fl. 186-, Gravador em madeira ; Bouret, A., fl. 186-, Impressor ; Graham, William, 1853-?, Antigo possuidor";;"Aillaud, Guillard. e Cª, Livreiro ; Imprimerie Simon Raçon. e Cª, Impressor";L. 53408 P.;CAM500;http://id.bnportugal.gov.pt/bib/catbnp/256620;Livre
7687;256620;1;139;2566201139;https://permalinkbnd.bnportugal.gov.pt/viewer/277150/?offset=#page=139&viewer=picture&o=info&n=0&q=;Imagens | 1747;Cantos - Cantos VI | 1755;Episódios - Aparição do gigante Adamastor na passagem do Cabo de B. Esperança | 1765;256620;https://purl.pt/44315;https://bndigital.bnportugal.gov.pt//i/?IIIF=/09/b8/1d/4f/09b81d4f-79e9-4153-a037-9eaca02940a4/iiif/cam-161-p_0005.tif/full/!300,500/0/default.jpg;Livro impresso;Português;;Os Lusiadas;;;Nova edição conforme á de 1817, in-4º de Dom José de Souza Botelho Morgado de Matteus;Pariz : em Casa de V J-P. Aillaud, Guillard e C 47, Rua Saint-André-des-Arts, 47;1873;1873;8, 536 p., 1 estampa;Camões, Luís de, 1524-1580;;;"Tasso, Torquato, 1544-1595, Autor ; Sousa, Paulino de, ca. 18--, Editor literário ; Aquino, Tomás José de, 1718/20-1804, Editor literário ; Barreto, João Franco, 1600-post. 1674, Editor literário ; Mateus, Morgado de, 1758-1825, Editor literário ; Schneider, Félicie, 1831-1888, Ilustrador ; Fournier, Félicie, 1797-1879, Gravador ; Penet, Lucien François, 1834-1901, Ilustrador ; Sargent, Alfred Louis, 1828-?, Gravador em madeira ; Lix, Frédéric Théodore, 1830-1897, Ilustrador ; Lehuger, fl. 186-, Gravador em madeira ; Bouret, A., fl. 186-, Impressor ; Graham, William, 1853-?, Antigo possuidor";;"Aillaud, Guillard. e Cª, Livreiro ; Imprimerie Simon Raçon. e Cª, Impressor";L. 53408 P.;CAM500;http://id.bnportugal.gov.pt/bib/catbnp/256620;Livre
7688;256620;1;191;2566201191;https://permalinkbnd.bnportugal.gov.pt/viewer/277150/?offset=#page=191&viewer=picture&o=info&n=0&q=;Imagens | 1747;Cantos - Cantos VII | 1756;Episódios - Vénus aplaca os Ventos e a tormenta | 1766;256620;https://purl.pt/44315;https://bndigital.bnportugal.gov.pt//i/?IIIF=/09/b8/1d/4f/09b81d4f-79e9-4153-a037-9eaca02940a4/iiif/cam-161-p_0005.tif/full/!300,500/0/default.jpg;Livro impresso;Português;;Os Lusiadas;;;Nova edição conforme á de 1817, in-4º de Dom José de Souza Botelho Morgado de Matteus;Pariz : em Casa de V J-P. Aillaud, Guillard e C 47, Rua Saint-André-des-Arts, 47;1873;1873;8, 536 p., 1 estampa;Camões, Luís de, 1524-1580;;;"Tasso, Torquato, 1544-1595, Autor ; Sousa, Paulino de, ca. 18--, Editor literário ; Aquino, Tomás José de, 1718/20-1804, Editor literário ; Barreto, João Franco, 1600-post. 1674, Editor literário ; Mateus, Morgado de, 1758-1825, Editor literário ; Schneider, Félicie, 1831-1888, Ilustrador ; Fournier, Félicie, 1797-1879, Gravador ; Penet, Lucien François, 1834-1901, Ilustrador ; Sargent, Alfred Louis, 1828-?, Gravador em madeira ; Lix, Frédéric Théodore, 1830-1897, Ilustrador ; Lehuger, fl. 186-, Gravador em madeira ; Bouret, A., fl. 186-, Impressor ; Graham, William, 1853-?, Antigo possuidor";;"Aillaud, Guillard. e Cª, Livreiro ; Imprimerie Simon Raçon. e Cª, Impressor";L. 53408 P.;CAM500;http://id.bnportugal.gov.pt/bib/catbnp/256620;Livre
7689;256620;1;229;2566201229;https://permalinkbnd.bnportugal.gov.pt/viewer/277150/?offset=#page=229&viewer=picture&o=info&n=0&q=;Imagens | 1747;Cantos - Cantos VIII | 1757;Episódios - Desembarque de Gama em Calecut | 1767;256620;https://purl.pt/44315;https://bndigital.bnportugal.gov.pt//i/?IIIF=/09/b8/1d/4f/09b81d4f-79e9-4153-a037-9eaca02940a4/iiif/cam-161-p_0005.tif/full/!300,500/0/default.jpg;Livro impresso;Português;;Os Lusiadas;;;Nova edição conforme á de 1817, in-4º de Dom José de Souza Botelho Morgado de Matteus;Pariz : em Casa de V J-P. Aillaud, Guillard e C 47, Rua Saint-André-des-Arts, 47;1873;1873;8, 536 p., 1 estampa;Camões, Luís de, 1524-1580;;;"Tasso, Torquato, 1544-1595, Autor ; Sousa, Paulino de, ca. 18--, Editor literário ; Aquino, Tomás José de, 1718/20-1804, Editor literário ; Barreto, João Franco, 1600-post. 1674, Editor literário ; Mateus, Morgado de, 1758-1825, Editor literário ; Schneider, Félicie, 1831-1888, Ilustrador ; Fournier, Félicie, 1797-1879, Gravador ; Penet, Lucien François, 1834-1901, Ilustrador ; Sargent, Alfred Louis, 1828-?, Gravador em madeira ; Lix, Frédéric Théodore, 1830-1897, Ilustrador ; Lehuger, fl. 186-, Gravador em madeira ; Bouret, A., fl. 186-, Impressor ; Graham, William, 1853-?, Antigo possuidor";;"Aillaud, Guillard. e Cª, Livreiro ; Imprimerie Simon Raçon. e Cª, Impressor";L. 53408 P.;CAM500;http://id.bnportugal.gov.pt/bib/catbnp/256620;Livre
7690;256620;1;265;2566201265;https://permalinkbnd.bnportugal.gov.pt/viewer/277150/?offset=#page=265&viewer=picture&o=info&n=0&q=;Imagens | 1747;Cantos - Cantos IX | 1758;Episódios - Segunda Audiência do Samorim a Gama | 1768;256620;https://purl.pt/44315;https://bndigital.bnportugal.gov.pt//i/?IIIF=/09/b8/1d/4f/09b81d4f-79e9-4153-a037-9eaca02940a4/iiif/cam-161-p_0005.tif/full/!300,500/0/default.jpg;Livro impresso;Português;;Os Lusiadas;;;Nova edição conforme á de 1817, in-4º de Dom José de Souza Botelho Morgado de Matteus;Pariz : em Casa de V J-P. Aillaud, Guillard e C 47, Rua Saint-André-des-Arts, 47;1873;1873;8, 536 p., 1 estampa;Camões, Luís de, 1524-1580;;;"Tasso, Torquato, 1544-1595, Autor ; Sousa, Paulino de, ca. 18--, Editor literário ; Aquino, Tomás José de, 1718/20-1804, Editor literário ; Barreto, João Franco, 1600-post. 1674, Editor literário ; Mateus, Morgado de, 1758-1825, Editor literário ; Schneider, Félicie, 1831-1888, Ilustrador ; Fournier, Félicie, 1797-1879, Gravador ; Penet, Lucien François, 1834-1901, Ilustrador ; Sargent, Alfred Louis, 1828-?, Gravador em madeira ; Lix, Frédéric Théodore, 1830-1897, Ilustrador ; Lehuger, fl. 186-, Gravador em madeira ; Bouret, A., fl. 186-, Impressor ; Graham, William, 1853-?, Antigo possuidor";;"Aillaud, Guillard. e Cª, Livreiro ; Imprimerie Simon Raçon. e Cª, Impressor";L. 53408 P.;CAM500;http://id.bnportugal.gov.pt/bib/catbnp/256620;Livre
7691;256620;1;301;2566201301;https://permalinkbnd.bnportugal.gov.pt/viewer/277150/?offset=#page=301&viewer=picture&o=info&n=0&q=;Imagens | 1747;Cantos - Cantos X | 1759;Episódios - Ilha de Vénus | 1769;256620;https://purl.pt/44315;https://bndigital.bnportugal.gov.pt//i/?IIIF=/09/b8/1d/4f/09b81d4f-79e9-4153-a037-9eaca02940a4/iiif/cam-161-p_0005.tif/full/!300,500/0/default.jpg;Livro impresso;Português;;Os Lusiadas;;;Nova edição conforme á de 1817, in-4º de Dom José de Souza Botelho Morgado de Matteus;Pariz : em Casa de V J-P. Aillaud, Guillard e C 47, Rua Saint-André-des-Arts, 47;1873;1873;8, 536 p., 1 estampa;Camões, Luís de, 1524-1580;;;"Tasso, Torquato, 1544-1595, Autor ; Sousa, Paulino de, ca. 18--, Editor literário ; Aquino, Tomás José de, 1718/20-1804, Editor literário ; Barreto, João Franco, 1600-post. 1674, Editor literário ; Mateus, Morgado de, 1758-1825, Editor literário ; Schneider, Félicie, 1831-1888, Ilustrador ; Fournier, Félicie, 1797-1879, Gravador ; Penet, Lucien François, 1834-1901, Ilustrador ; Sargent, Alfred Louis, 1828-?, Gravador em madeira ; Lix, Frédéric Théodore, 1830-1897, Ilustrador ; Lehuger, fl. 186-, Gravador em madeira ; Bouret, A., fl. 186-, Impressor ; Graham, William, 1853-?, Antigo possuidor";;"Aillaud, Guillard. e Cª, Livreiro ; Imprimerie Simon Raçon. e Cª, Impressor";L. 53408 P.;CAM500;http://id.bnportugal.gov.pt/bib/catbnp/256620;Livre
7692;256620;1;333;2566201333;https://permalinkbnd.bnportugal.gov.pt/viewer/277150/?offset=#page=333&viewer=picture&o=info&n=0&q=;Imagens | 1747;Cantos | 1748;Episódios - Audiência d’El-Rei D. Manuel a Gama | 1770;256620;https://purl.pt/44315;https://bndigital.bnportugal.gov.pt//i/?IIIF=/09/b8/1d/4f/09b81d4f-79e9-4153-a037-9eaca02940a4/iiif/cam-161-p_0005.tif/full/!300,500/0/default.jpg;Livro impresso;Português;;Os Lusiadas;;;Nova edição conforme á de 1817, in-4º de Dom José de Souza Botelho Morgado de Matteus;Pariz : em Casa de V J-P. Aillaud, Guillard e C 47, Rua Saint-André-des-Arts, 47;1873;1873;8, 536 p., 1 estampa;Camões, Luís de, 1524-1580;;;"Tasso, Torquato, 1544-1595, Autor ; Sousa, Paulino de, ca. 18--, Editor literário ; Aquino, Tomás José de, 1718/20-1804, Editor literário ; Barreto, João Franco, 1600-post. 1674, Editor literário ; Mateus, Morgado de, 1758-1825, Editor literário ; Schneider, Félicie, 1831-1888, Ilustrador ; Fournier, Félicie, 1797-1879, Gravador ; Penet, Lucien François, 1834-1901, Ilustrador ; Sargent, Alfred Louis, 1828-?, Gravador em madeira ; Lix, Frédéric Théodore, 1830-1897, Ilustrador ; Lehuger, fl. 186-, Gravador em madeira ; Bouret, A., fl. 186-, Impressor ; Graham, William, 1853-?, Antigo possuidor";;"Aillaud, Guillard. e Cª, Livreiro ; Imprimerie Simon Raçon. e Cª, Impressor";L. 53408 P.;CAM500;http://id.bnportugal.gov.pt/bib/catbnp/256620;Livre
7693;256620;1;369;2566201369;https://permalinkbnd.bnportugal.gov.pt/viewer/277150/?offset=#page=369&viewer=picture&o=info&n=0&q=;Imagens | 1747;Cantos | 1748;Episódios - Camões na gruta de Macau | 1760;256620;https://purl.pt/44315;https://bndigital.bnportugal.gov.pt//i/?IIIF=/09/b8/1d/4f/09b81d4f-79e9-4153-a037-9eaca02940a4/iiif/cam-161-p_0005.tif/full/!300,500/0/default.jpg;Livro impresso;Português;;Os Lusiadas;;;Nova edição conforme á de 1817, in-4º de Dom José de Souza Botelho Morgado de Matteus;Pariz : em Casa de V J-P. Aillaud, Guillard e C 47, Rua Saint-André-des-Arts, 47;1873;1873;8, 536 p., 1 estampa;Camões, Luís de, 1524-1580;;;"Tasso, Torquato, 1544-1595, Autor ; Sousa, Paulino de, ca. 18--, Editor literário ; Aquino, Tomás José de, 1718/20-1804, Editor literário ; Barreto, João Franco, 1600-post. 1674, Editor literário ; Mateus, Morgado de, 1758-1825, Editor literário ; Schneider, Félicie, 1831-1888, Ilustrador ; Fournier, Félicie, 1797-1879, Gravador ; Penet, Lucien François, 1834-1901, Ilustrador ; Sargent, Alfred Louis, 1828-?, Gravador em madeira ; Lix, Frédéric Théodore, 1830-1897, Ilustrador ; Lehuger, fl. 186-, Gravador em madeira ; Bouret, A., fl. 186-, Impressor ; Graham, William, 1853-?, Antigo possuidor";;"Aillaud, Guillard. e Cª, Livreiro ; Imprimerie Simon Raçon. e Cª, Impressor";L. 53408 P.;CAM500;http://id.bnportugal.gov.pt/bib/catbnp/256620;Livre
7694;256620;1;405;2566201405;https://permalinkbnd.bnportugal.gov.pt/viewer/277150/?offset=#page=405&viewer=picture&o=info&n=0&q=;Imagens | 1747;Episódios | 1749;Episódios - Visita do Rei de Melinde a Gama | 1761;256620;https://purl.pt/44315;https://bndigital.bnportugal.gov.pt//i/?IIIF=/09/b8/1d/4f/09b81d4f-79e9-4153-a037-9eaca02940a4/iiif/cam-161-p_0005.tif/full/!300,500/0/default.jpg;Livro impresso;Português;;Os Lusiadas;;;Nova edição conforme á de 1817, in-4º de Dom José de Souza Botelho Morgado de Matteus;Pariz : em Casa de V J-P. Aillaud, Guillard e C 47, Rua Saint-André-des-Arts, 47;1873;1873;8, 536 p., 1 estampa;Camões, Luís de, 1524-1580;;;"Tasso, Torquato, 1544-1595, Autor ; Sousa, Paulino de, ca. 18--, Editor literário ; Aquino, Tomás José de, 1718/20-1804, Editor literário ; Barreto, João Franco, 1600-post. 1674, Editor literário ; Mateus, Morgado de, 1758-1825, Editor literário ; Schneider, Félicie, 1831-1888, Ilustrador ; Fournier, Félicie, 1797-1879, Gravador ; Penet, Lucien François, 1834-1901, Ilustrador ; Sargent, Alfred Louis, 1828-?, Gravador em madeira ; Lix, Frédéric Théodore, 1830-1897, Ilustrador ; Lehuger, fl. 186-, Gravador em madeira ; Bouret, A., fl. 186-, Impressor ; Graham, William, 1853-?, Antigo possuidor";;"Aillaud, Guillard. e Cª, Livreiro ; Imprimerie Simon Raçon. e Cª, Impressor";L. 53408 P.;CAM500;http://id.bnportugal.gov.pt/bib/catbnp/256620;Livre
7695;257364;1;6;25736416;https://permalinkbnd.bnportugal.gov.pt/viewer/281138/?offset=#page=6&viewer=picture&o=info&n=0&q=;Imagens | 1747;Cantos - Cantos I | 1750;"Episódios - Concílio ""Conselho dos Deuses"" | 1762";257364;https://purl.pt/44312;https://bndigital.bnportugal.gov.pt//i/?IIIF=/cc/fe/f2/58/ccfef258-11b8-4760-b05c-b8905393207f/iiif/cam-169-p_0007.tif/full/!300,500/0/default.jpg;Livro impresso;Português;;Os Lusiadas;;;Nova edição popular conforme á segunda de 1572 augmentada com a vida do poeta e com um glossario dos nomes proprios;Lisboa : Rolland & Semiond;1875;1875;XIX, 1 br., 460 p., 1 grav.;Camões, Luís de, 1524-1580;;;"Barreto, João Franco, 1600-post. 1674, Editor literário ; Neves, J. G. de Sousa, fl. 1844-1881, Impressor";;Rolland e Semiond, Editor comercial;CAM. 169 P.;CAM500;http://id.bnportugal.gov.pt/bib/catbnp/257364;Livre
7696;196562;1;11;196562111;https://permalinkbnd.bnportugal.gov.pt/viewer/1892/?offset=#page=11&viewer=picture&o=info&n=0&q=;Imagens | 1747;Cantos - Cantos II | 1751;Episódios - Sonho d'El-Rei D. Manuel, no qual lhe aparecem os rios Indo e Ganges | 1763;196562;https://purl.pt/45043;https://bndigital.bnportugal.gov.pt//i/?IIIF=/9f/39/25/7d/9f39257d-c320-45d7-867e-d488efd57acb/iiif/cam-1699-v_0007.tif/full/!300,500/0/default.jpg;Livro impresso;Português;;O anniversario do passamento de Luis de Camões no anno de 1892;ao nobre Conde de Samodães...;;1.ª ed.;Porto : Typographia Central;1892;1892;35, 4 p.;;Sociedade Nacional Camoniana;;;;;CAM. 286//4 V.;CAM500;http://id.bnportugal.gov.pt/bib/catbnp/196562;Livre
7697;257368;1;6;25736816;https://permalinkbnd.bnportugal.gov.pt/viewer/277143/?offset=#page=6&viewer=picture&o=info&n=0&q=;Imagens | 1747;Cantos - Cantos III | 1752;Episódios - Assassínio de Inês de Castro | 1764;257368;https://purl.pt/44309;https://bndigital.bnportugal.gov.pt//i/?IIIF=/cc/d6/c1/b6/ccd6c1b6-7bb0-4449-8fd1-613484f17ec2/iiif/cam-170-p_0007.tif/full/!300,500/0/default.jpg;Livro impresso;Português;;Os Lusiadas;;;Nova edição cuidadosamente revista e conforme ás de 1572, precedida da biographia do poeta e seguida de um diccionario dos nomes proprios;Lisboa : Livraria de Antonio Maria Pereira;1876;1876;XVIII, 457, 1 br., 6 p., 1 grav.;Camões, Luís de, 1524-1580;;;"Barreto, João Franco, 1600-post. 1674, Editor literário ; Pereira, António Maria, 1856-1898, Editor comercial";;Portugal. Imprensa Nacional, Impressor;CAM. 170 P.;CAM500;http://id.bnportugal.gov.pt/bib/catbnp/257368;Livre
7698;257404;1;6;25740416;https://permalinkbnd.bnportugal.gov.pt/viewer/277149/?offset=#page=6&viewer=picture&o=info&n=0&q=;Imagens | 1747;Cantos - Cantos IV | 1753;Episódios - Aparição do gigante Adamastor na passagem do Cabo de B. Esperança | 1765;257404;https://purl.pt/44311;https://bndigital.bnportugal.gov.pt//i/?IIIF=/6b/54/86/8e/6b54868e-971b-4084-8b03-1e9e5c9d7749/iiif/cam-171-p_0005.tif/full/!300,500/0/default.jpg;Livro impresso;Português;;Os Lusiadas;;;Nova edição com um Diccionario dos nomes proprios usados no mesmo poema;Porto : em Casa de A. R. da Cruz Coutinho;1880;1880;VIII, 477, 1 br., 2 p.;Camões, Luís de, 1524-1580;;;"Barreto, João Franco, 1600-post. 1674, Editor literário ; Coutinho, A. R. da Cruz, 1815-1885, Editor comercial";;;CAM. 171 P.;CAM500;http://id.bnportugal.gov.pt/bib/catbnp/257404;Livre
7699;257404;1;282;2574041282;https://permalinkbnd.bnportugal.gov.pt/viewer/277149/?offset=#page=282&viewer=picture&o=info&n=0&q=;Imagens | 1747;Cantos - Cantos V | 1754;Episódios - Vénus aplaca os Ventos e a tormenta | 1766;257404;https://purl.pt/44311;https://bndigital.bnportugal.gov.pt//i/?IIIF=/6b/54/86/8e/6b54868e-971b-4084-8b03-1e9e5c9d7749/iiif/cam-171-p_0005.tif/full/!300,500/0/default.jpg;Livro impresso;Português;;Os Lusiadas;;;Nova edição com um Diccionario dos nomes proprios usados no mesmo poema;Porto : em Casa de A. R. da Cruz Coutinho;1880;1880;VIII, 477, 1 br., 2 p.;Camões, Luís de, 1524-1580;;;"Barreto, João Franco, 1600-post. 1674, Editor literário ; Coutinho, A. R. da Cruz, 1815-1885, Editor comercial";;;CAM. 171 P.;CAM500;http://id.bnportugal.gov.pt/bib/catbnp/257404;Livre
7700;257404;1;318;2574041318;https://permalinkbnd.bnportugal.gov.pt/viewer/277149/?offset=#page=318&viewer=picture&o=info&n=0&q=;Imagens | 1747;Cantos - Cantos VI | 1755;Episódios - Desembarque de Gama em Calecut | 1767;257404;https://purl.pt/44311;https://bndigital.bnportugal.gov.pt//i/?IIIF=/6b/54/86/8e/6b54868e-971b-4084-8b03-1e9e5c9d7749/iiif/cam-171-p_0005.tif/full/!300,500/0/default.jpg;Livro impresso;Português;;Os Lusiadas;;;Nova edição com um Diccionario dos nomes proprios usados no mesmo poema;Porto : em Casa de A. R. da Cruz Coutinho;1880;1880;VIII, 477, 1 br., 2 p.;Camões, Luís de, 1524-1580;;;"Barreto, João Franco, 1600-post. 1674, Editor literário ; Coutinho, A. R. da Cruz, 1815-1885, Editor comercial";;;CAM. 171 P.;CAM500;http://id.bnportugal.gov.pt/bib/catbnp/257404;Livre
7701;220128;1;101;2201281101;https://permalinkbnd.bnportugal.gov.pt/viewer/272672/?offset=#page=101&viewer=picture&o=info&n=0&q=;Imagens | 1747;Cantos - Cantos VII | 1756;Episódios - Segunda Audiência do Samorim a Gama | 1768;220128;https://purl.pt/43961;https://bndigital.bnportugal.gov.pt//i/?IIIF=/cd/57/7b/1a/cd577b1a-46b3-40c3-8f45-060aafb50cb2/iiif/cam-1719-v_0000_000001.tif/full/!300,500/0/default.jpg;Livro impresso;Português;;Os Lusíadas;;;2ª ed;Lisboa : Instituto de Cultura e Língua Portuguesa;1989;1989;LIX, 559, 1 br. p., 5 extratextos;Camões, Luís de, 1524-1580;;;"Pimpão, Álvaro J. da Costa, 1902-1984, Comentador de texto escrito ; Castro, Aníbal Pinto de, 1938-2010, Autor da apresentação";;;P.P. 19179 V.;CAM500;http://id.bnportugal.gov.pt/bib/catbnp/220128;Livre
7702;220128;1;159;2201281159;https://permalinkbnd.bnportugal.gov.pt/viewer/272672/?offset=#page=159&viewer=picture&o=info&n=0&q=;Imagens | 1747;Cantos - Cantos VIII | 1757;Episódios - Ilha de Vénus | 1769;220128;https://purl.pt/43961;https://bndigital.bnportugal.gov.pt//i/?IIIF=/cd/57/7b/1a/cd577b1a-46b3-40c3-8f45-060aafb50cb2/iiif/cam-1719-v_0000_000001.tif/full/!300,500/0/default.jpg;Livro impresso;Português;;Os Lusíadas;;;2ª ed;Lisboa : Instituto de Cultura e Língua Portuguesa;1989;1989;LIX, 559, 1 br. p., 5 extratextos;Camões, Luís de, 1524-1580;;;"Pimpão, Álvaro J. da Costa, 1902-1984, Comentador de texto escrito ; Castro, Aníbal Pinto de, 1938-2010, Autor da apresentação";;;P.P. 19179 V.;CAM500;http://id.bnportugal.gov.pt/bib/catbnp/220128;Livre
7703;220128;1;201;2201281201;https://permalinkbnd.bnportugal.gov.pt/viewer/272672/?offset=#page=201&viewer=picture&o=info&n=0&q=;Imagens | 1747;Cantos - Cantos IX | 1758;Episódios - Audiência d’El-Rei D. Manuel a Gama | 1770;220128;https://purl.pt/43961;https://bndigital.bnportugal.gov.pt//i/?IIIF=/cd/57/7b/1a/cd577b1a-46b3-40c3-8f45-060aafb50cb2/iiif/cam-1719-v_0000_000001.tif/full/!300,500/0/default.jpg;Livro impresso;Português;;Os Lusíadas;;;2ª ed;Lisboa : Instituto de Cultura e Língua Portuguesa;1989;1989;LIX, 559, 1 br. p., 5 extratextos;Camões, Luís de, 1524-1580;;;"Pimpão, Álvaro J. da Costa, 1902-1984, Comentador de texto escrito ; Castro, Aníbal Pinto de, 1938-2010, Autor da apresentação";;;P.P. 19179 V.;CAM500;http://id.bnportugal.gov.pt/bib/catbnp/220128;Livre
7704;220128;1;307;2201281307;https://permalinkbnd.bnportugal.gov.pt/viewer/272672/?offset=#page=307&viewer=picture&o=info&n=0&q=;Imagens | 1747;Cantos - Cantos X | 1759;Episódios - Camões na gruta de Macau | 1760;220128;https://purl.pt/43961;https://bndigital.bnportugal.gov.pt//i/?IIIF=/cd/57/7b/1a/cd577b1a-46b3-40c3-8f45-060aafb50cb2/iiif/cam-1719-v_0000_000001.tif/full/!300,500/0/default.jpg;Livro impresso;Português;;Os Lusíadas;;;2ª ed;Lisboa : Instituto de Cultura e Língua Portuguesa;1989;1989;LIX, 559, 1 br. p., 5 extratextos;Camões, Luís de, 1524-1580;;;"Pimpão, Álvaro J. da Costa, 1902-1984, Comentador de texto escrito ; Castro, Aníbal Pinto de, 1938-2010, Autor da apresentação";;;P.P. 19179 V.;CAM500;http://id.bnportugal.gov.pt/bib/catbnp/220128;Livre
7705;453095;1;5;45309515;https://permalinkbnd.bnportugal.gov.pt/viewer/272668/?offset=#page=5&viewer=picture&o=info&n=0&q=;Imagens | 1747;Episódios | 1749;Episódios - Visita do Rei de Melinde a Gama | 1761;453095;https://purl.pt/44009;https://bndigital.bnportugal.gov.pt//i/?IIIF=/88/00/15/96/88001596-d055-4919-978a-2399ff1eeca4/iiif/cam-1776-v_0000_000001.tif/full/!300,500/0/default.jpg;Livro impresso;Português;;Rimas;;;1.ª ed.;Coimbra : Livraria Almedina;1994;1994;LXXIX, 3, 429, 3 p.;Camões, Luís de, 1524-1580;;;"Pimpão, Álvaro J. da Costa, 1902-1984, Adaptador ; Castro, Aníbal Pinto de, 1938-2010, Autor da apresentação";;;CAM. 1776 V.;CAM500;http://id.bnportugal.gov.pt/bib/catbnp/453095;Livre
7706;453095;1;63;453095163;https://permalinkbnd.bnportugal.gov.pt/viewer/272668/?offset=#page=63&viewer=picture&o=info&n=0&q=;Imagens | 1747;Cantos - Cantos I | 1750;"Episódios - Concílio ""Conselho dos Deuses"" | 1762";453095;https://purl.pt/44009;https://bndigital.bnportugal.gov.pt//i/?IIIF=/88/00/15/96/88001596-d055-4919-978a-2399ff1eeca4/iiif/cam-1776-v_0000_000001.tif/full/!300,500/0/default.jpg;Livro impresso;Português;;Rimas;;;1.ª ed.;Coimbra : Livraria Almedina;1994;1994;LXXIX, 3, 429, 3 p.;Camões, Luís de, 1524-1580;;;"Pimpão, Álvaro J. da Costa, 1902-1984, Adaptador ; Castro, Aníbal Pinto de, 1938-2010, Autor da apresentação";;;CAM. 1776 V.;CAM500;http://id.bnportugal.gov.pt/bib/catbnp/453095;Livre
7707;453095;1;65;453095165;https://permalinkbnd.bnportugal.gov.pt/viewer/272668/?offset=#page=65&viewer=picture&o=info&n=0&q=;Imagens | 1747;Cantos - Cantos II | 1751;Episódios - Sonho d'El-Rei D. Manuel, no qual lhe aparecem os rios Indo e Ganges | 1763;453095;https://purl.pt/44009;https://bndigital.bnportugal.gov.pt//i/?IIIF=/88/00/15/96/88001596-d055-4919-978a-2399ff1eeca4/iiif/cam-1776-v_0000_000001.tif/full/!300,500/0/default.jpg;Livro impresso;Português;;Rimas;;;1.ª ed.;Coimbra : Livraria Almedina;1994;1994;LXXIX, 3, 429, 3 p.;Camões, Luís de, 1524-1580;;;"Pimpão, Álvaro J. da Costa, 1902-1984, Adaptador ; Castro, Aníbal Pinto de, 1938-2010, Autor da apresentação";;;CAM. 1776 V.;CAM500;http://id.bnportugal.gov.pt/bib/catbnp/453095;Livre
7708;453095;1;203;4530951203;https://permalinkbnd.bnportugal.gov.pt/viewer/272668/?offset=#page=203&viewer=picture&o=info&n=0&q=;Imagens | 1747;Cantos - Cantos III | 1752;Episódios - Assassínio de Inês de Castro | 1764;453095;https://purl.pt/44009;https://bndigital.bnportugal.gov.pt//i/?IIIF=/88/00/15/96/88001596-d055-4919-978a-2399ff1eeca4/iiif/cam-1776-v_0000_000001.tif/full/!300,500/0/default.jpg;Livro impresso;Português;;Rimas;;;1.ª ed.;Coimbra : Livraria Almedina;1994;1994;LXXIX, 3, 429, 3 p.;Camões, Luís de, 1524-1580;;;"Pimpão, Álvaro J. da Costa, 1902-1984, Adaptador ; Castro, Aníbal Pinto de, 1938-2010, Autor da apresentação";;;CAM. 1776 V.;CAM500;http://id.bnportugal.gov.pt/bib/catbnp/453095;Livre
7709;453095;1;291;4530951291;https://permalinkbnd.bnportugal.gov.pt/viewer/272668/?offset=#page=291&viewer=picture&o=info&n=0&q=;Imagens | 1747;Cantos - Cantos IV | 1753;Episódios - Aparição do gigante Adamastor na passagem do Cabo de B. Esperança | 1765;453095;https://purl.pt/44009;https://bndigital.bnportugal.gov.pt//i/?IIIF=/88/00/15/96/88001596-d055-4919-978a-2399ff1eeca4/iiif/cam-1776-v_0000_000001.tif/full/!300,500/0/default.jpg;Livro impresso;Português;;Rimas;;;1.ª ed.;Coimbra : Livraria Almedina;1994;1994;LXXIX, 3, 429, 3 p.;Camões, Luís de, 1524-1580;;;"Pimpão, Álvaro J. da Costa, 1902-1984, Adaptador ; Castro, Aníbal Pinto de, 1938-2010, Autor da apresentação";;;CAM. 1776 V.;CAM500;http://id.bnportugal.gov.pt/bib/catbnp/453095;Livre
7710;453095;1;397;4530951397;https://permalinkbnd.bnportugal.gov.pt/viewer/272668/?offset=#page=397&viewer=picture&o=info&n=0&q=;Imagens | 1747;Cantos - Cantos V | 1754;Episódios - Vénus aplaca os Ventos e a tormenta | 1766;453095;https://purl.pt/44009;https://bndigital.bnportugal.gov.pt//i/?IIIF=/88/00/15/96/88001596-d055-4919-978a-2399ff1eeca4/iiif/cam-1776-v_0000_000001.tif/full/!300,500/0/default.jpg;Livro impresso;Português;;Rimas;;;1.ª ed.;Coimbra : Livraria Almedina;1994;1994;LXXIX, 3, 429, 3 p.;Camões, Luís de, 1524-1580;;;"Pimpão, Álvaro J. da Costa, 1902-1984, Adaptador ; Castro, Aníbal Pinto de, 1938-2010, Autor da apresentação";;;CAM. 1776 V.;CAM500;http://id.bnportugal.gov.pt/bib/catbnp/453095;Livre
7711;258477;1;10;258477110;https://permalinkbnd.bnportugal.gov.pt/viewer/277147/?offset=#page=10&viewer=picture&o=info&n=0&q=;Imagens | 1747;Cantos - Cantos VI | 1755;Episódios - Desembarque de Gama em Calecut | 1767;258477;https://purl.pt/44313;https://bndigital.bnportugal.gov.pt//i/?IIIF=/a4/b7/ce/b3/a4b7ceb3-bc54-4b5a-b635-9a5e1a659158/iiif/cam-180-p_0007.tif/full/!300,500/0/default.jpg;Livro impresso;Português;;Os Lusiadas;;;"Nova edição contendo: Advertencia e Vida de Luiz de Camões, por A. R. da Cruz Coutinho; Elogio de Luiz de Camões, por F. Dias Gomes; Juizo ácerca dos Lusiadas, por Barreto Feio; Noticia da viagem de Vasco da Gama á India; Index explicativo de algumas palavras empregadas no poema; e um Diccionario dos nomes proprios que se contéem nos Lusiadas";Porto : em Casa de A. R. da Cruz Coutinho;1881;1881;CXI, 1 br., 480 p.;Camões, Luís de, 1524-1580;;;"Coutinho, A. R. da Cruz, 1815-1885, Editor comercial ; Dias, Francisco Dias, 1745-1795, Editor literário ; Feio, José Vitorino Barreto, 1782-1850, Editor literário ; Barreto, João Franco, 1600-post. 1674, Editor literário";;Tipografia do Jornal do Porto, Impressor;CAM. 180 P.;CAM500;http://id.bnportugal.gov.pt/bib/catbnp/258477;Livre
7712;258485;1;11;258485111;https://permalinkbnd.bnportugal.gov.pt/viewer/276783/?offset=#page=11&viewer=picture&o=info&n=0&q=;Imagens | 1747;Cantos - Cantos VII | 1756;Episódios - Segunda Audiência do Samorim a Gama | 1768;258485;https://purl.pt/44277;https://bndigital.bnportugal.gov.pt//i/?IIIF=/ee/65/d1/e1/ee65d1e1-eabe-436f-9e2a-62c6e4d236bb/iiif/cam-182-p_0001.tif/full/!300,500/0/default.jpg;Livro impresso;Português;;Os Lusiadas;;;Edição revista e prefaciada por Theophilo Braga e illustrada com os retratos de Camões e Gama;Lisboa : Nova Livraria Internacional;1882;1882;"2 t. em 1 vol. 8, XX, 155; 4, 140 p.";Camões, Luís de, 1524-1580;;;"Braga, Teófilo, 1843-1924, Autor da introdução, etc. ; Bastos, Teixeira, 1856-1902, Autor da introdução, etc.";;Nova Livraria Internacional, Editor comercial;CAM. 182 P.;CAM500;http://id.bnportugal.gov.pt/bib/catbnp/258485;Livre
7713;258485;1;180;2584851180;https://permalinkbnd.bnportugal.gov.pt/viewer/276783/?offset=#page=180&viewer=picture&o=info&n=0&q=;Imagens | 1747;Cantos - Cantos VIII | 1757;Episódios - Ilha de Vénus | 1769;258485;https://purl.pt/44277;https://bndigital.bnportugal.gov.pt//i/?IIIF=/ee/65/d1/e1/ee65d1e1-eabe-436f-9e2a-62c6e4d236bb/iiif/cam-182-p_0001.tif/full/!300,500/0/default.jpg;Livro impresso;Português;;Os Lusiadas;;;Edição revista e prefaciada por Theophilo Braga e illustrada com os retratos de Camões e Gama;Lisboa : Nova Livraria Internacional;1882;1882;"2 t. em 1 vol. 8, XX, 155; 4, 140 p.";Camões, Luís de, 1524-1580;;;"Braga, Teófilo, 1843-1924, Autor da introdução, etc. ; Bastos, Teixeira, 1856-1902, Autor da introdução, etc.";;Nova Livraria Internacional, Editor comercial;CAM. 182 P.;CAM500;http://id.bnportugal.gov.pt/bib/catbnp/258485;Livre
7714;258492;1;5;25849215;https://permalinkbnd.bnportugal.gov.pt/viewer/276790/?offset=#page=5&viewer=picture&o=info&n=0&q=;Imagens | 1747;Cantos - Cantos IX | 1758;Episódios - Audiência d’El-Rei D. Manuel a Gama | 1770;258492;https://purl.pt/44285;https://bndigital.bnportugal.gov.pt//i/?IIIF=/b9/c8/02/fd/b9c802fd-5219-46bb-9b34-cd6702118015/iiif/cam-183-p_0001.tif/full/!300,500/0/default.jpg;Livro impresso;Português;;Os Lusiadas de Luiz de Camões;com Diccionario de todos os nomes próprios contidos no poema e uma crítica litteraria;;Edição das Escolas;Paris : Guillard, Aillaud & C.a : a venda nas principaes livrarias de Portugal e do Brazil;1882;1882;4, 536 p.;Camões, Luís de, 1524-1580;;;"Tasso, Torquato, 1544-1595, Autor ; Sousa, Paulino de, ca. 18--, Editor literário ; Aquino, Tomás José de, 1718/20-1804, Editor literário ; Barreto, João Franco, 1600-post. 1674, Editor literário";;"Guillard, Aillaud, Editor comercial ; Pillet e Dumoulin, Impressor";CAM. 183 P.;CAM500;http://id.bnportugal.gov.pt/bib/catbnp/258492;Livre
7715;258492;1;6;25849216;https://permalinkbnd.bnportugal.gov.pt/viewer/276790/?offset=#page=6&viewer=picture&o=info&n=0&q=;Imagens | 1747;Cantos - Cantos X | 1759;Episódios - Camões na gruta de Macau | 1760;258492;https://purl.pt/44285;https://bndigital.bnportugal.gov.pt//i/?IIIF=/b9/c8/02/fd/b9c802fd-5219-46bb-9b34-cd6702118015/iiif/cam-183-p_0001.tif/full/!300,500/0/default.jpg;Livro impresso;Português;;Os Lusiadas de Luiz de Camões;com Diccionario de todos os nomes próprios contidos no poema e uma crítica litteraria;;Edição das Escolas;Paris : Guillard, Aillaud & C.a : a venda nas principaes livrarias de Portugal e do Brazil;1882;1882;4, 536 p.;Camões, Luís de, 1524-1580;;;"Tasso, Torquato, 1544-1595, Autor ; Sousa, Paulino de, ca. 18--, Editor literário ; Aquino, Tomás José de, 1718/20-1804, Editor literário ; Barreto, João Franco, 1600-post. 1674, Editor literário";;"Guillard, Aillaud, Editor comercial ; Pillet e Dumoulin, Impressor";CAM. 183 P.;CAM500;http://id.bnportugal.gov.pt/bib/catbnp/258492;Livre
7716;252303;1;4;25230314;https://permalinkbnd.bnportugal.gov.pt/viewer/276785/?offset=#page=4&viewer=picture&o=info&n=0&q=;Imagens | 1747;Cantos | 1748;Episódios - Visita do Rei de Melinde a Gama | 1761;252303;https://purl.pt/44282;https://bndigital.bnportugal.gov.pt//i/?IIIF=/d0/dd/45/79/d0dd4579-ee23-44db-963a-7d1cd10ff29f/iiif/cam-187-p_0001.tif/full/!300,500/0/default.jpg;Livro impresso;Português;;Os Lusiadas;;;Edição revista e prefaciada por Theophilo Braga e illustrada com os retratos de Luiz de Camões e Vasco da Gama;Lisboa : Pereira & Amorim;1881;1881;"2 t. em 1 vol. 155, 1 br., 1, 1 br.; 140, 3, 1 br. p.";Camões, Luís de, 1524-1580;;;Braga, Teófilo, 1843-1924, Autor da introdução, etc.;;Pereira & Amorim, Impressor;CAM. 187 P.;CAM500;http://id.bnportugal.gov.pt/bib/catbnp/252303;Livre
7717;252303;1;162;2523031162;https://permalinkbnd.bnportugal.gov.pt/viewer/276785/?offset=#page=162&viewer=picture&o=info&n=0&q=;Imagens | 1747;Cantos | 1748;"Episódios - Concílio ""Conselho dos Deuses"" | 1762";252303;https://purl.pt/44282;https://bndigital.bnportugal.gov.pt//i/?IIIF=/d0/dd/45/79/d0dd4579-ee23-44db-963a-7d1cd10ff29f/iiif/cam-187-p_0001.tif/full/!300,500/0/default.jpg;Livro impresso;Português;;Os Lusiadas;;;Edição revista e prefaciada por Theophilo Braga e illustrada com os retratos de Luiz de Camões e Vasco da Gama;Lisboa : Pereira & Amorim;1881;1881;"2 t. em 1 vol. 155, 1 br., 1, 1 br.; 140, 3, 1 br. p.";Camões, Luís de, 1524-1580;;;Braga, Teófilo, 1843-1924, Autor da introdução, etc.;;Pereira & Amorim, Impressor;CAM. 187 P.;CAM500;http://id.bnportugal.gov.pt/bib/catbnp/252303;Livre
7718;258529;1;6;25852916;https://permalinkbnd.bnportugal.gov.pt/viewer/276792/?offset=#page=6&viewer=picture&o=info&n=0&q=;Imagens | 1747;Episódios | 1749;Episódios - Sonho d'El-Rei D. Manuel, no qual lhe aparecem os rios Indo e Ganges | 1763;258529;https://purl.pt/44284;https://bndigital.bnportugal.gov.pt//i/?IIIF=/06/64/fc/d8/0664fcd8-c423-4f90-a95b-e11a646bfe81/iiif/cam-189-p_0007.tif/full/!300,500/0/default.jpg;Livro impresso;Português;;Os Lusiadas;;;Nova edição, cuidadosamente revista e conforme ás de 1572, precedida duma biographia do poeta, escripta pelo sr. Innocencio Francisco da Silva, seguida d´um diccionario dos nomes proprios, historicos, geographicos e mythologicos, que se encontram no poema, adornada com o retrato de Camões, e com uma estampa do padrão levantado por Vasco da Gama em Melinde;Lisboa : Livraria de Antonio Maria Pereira;1882;1882;XVIII, 457, 1 br., 6 p., 2 estampas;Camões, Luís de, 1524-1580;;;"Silva, Inocêncio Francisco da, 1810-1876, Autor da introdução, etc. ; Barreto, João Franco, 1600-post. 1674, Comentador de texto escrito ; Pereira, António Maria, 1856-1898, Editor comercial ; Rodrigues, Cristovão Augusto, 18---19--, Impressor";;;L. 12978 P.;CAM500;http://id.bnportugal.gov.pt/bib/catbnp/258529;Livre
7719;397744;1;10;397744110;https://permalinkbnd.bnportugal.gov.pt/viewer/279509/?offset=#page=10&viewer=picture&o=info&n=0&q=;Imagens | 1747;Cantos - Cantos I | 1750;Episódios - Assassínio de Inês de Castro | 1764;397744;https://purl.pt/45110;https://bndigital.bnportugal.gov.pt//i/?IIIF=/7f/1f/c3/40/7f1fc340-c330-4761-bc8c-248c1c596ebd/iiif/cam-1901-v_0011.tif/full/!300,500/0/default.jpg;Livro impresso;Português;;Apparição do gigante Adamastor a Vasco da Gama;episodio extrahido ... dos Lusiadas ...;;1.ª ed.;"Porto : Empreza do Seminário ""O Camöes""";1883;1883;15 p.;Camões, Luís de, 1524-1580;;;"Vilhena, Ernesto Jardim de, 1876-1967, Antigo possuidor ; Lopes, António Vieira, ca 18--, Autor da introdução, etc.";;;CAM. 76//3 V.;CAM500;http://id.bnportugal.gov.pt/bib/catbnp/397744;Livre
7720;382847;1;10;382847110;https://permalinkbnd.bnportugal.gov.pt/viewer/279502/?offset=#page=10&viewer=picture&o=info&n=0&q=;Imagens | 1747;Cantos - Cantos II | 1751;Episódios - Aparição do gigante Adamastor na passagem do Cabo de B. Esperança | 1765;382847;https://purl.pt/45100;https://bndigital.bnportugal.gov.pt//i/?IIIF=/73/ca/76/c7/73ca76c7-4e5e-416c-ac00-7db7ae9a8ec5/iiif/cam-1903-v_0011.tif/full/!300,500/0/default.jpg;Livro impresso;Português;;Camoneana Académica;a Camões, os estudantes do Porto em Junho de 1880...;;1.ª ed.;Porto : Imp. Comercial;1880;1880;56 p.;;;;;;;CAM. 383//6 V.;CAM500;http://id.bnportugal.gov.pt/bib/catbnp/382847;Livre
7721;1072941;1;11;1072941111;https://permalinkbnd.bnportugal.gov.pt/viewer/279513/?offset=#page=11&viewer=picture&o=info&n=0&q=;Imagens | 1747;Cantos - Cantos III | 1752;Episódios - Vénus aplaca os Ventos e a tormenta | 1766;1072941;https://purl.pt/45115;https://bndigital.bnportugal.gov.pt//i/?IIIF=/1d/ec/23/82/1dec2382-4086-4ea6-bdde-935a2fdf4f94/iiif/cam-1922-v_0011.tif/full/!300,500/0/default.jpg;Livro impresso;Neerlandês;;Ines de Castro;treurspel;;1.ª ed.;Amsterdam : Johannes Allart;1793;1793;VI, 4, 103 p.;Feith, Rhijnvis, 1753-1824;;;"Vinkeles, Reinier, 1741-1816, Gravador ; Allart, Johannes, 1754-1816, Impressor";;;CAM. 1922 V.;CAM500;http://id.bnportugal.gov.pt/bib/catbnp/1072941;Livre
7722;1072941;1;21;1072941121;https://permalinkbnd.bnportugal.gov.pt/viewer/279513/?offset=#page=21&viewer=picture&o=info&n=0&q=;Imagens | 1747;Cantos - Cantos IV | 1753;Episódios - Desembarque de Gama em Calecut | 1767;1072941;https://purl.pt/45115;https://bndigital.bnportugal.gov.pt//i/?IIIF=/1d/ec/23/82/1dec2382-4086-4ea6-bdde-935a2fdf4f94/iiif/cam-1922-v_0011.tif/full/!300,500/0/default.jpg;Livro impresso;Neerlandês;;Ines de Castro;treurspel;;1.ª ed.;Amsterdam : Johannes Allart;1793;1793;VI, 4, 103 p.;Feith, Rhijnvis, 1753-1824;;;"Vinkeles, Reinier, 1741-1816, Gravador ; Allart, Johannes, 1754-1816, Impressor";;;CAM. 1922 V.;CAM500;http://id.bnportugal.gov.pt/bib/catbnp/1072941;Livre
7723;1073970;1;7;107397017;https://permalinkbnd.bnportugal.gov.pt/viewer/279512/?offset=#page=7&viewer=picture&o=info&n=0&q=;Imagens | 1747;Cantos - Cantos V | 1754;Episódios - Segunda Audiência do Samorim a Gama | 1768;1073970;https://purl.pt/45107;https://bndigital.bnportugal.gov.pt//i/?IIIF=/0f/2b/9e/5e/0f2b9e5e-a746-407d-82e7-f13f0cf94439/iiif/cam-1925-v_0005.tif/full/!300,500/0/default.jpg;Livro impresso;Italiano;;Italia drammatica;dramma in cinque atti ed epilogo;;1.ª ed.;Torino : Tip. Italiana : alle libr. Fontana, Schiepatti, Magnaghi, Giannini e Fiore, Toscanelli;1851;1851;30 p.;Fortis, Leone, 1824?-1898;;;;;;CAM. 1925 V.;CAM500;http://id.bnportugal.gov.pt/bib/catbnp/1073970;Livre
7724;258643;1;10;258643110;https://permalinkbnd.bnportugal.gov.pt/viewer/276787/?offset=#page=10&viewer=picture&o=info&n=0&q=;Imagens | 1747;Cantos - Cantos VI | 1755;Episódios - Ilha de Vénus | 1769;258643;https://purl.pt/44283;https://bndigital.bnportugal.gov.pt//i/?IIIF=/f3/af/6e/48/f3af6e48-13e7-4578-bdde-48afb7f26984/iiif/cam-193-p_0007.tif/full/!300,500/0/default.jpg;Livro impresso;Português;;Os Lusiadas;poema epico;;1.ª ed.;"Rio de Janeiro ; ; Pariz : H. Garnier";1899;1899;XXXIII, 1 br., 464, 1 p., 1 estampa;Camões, Luís de, 1524-1580;;;"Pinheiro, Fernandes, 1825-1876, Autor da introdução, etc. ; Veríssimo, José, 1857-1916, Autor da introdução, etc. ; Garnier, Hippolyte, 1816-1911, Editor comercial";;;CAM. 193 P.;CAM500;http://id.bnportugal.gov.pt/bib/catbnp/258643;Livre
7725;1725327;1;1;172532711;https://permalinkbnd.bnportugal.gov.pt/viewer/275409/?offset=#page=1&viewer=picture&o=info&n=0&q=;Imagens | 1747;Cantos - Cantos VII | 1756;Episódios - Audiência d’El-Rei D. Manuel a Gama | 1770;1725327;https://purl.pt/43985;https://bndigital.bnportugal.gov.pt//i/?IIIF=/50/a8/ba/84/50a8ba84-490a-495e-8d3d-d157e59d9fa6/iiif/cam-2038-v_0001.tif/full/!300,500/0/default.jpg;Livro impresso;Italiano;;Luigi Camoens;dramma in quattro atti di Giacomo Riccio;;1.ª ed.;Napoli : Stabilimento Tipografico Seguin, strada Banchi Nuovi, 13;1842;1842;19, 1 br. p.;Riccio, Giacomo, 18--;;;;;;CAM. 2038 V.;CAM500;http://id.bnportugal.gov.pt/bib/catbnp/1725327;Livre
7726;388329;1;14;388329114;https://permalinkbnd.bnportugal.gov.pt/viewer/273746/?offset=#page=14&viewer=picture&o=info&n=0&q=;Imagens | 1747;Cantos - Cantos VIII | 1757;Episódios - Camões na gruta de Macau | 1760;388329;https://purl.pt/44029;https://bndigital.bnportugal.gov.pt//i/?IIIF=/cb/a6/8a/40/cba68a40-0fbd-4463-ab68-fb1a21c26eeb/iiif/cam-206-v_0000_000007.tif/full/!300,500/0/default.jpg;Livro impresso;Português;;Vasco da Gama e a Vidigueira;;;1.ª ed.;Lisboa : Imprensa Nacional;1898;1898;XXXVII, 3, 303, 1 br. p., 10 extratextos, desdobr., mapas;Aragão, Augusto Carlos Teixeira de, 1823-1903;;;Vilhena, Ernesto Jardim de, 1876-1967, Antigo possuidor;;Sociedade de Geografia de Lisboa, Nome associado;H.G. 4333 V.;CAM500;http://id.bnportugal.gov.pt/bib/catbnp/388329;Livre
7727;388329;1;74;388329174;https://permalinkbnd.bnportugal.gov.pt/viewer/273746/?offset=#page=74&viewer=picture&o=info&n=0&q=;Imagens | 1747;Cantos - Cantos IX | 1758;Episódios - Visita do Rei de Melinde a Gama | 1761;388329;https://purl.pt/44029;https://bndigital.bnportugal.gov.pt//i/?IIIF=/cb/a6/8a/40/cba68a40-0fbd-4463-ab68-fb1a21c26eeb/iiif/cam-206-v_0000_000007.tif/full/!300,500/0/default.jpg;Livro impresso;Português;;Vasco da Gama e a Vidigueira;;;1.ª ed.;Lisboa : Imprensa Nacional;1898;1898;XXXVII, 3, 303, 1 br. p., 10 extratextos, desdobr., mapas;Aragão, Augusto Carlos Teixeira de, 1823-1903;;;Vilhena, Ernesto Jardim de, 1876-1967, Antigo possuidor;;Sociedade de Geografia de Lisboa, Nome associado;H.G. 4333 V.;CAM500;http://id.bnportugal.gov.pt/bib/catbnp/388329;Livre
7728;388329;1;89;388329189;https://permalinkbnd.bnportugal.gov.pt/viewer/273746/?offset=#page=89&viewer=picture&o=info&n=0&q=;Imagens | 1747;Cantos - Cantos X | 1759;"Episódios - Concílio ""Conselho dos Deuses"" | 1762";388329;https://purl.pt/44029;https://bndigital.bnportugal.gov.pt//i/?IIIF=/cb/a6/8a/40/cba68a40-0fbd-4463-ab68-fb1a21c26eeb/iiif/cam-206-v_0000_000007.tif/full/!300,500/0/default.jpg;Livro impresso;Português;;Vasco da Gama e a Vidigueira;;;1.ª ed.;Lisboa : Imprensa Nacional;1898;1898;XXXVII, 3, 303, 1 br. p., 10 extratextos, desdobr., mapas;Aragão, Augusto Carlos Teixeira de, 1823-1903;;;Vilhena, Ernesto Jardim de, 1876-1967, Antigo possuidor;;Sociedade de Geografia de Lisboa, Nome associado;H.G. 4333 V.;CAM500;http://id.bnportugal.gov.pt/bib/catbnp/388329;Livre
7729;388329;1;103;3883291103;https://permalinkbnd.bnportugal.gov.pt/viewer/273746/?offset=#page=103&viewer=picture&o=info&n=0&q=;Imagens | 1747;Episódios | 1749;Episódios - Sonho d'El-Rei D. Manuel, no qual lhe aparecem os rios Indo e Ganges | 1763;388329;https://purl.pt/44029;https://bndigital.bnportugal.gov.pt//i/?IIIF=/cb/a6/8a/40/cba68a40-0fbd-4463-ab68-fb1a21c26eeb/iiif/cam-206-v_0000_000007.tif/full/!300,500/0/default.jpg;Livro impresso;Português;;Vasco da Gama e a Vidigueira;;;1.ª ed.;Lisboa : Imprensa Nacional;1898;1898;XXXVII, 3, 303, 1 br. p., 10 extratextos, desdobr., mapas;Aragão, Augusto Carlos Teixeira de, 1823-1903;;;Vilhena, Ernesto Jardim de, 1876-1967, Antigo possuidor;;Sociedade de Geografia de Lisboa, Nome associado;H.G. 4333 V.;CAM500;http://id.bnportugal.gov.pt/bib/catbnp/388329;Livre
7730;1951715;1;10;1951715110;https://permalinkbnd.bnportugal.gov.pt/viewer/275415/?offset=#page=10&viewer=picture&o=info&n=0&q=;Imagens | 1747;Cantos - Cantos I | 1750;Episódios - Assassínio de Inês de Castro | 1764;1951715;https://purl.pt/43981;https://bndigital.bnportugal.gov.pt//i/?IIIF=/02/c2/b2/f7/02c2b2f7-35e0-47f1-8687-16a440c04cdb/iiif/cam-2123-v_0006.tif/full/!300,500/0/default.jpg;Livro impresso;Francês;;Camoëns, drame historique en cinq actes;;;1.ª ed.;A Paris : chez Barba, Libraire, Palais-Royal : chez Bezou, boulevart Saint-Martin;1829;1829;6, 135, 1 br. p.;Martin-Deslandes, 18--;;;Ferreira, J. Pinto, Antigo possuidor;;;CAM. 2123 V.;CAM500;http://id.bnportugal.gov.pt/bib/catbnp/1951715;Livre
7731;252438;1;5;25243815;https://permalinkbnd.bnportugal.gov.pt/viewer/277335/?offset=#page=5&viewer=picture&o=info&n=0&q=;Imagens | 1747;Cantos - Cantos II | 1751;Episódios - Aparição do gigante Adamastor na passagem do Cabo de B. Esperança | 1765;252438;https://purl.pt/44317;https://bndigital.bnportugal.gov.pt//i/?IIIF=/bf/89/eb/26/bf89eb26-5b3e-47b7-9d40-2d548d1b57ae/iiif/cam-213-a_0005.tif/full/!300,500/0/default.jpg;Livro impresso;Português;;O Litterario;homenagem a Camões, 10 de Junho de 1880;;1.ª ed.;Porto : Typ. da Palavra;1880;1880;p. 77 - 84;;;;;;;CAM. 213 A.;CAM500;http://id.bnportugal.gov.pt/bib/catbnp/252438;Livre
7732;259140;1;8;25914018;https://permalinkbnd.bnportugal.gov.pt/viewer/273811/?offset=#page=8&viewer=picture&o=info&n=0&q=;Imagens | 1747;Cantos - Cantos III | 1752;Episódios - Vénus aplaca os Ventos e a tormenta | 1766;259140;https://purl.pt/44110;https://bndigital.bnportugal.gov.pt//i/?IIIF=/19/18/83/ae/191883ae-fa38-402d-984c-48c1d84f9eb5/iiif/cam-218-p_0000_000005.tif/full/!300,500/0/default.jpg;Livro impresso;Francês;;La Lusiade de Louis Camoens poëme héroïque en dix chants, traduit du portugais, avec des notes et la vie de lauteur, par La Harpe, de LAcadémie française;;;1.ª ed.;A Paris : chez Verdière, Libraire;1820;1820;316 p., 1 f. il.;Camões, Luís de, 1524-1580;;;"La Harpe, Jean François de, 1739-1803, Tradutor ; Gérard, François, 1770-1837, Ilustrador ; Roger, Barthèlemy, Ilustrador";;;CAM. 218 P.;CAM500;http://id.bnportugal.gov.pt/bib/catbnp/259140;Livre
7733;855528;1;49;855528149;https://permalinkbnd.bnportugal.gov.pt/viewer/273796/?offset=#page=49&viewer=picture&o=info&n=0&q=;Imagens | 1747;Cantos - Cantos IV | 1753;Episódios - Desembarque de Gama em Calecut | 1767;855528;https://purl.pt/43963;https://bndigital.bnportugal.gov.pt//i/?IIIF=/d9/93/1f/03/d9931f03-be6a-4bc5-9e87-a558fd32b07b/iiif/cam-219-v_0000_000011.tif/full/!300,500/0/default.jpg;Livro impresso;"Português ; Espanhol ; Italiano ; Francês ; Alemão ; Inglês";;Lembrança do quarto centenario do descobrimento da India;offerecida á Marinha e composta dos trechos que mais se prendem com o assumpto, tirados do poema de Luiz de Camões Os Lusiadas...;;1.ª ed.;Lisboa : Typographia Castro Irmão;1898;1898;48 p.;Camões, Luís de, 1524-1580;;;"Sá, Ernesto Moreira de, 1841-1915, Compilador ; Gómez de Tapia, Luis, 15--, Tradutor ; Briccolani, A., Tradutor ; Cool, A. de, Tradutor ; Storck, Wilhelm, 1829-1905, Tradutor ; Aubertin, John James, ca 1878, Tradutor";;;CAM. 219 V.;CAM500;http://id.bnportugal.gov.pt/bib/catbnp/855528;Livre
7734;855528;1;51;855528151;https://permalinkbnd.bnportugal.gov.pt/viewer/273796/?offset=#page=51&viewer=picture&o=info&n=0&q=;Imagens | 1747;Cantos - Cantos V | 1754;Episódios - Segunda Audiência do Samorim a Gama | 1768;855528;https://purl.pt/43963;https://bndigital.bnportugal.gov.pt//i/?IIIF=/d9/93/1f/03/d9931f03-be6a-4bc5-9e87-a558fd32b07b/iiif/cam-219-v_0000_000011.tif/full/!300,500/0/default.jpg;Livro impresso;"Português ; Espanhol ; Italiano ; Francês ; Alemão ; Inglês";;Lembrança do quarto centenario do descobrimento da India;offerecida á Marinha e composta dos trechos que mais se prendem com o assumpto, tirados do poema de Luiz de Camões Os Lusiadas...;;1.ª ed.;Lisboa : Typographia Castro Irmão;1898;1898;48 p.;Camões, Luís de, 1524-1580;;;"Sá, Ernesto Moreira de, 1841-1915, Compilador ; Gómez de Tapia, Luis, 15--, Tradutor ; Briccolani, A., Tradutor ; Cool, A. de, Tradutor ; Storck, Wilhelm, 1829-1905, Tradutor ; Aubertin, John James, ca 1878, Tradutor";;;CAM. 219 V.;CAM500;http://id.bnportugal.gov.pt/bib/catbnp/855528;Livre
7735;381381;1;10;381381110;https://permalinkbnd.bnportugal.gov.pt/viewer/273101/?offset=#page=10&viewer=picture&o=info&n=0&q=;Imagens | 1747;Cantos - Cantos VI | 1755;Episódios - Ilha de Vénus | 1769;381381;https://purl.pt/44010;https://bndigital.bnportugal.gov.pt//i/?IIIF=/40/11/2b/50/40112b50-448a-4af8-9acf-f37ad3446f4e/iiif/cam-23-a_0000_000007.tif/full/!300,500/0/default.jpg;Livro impresso;Português;;Os Lusiadas;;;Edição commemorativa do terceiro centenario do poeta, constando de cincoenta e dous exemplares numerados;Lisboa : David Corazzi;1880;1880;XXV, 1 br., 401, 3 p.;Camões, Luís de, 1524-1580;;;Coelho, Latino, 1825-1891, Autor da introdução, etc.;;;CAM. 23 A.;CAM500;http://id.bnportugal.gov.pt/bib/catbnp/381381;Livre
7736;259434;1;10;259434110;https://permalinkbnd.bnportugal.gov.pt/viewer/277366/?offset=#page=10&viewer=picture&o=info&n=0&q=;Imagens | 1747;Cantos - Cantos VII | 1756;Episódios - Audiência d’El-Rei D. Manuel a Gama | 1770;259434;https://purl.pt/44331;https://bndigital.bnportugal.gov.pt//i/?IIIF=/70/61/0b/88/70610b88-fdc0-4a58-8c43-3c1c039be1d0/iiif/cam-231-p_0011.tif/full/!300,500/0/default.jpg;Livro impresso;Italiano;;La Lusiade o sia la scorpeta delle Inde Orientali fatta da Portoghesi;;;Ed. ora nello stesso metro tradotta in italiano da N.N. piemontese;Torino : presso li Fratelli Reycends;1772;1772;XXVI, 2, 304 p.;Camões, Luís de, 1524-1580;;;Gazzano, Miguel Antonio, Tradutor;;;CAM. 231 P.;CAM500;http://id.bnportugal.gov.pt/bib/catbnp/259434;Livre
7737;913393;1;9;91339319;https://permalinkbnd.bnportugal.gov.pt/viewer/277369/?offset=#page=9&viewer=picture&o=info&n=0&q=;Imagens | 1747;Cantos - Cantos VIII | 1757;Episódios - Camões na gruta de Macau | 1760;913393;https://purl.pt/44332;https://bndigital.bnportugal.gov.pt//i/?IIIF=/44/70/7d/ae/44707dae-1515-4f2b-b542-18a686f168ae/iiif/cam-239-a_0005.tif/full/!300,500/0/default.jpg;Iconografia;Português;;Retrato de Luiz de Camões;;;Edição comemorativa do terceiro aniversário do mesmo tri-centenário;Lisboa : Tip. Castro e Irmão;1883;1883;1 gravura;;;;;;;CAM. 239 A.;CAM500;http://id.bnportugal.gov.pt/bib/catbnp/913393;Livre
7738;857274;1;15;857274115;https://permalinkbnd.bnportugal.gov.pt/viewer/277364/?offset=#page=15&viewer=picture&o=info&n=0&q=;Imagens | 1747;Cantos - Cantos IX | 1758;Episódios - Visita do Rei de Melinde a Gama | 1761;857274;https://purl.pt/44333;https://bndigital.bnportugal.gov.pt//i/?IIIF=/54/e8/00/ca/54e800ca-57fe-479c-b5d6-d323741af2db/iiif/cam-240-v_0005.tif/full/!300,500/0/default.jpg;Livro impresso;Português;;Os Lusiadas;;;Facsimile da 1ª ed;Lisboa : Joaquim Eusébio dos Santos;1887;1887;8 p., 2, 186 f.;Camões, Luís de, 1524-1580;;;Braga, Teófilo, 1843-1924, Autor da introdução, etc.;;;CAM. 240 V.;CAM500;http://id.bnportugal.gov.pt/bib/catbnp/857274;Livre
7739;259614;1;8;25961418;https://permalinkbnd.bnportugal.gov.pt/viewer/277455/?offset=#page=8&viewer=picture&o=info&n=0&q=;Imagens | 1747;Cantos - Cantos X | 1759;"Episódios - Concílio ""Conselho dos Deuses"" | 1762";259614;https://purl.pt/44365;https://bndigital.bnportugal.gov.pt//i/?IIIF=/04/d1/9d/f6/04d19df6-e82d-44ac-acff-fa6136899404/iiif/cam-258-p_0001.tif/full/!300,500/0/default.jpg;Livro impresso;Alemão;;Die Lusiaden;epische díchtung;;1.ª ed.;Leipzig : Arnoldische Buchhandung;1854;1854;LXXXVIII, 532 p., 2 f. il.;Camões, Luís de, 1524-1580;;;Fonseca, José da, 1788-1866, Compilador;;;CAM. 258 P.;CAM500;http://id.bnportugal.gov.pt/bib/catbnp/259614;Livre
7740;259614;1;77;259614177;https://permalinkbnd.bnportugal.gov.pt/viewer/277455/?offset=#page=77&viewer=picture&o=info&n=0&q=;Imagens | 1747;Cantos | 1748;Episódios - Sonho d'El-Rei D. Manuel, no qual lhe aparecem os rios Indo e Ganges | 1763;259614;https://purl.pt/44365;https://bndigital.bnportugal.gov.pt//i/?IIIF=/04/d1/9d/f6/04d19df6-e82d-44ac-acff-fa6136899404/iiif/cam-258-p_0001.tif/full/!300,500/0/default.jpg;Livro impresso;Alemão;;Die Lusiaden;epische díchtung;;1.ª ed.;Leipzig : Arnoldische Buchhandung;1854;1854;LXXXVIII, 532 p., 2 f. il.;Camões, Luís de, 1524-1580;;;Fonseca, José da, 1788-1866, Compilador;;;CAM. 258 P.;CAM500;http://id.bnportugal.gov.pt/bib/catbnp/259614;Livre
7741;381386;1;23;381386123;https://permalinkbnd.bnportugal.gov.pt/viewer/273117/?offset=#page=23&viewer=picture&o=info&n=0&q=;Imagens | 1747;Cantos | 1748;Episódios - Assassínio de Inês de Castro | 1764;381386;https://purl.pt/44012;https://bndigital.bnportugal.gov.pt//i/?IIIF=/5b/5f/ee/bc/5b5feebc-6c0c-4b38-a9d5-dc89df1678f7/iiif/cam-26-a_0000_000007.tif/full/!300,500/0/default.jpg;Livro impresso;Português;;Homenagem a Camões;grande edição manuscripta dos Lusiadas pelos contemporaneos illustres de Portugal e Brazil;;1.ª ed.;Lisboa : Tip. Elzeviriana;1883;1883;XV, 1 br., 288 p.;Camões, Luís de, 1524-1580;;;"Braga, Teófilo, 1843-1924, Director ; Chagas, Pinheiro, 1842-1895, Autor da introdução, etc.";;;CAM. 26 A.;CAM500;http://id.bnportugal.gov.pt/bib/catbnp/381386;Livre
7742;381386;1;79;381386179;https://permalinkbnd.bnportugal.gov.pt/viewer/273117/?offset=#page=79&viewer=picture&o=info&n=0&q=;Imagens | 1747;Episódios | 1749;Episódios - Aparição do gigante Adamastor na passagem do Cabo de B. Esperança | 1765;381386;https://purl.pt/44012;https://bndigital.bnportugal.gov.pt//i/?IIIF=/5b/5f/ee/bc/5b5feebc-6c0c-4b38-a9d5-dc89df1678f7/iiif/cam-26-a_0000_000007.tif/full/!300,500/0/default.jpg;Livro impresso;Português;;Homenagem a Camões;grande edição manuscripta dos Lusiadas pelos contemporaneos illustres de Portugal e Brazil;;1.ª ed.;Lisboa : Tip. Elzeviriana;1883;1883;XV, 1 br., 288 p.;Camões, Luís de, 1524-1580;;;"Braga, Teófilo, 1843-1924, Director ; Chagas, Pinheiro, 1842-1895, Autor da introdução, etc.";;;CAM. 26 A.;CAM500;http://id.bnportugal.gov.pt/bib/catbnp/381386;Livre
7743;381386;1;139;3813861139;https://permalinkbnd.bnportugal.gov.pt/viewer/273117/?offset=#page=139&viewer=picture&o=info&n=0&q=;Imagens | 1747;Cantos - Cantos I | 1750;Episódios - Vénus aplaca os Ventos e a tormenta | 1766;381386;https://purl.pt/44012;https://bndigital.bnportugal.gov.pt//i/?IIIF=/5b/5f/ee/bc/5b5feebc-6c0c-4b38-a9d5-dc89df1678f7/iiif/cam-26-a_0000_000007.tif/full/!300,500/0/default.jpg;Livro impresso;Português;;Homenagem a Camões;grande edição manuscripta dos Lusiadas pelos contemporaneos illustres de Portugal e Brazil;;1.ª ed.;Lisboa : Tip. Elzeviriana;1883;1883;XV, 1 br., 288 p.;Camões, Luís de, 1524-1580;;;"Braga, Teófilo, 1843-1924, Director ; Chagas, Pinheiro, 1842-1895, Autor da introdução, etc.";;;CAM. 26 A.;CAM500;http://id.bnportugal.gov.pt/bib/catbnp/381386;Livre
7744;381386;1;141;3813861141;https://permalinkbnd.bnportugal.gov.pt/viewer/273117/?offset=#page=141&viewer=picture&o=info&n=0&q=;Imagens | 1747;Cantos - Cantos II | 1751;Episódios - Desembarque de Gama em Calecut | 1767;381386;https://purl.pt/44012;https://bndigital.bnportugal.gov.pt//i/?IIIF=/5b/5f/ee/bc/5b5feebc-6c0c-4b38-a9d5-dc89df1678f7/iiif/cam-26-a_0000_000007.tif/full/!300,500/0/default.jpg;Livro impresso;Português;;Homenagem a Camões;grande edição manuscripta dos Lusiadas pelos contemporaneos illustres de Portugal e Brazil;;1.ª ed.;Lisboa : Tip. Elzeviriana;1883;1883;XV, 1 br., 288 p.;Camões, Luís de, 1524-1580;;;"Braga, Teófilo, 1843-1924, Director ; Chagas, Pinheiro, 1842-1895, Autor da introdução, etc.";;;CAM. 26 A.;CAM500;http://id.bnportugal.gov.pt/bib/catbnp/381386;Livre
7745;381386;1;213;3813861213;https://permalinkbnd.bnportugal.gov.pt/viewer/273117/?offset=#page=213&viewer=picture&o=info&n=0&q=;Imagens | 1747;Cantos - Cantos III | 1752;Episódios - Segunda Audiência do Samorim a Gama | 1768;381386;https://purl.pt/44012;https://bndigital.bnportugal.gov.pt//i/?IIIF=/5b/5f/ee/bc/5b5feebc-6c0c-4b38-a9d5-dc89df1678f7/iiif/cam-26-a_0000_000007.tif/full/!300,500/0/default.jpg;Livro impresso;Português;;Homenagem a Camões;grande edição manuscripta dos Lusiadas pelos contemporaneos illustres de Portugal e Brazil;;1.ª ed.;Lisboa : Tip. Elzeviriana;1883;1883;XV, 1 br., 288 p.;Camões, Luís de, 1524-1580;;;"Braga, Teófilo, 1843-1924, Director ; Chagas, Pinheiro, 1842-1895, Autor da introdução, etc.";;;CAM. 26 A.;CAM500;http://id.bnportugal.gov.pt/bib/catbnp/381386;Livre
7746;381386;1;215;3813861215;https://permalinkbnd.bnportugal.gov.pt/viewer/273117/?offset=#page=215&viewer=picture&o=info&n=0&q=;Imagens | 1747;Cantos - Cantos IV | 1753;Episódios - Ilha de Vénus | 1769;381386;https://purl.pt/44012;https://bndigital.bnportugal.gov.pt//i/?IIIF=/5b/5f/ee/bc/5b5feebc-6c0c-4b38-a9d5-dc89df1678f7/iiif/cam-26-a_0000_000007.tif/full/!300,500/0/default.jpg;Livro impresso;Português;;Homenagem a Camões;grande edição manuscripta dos Lusiadas pelos contemporaneos illustres de Portugal e Brazil;;1.ª ed.;Lisboa : Tip. Elzeviriana;1883;1883;XV, 1 br., 288 p.;Camões, Luís de, 1524-1580;;;"Braga, Teófilo, 1843-1924, Director ; Chagas, Pinheiro, 1842-1895, Autor da introdução, etc.";;;CAM. 26 A.;CAM500;http://id.bnportugal.gov.pt/bib/catbnp/381386;Livre
7747;381386;1;269;3813861269;https://permalinkbnd.bnportugal.gov.pt/viewer/273117/?offset=#page=269&viewer=picture&o=info&n=0&q=;Imagens | 1747;Cantos - Cantos V | 1754;Episódios - Audiência d’El-Rei D. Manuel a Gama | 1770;381386;https://purl.pt/44012;https://bndigital.bnportugal.gov.pt//i/?IIIF=/5b/5f/ee/bc/5b5feebc-6c0c-4b38-a9d5-dc89df1678f7/iiif/cam-26-a_0000_000007.tif/full/!300,500/0/default.jpg;Livro impresso;Português;;Homenagem a Camões;grande edição manuscripta dos Lusiadas pelos contemporaneos illustres de Portugal e Brazil;;1.ª ed.;Lisboa : Tip. Elzeviriana;1883;1883;XV, 1 br., 288 p.;Camões, Luís de, 1524-1580;;;"Braga, Teófilo, 1843-1924, Director ; Chagas, Pinheiro, 1842-1895, Autor da introdução, etc.";;;CAM. 26 A.;CAM500;http://id.bnportugal.gov.pt/bib/catbnp/381386;Livre
7748;381386;1;271;3813861271;https://permalinkbnd.bnportugal.gov.pt/viewer/273117/?offset=#page=271&viewer=picture&o=info&n=0&q=;Imagens | 1747;Cantos - Cantos VI | 1755;Episódios - Camões na gruta de Macau | 1760;381386;https://purl.pt/44012;https://bndigital.bnportugal.gov.pt//i/?IIIF=/5b/5f/ee/bc/5b5feebc-6c0c-4b38-a9d5-dc89df1678f7/iiif/cam-26-a_0000_000007.tif/full/!300,500/0/default.jpg;Livro impresso;Português;;Homenagem a Camões;grande edição manuscripta dos Lusiadas pelos contemporaneos illustres de Portugal e Brazil;;1.ª ed.;Lisboa : Tip. Elzeviriana;1883;1883;XV, 1 br., 288 p.;Camões, Luís de, 1524-1580;;;"Braga, Teófilo, 1843-1924, Director ; Chagas, Pinheiro, 1842-1895, Autor da introdução, etc.";;;CAM. 26 A.;CAM500;http://id.bnportugal.gov.pt/bib/catbnp/381386;Livre
7749;804973;1;10;804973110;https://permalinkbnd.bnportugal.gov.pt/viewer/273120/?offset=#page=10&viewer=picture&o=info&n=0&q=;Imagens | 1747;Cantos - Cantos VII | 1756;Episódios - Visita do Rei de Melinde a Gama | 1761;804973;https://purl.pt/44138;https://bndigital.bnportugal.gov.pt//i/?IIIF=/8b/c0/56/bd/8bc056bd-3ac1-47b3-8d81-5e006410c749/iiif/cam-26-v_0000_000013.tif/full/!300,500/0/default.jpg;Livro impresso;Português;;Sonetos;;;Ed. especial do Gabinete Portuguez de Leitura de Pernambuco para commemorar o terceiro centenario do grande epico, em 10 de Junho de 1880, segundo a ed. de Hamburgo de B. Feio e G. Monteiro;Porto : Imprensa Portugueza;1880;1880;XLVIII, 286 p.;Camões, Luís de, 1524-1580;;;Pinto, A. de Sousa, 1843-?, Autor da introdução, etc.;;Gabinete Português de Leitura, Editor literário;CAM. 26 V.;CAM500;http://id.bnportugal.gov.pt/bib/catbnp/804973;Livre
7750;252299;1;7;25229917;https://permalinkbnd.bnportugal.gov.pt/viewer/277449/?offset=#page=7&viewer=picture&o=info&n=0&q=;Imagens | 1747;Cantos - Cantos VIII | 1757;"Episódios - Concílio ""Conselho dos Deuses"" | 1762";252299;https://purl.pt/44350;https://bndigital.bnportugal.gov.pt//i/?IIIF=/84/eb/f6/e4/84ebf6e4-1b73-48f4-9488-51065744c1be/iiif/cam-270-p_0001.tif/full/!300,500/0/default.jpg;Livro impresso;Alemão;;Die Lusiaden;;;1.ª ed.;Stuttgart : Verlag von W. Spemann;1883;1883;252 p.;Camões, Luís de, 1524-1580;;;;;;CAM. 270 P.;CAM500;http://id.bnportugal.gov.pt/bib/catbnp/252299;Livre
7751;860111;1;45;860111145;https://permalinkbnd.bnportugal.gov.pt/viewer/277452/?offset=#page=45&viewer=picture&o=info&n=0&q=;Imagens | 1747;Cantos - Cantos IX | 1758;Episódios - Sonho d'El-Rei D. Manuel, no qual lhe aparecem os rios Indo e Ganges | 1763;860111;https://purl.pt/44354;https://bndigital.bnportugal.gov.pt//i/?IIIF=/d3/05/2c/6e/d3052c6e-7b7e-4abc-957e-d7c39f1b185f/iiif/cam-272-v_0005.tif/full/!300,500/0/default.jpg;Livro impresso;"Português ; Espanhol ; Italiano ; Francês ; Alemão ; Inglês";;De Portugal à Índia;"trechos que mais se prendem com o assumpto, tirados do poema de Luiz de Camões ""Os Lusiadas"" acompanhados de versões em espanhol, italiano, francez, alemão e inglez";;1.ª ed.;Lisboa : Typ. Castro Irmão;1898;1898;493 p.;;;;Sá, Ernesto Moreira de, 1841-1915, Compilador;;;H.G. 8627 V.;CAM500;http://id.bnportugal.gov.pt/bib/catbnp/860111;Livre
7752;860111;1;47;860111147;https://permalinkbnd.bnportugal.gov.pt/viewer/277452/?offset=#page=47&viewer=picture&o=info&n=0&q=;Imagens | 1747;Cantos - Cantos X | 1759;Episódios - Assassínio de Inês de Castro | 1764;860111;https://purl.pt/44354;https://bndigital.bnportugal.gov.pt//i/?IIIF=/d3/05/2c/6e/d3052c6e-7b7e-4abc-957e-d7c39f1b185f/iiif/cam-272-v_0005.tif/full/!300,500/0/default.jpg;Livro impresso;"Português ; Espanhol ; Italiano ; Francês ; Alemão ; Inglês";;De Portugal à Índia;"trechos que mais se prendem com o assumpto, tirados do poema de Luiz de Camões ""Os Lusiadas"" acompanhados de versões em espanhol, italiano, francez, alemão e inglez";;1.ª ed.;Lisboa : Typ. Castro Irmão;1898;1898;493 p.;;;;Sá, Ernesto Moreira de, 1841-1915, Compilador;;;H.G. 8627 V.;CAM500;http://id.bnportugal.gov.pt/bib/catbnp/860111;Livre
7753;860111;1;77;860111177;https://permalinkbnd.bnportugal.gov.pt/viewer/277452/?offset=#page=77&viewer=picture&o=info&n=0&q=;Imagens | 1747;Episódios | 1749;Episódios - Aparição do gigante Adamastor na passagem do Cabo de B. Esperança | 1765;860111;https://purl.pt/44354;https://bndigital.bnportugal.gov.pt//i/?IIIF=/d3/05/2c/6e/d3052c6e-7b7e-4abc-957e-d7c39f1b185f/iiif/cam-272-v_0005.tif/full/!300,500/0/default.jpg;Livro impresso;"Português ; Espanhol ; Italiano ; Francês ; Alemão ; Inglês";;De Portugal à Índia;"trechos que mais se prendem com o assumpto, tirados do poema de Luiz de Camões ""Os Lusiadas"" acompanhados de versões em espanhol, italiano, francez, alemão e inglez";;1.ª ed.;Lisboa : Typ. Castro Irmão;1898;1898;493 p.;;;;Sá, Ernesto Moreira de, 1841-1915, Compilador;;;H.G. 8627 V.;CAM500;http://id.bnportugal.gov.pt/bib/catbnp/860111;Livre
7754;860111;1;105;8601111105;https://permalinkbnd.bnportugal.gov.pt/viewer/277452/?offset=#page=105&viewer=picture&o=info&n=0&q=;Imagens | 1747;Cantos - Cantos I | 1750;Episódios - Vénus aplaca os Ventos e a tormenta | 1766;860111;https://purl.pt/44354;https://bndigital.bnportugal.gov.pt//i/?IIIF=/d3/05/2c/6e/d3052c6e-7b7e-4abc-957e-d7c39f1b185f/iiif/cam-272-v_0005.tif/full/!300,500/0/default.jpg;Livro impresso;"Português ; Espanhol ; Italiano ; Francês ; Alemão ; Inglês";;De Portugal à Índia;"trechos que mais se prendem com o assumpto, tirados do poema de Luiz de Camões ""Os Lusiadas"" acompanhados de versões em espanhol, italiano, francez, alemão e inglez";;1.ª ed.;Lisboa : Typ. Castro Irmão;1898;1898;493 p.;;;;Sá, Ernesto Moreira de, 1841-1915, Compilador;;;H.G. 8627 V.;CAM500;http://id.bnportugal.gov.pt/bib/catbnp/860111;Livre
7755;860111;1;131;8601111131;https://permalinkbnd.bnportugal.gov.pt/viewer/277452/?offset=#page=131&viewer=picture&o=info&n=0&q=;Imagens | 1747;Cantos - Cantos II | 1751;Episódios - Desembarque de Gama em Calecut | 1767;860111;https://purl.pt/44354;https://bndigital.bnportugal.gov.pt//i/?IIIF=/d3/05/2c/6e/d3052c6e-7b7e-4abc-957e-d7c39f1b185f/iiif/cam-272-v_0005.tif/full/!300,500/0/default.jpg;Livro impresso;"Português ; Espanhol ; Italiano ; Francês ; Alemão ; Inglês";;De Portugal à Índia;"trechos que mais se prendem com o assumpto, tirados do poema de Luiz de Camões ""Os Lusiadas"" acompanhados de versões em espanhol, italiano, francez, alemão e inglez";;1.ª ed.;Lisboa : Typ. Castro Irmão;1898;1898;493 p.;;;;Sá, Ernesto Moreira de, 1841-1915, Compilador;;;H.G. 8627 V.;CAM500;http://id.bnportugal.gov.pt/bib/catbnp/860111;Livre
7756;860111;1;227;8601111227;https://permalinkbnd.bnportugal.gov.pt/viewer/277452/?offset=#page=227&viewer=picture&o=info&n=0&q=;Imagens | 1747;Cantos - Cantos III | 1752;Episódios - Segunda Audiência do Samorim a Gama | 1768;860111;https://purl.pt/44354;https://bndigital.bnportugal.gov.pt//i/?IIIF=/d3/05/2c/6e/d3052c6e-7b7e-4abc-957e-d7c39f1b185f/iiif/cam-272-v_0005.tif/full/!300,500/0/default.jpg;Livro impresso;"Português ; Espanhol ; Italiano ; Francês ; Alemão ; Inglês";;De Portugal à Índia;"trechos que mais se prendem com o assumpto, tirados do poema de Luiz de Camões ""Os Lusiadas"" acompanhados de versões em espanhol, italiano, francez, alemão e inglez";;1.ª ed.;Lisboa : Typ. Castro Irmão;1898;1898;493 p.;;;;Sá, Ernesto Moreira de, 1841-1915, Compilador;;;H.G. 8627 V.;CAM500;http://id.bnportugal.gov.pt/bib/catbnp/860111;Livre
7757;860111;1;473;8601111473;https://permalinkbnd.bnportugal.gov.pt/viewer/277452/?offset=#page=473&viewer=picture&o=info&n=0&q=;Imagens | 1747;Cantos - Cantos IV | 1753;Episódios - Ilha de Vénus | 1769;860111;https://purl.pt/44354;https://bndigital.bnportugal.gov.pt//i/?IIIF=/d3/05/2c/6e/d3052c6e-7b7e-4abc-957e-d7c39f1b185f/iiif/cam-272-v_0005.tif/full/!300,500/0/default.jpg;Livro impresso;"Português ; Espanhol ; Italiano ; Francês ; Alemão ; Inglês";;De Portugal à Índia;"trechos que mais se prendem com o assumpto, tirados do poema de Luiz de Camões ""Os Lusiadas"" acompanhados de versões em espanhol, italiano, francez, alemão e inglez";;1.ª ed.;Lisboa : Typ. Castro Irmão;1898;1898;493 p.;;;;Sá, Ernesto Moreira de, 1841-1915, Compilador;;;H.G. 8627 V.;CAM500;http://id.bnportugal.gov.pt/bib/catbnp/860111;Livre
7758;860111;1;493;8601111493;https://permalinkbnd.bnportugal.gov.pt/viewer/277452/?offset=#page=493&viewer=picture&o=info&n=0&q=;Imagens | 1747;Cantos - Cantos V | 1754;Episódios - Audiência d’El-Rei D. Manuel a Gama | 1770;860111;https://purl.pt/44354;https://bndigital.bnportugal.gov.pt//i/?IIIF=/d3/05/2c/6e/d3052c6e-7b7e-4abc-957e-d7c39f1b185f/iiif/cam-272-v_0005.tif/full/!300,500/0/default.jpg;Livro impresso;"Português ; Espanhol ; Italiano ; Francês ; Alemão ; Inglês";;De Portugal à Índia;"trechos que mais se prendem com o assumpto, tirados do poema de Luiz de Camões ""Os Lusiadas"" acompanhados de versões em espanhol, italiano, francez, alemão e inglez";;1.ª ed.;Lisboa : Typ. Castro Irmão;1898;1898;493 p.;;;;Sá, Ernesto Moreira de, 1841-1915, Compilador;;;H.G. 8627 V.;CAM500;http://id.bnportugal.gov.pt/bib/catbnp/860111;Livre
7759;259979;1;10;259979110;https://permalinkbnd.bnportugal.gov.pt/viewer/277482/?offset=#page=10&viewer=picture&o=info&n=0&q=;Imagens | 1747;Cantos - Cantos VI | 1755;Episódios - Camões na gruta de Macau | 1760;259979;https://purl.pt/44379;https://bndigital.bnportugal.gov.pt//i/?IIIF=/c8/87/6d/93/c8876d93-3660-46e2-abf6-664dddb4591a/iiif/cam-283-p_0011.tif/full/!300,500/0/default.jpg;Livro impresso;Inglês;;Poems from the portuguese of Luis de Camoens with remarks on his life and writings, notes etc;;;1.ª ed.;London : J. Carpenter;1810;1810;4, 160 p., 1 f. il.;Camões, Luís de, 1524-1580;;;"Strangford, 1780-1855, Comentador de texto escrito ; O'Kuffe, J. G., Antigo possuidor";;;CAM. 283 P.;CAM500;http://id.bnportugal.gov.pt/bib/catbnp/259979;Livre
7760;865247;1;12;865247112;https://permalinkbnd.bnportugal.gov.pt/viewer/277488/?offset=#page=12&viewer=picture&o=info&n=0&q=;Imagens | 1747;Cantos - Cantos VII | 1756;Episódios - Visita do Rei de Melinde a Gama | 1761;865247;https://purl.pt/44369;https://bndigital.bnportugal.gov.pt//i/?IIIF=/19/da/c6/3c/19dac63c-de1a-423d-9ec3-cefde4d3ddc9/iiif/cam-285-4-v_0001.tif/full/!300,500/0/default.jpg;Livro impresso;Italiano;;Intorno al genovese Carlo Antonio Paggi;cenni;;1.ª ed.;Genova : Tip. R. Istituto Sordo-muti;1899;1899;11 p.;Araújo, Joaquim de, 1858-1917;;;;;;L. 14604 V.;CAM500;http://id.bnportugal.gov.pt/bib/catbnp/865247;Livre
7761;397837;1;9;39783719;https://permalinkbnd.bnportugal.gov.pt/viewer/272638/?offset=#page=9&viewer=picture&o=info&n=0&q=;Imagens | 1747;Cantos - Cantos VIII | 1757;"Episódios - Concílio ""Conselho dos Deuses"" | 1762";397837;https://purl.pt/44013;https://bndigital.bnportugal.gov.pt//i/?IIIF=/51/62/51/c6/516251c6-2d04-42df-9ed2-1f79910e6355/iiif/cam-291-v_0000_000005.tif/full/!300,500/0/default.jpg;Livro impresso;Português;;Os Lusiadas;segundo o têsto da primeira edição de 1572, com as variantes da 2ª edição impressa por Manoel de Lyra em 1584, e acrecentada com dois apêndices por A. J. Gonçálvez Guimarãis...;;1.ª ed.;Coimbra : Imprensa da Universidade;1923;1923;XIX, 3 p., 186 f., 75, 3 p., 2 extratextos;Camões, Luís de, 1524-1580;;;Guimarães, A. J. Gonçalves, 1850-1919, Editor literário;;;CAM. 291 V.;CAM500;http://id.bnportugal.gov.pt/bib/catbnp/397837;Livre
7762;397837;1;27;397837127;https://permalinkbnd.bnportugal.gov.pt/viewer/272638/?offset=#page=27&viewer=picture&o=info&n=0&q=;Imagens | 1747;Cantos - Cantos IX | 1758;Episódios - Sonho d'El-Rei D. Manuel, no qual lhe aparecem os rios Indo e Ganges | 1763;397837;https://purl.pt/44013;https://bndigital.bnportugal.gov.pt//i/?IIIF=/51/62/51/c6/516251c6-2d04-42df-9ed2-1f79910e6355/iiif/cam-291-v_0000_000005.tif/full/!300,500/0/default.jpg;Livro impresso;Português;;Os Lusiadas;segundo o têsto da primeira edição de 1572, com as variantes da 2ª edição impressa por Manoel de Lyra em 1584, e acrecentada com dois apêndices por A. J. Gonçálvez Guimarãis...;;1.ª ed.;Coimbra : Imprensa da Universidade;1923;1923;XIX, 3 p., 186 f., 75, 3 p., 2 extratextos;Camões, Luís de, 1524-1580;;;Guimarães, A. J. Gonçalves, 1850-1919, Editor literário;;;CAM. 291 V.;CAM500;http://id.bnportugal.gov.pt/bib/catbnp/397837;Livre
7763;397837;1;404;3978371404;https://permalinkbnd.bnportugal.gov.pt/viewer/272638/?offset=#page=404&viewer=picture&o=info&n=0&q=;Imagens | 1747;Cantos - Cantos X | 1759;Episódios - Assassínio de Inês de Castro | 1764;397837;https://purl.pt/44013;https://bndigital.bnportugal.gov.pt//i/?IIIF=/51/62/51/c6/516251c6-2d04-42df-9ed2-1f79910e6355/iiif/cam-291-v_0000_000005.tif/full/!300,500/0/default.jpg;Livro impresso;Português;;Os Lusiadas;segundo o têsto da primeira edição de 1572, com as variantes da 2ª edição impressa por Manoel de Lyra em 1584, e acrecentada com dois apêndices por A. J. Gonçálvez Guimarãis...;;1.ª ed.;Coimbra : Imprensa da Universidade;1923;1923;XIX, 3 p., 186 f., 75, 3 p., 2 extratextos;Camões, Luís de, 1524-1580;;;Guimarães, A. J. Gonçalves, 1850-1919, Editor literário;;;CAM. 291 V.;CAM500;http://id.bnportugal.gov.pt/bib/catbnp/397837;Livre
7764;277515;1;1;27751511;https://permalinkbnd.bnportugal.gov.pt/viewer/273872/?offset=#page=1&viewer=picture&o=info&n=0&q=;Imagens | 1747;Cantos | 1748;Episódios - Aparição do gigante Adamastor na passagem do Cabo de B. Esperança | 1765;277515;https://purl.pt/44217;https://bndigital.bnportugal.gov.pt//i/?IIIF=/0a/e2/5b/82/0ae25b82-9f91-4725-b06f-88317ff44913/iiif/cam-297-2-p_0000_000001.tif/full/!300,500/0/default.jpg;Livro impresso;Português;;Três excerptos dos Lusíadas;;;Ed. bilingue português latim frente a frente;Lisboa : Lallemant Fréres;1875;1875;XVI, 19 p.;Camões, Luís de, 1524-1580;;;Viale, António José, 1806-1889, Tradutor;;;L. 3672//6 P.;CAM500;http://id.bnportugal.gov.pt/bib/catbnp/277515;Livre
7765;865420;1;8;86542018;https://permalinkbnd.bnportugal.gov.pt/viewer/277739/?offset=#page=8&viewer=picture&o=info&n=0&q=;Imagens | 1747;Cantos | 1748;Episódios - Vénus aplaca os Ventos e a tormenta | 1766;865420;https://purl.pt/44401;https://bndigital.bnportugal.gov.pt//i/?IIIF=/20/aa/8d/69/20aa8d69-e05b-40db-af08-a1e289bc29f4/iiif/cam-298-v_0009.tif/full/!300,500/0/default.jpg;Livro impresso;Português;;Os Lusiadas;poema epico;;1.ª ed.;Paris : na Livr. Europea de Baudry;1846;1846;;Camões, Luís de, 1524-1580;;;Fonseca, José da, 1788-1866, Autor da introdução, etc.;;;CAM. 298 V.;CAM500;http://id.bnportugal.gov.pt/bib/catbnp/865420;Livre
7766;321756;1;12;321756112;https://permalinkbnd.bnportugal.gov.pt/viewer/273879/?offset=#page=12&viewer=picture&o=info&n=0&q=;Imagens | 1747;Episódios | 1749;Episódios - Desembarque de Gama em Calecut | 1767;321756;https://purl.pt/44033;https://bndigital.bnportugal.gov.pt//i/?IIIF=/70/be/ef/88/70beef88-9bbc-4c36-8a1f-3d782ff449eb/iiif/cam-301-p_0000_000007.tif/full/!300,500/0/default.jpg;Livro impresso;Português;;O Memorial de Camões;registo de anniversarios e lembranças;;1.ª ed.;Lisboa : Typographia da Companhia Nacional Editora;1892;1892;287, 1 p., 1 extratexto;;;;"Costa, José Fernandes, 1848-1920, Compilador ; Pedroso, João, 1823-1890, Ilustrador ; Ulrich, João Henrique, 1851-1895, (Obsoleto)";;;CAM. 301 P.;CAM500;http://id.bnportugal.gov.pt/bib/catbnp/321756;Livre
7767;321919;1;31;321919131;https://permalinkbnd.bnportugal.gov.pt/viewer/273869/?offset=#page=31&viewer=picture&o=info&n=0&q=;Imagens | 1747;Cantos - Cantos I | 1750;Episódios - Segunda Audiência do Samorim a Gama | 1768;321919;https://purl.pt/44111;https://bndigital.bnportugal.gov.pt//i/?IIIF=/7b/16/10/8f/7b16108f-ecc6-4dee-a50e-819649a15a89/iiif/cam-309-p_0000_000001.tif/full/!300,500/0/default.jpg;Livro impresso;Espanhol;;Poesias líricas;;;1.ª ed.;"Sevill ; Imprenta de E. Rasco,";1895;1895;XXI, 1, 481 p.;Lamarque de Novoa, José;;;Ruiz de Apodaca, Fernando Gabriel, Autor da introdução, etc.;;;CAM. 309 P.;CAM500;http://id.bnportugal.gov.pt/bib/catbnp/321919;Livre
7768;321919;1;35;321919135;https://permalinkbnd.bnportugal.gov.pt/viewer/273869/?offset=#page=35&viewer=picture&o=info&n=0&q=;Imagens | 1747;Cantos - Cantos II | 1751;Episódios - Ilha de Vénus | 1769;321919;https://purl.pt/44111;https://bndigital.bnportugal.gov.pt//i/?IIIF=/7b/16/10/8f/7b16108f-ecc6-4dee-a50e-819649a15a89/iiif/cam-309-p_0000_000001.tif/full/!300,500/0/default.jpg;Livro impresso;Espanhol;;Poesias líricas;;;1.ª ed.;"Sevill ; Imprenta de E. Rasco,";1895;1895;XXI, 1, 481 p.;Lamarque de Novoa, José;;;Ruiz de Apodaca, Fernando Gabriel, Autor da introdução, etc.;;;CAM. 309 P.;CAM500;http://id.bnportugal.gov.pt/bib/catbnp/321919;Livre
7769;321919;1;39;321919139;https://permalinkbnd.bnportugal.gov.pt/viewer/273869/?offset=#page=39&viewer=picture&o=info&n=0&q=;Imagens | 1747;Cantos - Cantos III | 1752;Episódios - Audiência d’El-Rei D. Manuel a Gama | 1770;321919;https://purl.pt/44111;https://bndigital.bnportugal.gov.pt//i/?IIIF=/7b/16/10/8f/7b16108f-ecc6-4dee-a50e-819649a15a89/iiif/cam-309-p_0000_000001.tif/full/!300,500/0/default.jpg;Livro impresso;Espanhol;;Poesias líricas;;;1.ª ed.;"Sevill ; Imprenta de E. Rasco,";1895;1895;XXI, 1, 481 p.;Lamarque de Novoa, José;;;Ruiz de Apodaca, Fernando Gabriel, Autor da introdução, etc.;;;CAM. 309 P.;CAM500;http://id.bnportugal.gov.pt/bib/catbnp/321919;Livre
7770;321919;1;40;321919140;https://permalinkbnd.bnportugal.gov.pt/viewer/273869/?offset=#page=40&viewer=picture&o=info&n=0&q=;Imagens | 1747;Cantos - Cantos IV | 1753;Episódios - Camões na gruta de Macau | 1760;321919;https://purl.pt/44111;https://bndigital.bnportugal.gov.pt//i/?IIIF=/7b/16/10/8f/7b16108f-ecc6-4dee-a50e-819649a15a89/iiif/cam-309-p_0000_000001.tif/full/!300,500/0/default.jpg;Livro impresso;Espanhol;;Poesias líricas;;;1.ª ed.;"Sevill ; Imprenta de E. Rasco,";1895;1895;XXI, 1, 481 p.;Lamarque de Novoa, José;;;Ruiz de Apodaca, Fernando Gabriel, Autor da introdução, etc.;;;CAM. 309 P.;CAM500;http://id.bnportugal.gov.pt/bib/catbnp/321919;Livre
7771;321919;1;41;321919141;https://permalinkbnd.bnportugal.gov.pt/viewer/273869/?offset=#page=41&viewer=picture&o=info&n=0&q=;Imagens | 1747;Cantos - Cantos V | 1754;Episódios - Visita do Rei de Melinde a Gama | 1761;321919;https://purl.pt/44111;https://bndigital.bnportugal.gov.pt//i/?IIIF=/7b/16/10/8f/7b16108f-ecc6-4dee-a50e-819649a15a89/iiif/cam-309-p_0000_000001.tif/full/!300,500/0/default.jpg;Livro impresso;Espanhol;;Poesias líricas;;;1.ª ed.;"Sevill ; Imprenta de E. Rasco,";1895;1895;XXI, 1, 481 p.;Lamarque de Novoa, José;;;Ruiz de Apodaca, Fernando Gabriel, Autor da introdução, etc.;;;CAM. 309 P.;CAM500;http://id.bnportugal.gov.pt/bib/catbnp/321919;Livre
7772;321919;1;52;321919152;https://permalinkbnd.bnportugal.gov.pt/viewer/273869/?offset=#page=52&viewer=picture&o=info&n=0&q=;Imagens | 1747;Cantos - Cantos VI | 1755;"Episódios - Concílio ""Conselho dos Deuses"" | 1762";321919;https://purl.pt/44111;https://bndigital.bnportugal.gov.pt//i/?IIIF=/7b/16/10/8f/7b16108f-ecc6-4dee-a50e-819649a15a89/iiif/cam-309-p_0000_000001.tif/full/!300,500/0/default.jpg;Livro impresso;Espanhol;;Poesias líricas;;;1.ª ed.;"Sevill ; Imprenta de E. Rasco,";1895;1895;XXI, 1, 481 p.;Lamarque de Novoa, José;;;Ruiz de Apodaca, Fernando Gabriel, Autor da introdução, etc.;;;CAM. 309 P.;CAM500;http://id.bnportugal.gov.pt/bib/catbnp/321919;Livre
7773;321919;1;58;321919158;https://permalinkbnd.bnportugal.gov.pt/viewer/273869/?offset=#page=58&viewer=picture&o=info&n=0&q=;Imagens | 1747;Cantos - Cantos VII | 1756;Episódios - Sonho d'El-Rei D. Manuel, no qual lhe aparecem os rios Indo e Ganges | 1763;321919;https://purl.pt/44111;https://bndigital.bnportugal.gov.pt//i/?IIIF=/7b/16/10/8f/7b16108f-ecc6-4dee-a50e-819649a15a89/iiif/cam-309-p_0000_000001.tif/full/!300,500/0/default.jpg;Livro impresso;Espanhol;;Poesias líricas;;;1.ª ed.;"Sevill ; Imprenta de E. Rasco,";1895;1895;XXI, 1, 481 p.;Lamarque de Novoa, José;;;Ruiz de Apodaca, Fernando Gabriel, Autor da introdução, etc.;;;CAM. 309 P.;CAM500;http://id.bnportugal.gov.pt/bib/catbnp/321919;Livre
7774;321919;1;92;321919192;https://permalinkbnd.bnportugal.gov.pt/viewer/273869/?offset=#page=92&viewer=picture&o=info&n=0&q=;Imagens | 1747;Cantos - Cantos VIII | 1757;Episódios - Assassínio de Inês de Castro | 1764;321919;https://purl.pt/44111;https://bndigital.bnportugal.gov.pt//i/?IIIF=/7b/16/10/8f/7b16108f-ecc6-4dee-a50e-819649a15a89/iiif/cam-309-p_0000_000001.tif/full/!300,500/0/default.jpg;Livro impresso;Espanhol;;Poesias líricas;;;1.ª ed.;"Sevill ; Imprenta de E. Rasco,";1895;1895;XXI, 1, 481 p.;Lamarque de Novoa, José;;;Ruiz de Apodaca, Fernando Gabriel, Autor da introdução, etc.;;;CAM. 309 P.;CAM500;http://id.bnportugal.gov.pt/bib/catbnp/321919;Livre
7775;321919;1;115;3219191115;https://permalinkbnd.bnportugal.gov.pt/viewer/273869/?offset=#page=115&viewer=picture&o=info&n=0&q=;Imagens | 1747;Cantos - Cantos IX | 1758;Episódios - Aparição do gigante Adamastor na passagem do Cabo de B. Esperança | 1765;321919;https://purl.pt/44111;https://bndigital.bnportugal.gov.pt//i/?IIIF=/7b/16/10/8f/7b16108f-ecc6-4dee-a50e-819649a15a89/iiif/cam-309-p_0000_000001.tif/full/!300,500/0/default.jpg;Livro impresso;Espanhol;;Poesias líricas;;;1.ª ed.;"Sevill ; Imprenta de E. Rasco,";1895;1895;XXI, 1, 481 p.;Lamarque de Novoa, José;;;Ruiz de Apodaca, Fernando Gabriel, Autor da introdução, etc.;;;CAM. 309 P.;CAM500;http://id.bnportugal.gov.pt/bib/catbnp/321919;Livre
7776;321919;1;139;3219191139;https://permalinkbnd.bnportugal.gov.pt/viewer/273869/?offset=#page=139&viewer=picture&o=info&n=0&q=;Imagens | 1747;Cantos - Cantos X | 1759;Episódios - Vénus aplaca os Ventos e a tormenta | 1766;321919;https://purl.pt/44111;https://bndigital.bnportugal.gov.pt//i/?IIIF=/7b/16/10/8f/7b16108f-ecc6-4dee-a50e-819649a15a89/iiif/cam-309-p_0000_000001.tif/full/!300,500/0/default.jpg;Livro impresso;Espanhol;;Poesias líricas;;;1.ª ed.;"Sevill ; Imprenta de E. Rasco,";1895;1895;XXI, 1, 481 p.;Lamarque de Novoa, José;;;Ruiz de Apodaca, Fernando Gabriel, Autor da introdução, etc.;;;CAM. 309 P.;CAM500;http://id.bnportugal.gov.pt/bib/catbnp/321919;Livre
7777;321919;1;155;3219191155;https://permalinkbnd.bnportugal.gov.pt/viewer/273869/?offset=#page=155&viewer=picture&o=info&n=0&q=;Imagens | 1747;Episódios | 1749;Episódios - Desembarque de Gama em Calecut | 1767;321919;https://purl.pt/44111;https://bndigital.bnportugal.gov.pt//i/?IIIF=/7b/16/10/8f/7b16108f-ecc6-4dee-a50e-819649a15a89/iiif/cam-309-p_0000_000001.tif/full/!300,500/0/default.jpg;Livro impresso;Espanhol;;Poesias líricas;;;1.ª ed.;"Sevill ; Imprenta de E. Rasco,";1895;1895;XXI, 1, 481 p.;Lamarque de Novoa, José;;;Ruiz de Apodaca, Fernando Gabriel, Autor da introdução, etc.;;;CAM. 309 P.;CAM500;http://id.bnportugal.gov.pt/bib/catbnp/321919;Livre
7778;322212;1;7;32221217;https://permalinkbnd.bnportugal.gov.pt/viewer/277738/?offset=#page=7&viewer=picture&o=info&n=0&q=;Imagens | 1747;Cantos - Cantos I | 1750;Episódios - Segunda Audiência do Samorim a Gama | 1768;322212;https://purl.pt/44395;https://bndigital.bnportugal.gov.pt//i/?IIIF=/18/73/81/bc/187381bc-a42f-4c0a-bc9b-c0a94f8c8b89/iiif/cam-311-p_0001.tif/full/!300,500/0/default.jpg;Livro impresso;Inglês;;CXXIV Sonnets;;;1.ª ed.;"London : John Lane ; Boston : Copeland & Day";1896;1896;147, 1 p.;;;;Garnett, Richard, 1835-1906, Tradutor;;;CAM. 311 P.;CAM500;http://id.bnportugal.gov.pt/bib/catbnp/322212;Livre
7779;322214;1;10;322214110;https://permalinkbnd.bnportugal.gov.pt/viewer/273912/?offset=#page=10&viewer=picture&o=info&n=0&q=;Imagens | 1747;Cantos - Cantos II | 1751;Episódios - Ilha de Vénus | 1769;322214;https://purl.pt/44114;https://bndigital.bnportugal.gov.pt//i/?IIIF=/5b/e8/93/e6/5be893e6-c289-4b66-841b-878b12434034/iiif/cam-312-p_0000_000010.tif/full/!300,500/0/default.jpg;Livro impresso;Alemão;;Magazin der Spanischen und portugiesischen litteratur;;;1.ª ed.;Weimar : In der Hoffmannischen Buchhandlung;1780;1780;4, 412 p.;;;;"Bertuch, Friederich  Justin, 1748-1822, Editor literário ; Geyser, Ilustrador";;;CAM. 312 P.;CAM500;http://id.bnportugal.gov.pt/bib/catbnp/322214;Livre
7780;322214;1;271;3222141271;https://permalinkbnd.bnportugal.gov.pt/viewer/273912/?offset=#page=271&viewer=picture&o=info&n=0&q=;Imagens | 1747;Cantos - Cantos III | 1752;Episódios - Audiência d’El-Rei D. Manuel a Gama | 1770;322214;https://purl.pt/44114;https://bndigital.bnportugal.gov.pt//i/?IIIF=/5b/e8/93/e6/5be893e6-c289-4b66-841b-878b12434034/iiif/cam-312-p_0000_000010.tif/full/!300,500/0/default.jpg;Livro impresso;Alemão;;Magazin der Spanischen und portugiesischen litteratur;;;1.ª ed.;Weimar : In der Hoffmannischen Buchhandlung;1780;1780;4, 412 p.;;;;"Bertuch, Friederich  Justin, 1748-1822, Editor literário ; Geyser, Ilustrador";;;CAM. 312 P.;CAM500;http://id.bnportugal.gov.pt/bib/catbnp/322214;Livre
7781;866522;1;12;866522112;https://permalinkbnd.bnportugal.gov.pt/viewer/272639/?offset=#page=12&viewer=picture&o=info&n=0&q=;Imagens | 1747;Cantos - Cantos IV | 1753;Episódios - Camões na gruta de Macau | 1760;866522;https://purl.pt/43958;https://bndigital.bnportugal.gov.pt//i/?IIIF=/f9/30/2e/07/f9302e07-4792-44ec-8ef0-3c0856716624/iiif/cam-321-v_0000_000013.tif/full/!300,500/0/default.jpg;Livro impresso;Português;;Lírica de Camões;;;1.ª ed.;Coimbra : Imprensa da Universidade;1932;1932;XL, 1, 385, XLI-LXXIV p.;Camões, Luís de, 1524-1580;;;"Rodrigues, José Maria, 1857-1942, Editor literário ; Vieira, Afonso Lopes, 1878-1946, Editor literário";;;CAM. 321 V.;CAM500;http://id.bnportugal.gov.pt/bib/catbnp/866522;Livre
7782;866522;1;173;8665221173;https://permalinkbnd.bnportugal.gov.pt/viewer/272639/?offset=#page=173&viewer=picture&o=info&n=0&q=;Imagens | 1747;Cantos - Cantos V | 1754;Episódios - Visita do Rei de Melinde a Gama | 1761;866522;https://purl.pt/43958;https://bndigital.bnportugal.gov.pt//i/?IIIF=/f9/30/2e/07/f9302e07-4792-44ec-8ef0-3c0856716624/iiif/cam-321-v_0000_000013.tif/full/!300,500/0/default.jpg;Livro impresso;Português;;Lírica de Camões;;;1.ª ed.;Coimbra : Imprensa da Universidade;1932;1932;XL, 1, 385, XLI-LXXIV p.;Camões, Luís de, 1524-1580;;;"Rodrigues, José Maria, 1857-1942, Editor literário ; Vieira, Afonso Lopes, 1878-1946, Editor literário";;;CAM. 321 V.;CAM500;http://id.bnportugal.gov.pt/bib/catbnp/866522;Livre
7783;866522;1;363;8665221363;https://permalinkbnd.bnportugal.gov.pt/viewer/272639/?offset=#page=363&viewer=picture&o=info&n=0&q=;Imagens | 1747;Cantos - Cantos VI | 1755;"Episódios - Concílio ""Conselho dos Deuses"" | 1762";866522;https://purl.pt/43958;https://bndigital.bnportugal.gov.pt//i/?IIIF=/f9/30/2e/07/f9302e07-4792-44ec-8ef0-3c0856716624/iiif/cam-321-v_0000_000013.tif/full/!300,500/0/default.jpg;Livro impresso;Português;;Lírica de Camões;;;1.ª ed.;Coimbra : Imprensa da Universidade;1932;1932;XL, 1, 385, XLI-LXXIV p.;Camões, Luís de, 1524-1580;;;"Rodrigues, José Maria, 1857-1942, Editor literário ; Vieira, Afonso Lopes, 1878-1946, Editor literário";;;CAM. 321 V.;CAM500;http://id.bnportugal.gov.pt/bib/catbnp/866522;Livre
7784;866522;1;391;8665221391;https://permalinkbnd.bnportugal.gov.pt/viewer/272639/?offset=#page=391&viewer=picture&o=info&n=0&q=;Imagens | 1747;Cantos - Cantos VII | 1756;Episódios - Sonho d'El-Rei D. Manuel, no qual lhe aparecem os rios Indo e Ganges | 1763;866522;https://purl.pt/43958;https://bndigital.bnportugal.gov.pt//i/?IIIF=/f9/30/2e/07/f9302e07-4792-44ec-8ef0-3c0856716624/iiif/cam-321-v_0000_000013.tif/full/!300,500/0/default.jpg;Livro impresso;Português;;Lírica de Camões;;;1.ª ed.;Coimbra : Imprensa da Universidade;1932;1932;XL, 1, 385, XLI-LXXIV p.;Camões, Luís de, 1524-1580;;;"Rodrigues, José Maria, 1857-1942, Editor literário ; Vieira, Afonso Lopes, 1878-1946, Editor literário";;;CAM. 321 V.;CAM500;http://id.bnportugal.gov.pt/bib/catbnp/866522;Livre
7785;328432;1;1;32843211;https://permalinkbnd.bnportugal.gov.pt/viewer/277836/?offset=#page=1&viewer=picture&o=info&n=0&q=;Imagens | 1747;Cantos - Cantos VIII | 1757;Episódios - Assassínio de Inês de Castro | 1764;328432;https://purl.pt/44449;https://bndigital.bnportugal.gov.pt//i/?IIIF=/3a/4b/ca/44/3a4bca44-fff5-44fa-88a9-9ef3979004ec/iiif/cam-371-3-p_0001.tif/full/!300,500/0/default.jpg;Livro impresso;Português;;Luís de Camoões o príncipe dos poetas portuguezes;breve notícia sobre a vida e merecimentos...;;1.ª ed.;Lisboa : Typ. Progressista de P. A. Borges;1880;1880;16 p.;;;;Canuto, Mendes, Compilador;;;CAM. 371//3 P.;CAM500;http://id.bnportugal.gov.pt/bib/catbnp/328432;Livre
7786;328922;1;10;328922110;https://permalinkbnd.bnportugal.gov.pt/viewer/277820/?offset=#page=10&viewer=picture&o=info&n=0&q=;Imagens | 1747;Cantos - Cantos IX | 1758;Episódios - Aparição do gigante Adamastor na passagem do Cabo de B. Esperança | 1765;328922;https://purl.pt/44451;https://bndigital.bnportugal.gov.pt//i/?IIIF=/dd/87/66/1c/dd87661c-33bc-4ef4-b6fe-d5adfd6a64fd/iiif/cam-373-p_0005.tif/full/!300,500/0/default.jpg;Livro impresso;Português;;O Portugal de Camões;offerecido à Mocidade Portugueza e Brazileira seguido de um elucidario e indice chronologico;;1.ª ed.;Paris : Typ. Guillard, Aillaud & C.ie;1889;1889;XII, 573, 4 p.;Daux, André Adolphe;;;;;;H.G. 17167 P.;CAM500;http://id.bnportugal.gov.pt/bib/catbnp/328922;Livre
7787;329068;1;8;32906818;https://permalinkbnd.bnportugal.gov.pt/viewer/277966/?offset=#page=8&viewer=picture&o=info&n=0&q=;Imagens | 1747;Cantos - Cantos X | 1759;Episódios - Vénus aplaca os Ventos e a tormenta | 1766;329068;https://purl.pt/44459;https://bndigital.bnportugal.gov.pt//i/?IIIF=/65/f1/71/96/65f17196-cef9-4dbe-a62b-09b243d2bca6/iiif/cam-381-p_0009.tif/full/!300,500/0/default.jpg;Livro impresso;Português;;Album de homenagens a Luiz de Camões;;;Nova edição dos principais escriptos em verso e prosa publicados pela imprensa periodica por occasião de se erigir o monumento que à memoria do egrégio poeta ...;Lisboa : Lallemant Fréres;1870;1870;6, XV, 1, 332, 3 p.;;;;Neto, António Maria de Almeida, 1836-?, Editor literário;;;CAM. 381 P.;CAM500;http://id.bnportugal.gov.pt/bib/catbnp/329068;Livre
7788;329068;1;118;3290681118;https://permalinkbnd.bnportugal.gov.pt/viewer/277966/?offset=#page=118&viewer=picture&o=info&n=0&q=;Imagens | 1747;Cantos | 1748;Episódios - Desembarque de Gama em Calecut | 1767;329068;https://purl.pt/44459;https://bndigital.bnportugal.gov.pt//i/?IIIF=/65/f1/71/96/65f17196-cef9-4dbe-a62b-09b243d2bca6/iiif/cam-381-p_0009.tif/full/!300,500/0/default.jpg;Livro impresso;Português;;Album de homenagens a Luiz de Camões;;;Nova edição dos principais escriptos em verso e prosa publicados pela imprensa periodica por occasião de se erigir o monumento que à memoria do egrégio poeta ...;Lisboa : Lallemant Fréres;1870;1870;6, XV, 1, 332, 3 p.;;;;Neto, António Maria de Almeida, 1836-?, Editor literário;;;CAM. 381 P.;CAM500;http://id.bnportugal.gov.pt/bib/catbnp/329068;Livre
7789;330080;1;24;330080124;https://permalinkbnd.bnportugal.gov.pt/viewer/278039/?offset=#page=24&viewer=picture&o=info&n=0&q=;Imagens | 1747;Cantos | 1748;Episódios - Segunda Audiência do Samorim a Gama | 1768;330080;https://purl.pt/44490;https://bndigital.bnportugal.gov.pt//i/?IIIF=/b4/f3/2d/4b/b4f32d4b-a3be-4154-be2e-31d0a5ac19ab/iiif/cam-397-11-p_0001.tif/full/!300,500/0/default.jpg;Livro impresso;Português;;A varanda de Nathercia;;;1.ª ed.;Lisboa : Empresa Litteraria de Lisboa;1880;1880;64 p.;Pimentel, Alberto, 1849-1925;;;;;;L. 22914//2 P.;CAM500;http://id.bnportugal.gov.pt/bib/catbnp/330080;Livre
7790;330133;1;8;33013318;https://permalinkbnd.bnportugal.gov.pt/viewer/278038/?offset=#page=8&viewer=picture&o=info&n=0&q=;Imagens | 1747;Episódios | 1749;Episódios - Ilha de Vénus | 1769;330133;https://purl.pt/44489;https://bndigital.bnportugal.gov.pt//i/?IIIF=/ac/1f/e1/e9/ac1fe1e9-88b2-4347-8d4e-d8bf12529734/iiif/cam-398-p_0009.tif/full/!300,500/0/default.jpg;Livro impresso;Português;;Camões;estudo histórico poetico liberrimamente fundado sobre um drama francez dos senhores Victor Perrot e Armando du Mesnil;;1.ª ed.;Ponta Delgada : Typ. da Rua das Artes 68;1849;1849;300 p.;Castilho, António Feliciano de, 1800-1875;;;;;;CAM. 398 P.;CAM500;http://id.bnportugal.gov.pt/bib/catbnp/330133;Livre
7791;330133;1;303;3301331303;https://permalinkbnd.bnportugal.gov.pt/viewer/278038/?offset=#page=303&viewer=picture&o=info&n=0&q=;Imagens | 1747;Cantos - Cantos I | 1750;Episódios - Audiência d’El-Rei D. Manuel a Gama | 1770;330133;https://purl.pt/44489;https://bndigital.bnportugal.gov.pt//i/?IIIF=/ac/1f/e1/e9/ac1fe1e9-88b2-4347-8d4e-d8bf12529734/iiif/cam-398-p_0009.tif/full/!300,500/0/default.jpg;Livro impresso;Português;;Camões;estudo histórico poetico liberrimamente fundado sobre um drama francez dos senhores Victor Perrot e Armando du Mesnil;;1.ª ed.;Ponta Delgada : Typ. da Rua das Artes 68;1849;1849;300 p.;Castilho, António Feliciano de, 1800-1875;;;;;;CAM. 398 P.;CAM500;http://id.bnportugal.gov.pt/bib/catbnp/330133;Livre
7792;473486;1;68;473486168;https://permalinkbnd.bnportugal.gov.pt/viewer/278031/?offset=#page=68&viewer=picture&o=info&n=0&q=;Imagens | 1747;Cantos - Cantos II | 1751;Episódios - Camões na gruta de Macau | 1760;473486;https://purl.pt/44488;https://bndigital.bnportugal.gov.pt//i/?IIIF=/d7/13/2c/a4/d7132ca4-f9a3-466c-b8ca-d4ad09704f04/iiif/cam-399-2-p_0001.tif/full/!300,500/0/default.jpg;Livro manuscrito;Português;;Discurso apologetico a favor do insigne poeta Luis de Camões contra o L do Manoel Pires de Almeida;;;1.ª ed.;;1847;1847;33 f.;Barreto, João Franco, 1600-post. 1674;;;Norton, Tomás, 1804-1860, Antigo possuidor;;;CAM. 399//2 P.;CAM500;http://id.bnportugal.gov.pt/bib/catbnp/473486;Livre
7793;473496;1;1;47349611;https://permalinkbnd.bnportugal.gov.pt/viewer/278032/?offset=#page=1&viewer=picture&o=info&n=0&q=;Imagens | 1747;Cantos - Cantos III | 1752;Episódios - Visita do Rei de Melinde a Gama | 1761;473496;https://purl.pt/44475;https://bndigital.bnportugal.gov.pt//i/?IIIF=/bd/bb/df/e7/bdbbdfe7-3fb3-49da-b4f0-960a655ea022/iiif/cam-399-3-p_0001.tif/full/!300,500/0/default.jpg;Livro impresso;Português;;Notas biográficas e bibliográficas e relação das obras de Luís de Camões;;;1.ª ed.;"98 f. ;,";1845;1845;18--;Norton, Tomás, 1804-1860;;;;;;CAM. 399//3 P.;CAM500;http://id.bnportugal.gov.pt/bib/catbnp/473496;Livre
7794;330264;1;136;3302641136;https://permalinkbnd.bnportugal.gov.pt/viewer/278097/?offset=#page=136&viewer=picture&o=info&n=0&q=;Imagens | 1747;Cantos - Cantos IV | 1753;"Episódios - Concílio ""Conselho dos Deuses"" | 1762";330264;https://purl.pt/44521;https://bndigital.bnportugal.gov.pt//i/?IIIF=/31/1e/91/2f/311e912f-195b-4458-9195-2ebdde2ade0f/iiif/cam-413-p_0005.tif/full/!300,500/0/default.jpg;Livro impresso;Português;;A verdade ácerca dos ossos de Camões;;;1.ª ed.;Lisboa : Typ. da Acdemia Real das Sciencias;1893;1893;130 p.;Viegas, Sebastião de Almeida, 1830-1907;;;;;;H.G. 16999 P.;CAM500;http://id.bnportugal.gov.pt/bib/catbnp/330264;Livre
7795;330264;1;138;3302641138;https://permalinkbnd.bnportugal.gov.pt/viewer/278097/?offset=#page=138&viewer=picture&o=info&n=0&q=;Imagens | 1747;Cantos - Cantos V | 1754;Episódios - Sonho d'El-Rei D. Manuel, no qual lhe aparecem os rios Indo e Ganges | 1763;330264;https://purl.pt/44521;https://bndigital.bnportugal.gov.pt//i/?IIIF=/31/1e/91/2f/311e912f-195b-4458-9195-2ebdde2ade0f/iiif/cam-413-p_0005.tif/full/!300,500/0/default.jpg;Livro impresso;Português;;A verdade ácerca dos ossos de Camões;;;1.ª ed.;Lisboa : Typ. da Acdemia Real das Sciencias;1893;1893;130 p.;Viegas, Sebastião de Almeida, 1830-1907;;;;;;H.G. 16999 P.;CAM500;http://id.bnportugal.gov.pt/bib/catbnp/330264;Livre
7796;330264;1;140;3302641140;https://permalinkbnd.bnportugal.gov.pt/viewer/278097/?offset=#page=140&viewer=picture&o=info&n=0&q=;Imagens | 1747;Cantos - Cantos VI | 1755;Episódios - Assassínio de Inês de Castro | 1764;330264;https://purl.pt/44521;https://bndigital.bnportugal.gov.pt//i/?IIIF=/31/1e/91/2f/311e912f-195b-4458-9195-2ebdde2ade0f/iiif/cam-413-p_0005.tif/full/!300,500/0/default.jpg;Livro impresso;Português;;A verdade ácerca dos ossos de Camões;;;1.ª ed.;Lisboa : Typ. da Acdemia Real das Sciencias;1893;1893;130 p.;Viegas, Sebastião de Almeida, 1830-1907;;;;;;H.G. 16999 P.;CAM500;http://id.bnportugal.gov.pt/bib/catbnp/330264;Livre
7797;330264;1;142;3302641142;https://permalinkbnd.bnportugal.gov.pt/viewer/278097/?offset=#page=142&viewer=picture&o=info&n=0&q=;Imagens | 1747;Cantos - Cantos VII | 1756;Episódios - Aparição do gigante Adamastor na passagem do Cabo de B. Esperança | 1765;330264;https://purl.pt/44521;https://bndigital.bnportugal.gov.pt//i/?IIIF=/31/1e/91/2f/311e912f-195b-4458-9195-2ebdde2ade0f/iiif/cam-413-p_0005.tif/full/!300,500/0/default.jpg;Livro impresso;Português;;A verdade ácerca dos ossos de Camões;;;1.ª ed.;Lisboa : Typ. da Acdemia Real das Sciencias;1893;1893;130 p.;Viegas, Sebastião de Almeida, 1830-1907;;;;;;H.G. 16999 P.;CAM500;http://id.bnportugal.gov.pt/bib/catbnp/330264;Livre
7798;330264;1;144;3302641144;https://permalinkbnd.bnportugal.gov.pt/viewer/278097/?offset=#page=144&viewer=picture&o=info&n=0&q=;Imagens | 1747;Cantos - Cantos VIII | 1757;Episódios - Vénus aplaca os Ventos e a tormenta | 1766;330264;https://purl.pt/44521;https://bndigital.bnportugal.gov.pt//i/?IIIF=/31/1e/91/2f/311e912f-195b-4458-9195-2ebdde2ade0f/iiif/cam-413-p_0005.tif/full/!300,500/0/default.jpg;Livro impresso;Português;;A verdade ácerca dos ossos de Camões;;;1.ª ed.;Lisboa : Typ. da Acdemia Real das Sciencias;1893;1893;130 p.;Viegas, Sebastião de Almeida, 1830-1907;;;;;;H.G. 16999 P.;CAM500;http://id.bnportugal.gov.pt/bib/catbnp/330264;Livre
7799;455278;1;8;45527818;https://permalinkbnd.bnportugal.gov.pt/viewer/278099/?offset=#page=8&viewer=picture&o=info&n=0&q=;Imagens | 1747;Cantos - Cantos IX | 1758;Episódios - Desembarque de Gama em Calecut | 1767;455278;https://purl.pt/44525;https://bndigital.bnportugal.gov.pt//i/?IIIF=/45/47/77/f0/454777f0-4c97-417d-b880-29d86f22458d/iiif/cam-413-v_0009.tif/full/!300,500/0/default.jpg;Livro impresso;Francês;Português;Les portugais;poëme en dix chants;;1.ª ed.;Limoges : Impr. Marc Barbou et C i e;1800;1800;192 p.;Camões, Luís de, 1524-1580;;;;;;CAM. 413 V.;CAM500;http://id.bnportugal.gov.pt/bib/catbnp/455278;Livre
7800;367321;1;5;36732115;https://permalinkbnd.bnportugal.gov.pt/viewer/1897/?offset=#page=5&viewer=picture&o=info&n=0&q=;Imagens | 1747;Cantos - Cantos X | 1759;Episódios - Segunda Audiência do Samorim a Gama | 1768;367321;https://purl.pt/44558;https://bndigital.bnportugal.gov.pt//i/?IIIF=/a6/90/70/ec/a69070ec-66ec-4134-8133-6e401d12a66d/iiif/cam-450-p_0005.tif/full/!300,500/0/default.jpg;Periódico;Português;;Almanach Vasco da Gama para o anno de 1897;;;1.ª ed.;Lisboa : Imp. Lucas;1896;1896;160 p.;;;;Braga, Eduardo, ca 18--, Editor literário;;;P.P. 18003 V.;CAM500;http://id.bnportugal.gov.pt/bib/catbnp/367321;Livre
7801;367321;1;39;367321139;https://permalinkbnd.bnportugal.gov.pt/viewer/1897/?offset=#page=39&viewer=picture&o=info&n=0&q=;Imagens | 1747;Episódios | 1749;Episódios - Ilha de Vénus | 1769;367321;https://purl.pt/44558;https://bndigital.bnportugal.gov.pt//i/?IIIF=/a6/90/70/ec/a69070ec-66ec-4134-8133-6e401d12a66d/iiif/cam-450-p_0005.tif/full/!300,500/0/default.jpg;Periódico;Português;;Almanach Vasco da Gama para o anno de 1897;;;1.ª ed.;Lisboa : Imp. Lucas;1896;1896;160 p.;;;;Braga, Eduardo, ca 18--, Editor literário;;;P.P. 18003 V.;CAM500;http://id.bnportugal.gov.pt/bib/catbnp/367321;Livre
7802;367321;1;71;367321171;https://permalinkbnd.bnportugal.gov.pt/viewer/1897/?offset=#page=71&viewer=picture&o=info&n=0&q=;Imagens | 1747;Cantos - Cantos I | 1750;Episódios - Audiência d’El-Rei D. Manuel a Gama | 1770;367321;https://purl.pt/44558;https://bndigital.bnportugal.gov.pt//i/?IIIF=/a6/90/70/ec/a69070ec-66ec-4134-8133-6e401d12a66d/iiif/cam-450-p_0005.tif/full/!300,500/0/default.jpg;Periódico;Português;;Almanach Vasco da Gama para o anno de 1897;;;1.ª ed.;Lisboa : Imp. Lucas;1896;1896;160 p.;;;;Braga, Eduardo, ca 18--, Editor literário;;;P.P. 18003 V.;CAM500;http://id.bnportugal.gov.pt/bib/catbnp/367321;Livre
7803;367321;1;151;3673211151;https://permalinkbnd.bnportugal.gov.pt/viewer/1897/?offset=#page=151&viewer=picture&o=info&n=0&q=;Imagens | 1747;Cantos - Cantos II | 1751;Episódios - Camões na gruta de Macau | 1760;367321;https://purl.pt/44558;https://bndigital.bnportugal.gov.pt//i/?IIIF=/a6/90/70/ec/a69070ec-66ec-4134-8133-6e401d12a66d/iiif/cam-450-p_0005.tif/full/!300,500/0/default.jpg;Periódico;Português;;Almanach Vasco da Gama para o anno de 1897;;;1.ª ed.;Lisboa : Imp. Lucas;1896;1896;160 p.;;;;Braga, Eduardo, ca 18--, Editor literário;;;P.P. 18003 V.;CAM500;http://id.bnportugal.gov.pt/bib/catbnp/367321;Livre
7804;367315;1;9;36731519;https://permalinkbnd.bnportugal.gov.pt/viewer/278157/?offset=#page=9&viewer=picture&o=info&n=0&q=;Imagens | 1747;Cantos - Cantos III | 1752;Episódios - Visita do Rei de Melinde a Gama | 1761;367315;https://purl.pt/44551;https://bndigital.bnportugal.gov.pt//i/?IIIF=/07/17/53/2d/0717532d-ef3c-4a93-97b1-900767009be5/iiif/cam-451-p_0001.tif/full/!300,500/0/default.jpg;Livro impresso;Português;;Centenario indiano;Marinha histórica do seculo XV e XVI;;1.ª ed.;"Lisboa : Emp. jornal ""O Seculo""";1897;1897;il. color.;Melo, Joaquim de, fl. c. 1897?;;;;;;B.A. 2363//7 P.;CAM500;http://id.bnportugal.gov.pt/bib/catbnp/367315;Livre
7805;367315;1;11;367315111;https://permalinkbnd.bnportugal.gov.pt/viewer/278157/?offset=#page=11&viewer=picture&o=info&n=0&q=;Imagens | 1747;Cantos - Cantos IV | 1753;"Episódios - Concílio ""Conselho dos Deuses"" | 1762";367315;https://purl.pt/44551;https://bndigital.bnportugal.gov.pt//i/?IIIF=/07/17/53/2d/0717532d-ef3c-4a93-97b1-900767009be5/iiif/cam-451-p_0001.tif/full/!300,500/0/default.jpg;Livro impresso;Português;;Centenario indiano;Marinha histórica do seculo XV e XVI;;1.ª ed.;"Lisboa : Emp. jornal ""O Seculo""";1897;1897;il. color.;Melo, Joaquim de, fl. c. 1897?;;;;;;B.A. 2363//7 P.;CAM500;http://id.bnportugal.gov.pt/bib/catbnp/367315;Livre
7806;367315;1;37;367315137;https://permalinkbnd.bnportugal.gov.pt/viewer/278157/?offset=#page=37&viewer=picture&o=info&n=0&q=;Imagens | 1747;Cantos - Cantos V | 1754;Episódios - Sonho d'El-Rei D. Manuel, no qual lhe aparecem os rios Indo e Ganges | 1763;367315;https://purl.pt/44551;https://bndigital.bnportugal.gov.pt//i/?IIIF=/07/17/53/2d/0717532d-ef3c-4a93-97b1-900767009be5/iiif/cam-451-p_0001.tif/full/!300,500/0/default.jpg;Livro impresso;Português;;Centenario indiano;Marinha histórica do seculo XV e XVI;;1.ª ed.;"Lisboa : Emp. jornal ""O Seculo""";1897;1897;il. color.;Melo, Joaquim de, fl. c. 1897?;;;;;;B.A. 2363//7 P.;CAM500;http://id.bnportugal.gov.pt/bib/catbnp/367315;Livre
7807;473530;1;13;473530113;https://permalinkbnd.bnportugal.gov.pt/viewer/278166/?offset=#page=13&viewer=picture&o=info&n=0&q=;Imagens | 1747;Cantos - Cantos VI | 1755;Episódios - Assassínio de Inês de Castro | 1764;473530;https://purl.pt/44562;https://bndigital.bnportugal.gov.pt//i/?IIIF=/4a/8e/05/57/4a8e0557-ae81-4dc8-baee-877478757969/iiif/cam-464-p_0013.tif/full/!300,500/0/default.jpg;Livro impresso;Português;;Homenagem a Vasco da Gama e programma das festas do centenario;tributo litterario da Bibliotheca de Romances Notaveis;;1.ª ed.;Lisboa : Typ. do Commercio de Portugal;1898;1898;28, 2 p.;Cunha, Xavier da, 1840-1920;;;;;;CAM. 464 P.;CAM500;http://id.bnportugal.gov.pt/bib/catbnp/473530;Livre
7808;473530;1;15;473530115;https://permalinkbnd.bnportugal.gov.pt/viewer/278166/?offset=#page=15&viewer=picture&o=info&n=0&q=;Imagens | 1747;Cantos - Cantos VII | 1756;Episódios - Aparição do gigante Adamastor na passagem do Cabo de B. Esperança | 1765;473530;https://purl.pt/44562;https://bndigital.bnportugal.gov.pt//i/?IIIF=/4a/8e/05/57/4a8e0557-ae81-4dc8-baee-877478757969/iiif/cam-464-p_0013.tif/full/!300,500/0/default.jpg;Livro impresso;Português;;Homenagem a Vasco da Gama e programma das festas do centenario;tributo litterario da Bibliotheca de Romances Notaveis;;1.ª ed.;Lisboa : Typ. do Commercio de Portugal;1898;1898;28, 2 p.;Cunha, Xavier da, 1840-1920;;;;;;CAM. 464 P.;CAM500;http://id.bnportugal.gov.pt/bib/catbnp/473530;Livre
7809;369142;1;6;36914216;https://permalinkbnd.bnportugal.gov.pt/viewer/278323/?offset=#page=6&viewer=picture&o=info&n=0&q=;Imagens | 1747;Cantos - Cantos VIII | 1757;Episódios - Vénus aplaca os Ventos e a tormenta | 1766;369142;https://purl.pt/44585;https://bndigital.bnportugal.gov.pt//i/?IIIF=/a3/fd/88/fc/a3fd88fc-d9b1-4bb7-8dc7-6fb1888b2704/iiif/cam-483-p_0007.tif/full/!300,500/0/default.jpg;Livro impresso;Português;;Os Lusiadas;poema epico de Luis de Camões;;Nova edição para uso das escolas feita debaixo das vistas da mais acurada crítica em presença das duas edições primordiais...;Rio de Janeiro : Em casa dos Editores Eduardo & Henrique Laemmert;1868;1868;1 f.,441 p.;Camões, Luís de, 1524-1580;;;;;;CAM. 483 P.;CAM500;http://id.bnportugal.gov.pt/bib/catbnp/369142;Livre
7810;369151;1;7;36915117;https://permalinkbnd.bnportugal.gov.pt/viewer/278325/?offset=#page=7&viewer=picture&o=info&n=0&q=;Imagens | 1747;Cantos - Cantos IX | 1758;Episódios - Desembarque de Gama em Calecut | 1767;369151;https://purl.pt/44594;https://bndigital.bnportugal.gov.pt//i/?IIIF=/b6/30/e9/80/b630e980-895a-4a26-a8b7-4a8f20ff935e/iiif/cam-487-p_0001.tif/full/!300,500/0/default.jpg;Livro impresso;Português;;Os Lusiadas;poema epico;;Nova edição popular;Lisboa : Roland & Semion editores;1884;1884;8Ê;Camões, Luís de, 1524-1580;;;;;;CAM. 487 P.;CAM500;http://id.bnportugal.gov.pt/bib/catbnp/369151;Livre
7811;322260;1;12;322260112;https://permalinkbnd.bnportugal.gov.pt/viewer/278334/?offset=#page=12&viewer=picture&o=info&n=0&q=;Imagens | 1747;Cantos - Cantos X | 1759;Episódios - Segunda Audiência do Samorim a Gama | 1768;322260;https://purl.pt/44588;https://bndigital.bnportugal.gov.pt//i/?IIIF=/e6/44/0a/f1/e6440af1-b5c6-4b77-9dc3-14e6f3642b6e/iiif/cam-489-p_0001.tif/full/!300,500/0/default.jpg;Livro impresso;Português;;Camões;;;1.ª ed.;S. Paulo : Livr. Popular de Abílio A. S. Marques;1880;1880;IV, 111, 4 p.;Celso Júnior, Afonso;;;;;;CAM. 313 P.;CAM500;http://id.bnportugal.gov.pt/bib/catbnp/322260;Livre
7812;189268;1;12;189268112;https://permalinkbnd.bnportugal.gov.pt/viewer/273607/?offset=#page=12&viewer=picture&o=info&n=0&q=;Imagens | 1747;Cantos | 1748;Episódios - Ilha de Vénus | 1769;189268;https://purl.pt/44164;https://bndigital.bnportugal.gov.pt//i/?IIIF=/6c/3e/4c/92/6c3e4c92-d1b3-40c7-a316-feeed498b93b/iiif/cam-71-v_0000_000007.tif/full/!300,500/0/default.jpg;Livro impresso;"Português ; Francês";;Episodios de Ignez de Castro e Adamastor;extrahidos dos cantos III e V dos Lusíadas;;1.ª ed.;Lisboa : Imp. Nacional;1865;1865;38 p.;Camões, Luís de, 1524-1580;;;"Vilhena, Ernesto Jardim de, 1876-1967, Antigo possuidor ; Boisse, Jean-Arnaud Escodeca de, 1802-1865, Tradutor";;;L. 36351 V.;CAM500;http://id.bnportugal.gov.pt/bib/catbnp/189268;Livre
7813;808486;1;7;80848617;https://permalinkbnd.bnportugal.gov.pt/viewer/273178/?offset=#page=7&viewer=picture&o=info&n=0&q=;Imagens | 1747;Cantos | 1748;Episódios - Audiência d’El-Rei D. Manuel a Gama | 1770;808486;https://purl.pt/44192;https://bndigital.bnportugal.gov.pt//i/?IIIF=/e0/93/be/4f/e093be4f-2793-4525-9c8a-24d57a1db7bd/iiif/cam-72-v_0000_000007.tif/full/!300,500/0/default.jpg;Livro impresso;Português;Italiano;Sonetos escolhidos;;;1.ª ed.;Lisboa : Francisco Arthur da Silva;1885;1885;80 p.;Camões, Luís de, 1524-1580;;;Peragallo, Prospero, 1823-1916, Tradutor;;;CAM. 72 V.;CAM500;http://id.bnportugal.gov.pt/bib/catbnp/808486;Livre
7814;808486;1;20;808486120;https://permalinkbnd.bnportugal.gov.pt/viewer/273178/?offset=#page=20&viewer=picture&o=info&n=0&q=;Imagens | 1747;Episódios | 1749;Episódios - Camões na gruta de Macau | 1760;808486;https://purl.pt/44192;https://bndigital.bnportugal.gov.pt//i/?IIIF=/e0/93/be/4f/e093be4f-2793-4525-9c8a-24d57a1db7bd/iiif/cam-72-v_0000_000007.tif/full/!300,500/0/default.jpg;Livro impresso;Português;Italiano;Sonetos escolhidos;;;1.ª ed.;Lisboa : Francisco Arthur da Silva;1885;1885;80 p.;Camões, Luís de, 1524-1580;;;Peragallo, Prospero, 1823-1916, Tradutor;;;CAM. 72 V.;CAM500;http://id.bnportugal.gov.pt/bib/catbnp/808486;Livre
7815;808486;1;34;808486134;https://permalinkbnd.bnportugal.gov.pt/viewer/273178/?offset=#page=34&viewer=picture&o=info&n=0&q=;Imagens | 1747;Cantos - Cantos I | 1750;Episódios - Visita do Rei de Melinde a Gama | 1761;808486;https://purl.pt/44192;https://bndigital.bnportugal.gov.pt//i/?IIIF=/e0/93/be/4f/e093be4f-2793-4525-9c8a-24d57a1db7bd/iiif/cam-72-v_0000_000007.tif/full/!300,500/0/default.jpg;Livro impresso;Português;Italiano;Sonetos escolhidos;;;1.ª ed.;Lisboa : Francisco Arthur da Silva;1885;1885;80 p.;Camões, Luís de, 1524-1580;;;Peragallo, Prospero, 1823-1916, Tradutor;;;CAM. 72 V.;CAM500;http://id.bnportugal.gov.pt/bib/catbnp/808486;Livre
7816;808486;1;48;808486148;https://permalinkbnd.bnportugal.gov.pt/viewer/273178/?offset=#page=48&viewer=picture&o=info&n=0&q=;Imagens | 1747;Cantos - Cantos II | 1751;"Episódios - Concílio ""Conselho dos Deuses"" | 1762";808486;https://purl.pt/44192;https://bndigital.bnportugal.gov.pt//i/?IIIF=/e0/93/be/4f/e093be4f-2793-4525-9c8a-24d57a1db7bd/iiif/cam-72-v_0000_000007.tif/full/!300,500/0/default.jpg;Livro impresso;Português;Italiano;Sonetos escolhidos;;;1.ª ed.;Lisboa : Francisco Arthur da Silva;1885;1885;80 p.;Camões, Luís de, 1524-1580;;;Peragallo, Prospero, 1823-1916, Tradutor;;;CAM. 72 V.;CAM500;http://id.bnportugal.gov.pt/bib/catbnp/808486;Livre
7817;808486;1;85;808486185;https://permalinkbnd.bnportugal.gov.pt/viewer/273178/?offset=#page=85&viewer=picture&o=info&n=0&q=;Imagens | 1747;Cantos - Cantos III | 1752;Episódios - Sonho d'El-Rei D. Manuel, no qual lhe aparecem os rios Indo e Ganges | 1763;808486;https://purl.pt/44192;https://bndigital.bnportugal.gov.pt//i/?IIIF=/e0/93/be/4f/e093be4f-2793-4525-9c8a-24d57a1db7bd/iiif/cam-72-v_0000_000007.tif/full/!300,500/0/default.jpg;Livro impresso;Português;Italiano;Sonetos escolhidos;;;1.ª ed.;Lisboa : Francisco Arthur da Silva;1885;1885;80 p.;Camões, Luís de, 1524-1580;;;Peragallo, Prospero, 1823-1916, Tradutor;;;CAM. 72 V.;CAM500;http://id.bnportugal.gov.pt/bib/catbnp/808486;Livre
7818;808486;1;90;808486190;https://permalinkbnd.bnportugal.gov.pt/viewer/273178/?offset=#page=90&viewer=picture&o=info&n=0&q=;Imagens | 1747;Cantos - Cantos IV | 1753;Episódios - Assassínio de Inês de Castro | 1764;808486;https://purl.pt/44192;https://bndigital.bnportugal.gov.pt//i/?IIIF=/e0/93/be/4f/e093be4f-2793-4525-9c8a-24d57a1db7bd/iiif/cam-72-v_0000_000007.tif/full/!300,500/0/default.jpg;Livro impresso;Português;Italiano;Sonetos escolhidos;;;1.ª ed.;Lisboa : Francisco Arthur da Silva;1885;1885;80 p.;Camões, Luís de, 1524-1580;;;Peragallo, Prospero, 1823-1916, Tradutor;;;CAM. 72 V.;CAM500;http://id.bnportugal.gov.pt/bib/catbnp/808486;Livre
7819;810044;1;1;81004411;https://permalinkbnd.bnportugal.gov.pt/viewer/273317/?offset=#page=1&viewer=picture&o=info&n=0&q=;Imagens | 1747;Cantos - Cantos V | 1754;Episódios - Aparição do gigante Adamastor na passagem do Cabo de B. Esperança | 1765;810044;https://purl.pt/44139;https://bndigital.bnportugal.gov.pt//i/?IIIF=/6b/7a/c9/47/6b7ac947-55a9-4acc-bbcd-d5f2fa65add1/iiif/cam-82-2-v_0000_000001.tif/full/!300,500/0/default.jpg;Livro impresso;"Português ; Francês ; Espanhol";Português;Lyricas;;;1.ª ed.;Lisboa : Impr. Nacional;1898;1898;131, 2 p.;Camões, Luís de, 1524-1580;;;"Vilhena, Ernesto Jardim de, 1876-1967, Antigo possuidor ; Benoliel, Joseph, 1873-1932, Tradutor ; Cunha, Xavier da, 1840-1920, Autor da introdução, etc.";;;CAM. 82//2 V.;CAM500;http://id.bnportugal.gov.pt/bib/catbnp/810044;Livre
7820;412780;1;35;412780135;https://permalinkbnd.bnportugal.gov.pt/viewer/1/?offset=#page=35&viewer=picture&o=info&n=0&q=;Imagens | 1747;Cantos - Cantos VI | 1755;Episódios - Vénus aplaca os Ventos e a tormenta | 1766;412780;https://purl.pt/44140;https://bndigital.bnportugal.gov.pt//i/?IIIF=/6f/05/b0/6e/6f05b06e-0073-46cf-96b8-08d4f4ad4869/iiif/cam-84-1-a_0000_000001.tif/full/!300,500/0/default.jpg;Periódico;"Português ; Chinês";;Jornal unico;celebração do 4º centenario do descobrimento do caminho maritimo para a India por Vasco da Gama;;1.ª ed.;Macau : impresso nas typographias de N. T. Fernandes e Filhos e Noronha & Ca.;1898;1898;55, 4 p.;;;;;;;CAM. 84//1 A.;CAM500;http://id.bnportugal.gov.pt/bib/catbnp/412780;Livre
7821;98840;1;10;98840110;https://permalinkbnd.bnportugal.gov.pt/viewer/273944/?offset=#page=10&viewer=picture&o=info&n=0&q=;Imagens | 1747;Cantos - Cantos VII | 1756;Episódios - Desembarque de Gama em Calecut | 1767;98840;https://purl.pt/44016;https://bndigital.bnportugal.gov.pt//i/?IIIF=/91/d0/b9/e6/91d0b9e6-dade-4731-93db-1f5883f197d7/iiif/cam-595-v_0000_000007.tif/full/!300,500/0/default.jpg;Livro impresso;Português;;Os Lusiadas;;;Edição consagrada a commemorar o terceiro centenario do poeta da nacionalidade portugueza pelo Gabinete Portuguez de Leitura no Rio de Janeiro;Lisboa : na officina de Castro Irmão, Impressor;1880;1880;XCIII, 3, 422, 4 p.;Camões, Luís de, 1524-1580;;;"Coelho, Adolfo, 1847-1919, Editor literário ; Ortigão, Ramalho, 1836-1915, Autor da introdução, etc. ; Montoro, Reinaldo Carlos, 1831-?, Autor do posfácio, cólofon, etc.";;Gabinete Português de Leitura, (Obsoleto);CAM. 595 V.;CAM500;http://id.bnportugal.gov.pt/bib/catbnp/98840;Livre
7822;98840;1;103;988401103;https://permalinkbnd.bnportugal.gov.pt/viewer/273944/?offset=#page=103&viewer=picture&o=info&n=0&q=;Imagens | 1747;Cantos - Cantos VIII | 1757;Episódios - Segunda Audiência do Samorim a Gama | 1768;98840;https://purl.pt/44016;https://bndigital.bnportugal.gov.pt//i/?IIIF=/91/d0/b9/e6/91d0b9e6-dade-4731-93db-1f5883f197d7/iiif/cam-595-v_0000_000007.tif/full/!300,500/0/default.jpg;Livro impresso;Português;;Os Lusiadas;;;Edição consagrada a commemorar o terceiro centenario do poeta da nacionalidade portugueza pelo Gabinete Portuguez de Leitura no Rio de Janeiro;Lisboa : na officina de Castro Irmão, Impressor;1880;1880;XCIII, 3, 422, 4 p.;Camões, Luís de, 1524-1580;;;"Coelho, Adolfo, 1847-1919, Editor literário ; Ortigão, Ramalho, 1836-1915, Autor da introdução, etc. ; Montoro, Reinaldo Carlos, 1831-?, Autor do posfácio, cólofon, etc.";;Gabinete Português de Leitura, (Obsoleto);CAM. 595 V.;CAM500;http://id.bnportugal.gov.pt/bib/catbnp/98840;Livre
7823;98840;1;107;988401107;https://permalinkbnd.bnportugal.gov.pt/viewer/273944/?offset=#page=107&viewer=picture&o=info&n=0&q=;Imagens | 1747;Cantos - Cantos IX | 1758;Episódios - Ilha de Vénus | 1769;98840;https://purl.pt/44016;https://bndigital.bnportugal.gov.pt//i/?IIIF=/91/d0/b9/e6/91d0b9e6-dade-4731-93db-1f5883f197d7/iiif/cam-595-v_0000_000007.tif/full/!300,500/0/default.jpg;Livro impresso;Português;;Os Lusiadas;;;Edição consagrada a commemorar o terceiro centenario do poeta da nacionalidade portugueza pelo Gabinete Portuguez de Leitura no Rio de Janeiro;Lisboa : na officina de Castro Irmão, Impressor;1880;1880;XCIII, 3, 422, 4 p.;Camões, Luís de, 1524-1580;;;"Coelho, Adolfo, 1847-1919, Editor literário ; Ortigão, Ramalho, 1836-1915, Autor da introdução, etc. ; Montoro, Reinaldo Carlos, 1831-?, Autor do posfácio, cólofon, etc.";;Gabinete Português de Leitura, (Obsoleto);CAM. 595 V.;CAM500;http://id.bnportugal.gov.pt/bib/catbnp/98840;Livre
7824;98840;1;145;988401145;https://permalinkbnd.bnportugal.gov.pt/viewer/273944/?offset=#page=145&viewer=picture&o=info&n=0&q=;Imagens | 1747;Cantos - Cantos X | 1759;Episódios - Audiência d’El-Rei D. Manuel a Gama | 1770;98840;https://purl.pt/44016;https://bndigital.bnportugal.gov.pt//i/?IIIF=/91/d0/b9/e6/91d0b9e6-dade-4731-93db-1f5883f197d7/iiif/cam-595-v_0000_000007.tif/full/!300,500/0/default.jpg;Livro impresso;Português;;Os Lusiadas;;;Edição consagrada a commemorar o terceiro centenario do poeta da nacionalidade portugueza pelo Gabinete Portuguez de Leitura no Rio de Janeiro;Lisboa : na officina de Castro Irmão, Impressor;1880;1880;XCIII, 3, 422, 4 p.;Camões, Luís de, 1524-1580;;;"Coelho, Adolfo, 1847-1919, Editor literário ; Ortigão, Ramalho, 1836-1915, Autor da introdução, etc. ; Montoro, Reinaldo Carlos, 1831-?, Autor do posfácio, cólofon, etc.";;Gabinete Português de Leitura, (Obsoleto);CAM. 595 V.;CAM500;http://id.bnportugal.gov.pt/bib/catbnp/98840;Livre
7825;98840;1;185;988401185;https://permalinkbnd.bnportugal.gov.pt/viewer/273944/?offset=#page=185&viewer=picture&o=info&n=0&q=;Imagens | 1747;Episódios | 1749;Episódios - Camões na gruta de Macau | 1760;98840;https://purl.pt/44016;https://bndigital.bnportugal.gov.pt//i/?IIIF=/91/d0/b9/e6/91d0b9e6-dade-4731-93db-1f5883f197d7/iiif/cam-595-v_0000_000007.tif/full/!300,500/0/default.jpg;Livro impresso;Português;;Os Lusiadas;;;Edição consagrada a commemorar o terceiro centenario do poeta da nacionalidade portugueza pelo Gabinete Portuguez de Leitura no Rio de Janeiro;Lisboa : na officina de Castro Irmão, Impressor;1880;1880;XCIII, 3, 422, 4 p.;Camões, Luís de, 1524-1580;;;"Coelho, Adolfo, 1847-1919, Editor literário ; Ortigão, Ramalho, 1836-1915, Autor da introdução, etc. ; Montoro, Reinaldo Carlos, 1831-?, Autor do posfácio, cólofon, etc.";;Gabinete Português de Leitura, (Obsoleto);CAM. 595 V.;CAM500;http://id.bnportugal.gov.pt/bib/catbnp/98840;Livre
7826;98840;1;235;988401235;https://permalinkbnd.bnportugal.gov.pt/viewer/273944/?offset=#page=235&viewer=picture&o=info&n=0&q=;Imagens | 1747;Cantos - Cantos I | 1750;Episódios - Visita do Rei de Melinde a Gama | 1761;98840;https://purl.pt/44016;https://bndigital.bnportugal.gov.pt//i/?IIIF=/91/d0/b9/e6/91d0b9e6-dade-4731-93db-1f5883f197d7/iiif/cam-595-v_0000_000007.tif/full/!300,500/0/default.jpg;Livro impresso;Português;;Os Lusiadas;;;Edição consagrada a commemorar o terceiro centenario do poeta da nacionalidade portugueza pelo Gabinete Portuguez de Leitura no Rio de Janeiro;Lisboa : na officina de Castro Irmão, Impressor;1880;1880;XCIII, 3, 422, 4 p.;Camões, Luís de, 1524-1580;;;"Coelho, Adolfo, 1847-1919, Editor literário ; Ortigão, Ramalho, 1836-1915, Autor da introdução, etc. ; Montoro, Reinaldo Carlos, 1831-?, Autor do posfácio, cólofon, etc.";;Gabinete Português de Leitura, (Obsoleto);CAM. 595 V.;CAM500;http://id.bnportugal.gov.pt/bib/catbnp/98840;Livre
7827;98840;1;270;988401270;https://permalinkbnd.bnportugal.gov.pt/viewer/273944/?offset=#page=270&viewer=picture&o=info&n=0&q=;Imagens | 1747;Cantos - Cantos II | 1751;"Episódios - Concílio ""Conselho dos Deuses"" | 1762";98840;https://purl.pt/44016;https://bndigital.bnportugal.gov.pt//i/?IIIF=/91/d0/b9/e6/91d0b9e6-dade-4731-93db-1f5883f197d7/iiif/cam-595-v_0000_000007.tif/full/!300,500/0/default.jpg;Livro impresso;Português;;Os Lusiadas;;;Edição consagrada a commemorar o terceiro centenario do poeta da nacionalidade portugueza pelo Gabinete Portuguez de Leitura no Rio de Janeiro;Lisboa : na officina de Castro Irmão, Impressor;1880;1880;XCIII, 3, 422, 4 p.;Camões, Luís de, 1524-1580;;;"Coelho, Adolfo, 1847-1919, Editor literário ; Ortigão, Ramalho, 1836-1915, Autor da introdução, etc. ; Montoro, Reinaldo Carlos, 1831-?, Autor do posfácio, cólofon, etc.";;Gabinete Português de Leitura, (Obsoleto);CAM. 595 V.;CAM500;http://id.bnportugal.gov.pt/bib/catbnp/98840;Livre
7828;98840;1;273;988401273;https://permalinkbnd.bnportugal.gov.pt/viewer/273944/?offset=#page=273&viewer=picture&o=info&n=0&q=;Imagens | 1747;Cantos - Cantos III | 1752;Episódios - Sonho d'El-Rei D. Manuel, no qual lhe aparecem os rios Indo e Ganges | 1763;98840;https://purl.pt/44016;https://bndigital.bnportugal.gov.pt//i/?IIIF=/91/d0/b9/e6/91d0b9e6-dade-4731-93db-1f5883f197d7/iiif/cam-595-v_0000_000007.tif/full/!300,500/0/default.jpg;Livro impresso;Português;;Os Lusiadas;;;Edição consagrada a commemorar o terceiro centenario do poeta da nacionalidade portugueza pelo Gabinete Portuguez de Leitura no Rio de Janeiro;Lisboa : na officina de Castro Irmão, Impressor;1880;1880;XCIII, 3, 422, 4 p.;Camões, Luís de, 1524-1580;;;"Coelho, Adolfo, 1847-1919, Editor literário ; Ortigão, Ramalho, 1836-1915, Autor da introdução, etc. ; Montoro, Reinaldo Carlos, 1831-?, Autor do posfácio, cólofon, etc.";;Gabinete Português de Leitura, (Obsoleto);CAM. 595 V.;CAM500;http://id.bnportugal.gov.pt/bib/catbnp/98840;Livre
7829;98840;1;306;988401306;https://permalinkbnd.bnportugal.gov.pt/viewer/273944/?offset=#page=306&viewer=picture&o=info&n=0&q=;Imagens | 1747;Cantos - Cantos IV | 1753;Episódios - Assassínio de Inês de Castro | 1764;98840;https://purl.pt/44016;https://bndigital.bnportugal.gov.pt//i/?IIIF=/91/d0/b9/e6/91d0b9e6-dade-4731-93db-1f5883f197d7/iiif/cam-595-v_0000_000007.tif/full/!300,500/0/default.jpg;Livro impresso;Português;;Os Lusiadas;;;Edição consagrada a commemorar o terceiro centenario do poeta da nacionalidade portugueza pelo Gabinete Portuguez de Leitura no Rio de Janeiro;Lisboa : na officina de Castro Irmão, Impressor;1880;1880;XCIII, 3, 422, 4 p.;Camões, Luís de, 1524-1580;;;"Coelho, Adolfo, 1847-1919, Editor literário ; Ortigão, Ramalho, 1836-1915, Autor da introdução, etc. ; Montoro, Reinaldo Carlos, 1831-?, Autor do posfácio, cólofon, etc.";;Gabinete Português de Leitura, (Obsoleto);CAM. 595 V.;CAM500;http://id.bnportugal.gov.pt/bib/catbnp/98840;Livre
7830;98840;1;309;988401309;https://permalinkbnd.bnportugal.gov.pt/viewer/273944/?offset=#page=309&viewer=picture&o=info&n=0&q=;Imagens | 1747;Cantos - Cantos V | 1754;Episódios - Aparição do gigante Adamastor na passagem do Cabo de B. Esperança | 1765;98840;https://purl.pt/44016;https://bndigital.bnportugal.gov.pt//i/?IIIF=/91/d0/b9/e6/91d0b9e6-dade-4731-93db-1f5883f197d7/iiif/cam-595-v_0000_000007.tif/full/!300,500/0/default.jpg;Livro impresso;Português;;Os Lusiadas;;;Edição consagrada a commemorar o terceiro centenario do poeta da nacionalidade portugueza pelo Gabinete Portuguez de Leitura no Rio de Janeiro;Lisboa : na officina de Castro Irmão, Impressor;1880;1880;XCIII, 3, 422, 4 p.;Camões, Luís de, 1524-1580;;;"Coelho, Adolfo, 1847-1919, Editor literário ; Ortigão, Ramalho, 1836-1915, Autor da introdução, etc. ; Montoro, Reinaldo Carlos, 1831-?, Autor do posfácio, cólofon, etc.";;Gabinete Português de Leitura, (Obsoleto);CAM. 595 V.;CAM500;http://id.bnportugal.gov.pt/bib/catbnp/98840;Livre
7831;98840;1;342;988401342;https://permalinkbnd.bnportugal.gov.pt/viewer/273944/?offset=#page=342&viewer=picture&o=info&n=0&q=;Imagens | 1747;Cantos - Cantos VI | 1755;Episódios - Vénus aplaca os Ventos e a tormenta | 1766;98840;https://purl.pt/44016;https://bndigital.bnportugal.gov.pt//i/?IIIF=/91/d0/b9/e6/91d0b9e6-dade-4731-93db-1f5883f197d7/iiif/cam-595-v_0000_000007.tif/full/!300,500/0/default.jpg;Livro impresso;Português;;Os Lusiadas;;;Edição consagrada a commemorar o terceiro centenario do poeta da nacionalidade portugueza pelo Gabinete Portuguez de Leitura no Rio de Janeiro;Lisboa : na officina de Castro Irmão, Impressor;1880;1880;XCIII, 3, 422, 4 p.;Camões, Luís de, 1524-1580;;;"Coelho, Adolfo, 1847-1919, Editor literário ; Ortigão, Ramalho, 1836-1915, Autor da introdução, etc. ; Montoro, Reinaldo Carlos, 1831-?, Autor do posfácio, cólofon, etc.";;Gabinete Português de Leitura, (Obsoleto);CAM. 595 V.;CAM500;http://id.bnportugal.gov.pt/bib/catbnp/98840;Livre
7832;98840;1;345;988401345;https://permalinkbnd.bnportugal.gov.pt/viewer/273944/?offset=#page=345&viewer=picture&o=info&n=0&q=;Imagens | 1747;Cantos - Cantos VII | 1756;Episódios - Desembarque de Gama em Calecut | 1767;98840;https://purl.pt/44016;https://bndigital.bnportugal.gov.pt//i/?IIIF=/91/d0/b9/e6/91d0b9e6-dade-4731-93db-1f5883f197d7/iiif/cam-595-v_0000_000007.tif/full/!300,500/0/default.jpg;Livro impresso;Português;;Os Lusiadas;;;Edição consagrada a commemorar o terceiro centenario do poeta da nacionalidade portugueza pelo Gabinete Portuguez de Leitura no Rio de Janeiro;Lisboa : na officina de Castro Irmão, Impressor;1880;1880;XCIII, 3, 422, 4 p.;Camões, Luís de, 1524-1580;;;"Coelho, Adolfo, 1847-1919, Editor literário ; Ortigão, Ramalho, 1836-1915, Autor da introdução, etc. ; Montoro, Reinaldo Carlos, 1831-?, Autor do posfácio, cólofon, etc.";;Gabinete Português de Leitura, (Obsoleto);CAM. 595 V.;CAM500;http://id.bnportugal.gov.pt/bib/catbnp/98840;Livre
7833;98840;1;374;988401374;https://permalinkbnd.bnportugal.gov.pt/viewer/273944/?offset=#page=374&viewer=picture&o=info&n=0&q=;Imagens | 1747;Cantos - Cantos VIII | 1757;Episódios - Segunda Audiência do Samorim a Gama | 1768;98840;https://purl.pt/44016;https://bndigital.bnportugal.gov.pt//i/?IIIF=/91/d0/b9/e6/91d0b9e6-dade-4731-93db-1f5883f197d7/iiif/cam-595-v_0000_000007.tif/full/!300,500/0/default.jpg;Livro impresso;Português;;Os Lusiadas;;;Edição consagrada a commemorar o terceiro centenario do poeta da nacionalidade portugueza pelo Gabinete Portuguez de Leitura no Rio de Janeiro;Lisboa : na officina de Castro Irmão, Impressor;1880;1880;XCIII, 3, 422, 4 p.;Camões, Luís de, 1524-1580;;;"Coelho, Adolfo, 1847-1919, Editor literário ; Ortigão, Ramalho, 1836-1915, Autor da introdução, etc. ; Montoro, Reinaldo Carlos, 1831-?, Autor do posfácio, cólofon, etc.";;Gabinete Português de Leitura, (Obsoleto);CAM. 595 V.;CAM500;http://id.bnportugal.gov.pt/bib/catbnp/98840;Livre
7834;98840;1;377;988401377;https://permalinkbnd.bnportugal.gov.pt/viewer/273944/?offset=#page=377&viewer=picture&o=info&n=0&q=;Imagens | 1747;Cantos - Cantos IX | 1758;Episódios - Ilha de Vénus | 1769;98840;https://purl.pt/44016;https://bndigital.bnportugal.gov.pt//i/?IIIF=/91/d0/b9/e6/91d0b9e6-dade-4731-93db-1f5883f197d7/iiif/cam-595-v_0000_000007.tif/full/!300,500/0/default.jpg;Livro impresso;Português;;Os Lusiadas;;;Edição consagrada a commemorar o terceiro centenario do poeta da nacionalidade portugueza pelo Gabinete Portuguez de Leitura no Rio de Janeiro;Lisboa : na officina de Castro Irmão, Impressor;1880;1880;XCIII, 3, 422, 4 p.;Camões, Luís de, 1524-1580;;;"Coelho, Adolfo, 1847-1919, Editor literário ; Ortigão, Ramalho, 1836-1915, Autor da introdução, etc. ; Montoro, Reinaldo Carlos, 1831-?, Autor do posfácio, cólofon, etc.";;Gabinete Português de Leitura, (Obsoleto);CAM. 595 V.;CAM500;http://id.bnportugal.gov.pt/bib/catbnp/98840;Livre
7835;98840;1;410;988401410;https://permalinkbnd.bnportugal.gov.pt/viewer/273944/?offset=#page=410&viewer=picture&o=info&n=0&q=;Imagens | 1747;Cantos - Cantos X | 1759;Episódios - Audiência d’El-Rei D. Manuel a Gama | 1770;98840;https://purl.pt/44016;https://bndigital.bnportugal.gov.pt//i/?IIIF=/91/d0/b9/e6/91d0b9e6-dade-4731-93db-1f5883f197d7/iiif/cam-595-v_0000_000007.tif/full/!300,500/0/default.jpg;Livro impresso;Português;;Os Lusiadas;;;Edição consagrada a commemorar o terceiro centenario do poeta da nacionalidade portugueza pelo Gabinete Portuguez de Leitura no Rio de Janeiro;Lisboa : na officina de Castro Irmão, Impressor;1880;1880;XCIII, 3, 422, 4 p.;Camões, Luís de, 1524-1580;;;"Coelho, Adolfo, 1847-1919, Editor literário ; Ortigão, Ramalho, 1836-1915, Autor da introdução, etc. ; Montoro, Reinaldo Carlos, 1831-?, Autor do posfácio, cólofon, etc.";;Gabinete Português de Leitura, (Obsoleto);CAM. 595 V.;CAM500;http://id.bnportugal.gov.pt/bib/catbnp/98840;Livre
7836;98840;1;413;988401413;https://permalinkbnd.bnportugal.gov.pt/viewer/273944/?offset=#page=413&viewer=picture&o=info&n=0&q=;Imagens | 1747;Cantos | 1748;Episódios - Camões na gruta de Macau | 1760;98840;https://purl.pt/44016;https://bndigital.bnportugal.gov.pt//i/?IIIF=/91/d0/b9/e6/91d0b9e6-dade-4731-93db-1f5883f197d7/iiif/cam-595-v_0000_000007.tif/full/!300,500/0/default.jpg;Livro impresso;Português;;Os Lusiadas;;;Edição consagrada a commemorar o terceiro centenario do poeta da nacionalidade portugueza pelo Gabinete Portuguez de Leitura no Rio de Janeiro;Lisboa : na officina de Castro Irmão, Impressor;1880;1880;XCIII, 3, 422, 4 p.;Camões, Luís de, 1524-1580;;;"Coelho, Adolfo, 1847-1919, Editor literário ; Ortigão, Ramalho, 1836-1915, Autor da introdução, etc. ; Montoro, Reinaldo Carlos, 1831-?, Autor do posfácio, cólofon, etc.";;Gabinete Português de Leitura, (Obsoleto);CAM. 595 V.;CAM500;http://id.bnportugal.gov.pt/bib/catbnp/98840;Livre
7837;98840;1;447;988401447;https://permalinkbnd.bnportugal.gov.pt/viewer/273944/?offset=#page=447&viewer=picture&o=info&n=0&q=;Imagens | 1747;Cantos | 1748;Episódios - Visita do Rei de Melinde a Gama | 1761;98840;https://purl.pt/44016;https://bndigital.bnportugal.gov.pt//i/?IIIF=/91/d0/b9/e6/91d0b9e6-dade-4731-93db-1f5883f197d7/iiif/cam-595-v_0000_000007.tif/full/!300,500/0/default.jpg;Livro impresso;Português;;Os Lusiadas;;;Edição consagrada a commemorar o terceiro centenario do poeta da nacionalidade portugueza pelo Gabinete Portuguez de Leitura no Rio de Janeiro;Lisboa : na officina de Castro Irmão, Impressor;1880;1880;XCIII, 3, 422, 4 p.;Camões, Luís de, 1524-1580;;;"Coelho, Adolfo, 1847-1919, Editor literário ; Ortigão, Ramalho, 1836-1915, Autor da introdução, etc. ; Montoro, Reinaldo Carlos, 1831-?, Autor do posfácio, cólofon, etc.";;Gabinete Português de Leitura, (Obsoleto);CAM. 595 V.;CAM500;http://id.bnportugal.gov.pt/bib/catbnp/98840;Livre
7838;98840;1;499;988401499;https://permalinkbnd.bnportugal.gov.pt/viewer/273944/?offset=#page=499&viewer=picture&o=info&n=0&q=;Imagens | 1747;Episódios | 1749;"Episódios - Concílio ""Conselho dos Deuses"" | 1762";98840;https://purl.pt/44016;https://bndigital.bnportugal.gov.pt//i/?IIIF=/91/d0/b9/e6/91d0b9e6-dade-4731-93db-1f5883f197d7/iiif/cam-595-v_0000_000007.tif/full/!300,500/0/default.jpg;Livro impresso;Português;;Os Lusiadas;;;Edição consagrada a commemorar o terceiro centenario do poeta da nacionalidade portugueza pelo Gabinete Portuguez de Leitura no Rio de Janeiro;Lisboa : na officina de Castro Irmão, Impressor;1880;1880;XCIII, 3, 422, 4 p.;Camões, Luís de, 1524-1580;;;"Coelho, Adolfo, 1847-1919, Editor literário ; Ortigão, Ramalho, 1836-1915, Autor da introdução, etc. ; Montoro, Reinaldo Carlos, 1831-?, Autor do posfácio, cólofon, etc.";;Gabinete Português de Leitura, (Obsoleto);CAM. 595 V.;CAM500;http://id.bnportugal.gov.pt/bib/catbnp/98840;Livre
7839;224027;1;7;22402717;https://permalinkbnd.bnportugal.gov.pt/viewer/14663/?offset=#page=7&viewer=picture&o=info&n=0&q=;Imagens | 1747;Cantos - Cantos I | 1750;Episódios - Sonho d'El-Rei D. Manuel, no qual lhe aparecem os rios Indo e Ganges | 1763;224027;https://purl.pt/23629;https://bndigital.bnportugal.gov.pt//i/?IIIF=/7b/7a/f5/77/7b7af577-eb20-40d0-8bd4-f587cc634b01/iiif/cam-198-p_0000_capa-capa_t24-C-R0150_000007.tif/full/!300,500/0/default.jpg;Livro impresso;Espanhol;Português;Los Lusiadas;;;1.ª ed.;Impresso en Alcala de Henares : por Iuan Gracian;1580;1580;388 p.;Camões, Luís de, 1524-1580;;;"Caldeira, Bento, fl. 1580, Tradutor ; Gracián, Juan, fl. 1572-1599, Impressor ; Cenáculo, Manuel do, 1724-1814, Antigo possuidor";;;F. 1622;;http://id.bnportugal.gov.pt/bib/catbnp/224027;Livre
7840;251973;1;5;25197315;https://permalinkbnd.bnportugal.gov.pt/viewer/255848/?offset=#page=5&viewer=picture&o=info&n=0&q=;Imagens | 1747;Cantos - Cantos II | 1751;Episódios - Assassínio de Inês de Castro | 1764;251973;https://purl.pt/39844;https://bndigital.bnportugal.gov.pt//i/?IIIF=/e2/87/4b/ea/e2874bea-f246-4633-bd9b-517c7955a0df/iiif/cam-206-a_0000_000005.tif/full/!300,500/0/default.jpg;Livro impresso;Português;;Variações camonianas;;;1.ª ed.;Lisboa : Imprensa Nacional-Casa da Moeda;1981;1981;10 p., 21 estampas em bolsa de resguardo;França, José Augusto, 1922-2021;;;Guimarães, José de, Ilustrador;;;CAM. 206 A.;;http://id.bnportugal.gov.pt/bib/catbnp/251973;Interno
7841;251973;1;11;251973111;https://permalinkbnd.bnportugal.gov.pt/viewer/255848/?offset=#page=11&viewer=picture&o=info&n=0&q=;Imagens | 1747;Cantos - Cantos III | 1752;Episódios - Aparição do gigante Adamastor na passagem do Cabo de B. Esperança | 1765;251973;https://purl.pt/39844;https://bndigital.bnportugal.gov.pt//i/?IIIF=/e2/87/4b/ea/e2874bea-f246-4633-bd9b-517c7955a0df/iiif/cam-206-a_0000_000005.tif/full/!300,500/0/default.jpg;Livro impresso;Português;;Variações camonianas;;;1.ª ed.;Lisboa : Imprensa Nacional-Casa da Moeda;1981;1981;10 p., 21 estampas em bolsa de resguardo;França, José Augusto, 1922-2021;;;Guimarães, José de, Ilustrador;;;CAM. 206 A.;;http://id.bnportugal.gov.pt/bib/catbnp/251973;Interno
7842;251973;1;13;251973113;https://permalinkbnd.bnportugal.gov.pt/viewer/255848/?offset=#page=13&viewer=picture&o=info&n=0&q=;Imagens | 1747;Cantos - Cantos IV | 1753;Episódios - Vénus aplaca os Ventos e a tormenta | 1766;251973;https://purl.pt/39844;https://bndigital.bnportugal.gov.pt//i/?IIIF=/e2/87/4b/ea/e2874bea-f246-4633-bd9b-517c7955a0df/iiif/cam-206-a_0000_000005.tif/full/!300,500/0/default.jpg;Livro impresso;Português;;Variações camonianas;;;1.ª ed.;Lisboa : Imprensa Nacional-Casa da Moeda;1981;1981;10 p., 21 estampas em bolsa de resguardo;França, José Augusto, 1922-2021;;;Guimarães, José de, Ilustrador;;;CAM. 206 A.;;http://id.bnportugal.gov.pt/bib/catbnp/251973;Interno
7843;251973;1;15;251973115;https://permalinkbnd.bnportugal.gov.pt/viewer/255848/?offset=#page=15&viewer=picture&o=info&n=0&q=;Imagens | 1747;Cantos - Cantos V | 1754;Episódios - Desembarque de Gama em Calecut | 1767;251973;https://purl.pt/39844;https://bndigital.bnportugal.gov.pt//i/?IIIF=/e2/87/4b/ea/e2874bea-f246-4633-bd9b-517c7955a0df/iiif/cam-206-a_0000_000005.tif/full/!300,500/0/default.jpg;Livro impresso;Português;;Variações camonianas;;;1.ª ed.;Lisboa : Imprensa Nacional-Casa da Moeda;1981;1981;10 p., 21 estampas em bolsa de resguardo;França, José Augusto, 1922-2021;;;Guimarães, José de, Ilustrador;;;CAM. 206 A.;;http://id.bnportugal.gov.pt/bib/catbnp/251973;Interno
7844;251973;1;17;251973117;https://permalinkbnd.bnportugal.gov.pt/viewer/255848/?offset=#page=17&viewer=picture&o=info&n=0&q=;Imagens | 1747;Cantos - Cantos VI | 1755;Episódios - Segunda Audiência do Samorim a Gama | 1768;251973;https://purl.pt/39844;https://bndigital.bnportugal.gov.pt//i/?IIIF=/e2/87/4b/ea/e2874bea-f246-4633-bd9b-517c7955a0df/iiif/cam-206-a_0000_000005.tif/full/!300,500/0/default.jpg;Livro impresso;Português;;Variações camonianas;;;1.ª ed.;Lisboa : Imprensa Nacional-Casa da Moeda;1981;1981;10 p., 21 estampas em bolsa de resguardo;França, José Augusto, 1922-2021;;;Guimarães, José de, Ilustrador;;;CAM. 206 A.;;http://id.bnportugal.gov.pt/bib/catbnp/251973;Interno
7845;251973;1;19;251973119;https://permalinkbnd.bnportugal.gov.pt/viewer/255848/?offset=#page=19&viewer=picture&o=info&n=0&q=;Imagens | 1747;Cantos - Cantos VII | 1756;Episódios - Ilha de Vénus | 1769;251973;https://purl.pt/39844;https://bndigital.bnportugal.gov.pt//i/?IIIF=/e2/87/4b/ea/e2874bea-f246-4633-bd9b-517c7955a0df/iiif/cam-206-a_0000_000005.tif/full/!300,500/0/default.jpg;Livro impresso;Português;;Variações camonianas;;;1.ª ed.;Lisboa : Imprensa Nacional-Casa da Moeda;1981;1981;10 p., 21 estampas em bolsa de resguardo;França, José Augusto, 1922-2021;;;Guimarães, José de, Ilustrador;;;CAM. 206 A.;;http://id.bnportugal.gov.pt/bib/catbnp/251973;Interno
7846;251973;1;21;251973121;https://permalinkbnd.bnportugal.gov.pt/viewer/255848/?offset=#page=21&viewer=picture&o=info&n=0&q=;Imagens | 1747;Cantos - Cantos VIII | 1757;Episódios - Audiência d’El-Rei D. Manuel a Gama | 1770;251973;https://purl.pt/39844;https://bndigital.bnportugal.gov.pt//i/?IIIF=/e2/87/4b/ea/e2874bea-f246-4633-bd9b-517c7955a0df/iiif/cam-206-a_0000_000005.tif/full/!300,500/0/default.jpg;Livro impresso;Português;;Variações camonianas;;;1.ª ed.;Lisboa : Imprensa Nacional-Casa da Moeda;1981;1981;10 p., 21 estampas em bolsa de resguardo;França, José Augusto, 1922-2021;;;Guimarães, José de, Ilustrador;;;CAM. 206 A.;;http://id.bnportugal.gov.pt/bib/catbnp/251973;Interno
7847;251973;1;23;251973123;https://permalinkbnd.bnportugal.gov.pt/viewer/255848/?offset=#page=23&viewer=picture&o=info&n=0&q=;Imagens | 1747;Cantos - Cantos IX | 1758;Episódios - Camões na gruta de Macau | 1760;251973;https://purl.pt/39844;https://bndigital.bnportugal.gov.pt//i/?IIIF=/e2/87/4b/ea/e2874bea-f246-4633-bd9b-517c7955a0df/iiif/cam-206-a_0000_000005.tif/full/!300,500/0/default.jpg;Livro impresso;Português;;Variações camonianas;;;1.ª ed.;Lisboa : Imprensa Nacional-Casa da Moeda;1981;1981;10 p., 21 estampas em bolsa de resguardo;França, José Augusto, 1922-2021;;;Guimarães, José de, Ilustrador;;;CAM. 206 A.;;http://id.bnportugal.gov.pt/bib/catbnp/251973;Interno
7848;251973;1;25;251973125;https://permalinkbnd.bnportugal.gov.pt/viewer/255848/?offset=#page=25&viewer=picture&o=info&n=0&q=;Imagens | 1747;Cantos - Cantos X | 1759;Episódios - Visita do Rei de Melinde a Gama | 1761;251973;https://purl.pt/39844;https://bndigital.bnportugal.gov.pt//i/?IIIF=/e2/87/4b/ea/e2874bea-f246-4633-bd9b-517c7955a0df/iiif/cam-206-a_0000_000005.tif/full/!300,500/0/default.jpg;Livro impresso;Português;;Variações camonianas;;;1.ª ed.;Lisboa : Imprensa Nacional-Casa da Moeda;1981;1981;10 p., 21 estampas em bolsa de resguardo;França, José Augusto, 1922-2021;;;Guimarães, José de, Ilustrador;;;CAM. 206 A.;;http://id.bnportugal.gov.pt/bib/catbnp/251973;Interno
7849;251973;1;27;251973127;https://permalinkbnd.bnportugal.gov.pt/viewer/255848/?offset=#page=27&viewer=picture&o=info&n=0&q=;Imagens | 1747;Episódios | 1749;"Episódios - Concílio ""Conselho dos Deuses"" | 1762";251973;https://purl.pt/39844;https://bndigital.bnportugal.gov.pt//i/?IIIF=/e2/87/4b/ea/e2874bea-f246-4633-bd9b-517c7955a0df/iiif/cam-206-a_0000_000005.tif/full/!300,500/0/default.jpg;Livro impresso;Português;;Variações camonianas;;;1.ª ed.;Lisboa : Imprensa Nacional-Casa da Moeda;1981;1981;10 p., 21 estampas em bolsa de resguardo;França, José Augusto, 1922-2021;;;Guimarães, José de, Ilustrador;;;CAM. 206 A.;;http://id.bnportugal.gov.pt/bib/catbnp/251973;Interno
7850;251973;1;29;251973129;https://permalinkbnd.bnportugal.gov.pt/viewer/255848/?offset=#page=29&viewer=picture&o=info&n=0&q=;Imagens | 1747;Cantos - Cantos I | 1750;Episódios - Sonho d'El-Rei D. Manuel, no qual lhe aparecem os rios Indo e Ganges | 1763;251973;https://purl.pt/39844;https://bndigital.bnportugal.gov.pt//i/?IIIF=/e2/87/4b/ea/e2874bea-f246-4633-bd9b-517c7955a0df/iiif/cam-206-a_0000_000005.tif/full/!300,500/0/default.jpg;Livro impresso;Português;;Variações camonianas;;;1.ª ed.;Lisboa : Imprensa Nacional-Casa da Moeda;1981;1981;10 p., 21 estampas em bolsa de resguardo;França, José Augusto, 1922-2021;;;Guimarães, José de, Ilustrador;;;CAM. 206 A.;;http://id.bnportugal.gov.pt/bib/catbnp/251973;Interno
7851;251973;1;31;251973131;https://permalinkbnd.bnportugal.gov.pt/viewer/255848/?offset=#page=31&viewer=picture&o=info&n=0&q=;Imagens | 1747;Cantos - Cantos II | 1751;Episódios - Assassínio de Inês de Castro | 1764;251973;https://purl.pt/39844;https://bndigital.bnportugal.gov.pt//i/?IIIF=/e2/87/4b/ea/e2874bea-f246-4633-bd9b-517c7955a0df/iiif/cam-206-a_0000_000005.tif/full/!300,500/0/default.jpg;Livro impresso;Português;;Variações camonianas;;;1.ª ed.;Lisboa : Imprensa Nacional-Casa da Moeda;1981;1981;10 p., 21 estampas em bolsa de resguardo;França, José Augusto, 1922-2021;;;Guimarães, José de, Ilustrador;;;CAM. 206 A.;;http://id.bnportugal.gov.pt/bib/catbnp/251973;Interno
7852;251973;1;33;251973133;https://permalinkbnd.bnportugal.gov.pt/viewer/255848/?offset=#page=33&viewer=picture&o=info&n=0&q=;Imagens | 1747;Cantos - Cantos III | 1752;Episódios - Aparição do gigante Adamastor na passagem do Cabo de B. Esperança | 1765;251973;https://purl.pt/39844;https://bndigital.bnportugal.gov.pt//i/?IIIF=/e2/87/4b/ea/e2874bea-f246-4633-bd9b-517c7955a0df/iiif/cam-206-a_0000_000005.tif/full/!300,500/0/default.jpg;Livro impresso;Português;;Variações camonianas;;;1.ª ed.;Lisboa : Imprensa Nacional-Casa da Moeda;1981;1981;10 p., 21 estampas em bolsa de resguardo;França, José Augusto, 1922-2021;;;Guimarães, José de, Ilustrador;;;CAM. 206 A.;;http://id.bnportugal.gov.pt/bib/catbnp/251973;Interno
7853;251973;1;35;251973135;https://permalinkbnd.bnportugal.gov.pt/viewer/255848/?offset=#page=35&viewer=picture&o=info&n=0&q=;Imagens | 1747;Cantos - Cantos IV | 1753;Episódios - Vénus aplaca os Ventos e a tormenta | 1766;251973;https://purl.pt/39844;https://bndigital.bnportugal.gov.pt//i/?IIIF=/e2/87/4b/ea/e2874bea-f246-4633-bd9b-517c7955a0df/iiif/cam-206-a_0000_000005.tif/full/!300,500/0/default.jpg;Livro impresso;Português;;Variações camonianas;;;1.ª ed.;Lisboa : Imprensa Nacional-Casa da Moeda;1981;1981;10 p., 21 estampas em bolsa de resguardo;França, José Augusto, 1922-2021;;;Guimarães, José de, Ilustrador;;;CAM. 206 A.;;http://id.bnportugal.gov.pt/bib/catbnp/251973;Interno
7854;251973;1;37;251973137;https://permalinkbnd.bnportugal.gov.pt/viewer/255848/?offset=#page=37&viewer=picture&o=info&n=0&q=;Imagens | 1747;Cantos - Cantos V | 1754;Episódios - Desembarque de Gama em Calecut | 1767;251973;https://purl.pt/39844;https://bndigital.bnportugal.gov.pt//i/?IIIF=/e2/87/4b/ea/e2874bea-f246-4633-bd9b-517c7955a0df/iiif/cam-206-a_0000_000005.tif/full/!300,500/0/default.jpg;Livro impresso;Português;;Variações camonianas;;;1.ª ed.;Lisboa : Imprensa Nacional-Casa da Moeda;1981;1981;10 p., 21 estampas em bolsa de resguardo;França, José Augusto, 1922-2021;;;Guimarães, José de, Ilustrador;;;CAM. 206 A.;;http://id.bnportugal.gov.pt/bib/catbnp/251973;Interno
7855;251973;1;39;251973139;https://permalinkbnd.bnportugal.gov.pt/viewer/255848/?offset=#page=39&viewer=picture&o=info&n=0&q=;Imagens | 1747;Cantos - Cantos VI | 1755;Episódios - Segunda Audiência do Samorim a Gama | 1768;251973;https://purl.pt/39844;https://bndigital.bnportugal.gov.pt//i/?IIIF=/e2/87/4b/ea/e2874bea-f246-4633-bd9b-517c7955a0df/iiif/cam-206-a_0000_000005.tif/full/!300,500/0/default.jpg;Livro impresso;Português;;Variações camonianas;;;1.ª ed.;Lisboa : Imprensa Nacional-Casa da Moeda;1981;1981;10 p., 21 estampas em bolsa de resguardo;França, José Augusto, 1922-2021;;;Guimarães, José de, Ilustrador;;;CAM. 206 A.;;http://id.bnportugal.gov.pt/bib/catbnp/251973;Interno
7856;251973;1;41;251973141;https://permalinkbnd.bnportugal.gov.pt/viewer/255848/?offset=#page=41&viewer=picture&o=info&n=0&q=;Imagens | 1747;Cantos - Cantos VII | 1756;Episódios - Ilha de Vénus | 1769;251973;https://purl.pt/39844;https://bndigital.bnportugal.gov.pt//i/?IIIF=/e2/87/4b/ea/e2874bea-f246-4633-bd9b-517c7955a0df/iiif/cam-206-a_0000_000005.tif/full/!300,500/0/default.jpg;Livro impresso;Português;;Variações camonianas;;;1.ª ed.;Lisboa : Imprensa Nacional-Casa da Moeda;1981;1981;10 p., 21 estampas em bolsa de resguardo;França, José Augusto, 1922-2021;;;Guimarães, José de, Ilustrador;;;CAM. 206 A.;;http://id.bnportugal.gov.pt/bib/catbnp/251973;Interno
7857;251973;1;43;251973143;https://permalinkbnd.bnportugal.gov.pt/viewer/255848/?offset=#page=43&viewer=picture&o=info&n=0&q=;Imagens | 1747;Cantos - Cantos VIII | 1757;Episódios - Audiência d’El-Rei D. Manuel a Gama | 1770;251973;https://purl.pt/39844;https://bndigital.bnportugal.gov.pt//i/?IIIF=/e2/87/4b/ea/e2874bea-f246-4633-bd9b-517c7955a0df/iiif/cam-206-a_0000_000005.tif/full/!300,500/0/default.jpg;Livro impresso;Português;;Variações camonianas;;;1.ª ed.;Lisboa : Imprensa Nacional-Casa da Moeda;1981;1981;10 p., 21 estampas em bolsa de resguardo;França, José Augusto, 1922-2021;;;Guimarães, José de, Ilustrador;;;CAM. 206 A.;;http://id.bnportugal.gov.pt/bib/catbnp/251973;Interno
7858;251973;1;45;251973145;https://permalinkbnd.bnportugal.gov.pt/viewer/255848/?offset=#page=45&viewer=picture&o=info&n=0&q=;Imagens | 1747;Cantos - Cantos IX | 1758;Episódios - Camões na gruta de Macau | 1760;251973;https://purl.pt/39844;https://bndigital.bnportugal.gov.pt//i/?IIIF=/e2/87/4b/ea/e2874bea-f246-4633-bd9b-517c7955a0df/iiif/cam-206-a_0000_000005.tif/full/!300,500/0/default.jpg;Livro impresso;Português;;Variações camonianas;;;1.ª ed.;Lisboa : Imprensa Nacional-Casa da Moeda;1981;1981;10 p., 21 estampas em bolsa de resguardo;França, José Augusto, 1922-2021;;;Guimarães, José de, Ilustrador;;;CAM. 206 A.;;http://id.bnportugal.gov.pt/bib/catbnp/251973;Interno
7859;251973;1;47;251973147;https://permalinkbnd.bnportugal.gov.pt/viewer/255848/?offset=#page=47&viewer=picture&o=info&n=0&q=;Imagens | 1747;Cantos - Cantos X | 1759;Episódios - Visita do Rei de Melinde a Gama | 1761;251973;https://purl.pt/39844;https://bndigital.bnportugal.gov.pt//i/?IIIF=/e2/87/4b/ea/e2874bea-f246-4633-bd9b-517c7955a0df/iiif/cam-206-a_0000_000005.tif/full/!300,500/0/default.jpg;Livro impresso;Português;;Variações camonianas;;;1.ª ed.;Lisboa : Imprensa Nacional-Casa da Moeda;1981;1981;10 p., 21 estampas em bolsa de resguardo;França, José Augusto, 1922-2021;;;Guimarães, José de, Ilustrador;;;CAM. 206 A.;;http://id.bnportugal.gov.pt/bib/catbnp/251973;Interno
7860;251973;1;49;251973149;https://permalinkbnd.bnportugal.gov.pt/viewer/255848/?offset=#page=49&viewer=picture&o=info&n=0&q=;Imagens | 1747;Cantos | 1748;"Episódios - Concílio ""Conselho dos Deuses"" | 1762";251973;https://purl.pt/39844;https://bndigital.bnportugal.gov.pt//i/?IIIF=/e2/87/4b/ea/e2874bea-f246-4633-bd9b-517c7955a0df/iiif/cam-206-a_0000_000005.tif/full/!300,500/0/default.jpg;Livro impresso;Português;;Variações camonianas;;;1.ª ed.;Lisboa : Imprensa Nacional-Casa da Moeda;1981;1981;10 p., 21 estampas em bolsa de resguardo;França, José Augusto, 1922-2021;;;Guimarães, José de, Ilustrador;;;CAM. 206 A.;;http://id.bnportugal.gov.pt/bib/catbnp/251973;Interno
7861;251973;1;51;251973151;https://permalinkbnd.bnportugal.gov.pt/viewer/255848/?offset=#page=51&viewer=picture&o=info&n=0&q=;Imagens | 1747;Cantos | 1748;Episódios - Sonho d'El-Rei D. Manuel, no qual lhe aparecem os rios Indo e Ganges | 1763;251973;https://purl.pt/39844;https://bndigital.bnportugal.gov.pt//i/?IIIF=/e2/87/4b/ea/e2874bea-f246-4633-bd9b-517c7955a0df/iiif/cam-206-a_0000_000005.tif/full/!300,500/0/default.jpg;Livro impresso;Português;;Variações camonianas;;;1.ª ed.;Lisboa : Imprensa Nacional-Casa da Moeda;1981;1981;10 p., 21 estampas em bolsa de resguardo;França, José Augusto, 1922-2021;;;Guimarães, José de, Ilustrador;;;CAM. 206 A.;;http://id.bnportugal.gov.pt/bib/catbnp/251973;Interno
7862;253094;1;54;253094154;https://permalinkbnd.bnportugal.gov.pt/viewer/274463/?offset=#page=54&viewer=picture&o=info&n=0&q=;Imagens | 1747;Episódios | 1749;Episódios - Assassínio de Inês de Castro | 1764;253094;https://purl.pt/44015;https://bndigital.bnportugal.gov.pt//i/?IIIF=/7c/21/88/b9/7c2188b9-a666-4ea9-9461-f8b34915c0fa/iiif/cam-575-p_0000_000001.tif/full/!300,500/0/default.jpg;Livro impresso;Italiano;;I Lusiadi;;;Seconda edizione;Milano : Dalla Societá Tipog. dei Classici Italiani;1821;1821;XXXX, 517, 3 p., 3 grav. extratexto;Camões, Luís de, 1524-1580;;"Staël, 1766-1817, Autor ; Villenave, Mathieu-Guillaume-Thérèse, 1762-1846, Autor ; Sismondi, 1773-1842, Autor ; Andrés, Juan, 1740-1817, Autor";"Nervi, Antonio, 1760-1836, Tradutor ; Gallina, Gallo, 1796-1874, Ilustrador";;Società Tipografica de' Classici Italiani;CAM. 234 P.;CAM500;http://id.bnportugal.gov.pt/bib/catbnp/253094;Livre
7863;253094;1;366;2530941366;https://permalinkbnd.bnportugal.gov.pt/viewer/274463/?offset=#page=366&viewer=picture&o=info&n=0&q=;Imagens | 1747;Cantos - Cantos I | 1750;Episódios - Aparição do gigante Adamastor na passagem do Cabo de B. Esperança | 1765;253094;https://purl.pt/44015;https://bndigital.bnportugal.gov.pt//i/?IIIF=/7c/21/88/b9/7c2188b9-a666-4ea9-9461-f8b34915c0fa/iiif/cam-575-p_0000_000001.tif/full/!300,500/0/default.jpg;Livro impresso;Italiano;;I Lusiadi;;;Seconda edizione;Milano : Dalla Societá Tipog. dei Classici Italiani;1821;1821;XXXX, 517, 3 p., 3 grav. extratexto;Camões, Luís de, 1524-1580;;"Staël, 1766-1817, Autor ; Villenave, Mathieu-Guillaume-Thérèse, 1762-1846, Autor ; Sismondi, 1773-1842, Autor ; Andrés, Juan, 1740-1817, Autor";"Nervi, Antonio, 1760-1836, Tradutor ; Gallina, Gallo, 1796-1874, Ilustrador";;Società Tipografica de' Classici Italiani;CAM. 234 P.;CAM500;http://id.bnportugal.gov.pt/bib/catbnp/253094;Livre
7864;258798;1;7;25879817;https://permalinkbnd.bnportugal.gov.pt/viewer/14629/?offset=#page=7&viewer=picture&o=info&n=0&q=;Imagens | 1747;Cantos - Cantos II | 1751;Episódios - Vénus aplaca os Ventos e a tormenta | 1766;258798;https://purl.pt/37882;https://bndigital.bnportugal.gov.pt//i/?IIIF=/78/02/d7/04/7802d704-62e3-4579-87a6-9e8ed05b0134/iiif/cam-208-p_0000_000007.tif/full/!300,500/0/default.jpg;Livro impresso;Espanhol;;Los Lusiadas;;;1.ª ed.;Barcelona : Empresa Editorial La Ilustracion;1874;1874;266 i.e. 296, LXI, 1 p.;Camões, Luís de, 1524-1580;;;"Aranda y Sanjuan, Manuel, Tradutor ; Denis, Ferdinand, 1798-1890, Colaborador ; Moura, Caetano Lopes de, 1780-1860, Editor literário";;;CAM. 208 P.;;http://id.bnportugal.gov.pt/bib/catbnp/258798;Livre
7865;258798;1;21;258798121;https://permalinkbnd.bnportugal.gov.pt/viewer/14629/?offset=#page=21&viewer=picture&o=info&n=0&q=;Imagens | 1747;Cantos - Cantos III | 1752;Episódios - Desembarque de Gama em Calecut | 1767;258798;https://purl.pt/37882;https://bndigital.bnportugal.gov.pt//i/?IIIF=/78/02/d7/04/7802d704-62e3-4579-87a6-9e8ed05b0134/iiif/cam-208-p_0000_000007.tif/full/!300,500/0/default.jpg;Livro impresso;Espanhol;;Los Lusiadas;;;1.ª ed.;Barcelona : Empresa Editorial La Ilustracion;1874;1874;266 i.e. 296, LXI, 1 p.;Camões, Luís de, 1524-1580;;;"Aranda y Sanjuan, Manuel, Tradutor ; Denis, Ferdinand, 1798-1890, Colaborador ; Moura, Caetano Lopes de, 1780-1860, Editor literário";;;CAM. 208 P.;;http://id.bnportugal.gov.pt/bib/catbnp/258798;Livre
7866;258798;1;48;258798148;https://permalinkbnd.bnportugal.gov.pt/viewer/14629/?offset=#page=48&viewer=picture&o=info&n=0&q=;Imagens | 1747;Cantos - Cantos IV | 1753;Episódios - Segunda Audiência do Samorim a Gama | 1768;258798;https://purl.pt/37882;https://bndigital.bnportugal.gov.pt//i/?IIIF=/78/02/d7/04/7802d704-62e3-4579-87a6-9e8ed05b0134/iiif/cam-208-p_0000_000007.tif/full/!300,500/0/default.jpg;Livro impresso;Espanhol;;Los Lusiadas;;;1.ª ed.;Barcelona : Empresa Editorial La Ilustracion;1874;1874;266 i.e. 296, LXI, 1 p.;Camões, Luís de, 1524-1580;;;"Aranda y Sanjuan, Manuel, Tradutor ; Denis, Ferdinand, 1798-1890, Colaborador ; Moura, Caetano Lopes de, 1780-1860, Editor literário";;;CAM. 208 P.;;http://id.bnportugal.gov.pt/bib/catbnp/258798;Livre
7867;258798;1;100;2587981100;https://permalinkbnd.bnportugal.gov.pt/viewer/14629/?offset=#page=100&viewer=picture&o=info&n=0&q=;Imagens | 1747;Cantos - Cantos V | 1754;Episódios - Ilha de Vénus | 1769;258798;https://purl.pt/37882;https://bndigital.bnportugal.gov.pt//i/?IIIF=/78/02/d7/04/7802d704-62e3-4579-87a6-9e8ed05b0134/iiif/cam-208-p_0000_000007.tif/full/!300,500/0/default.jpg;Livro impresso;Espanhol;;Los Lusiadas;;;1.ª ed.;Barcelona : Empresa Editorial La Ilustracion;1874;1874;266 i.e. 296, LXI, 1 p.;Camões, Luís de, 1524-1580;;;"Aranda y Sanjuan, Manuel, Tradutor ; Denis, Ferdinand, 1798-1890, Colaborador ; Moura, Caetano Lopes de, 1780-1860, Editor literário";;;CAM. 208 P.;;http://id.bnportugal.gov.pt/bib/catbnp/258798;Livre
7868;258798;1;129;2587981129;https://permalinkbnd.bnportugal.gov.pt/viewer/14629/?offset=#page=129&viewer=picture&o=info&n=0&q=;Imagens | 1747;Cantos - Cantos VI | 1755;Episódios - Audiência d’El-Rei D. Manuel a Gama | 1770;258798;https://purl.pt/37882;https://bndigital.bnportugal.gov.pt//i/?IIIF=/78/02/d7/04/7802d704-62e3-4579-87a6-9e8ed05b0134/iiif/cam-208-p_0000_000007.tif/full/!300,500/0/default.jpg;Livro impresso;Espanhol;;Los Lusiadas;;;1.ª ed.;Barcelona : Empresa Editorial La Ilustracion;1874;1874;266 i.e. 296, LXI, 1 p.;Camões, Luís de, 1524-1580;;;"Aranda y Sanjuan, Manuel, Tradutor ; Denis, Ferdinand, 1798-1890, Colaborador ; Moura, Caetano Lopes de, 1780-1860, Editor literário";;;CAM. 208 P.;;http://id.bnportugal.gov.pt/bib/catbnp/258798;Livre
7869;258798;1;152;2587981152;https://permalinkbnd.bnportugal.gov.pt/viewer/14629/?offset=#page=152&viewer=picture&o=info&n=0&q=;Imagens | 1747;Cantos - Cantos VII | 1756;Episódios - Camões na gruta de Macau | 1760;258798;https://purl.pt/37882;https://bndigital.bnportugal.gov.pt//i/?IIIF=/78/02/d7/04/7802d704-62e3-4579-87a6-9e8ed05b0134/iiif/cam-208-p_0000_000007.tif/full/!300,500/0/default.jpg;Livro impresso;Espanhol;;Los Lusiadas;;;1.ª ed.;Barcelona : Empresa Editorial La Ilustracion;1874;1874;266 i.e. 296, LXI, 1 p.;Camões, Luís de, 1524-1580;;;"Aranda y Sanjuan, Manuel, Tradutor ; Denis, Ferdinand, 1798-1890, Colaborador ; Moura, Caetano Lopes de, 1780-1860, Editor literário";;;CAM. 208 P.;;http://id.bnportugal.gov.pt/bib/catbnp/258798;Livre
7870;258798;1;191;2587981191;https://permalinkbnd.bnportugal.gov.pt/viewer/14629/?offset=#page=191&viewer=picture&o=info&n=0&q=;Imagens | 1747;Cantos - Cantos VIII | 1757;Episódios - Visita do Rei de Melinde a Gama | 1761;258798;https://purl.pt/37882;https://bndigital.bnportugal.gov.pt//i/?IIIF=/78/02/d7/04/7802d704-62e3-4579-87a6-9e8ed05b0134/iiif/cam-208-p_0000_000007.tif/full/!300,500/0/default.jpg;Livro impresso;Espanhol;;Los Lusiadas;;;1.ª ed.;Barcelona : Empresa Editorial La Ilustracion;1874;1874;266 i.e. 296, LXI, 1 p.;Camões, Luís de, 1524-1580;;;"Aranda y Sanjuan, Manuel, Tradutor ; Denis, Ferdinand, 1798-1890, Colaborador ; Moura, Caetano Lopes de, 1780-1860, Editor literário";;;CAM. 208 P.;;http://id.bnportugal.gov.pt/bib/catbnp/258798;Livre
7871;258798;1;209;2587981209;https://permalinkbnd.bnportugal.gov.pt/viewer/14629/?offset=#page=209&viewer=picture&o=info&n=0&q=;Imagens | 1747;Cantos - Cantos IX | 1758;"Episódios - Concílio ""Conselho dos Deuses"" | 1762";258798;https://purl.pt/37882;https://bndigital.bnportugal.gov.pt//i/?IIIF=/78/02/d7/04/7802d704-62e3-4579-87a6-9e8ed05b0134/iiif/cam-208-p_0000_000007.tif/full/!300,500/0/default.jpg;Livro impresso;Espanhol;;Los Lusiadas;;;1.ª ed.;Barcelona : Empresa Editorial La Ilustracion;1874;1874;266 i.e. 296, LXI, 1 p.;Camões, Luís de, 1524-1580;;;"Aranda y Sanjuan, Manuel, Tradutor ; Denis, Ferdinand, 1798-1890, Colaborador ; Moura, Caetano Lopes de, 1780-1860, Editor literário";;;CAM. 208 P.;;http://id.bnportugal.gov.pt/bib/catbnp/258798;Livre
7872;258798;1;264;2587981264;https://permalinkbnd.bnportugal.gov.pt/viewer/14629/?offset=#page=264&viewer=picture&o=info&n=0&q=;Imagens | 1747;Cantos - Cantos X | 1759;Episódios - Sonho d'El-Rei D. Manuel, no qual lhe aparecem os rios Indo e Ganges | 1763;258798;https://purl.pt/37882;https://bndigital.bnportugal.gov.pt//i/?IIIF=/78/02/d7/04/7802d704-62e3-4579-87a6-9e8ed05b0134/iiif/cam-208-p_0000_000007.tif/full/!300,500/0/default.jpg;Livro impresso;Espanhol;;Los Lusiadas;;;1.ª ed.;Barcelona : Empresa Editorial La Ilustracion;1874;1874;266 i.e. 296, LXI, 1 p.;Camões, Luís de, 1524-1580;;;"Aranda y Sanjuan, Manuel, Tradutor ; Denis, Ferdinand, 1798-1890, Colaborador ; Moura, Caetano Lopes de, 1780-1860, Editor literário";;;CAM. 208 P.;;http://id.bnportugal.gov.pt/bib/catbnp/258798;Livre
7873;258798;1;297;2587981297;https://permalinkbnd.bnportugal.gov.pt/viewer/14629/?offset=#page=297&viewer=picture&o=info&n=0&q=;Imagens | 1747;Cantos | 1748;Episódios - Assassínio de Inês de Castro | 1764;258798;https://purl.pt/37882;https://bndigital.bnportugal.gov.pt//i/?IIIF=/78/02/d7/04/7802d704-62e3-4579-87a6-9e8ed05b0134/iiif/cam-208-p_0000_000007.tif/full/!300,500/0/default.jpg;Livro impresso;Espanhol;;Los Lusiadas;;;1.ª ed.;Barcelona : Empresa Editorial La Ilustracion;1874;1874;266 i.e. 296, LXI, 1 p.;Camões, Luís de, 1524-1580;;;"Aranda y Sanjuan, Manuel, Tradutor ; Denis, Ferdinand, 1798-1890, Colaborador ; Moura, Caetano Lopes de, 1780-1860, Editor literário";;;CAM. 208 P.;;http://id.bnportugal.gov.pt/bib/catbnp/258798;Livre
7874;259033;1;10;259033110;https://permalinkbnd.bnportugal.gov.pt/viewer/14639/?offset=#page=10&viewer=picture&o=info&n=0&q=;Imagens | 1747;Cantos | 1748;Episódios - Aparição do gigante Adamastor na passagem do Cabo de B. Esperança | 1765;259033;https://purl.pt/23636;https://bndigital.bnportugal.gov.pt//i/?IIIF=/81/9e/c1/15/819ec115-acbb-41d1-9214-ca754be7bf56/iiif/cam-211-p_0000_capa-capa_t24-C-R0150_000009.tif/full/!300,500/0/default.jpg;Livro impresso;Francês;Português;La Lusiade du Camoens;poeme heroique sur la decouverte des Indes Orientales;;1.ª ed.;A Paris : chez Huart, ruë S. Jacques, à la Justice : chez David, quay des Augustins, à la Providence : chez Briasson, ruë S. Jacques, à la Science : chez Clousier, ruë S. Jacques, à lEcu de France;1735;1735;3 vol.;Camões, Luís de, 1524-1580;;;"Huart, Pierre Michel, fl. 1717-1764, Impressor ; David, Michel-Étienne, fl. 1700-1756, Impressor ; Briasson, Antoine-Claude, fl. 1724-1775, Impressor ; Clousier, Jacques, fl. 1727-1749, Impressor ; Du Perron de Castera, Louis-Adrien, 1705-1752, Tradutor ; Scotin, Jean Baptiste, 1698-?, Gravador em madeira";;;CAM. 209 P.;;http://id.bnportugal.gov.pt/bib/catbnp/259033;Livre
7875;259033;1;86;259033186;https://permalinkbnd.bnportugal.gov.pt/viewer/14639/?offset=#page=86&viewer=picture&o=info&n=0&q=;Imagens | 1747;Episódios | 1749;Episódios - Vénus aplaca os Ventos e a tormenta | 1766;259033;https://purl.pt/23636;https://bndigital.bnportugal.gov.pt//i/?IIIF=/81/9e/c1/15/819ec115-acbb-41d1-9214-ca754be7bf56/iiif/cam-211-p_0000_capa-capa_t24-C-R0150_000009.tif/full/!300,500/0/default.jpg;Livro impresso;Francês;Português;La Lusiade du Camoens;poeme heroique sur la decouverte des Indes Orientales;;1.ª ed.;A Paris : chez Huart, ruë S. Jacques, à la Justice : chez David, quay des Augustins, à la Providence : chez Briasson, ruë S. Jacques, à la Science : chez Clousier, ruë S. Jacques, à lEcu de France;1735;1735;3 vol.;Camões, Luís de, 1524-1580;;;"Huart, Pierre Michel, fl. 1717-1764, Impressor ; David, Michel-Étienne, fl. 1700-1756, Impressor ; Briasson, Antoine-Claude, fl. 1724-1775, Impressor ; Clousier, Jacques, fl. 1727-1749, Impressor ; Du Perron de Castera, Louis-Adrien, 1705-1752, Tradutor ; Scotin, Jean Baptiste, 1698-?, Gravador em madeira";;;CAM. 209 P.;;http://id.bnportugal.gov.pt/bib/catbnp/259033;Livre
7876;259033;1;168;2590331168;https://permalinkbnd.bnportugal.gov.pt/viewer/14639/?offset=#page=168&viewer=picture&o=info&n=0&q=;Imagens | 1747;Cantos - Cantos I | 1750;Episódios - Desembarque de Gama em Calecut | 1767;259033;https://purl.pt/23636;https://bndigital.bnportugal.gov.pt//i/?IIIF=/81/9e/c1/15/819ec115-acbb-41d1-9214-ca754be7bf56/iiif/cam-211-p_0000_capa-capa_t24-C-R0150_000009.tif/full/!300,500/0/default.jpg;Livro impresso;Francês;Português;La Lusiade du Camoens;poeme heroique sur la decouverte des Indes Orientales;;1.ª ed.;A Paris : chez Huart, ruë S. Jacques, à la Justice : chez David, quay des Augustins, à la Providence : chez Briasson, ruë S. Jacques, à la Science : chez Clousier, ruë S. Jacques, à lEcu de France;1735;1735;3 vol.;Camões, Luís de, 1524-1580;;;"Huart, Pierre Michel, fl. 1717-1764, Impressor ; David, Michel-Étienne, fl. 1700-1756, Impressor ; Briasson, Antoine-Claude, fl. 1724-1775, Impressor ; Clousier, Jacques, fl. 1727-1749, Impressor ; Du Perron de Castera, Louis-Adrien, 1705-1752, Tradutor ; Scotin, Jean Baptiste, 1698-?, Gravador em madeira";;;CAM. 209 P.;;http://id.bnportugal.gov.pt/bib/catbnp/259033;Livre
7877;259033;1;266;2590331266;https://permalinkbnd.bnportugal.gov.pt/viewer/14639/?offset=#page=266&viewer=picture&o=info&n=0&q=;Imagens | 1747;Cantos - Cantos II | 1751;Episódios - Segunda Audiência do Samorim a Gama | 1768;259033;https://purl.pt/23636;https://bndigital.bnportugal.gov.pt//i/?IIIF=/81/9e/c1/15/819ec115-acbb-41d1-9214-ca754be7bf56/iiif/cam-211-p_0000_capa-capa_t24-C-R0150_000009.tif/full/!300,500/0/default.jpg;Livro impresso;Francês;Português;La Lusiade du Camoens;poeme heroique sur la decouverte des Indes Orientales;;1.ª ed.;A Paris : chez Huart, ruë S. Jacques, à la Justice : chez David, quay des Augustins, à la Providence : chez Briasson, ruë S. Jacques, à la Science : chez Clousier, ruë S. Jacques, à lEcu de France;1735;1735;3 vol.;Camões, Luís de, 1524-1580;;;"Huart, Pierre Michel, fl. 1717-1764, Impressor ; David, Michel-Étienne, fl. 1700-1756, Impressor ; Briasson, Antoine-Claude, fl. 1724-1775, Impressor ; Clousier, Jacques, fl. 1727-1749, Impressor ; Du Perron de Castera, Louis-Adrien, 1705-1752, Tradutor ; Scotin, Jean Baptiste, 1698-?, Gravador em madeira";;;CAM. 209 P.;;http://id.bnportugal.gov.pt/bib/catbnp/259033;Livre
7878;259033;2;12;259033212;https://permalinkbnd.bnportugal.gov.pt/viewer/14639/?medianame=cam-210-p_0000_capa-capa_t24-C-R0150_&o=volume#page=12&viewer=picture&o=volume&n=0&q=;Imagens | 1747;Cantos - Cantos III | 1752;Episódios - Ilha de Vénus | 1769;259033;https://purl.pt/23636;https://bndigital.bnportugal.gov.pt//i/?IIIF=/81/9e/c1/15/819ec115-acbb-41d1-9214-ca754be7bf56/iiif/cam-211-p_0000_capa-capa_t24-C-R0150_000009.tif/full/!300,500/0/default.jpg;Livro impresso;Francês;Português;La Lusiade du Camoens;poeme heroique sur la decouverte des Indes Orientales;;1.ª ed.;A Paris : chez Huart, ruë S. Jacques, à la Justice : chez David, quay des Augustins, à la Providence : chez Briasson, ruë S. Jacques, à la Science : chez Clousier, ruë S. Jacques, à lEcu de France;1735;1735;3 vol.;Camões, Luís de, 1524-1580;;;"Huart, Pierre Michel, fl. 1717-1764, Impressor ; David, Michel-Étienne, fl. 1700-1756, Impressor ; Briasson, Antoine-Claude, fl. 1724-1775, Impressor ; Clousier, Jacques, fl. 1727-1749, Impressor ; Du Perron de Castera, Louis-Adrien, 1705-1752, Tradutor ; Scotin, Jean Baptiste, 1698-?, Gravador em madeira";;;CAM. 209 P.;;http://id.bnportugal.gov.pt/bib/catbnp/259033;Livre
7879;259033;2;102;2590332102;https://permalinkbnd.bnportugal.gov.pt/viewer/14639/?medianame=cam-210-p_0000_capa-capa_t24-C-R0150_&o=volume#page=102&viewer=picture&o=volume&n=0&q=;Imagens | 1747;Cantos - Cantos IV | 1753;Episódios - Audiência d’El-Rei D. Manuel a Gama | 1770;259033;https://purl.pt/23636;https://bndigital.bnportugal.gov.pt//i/?IIIF=/81/9e/c1/15/819ec115-acbb-41d1-9214-ca754be7bf56/iiif/cam-211-p_0000_capa-capa_t24-C-R0150_000009.tif/full/!300,500/0/default.jpg;Livro impresso;Francês;Português;La Lusiade du Camoens;poeme heroique sur la decouverte des Indes Orientales;;1.ª ed.;A Paris : chez Huart, ruë S. Jacques, à la Justice : chez David, quay des Augustins, à la Providence : chez Briasson, ruë S. Jacques, à la Science : chez Clousier, ruë S. Jacques, à lEcu de France;1735;1735;3 vol.;Camões, Luís de, 1524-1580;;;"Huart, Pierre Michel, fl. 1717-1764, Impressor ; David, Michel-Étienne, fl. 1700-1756, Impressor ; Briasson, Antoine-Claude, fl. 1724-1775, Impressor ; Clousier, Jacques, fl. 1727-1749, Impressor ; Du Perron de Castera, Louis-Adrien, 1705-1752, Tradutor ; Scotin, Jean Baptiste, 1698-?, Gravador em madeira";;;CAM. 209 P.;;http://id.bnportugal.gov.pt/bib/catbnp/259033;Livre
7880;259033;2;202;2590332202;https://permalinkbnd.bnportugal.gov.pt/viewer/14639/?medianame=cam-210-p_0000_capa-capa_t24-C-R0150_&o=volume#page=202&viewer=picture&o=volume&n=0&q=;Imagens | 1747;Cantos - Cantos V | 1754;Episódios - Camões na gruta de Macau | 1760;259033;https://purl.pt/23636;https://bndigital.bnportugal.gov.pt//i/?IIIF=/81/9e/c1/15/819ec115-acbb-41d1-9214-ca754be7bf56/iiif/cam-211-p_0000_capa-capa_t24-C-R0150_000009.tif/full/!300,500/0/default.jpg;Livro impresso;Francês;Português;La Lusiade du Camoens;poeme heroique sur la decouverte des Indes Orientales;;1.ª ed.;A Paris : chez Huart, ruë S. Jacques, à la Justice : chez David, quay des Augustins, à la Providence : chez Briasson, ruë S. Jacques, à la Science : chez Clousier, ruë S. Jacques, à lEcu de France;1735;1735;3 vol.;Camões, Luís de, 1524-1580;;;"Huart, Pierre Michel, fl. 1717-1764, Impressor ; David, Michel-Étienne, fl. 1700-1756, Impressor ; Briasson, Antoine-Claude, fl. 1724-1775, Impressor ; Clousier, Jacques, fl. 1727-1749, Impressor ; Du Perron de Castera, Louis-Adrien, 1705-1752, Tradutor ; Scotin, Jean Baptiste, 1698-?, Gravador em madeira";;;CAM. 209 P.;;http://id.bnportugal.gov.pt/bib/catbnp/259033;Livre
7881;259033;2;282;2590332282;https://permalinkbnd.bnportugal.gov.pt/viewer/14639/?medianame=cam-210-p_0000_capa-capa_t24-C-R0150_&o=volume#page=282&viewer=picture&o=volume&n=0&q=;Imagens | 1747;Cantos - Cantos VI | 1755;Episódios - Visita do Rei de Melinde a Gama | 1761;259033;https://purl.pt/23636;https://bndigital.bnportugal.gov.pt//i/?IIIF=/81/9e/c1/15/819ec115-acbb-41d1-9214-ca754be7bf56/iiif/cam-211-p_0000_capa-capa_t24-C-R0150_000009.tif/full/!300,500/0/default.jpg;Livro impresso;Francês;Português;La Lusiade du Camoens;poeme heroique sur la decouverte des Indes Orientales;;1.ª ed.;A Paris : chez Huart, ruë S. Jacques, à la Justice : chez David, quay des Augustins, à la Providence : chez Briasson, ruë S. Jacques, à la Science : chez Clousier, ruë S. Jacques, à lEcu de France;1735;1735;3 vol.;Camões, Luís de, 1524-1580;;;"Huart, Pierre Michel, fl. 1717-1764, Impressor ; David, Michel-Étienne, fl. 1700-1756, Impressor ; Briasson, Antoine-Claude, fl. 1724-1775, Impressor ; Clousier, Jacques, fl. 1727-1749, Impressor ; Du Perron de Castera, Louis-Adrien, 1705-1752, Tradutor ; Scotin, Jean Baptiste, 1698-?, Gravador em madeira";;;CAM. 209 P.;;http://id.bnportugal.gov.pt/bib/catbnp/259033;Livre
7882;259033;3;12;259033312;https://permalinkbnd.bnportugal.gov.pt/viewer/14639/?medianame=cam-210-p_0000_capa-capa_t24-C-R0150_&o=volume?&medianame=cam-211-p_0000_capa-capa_t24-C-R0150_&viewer=picture&o=volume#page=12&viewer=picture&o=volume&n=0&q=;Imagens | 1747;Cantos - Cantos VII | 1756;"Episódios - Concílio ""Conselho dos Deuses"" | 1762";259033;https://purl.pt/23636;https://bndigital.bnportugal.gov.pt//i/?IIIF=/81/9e/c1/15/819ec115-acbb-41d1-9214-ca754be7bf56/iiif/cam-211-p_0000_capa-capa_t24-C-R0150_000009.tif/full/!300,500/0/default.jpg;Livro impresso;Francês;Português;La Lusiade du Camoens;poeme heroique sur la decouverte des Indes Orientales;;1.ª ed.;A Paris : chez Huart, ruë S. Jacques, à la Justice : chez David, quay des Augustins, à la Providence : chez Briasson, ruë S. Jacques, à la Science : chez Clousier, ruë S. Jacques, à lEcu de France;1735;1735;3 vol.;Camões, Luís de, 1524-1580;;;"Huart, Pierre Michel, fl. 1717-1764, Impressor ; David, Michel-Étienne, fl. 1700-1756, Impressor ; Briasson, Antoine-Claude, fl. 1724-1775, Impressor ; Clousier, Jacques, fl. 1727-1749, Impressor ; Du Perron de Castera, Louis-Adrien, 1705-1752, Tradutor ; Scotin, Jean Baptiste, 1698-?, Gravador em madeira";;;CAM. 209 P.;;http://id.bnportugal.gov.pt/bib/catbnp/259033;Livre
7883;259033;3;98;259033398;https://permalinkbnd.bnportugal.gov.pt/viewer/14639/?medianame=cam-210-p_0000_capa-capa_t24-C-R0150_&o=volume?&medianame=cam-211-p_0000_capa-capa_t24-C-R0150_&viewer=picture&o=volume#page=98&viewer=picture&o=volume&n=0&q=;Imagens | 1747;Cantos - Cantos VIII | 1757;Episódios - Sonho d'El-Rei D. Manuel, no qual lhe aparecem os rios Indo e Ganges | 1763;259033;https://purl.pt/23636;https://bndigital.bnportugal.gov.pt//i/?IIIF=/81/9e/c1/15/819ec115-acbb-41d1-9214-ca754be7bf56/iiif/cam-211-p_0000_capa-capa_t24-C-R0150_000009.tif/full/!300,500/0/default.jpg;Livro impresso;Francês;Português;La Lusiade du Camoens;poeme heroique sur la decouverte des Indes Orientales;;1.ª ed.;A Paris : chez Huart, ruë S. Jacques, à la Justice : chez David, quay des Augustins, à la Providence : chez Briasson, ruë S. Jacques, à la Science : chez Clousier, ruë S. Jacques, à lEcu de France;1735;1735;3 vol.;Camões, Luís de, 1524-1580;;;"Huart, Pierre Michel, fl. 1717-1764, Impressor ; David, Michel-Étienne, fl. 1700-1756, Impressor ; Briasson, Antoine-Claude, fl. 1724-1775, Impressor ; Clousier, Jacques, fl. 1727-1749, Impressor ; Du Perron de Castera, Louis-Adrien, 1705-1752, Tradutor ; Scotin, Jean Baptiste, 1698-?, Gravador em madeira";;;CAM. 209 P.;;http://id.bnportugal.gov.pt/bib/catbnp/259033;Livre
7884;259033;3;176;2590333176;https://permalinkbnd.bnportugal.gov.pt/viewer/14639/?medianame=cam-210-p_0000_capa-capa_t24-C-R0150_&o=volume?&medianame=cam-211-p_0000_capa-capa_t24-C-R0150_&viewer=picture&o=volume#page=176&viewer=picture&o=volume&n=0&q=;Imagens | 1747;Cantos - Cantos IX | 1758;Episódios - Assassínio de Inês de Castro | 1764;259033;https://purl.pt/23636;https://bndigital.bnportugal.gov.pt//i/?IIIF=/81/9e/c1/15/819ec115-acbb-41d1-9214-ca754be7bf56/iiif/cam-211-p_0000_capa-capa_t24-C-R0150_000009.tif/full/!300,500/0/default.jpg;Livro impresso;Francês;Português;La Lusiade du Camoens;poeme heroique sur la decouverte des Indes Orientales;;1.ª ed.;A Paris : chez Huart, ruë S. Jacques, à la Justice : chez David, quay des Augustins, à la Providence : chez Briasson, ruë S. Jacques, à la Science : chez Clousier, ruë S. Jacques, à lEcu de France;1735;1735;3 vol.;Camões, Luís de, 1524-1580;;;"Huart, Pierre Michel, fl. 1717-1764, Impressor ; David, Michel-Étienne, fl. 1700-1756, Impressor ; Briasson, Antoine-Claude, fl. 1724-1775, Impressor ; Clousier, Jacques, fl. 1727-1749, Impressor ; Du Perron de Castera, Louis-Adrien, 1705-1752, Tradutor ; Scotin, Jean Baptiste, 1698-?, Gravador em madeira";;;CAM. 209 P.;;http://id.bnportugal.gov.pt/bib/catbnp/259033;Livre
7885;259828;1;9;25982819;https://permalinkbnd.bnportugal.gov.pt/viewer/14621/?offset=#page=9&viewer=picture&o=info&n=0&q=;Imagens | 1747;Cantos - Cantos X | 1759;Episódios - Aparição do gigante Adamastor na passagem do Cabo de B. Esperança | 1765;259828;https://purl.pt/23649;https://bndigital.bnportugal.gov.pt//i/?IIIF=/46/6b/f4/64/466bf464-afe3-42d4-ad1d-22ca68557b64/iiif/cam-271-p_0000_capa-capa_t24-C-R0150_000009.tif/full/!300,500/0/default.jpg;Livro impresso;Neerlandês;Português;De Lusiade van Louis Camoëns;heldendicht in X Zangen;;1.ª ed.;Te Middelburg : by Willem Abrahams;1777;1777;4, XXIV, 405 p.;Camões, Luís de, 1524-1580;;;"Stoppendaal, Lambartus Pieters Zoon, fl. 1777, Tradutor ; Abrahams, Willem, fl. 1772-1788, Livreiro ; Warnars, Genit, fl. 1769-1899, Impressor";;;CAM. 271 P.;;http://id.bnportugal.gov.pt/bib/catbnp/259828;Livre
7886;259828;1;37;259828137;https://permalinkbnd.bnportugal.gov.pt/viewer/14621/?offset=#page=37&viewer=picture&o=info&n=0&q=;Imagens | 1747;Cantos | 1748;Episódios - Vénus aplaca os Ventos e a tormenta | 1766;259828;https://purl.pt/23649;https://bndigital.bnportugal.gov.pt//i/?IIIF=/46/6b/f4/64/466bf464-afe3-42d4-ad1d-22ca68557b64/iiif/cam-271-p_0000_capa-capa_t24-C-R0150_000009.tif/full/!300,500/0/default.jpg;Livro impresso;Neerlandês;Português;De Lusiade van Louis Camoëns;heldendicht in X Zangen;;1.ª ed.;Te Middelburg : by Willem Abrahams;1777;1777;4, XXIV, 405 p.;Camões, Luís de, 1524-1580;;;"Stoppendaal, Lambartus Pieters Zoon, fl. 1777, Tradutor ; Abrahams, Willem, fl. 1772-1788, Livreiro ; Warnars, Genit, fl. 1769-1899, Impressor";;;CAM. 271 P.;;http://id.bnportugal.gov.pt/bib/catbnp/259828;Livre
7887;259828;1;75;259828175;https://permalinkbnd.bnportugal.gov.pt/viewer/14621/?offset=#page=75&viewer=picture&o=info&n=0&q=;Imagens | 1747;Cantos | 1748;Episódios - Desembarque de Gama em Calecut | 1767;259828;https://purl.pt/23649;https://bndigital.bnportugal.gov.pt//i/?IIIF=/46/6b/f4/64/466bf464-afe3-42d4-ad1d-22ca68557b64/iiif/cam-271-p_0000_capa-capa_t24-C-R0150_000009.tif/full/!300,500/0/default.jpg;Livro impresso;Neerlandês;Português;De Lusiade van Louis Camoëns;heldendicht in X Zangen;;1.ª ed.;Te Middelburg : by Willem Abrahams;1777;1777;4, XXIV, 405 p.;Camões, Luís de, 1524-1580;;;"Stoppendaal, Lambartus Pieters Zoon, fl. 1777, Tradutor ; Abrahams, Willem, fl. 1772-1788, Livreiro ; Warnars, Genit, fl. 1769-1899, Impressor";;;CAM. 271 P.;;http://id.bnportugal.gov.pt/bib/catbnp/259828;Livre
7888;259828;1;115;2598281115;https://permalinkbnd.bnportugal.gov.pt/viewer/14621/?offset=#page=115&viewer=picture&o=info&n=0&q=;Imagens | 1747;Episódios | 1749;Episódios - Segunda Audiência do Samorim a Gama | 1768;259828;https://purl.pt/23649;https://bndigital.bnportugal.gov.pt//i/?IIIF=/46/6b/f4/64/466bf464-afe3-42d4-ad1d-22ca68557b64/iiif/cam-271-p_0000_capa-capa_t24-C-R0150_000009.tif/full/!300,500/0/default.jpg;Livro impresso;Neerlandês;Português;De Lusiade van Louis Camoëns;heldendicht in X Zangen;;1.ª ed.;Te Middelburg : by Willem Abrahams;1777;1777;4, XXIV, 405 p.;Camões, Luís de, 1524-1580;;;"Stoppendaal, Lambartus Pieters Zoon, fl. 1777, Tradutor ; Abrahams, Willem, fl. 1772-1788, Livreiro ; Warnars, Genit, fl. 1769-1899, Impressor";;;CAM. 271 P.;;http://id.bnportugal.gov.pt/bib/catbnp/259828;Livre
7889;259828;1;171;2598281171;https://permalinkbnd.bnportugal.gov.pt/viewer/14621/?offset=#page=171&viewer=picture&o=info&n=0&q=;Imagens | 1747;Cantos - Cantos I | 1750;Episódios - Ilha de Vénus | 1769;259828;https://purl.pt/23649;https://bndigital.bnportugal.gov.pt//i/?IIIF=/46/6b/f4/64/466bf464-afe3-42d4-ad1d-22ca68557b64/iiif/cam-271-p_0000_capa-capa_t24-C-R0150_000009.tif/full/!300,500/0/default.jpg;Livro impresso;Neerlandês;Português;De Lusiade van Louis Camoëns;heldendicht in X Zangen;;1.ª ed.;Te Middelburg : by Willem Abrahams;1777;1777;4, XXIV, 405 p.;Camões, Luís de, 1524-1580;;;"Stoppendaal, Lambartus Pieters Zoon, fl. 1777, Tradutor ; Abrahams, Willem, fl. 1772-1788, Livreiro ; Warnars, Genit, fl. 1769-1899, Impressor";;;CAM. 271 P.;;http://id.bnportugal.gov.pt/bib/catbnp/259828;Livre
7890;259828;1;211;2598281211;https://permalinkbnd.bnportugal.gov.pt/viewer/14621/?offset=#page=211&viewer=picture&o=info&n=0&q=;Imagens | 1747;Cantos - Cantos II | 1751;Episódios - Audiência d’El-Rei D. Manuel a Gama | 1770;259828;https://purl.pt/23649;https://bndigital.bnportugal.gov.pt//i/?IIIF=/46/6b/f4/64/466bf464-afe3-42d4-ad1d-22ca68557b64/iiif/cam-271-p_0000_capa-capa_t24-C-R0150_000009.tif/full/!300,500/0/default.jpg;Livro impresso;Neerlandês;Português;De Lusiade van Louis Camoëns;heldendicht in X Zangen;;1.ª ed.;Te Middelburg : by Willem Abrahams;1777;1777;4, XXIV, 405 p.;Camões, Luís de, 1524-1580;;;"Stoppendaal, Lambartus Pieters Zoon, fl. 1777, Tradutor ; Abrahams, Willem, fl. 1772-1788, Livreiro ; Warnars, Genit, fl. 1769-1899, Impressor";;;CAM. 271 P.;;http://id.bnportugal.gov.pt/bib/catbnp/259828;Livre
7891;259828;1;259;2598281259;https://permalinkbnd.bnportugal.gov.pt/viewer/14621/?offset=#page=259&viewer=picture&o=info&n=0&q=;Imagens | 1747;Cantos - Cantos III | 1752;Episódios - Camões na gruta de Macau | 1760;259828;https://purl.pt/23649;https://bndigital.bnportugal.gov.pt//i/?IIIF=/46/6b/f4/64/466bf464-afe3-42d4-ad1d-22ca68557b64/iiif/cam-271-p_0000_capa-capa_t24-C-R0150_000009.tif/full/!300,500/0/default.jpg;Livro impresso;Neerlandês;Português;De Lusiade van Louis Camoëns;heldendicht in X Zangen;;1.ª ed.;Te Middelburg : by Willem Abrahams;1777;1777;4, XXIV, 405 p.;Camões, Luís de, 1524-1580;;;"Stoppendaal, Lambartus Pieters Zoon, fl. 1777, Tradutor ; Abrahams, Willem, fl. 1772-1788, Livreiro ; Warnars, Genit, fl. 1769-1899, Impressor";;;CAM. 271 P.;;http://id.bnportugal.gov.pt/bib/catbnp/259828;Livre
7892;259828;1;293;2598281293;https://permalinkbnd.bnportugal.gov.pt/viewer/14621/?offset=#page=293&viewer=picture&o=info&n=0&q=;Imagens | 1747;Cantos - Cantos IV | 1753;Episódios - Visita do Rei de Melinde a Gama | 1761;259828;https://purl.pt/23649;https://bndigital.bnportugal.gov.pt//i/?IIIF=/46/6b/f4/64/466bf464-afe3-42d4-ad1d-22ca68557b64/iiif/cam-271-p_0000_capa-capa_t24-C-R0150_000009.tif/full/!300,500/0/default.jpg;Livro impresso;Neerlandês;Português;De Lusiade van Louis Camoëns;heldendicht in X Zangen;;1.ª ed.;Te Middelburg : by Willem Abrahams;1777;1777;4, XXIV, 405 p.;Camões, Luís de, 1524-1580;;;"Stoppendaal, Lambartus Pieters Zoon, fl. 1777, Tradutor ; Abrahams, Willem, fl. 1772-1788, Livreiro ; Warnars, Genit, fl. 1769-1899, Impressor";;;CAM. 271 P.;;http://id.bnportugal.gov.pt/bib/catbnp/259828;Livre
7893;259828;1;325;2598281325;https://permalinkbnd.bnportugal.gov.pt/viewer/14621/?offset=#page=325&viewer=picture&o=info&n=0&q=;Imagens | 1747;Cantos - Cantos V | 1754;"Episódios - Concílio ""Conselho dos Deuses"" | 1762";259828;https://purl.pt/23649;https://bndigital.bnportugal.gov.pt//i/?IIIF=/46/6b/f4/64/466bf464-afe3-42d4-ad1d-22ca68557b64/iiif/cam-271-p_0000_capa-capa_t24-C-R0150_000009.tif/full/!300,500/0/default.jpg;Livro impresso;Neerlandês;Português;De Lusiade van Louis Camoëns;heldendicht in X Zangen;;1.ª ed.;Te Middelburg : by Willem Abrahams;1777;1777;4, XXIV, 405 p.;Camões, Luís de, 1524-1580;;;"Stoppendaal, Lambartus Pieters Zoon, fl. 1777, Tradutor ; Abrahams, Willem, fl. 1772-1788, Livreiro ; Warnars, Genit, fl. 1769-1899, Impressor";;;CAM. 271 P.;;http://id.bnportugal.gov.pt/bib/catbnp/259828;Livre
7894;259828;1;365;2598281365;https://permalinkbnd.bnportugal.gov.pt/viewer/14621/?offset=#page=365&viewer=picture&o=info&n=0&q=;Imagens | 1747;Cantos - Cantos VI | 1755;Episódios - Sonho d'El-Rei D. Manuel, no qual lhe aparecem os rios Indo e Ganges | 1763;259828;https://purl.pt/23649;https://bndigital.bnportugal.gov.pt//i/?IIIF=/46/6b/f4/64/466bf464-afe3-42d4-ad1d-22ca68557b64/iiif/cam-271-p_0000_capa-capa_t24-C-R0150_000009.tif/full/!300,500/0/default.jpg;Livro impresso;Neerlandês;Português;De Lusiade van Louis Camoëns;heldendicht in X Zangen;;1.ª ed.;Te Middelburg : by Willem Abrahams;1777;1777;4, XXIV, 405 p.;Camões, Luís de, 1524-1580;;;"Stoppendaal, Lambartus Pieters Zoon, fl. 1777, Tradutor ; Abrahams, Willem, fl. 1772-1788, Livreiro ; Warnars, Genit, fl. 1769-1899, Impressor";;;CAM. 271 P.;;http://id.bnportugal.gov.pt/bib/catbnp/259828;Livre
7895;259828;1;401;2598281401;https://permalinkbnd.bnportugal.gov.pt/viewer/14621/?offset=#page=401&viewer=picture&o=info&n=0&q=;Imagens | 1747;Cantos - Cantos VII | 1756;Episódios - Assassínio de Inês de Castro | 1764;259828;https://purl.pt/23649;https://bndigital.bnportugal.gov.pt//i/?IIIF=/46/6b/f4/64/466bf464-afe3-42d4-ad1d-22ca68557b64/iiif/cam-271-p_0000_capa-capa_t24-C-R0150_000009.tif/full/!300,500/0/default.jpg;Livro impresso;Neerlandês;Português;De Lusiade van Louis Camoëns;heldendicht in X Zangen;;1.ª ed.;Te Middelburg : by Willem Abrahams;1777;1777;4, XXIV, 405 p.;Camões, Luís de, 1524-1580;;;"Stoppendaal, Lambartus Pieters Zoon, fl. 1777, Tradutor ; Abrahams, Willem, fl. 1772-1788, Livreiro ; Warnars, Genit, fl. 1769-1899, Impressor";;;CAM. 271 P.;;http://id.bnportugal.gov.pt/bib/catbnp/259828;Livre
7896;303898;1;10;303898110;https://permalinkbnd.bnportugal.gov.pt/viewer/14573/?offset=#page=10&viewer=picture&o=info&n=0&q=;Imagens | 1747;Cantos - Cantos VIII | 1757;Episódios - Aparição do gigante Adamastor na passagem do Cabo de B. Esperança | 1765;303898;https://purl.pt/19852;https://bndigital.bnportugal.gov.pt//i/?IIIF=/8a/d7/7c/27/8ad77c27-3ca1-4f47-9eb1-faeab1ff3493/iiif/cam-1281-p_0000_capa-capa_t24-C-R0150_000011.tif/full/!300,500/0/default.jpg;Livro impresso;Inglês;Português;Poems from the portuguese;;;1.ª ed.;London : J. Carpenter;1803;1803;4, 160 p., 2 f. il.;Camões, Luís de, 1524-1580;;;"Mancel, Em., 18--, Antigo possuidor ; Strangford, 1780-1855, Comentador de texto escrito";;;CAM. 1281 P.;PCulture;http://id.bnportugal.gov.pt/bib/catbnp/303898;Livre
7897;323612;1;19;323612119;https://permalinkbnd.bnportugal.gov.pt/viewer/14605/?offset=#page=19&viewer=picture&o=info&n=0&q=;Imagens | 1747;Cantos - Cantos IX | 1758;Episódios - Vénus aplaca os Ventos e a tormenta | 1766;323612;https://purl.pt/14997;https://bndigital.bnportugal.gov.pt//i/?IIIF=/af/b6/59/07/afb65907-fd63-4606-8edd-0b04da642185/iiif/cam-1-p_0000_capa-capa_t24-C-R0150_000019.tif/full/!300,500/0/default.jpg;Livro impresso;Português;;Os Lusiadas;;;1.ª ed.;Em Lisboa : em casa de Antonio Gõçaluez;1572;1572;2, 186 f.;Camões, Luís de, 1524-1580;;;Manuel, Francisco de Melo, 1773-1851, Antigo possuidor;;;F. 1;;http://id.bnportugal.gov.pt/bib/catbnp/323612;Livre
7898;323613;1;7;32361317;https://permalinkbnd.bnportugal.gov.pt/viewer/14632/?offset=#page=7&viewer=picture&o=info&n=0&q=;Imagens | 1747;Cantos - Cantos X | 1759;Episódios - Desembarque de Gama em Calecut | 1767;323613;https://purl.pt/1;https://bndigital.bnportugal.gov.pt//i/?IIIF=/e6/54/ee/2b/e654ee2b-c8e0-45f2-abb3-ffdf1f576e20/iiif/cam-3-p_0000_capa-capa_t24-C-R0150_000007.tif/full/!300,500/0/default.jpg;Livro impresso;Português;;Os Lusiadas;;;1.ª ed.;Lisboa : em casa de Antonio Gõçaluez;1572;1572;2, 186 f.;Camões, Luís de, 1524-1580;;;"Gonçalves, António, fl. 1566-1576, Impressor ; Melo, Francisco Manuel de, 1608-1666, Antigo possuidor ; Norton, Tomás, 1804-1860, Antigo possuidor ; Teixeira, Manuel Lopes, Antigo possuidor ; Silveira, Jerónimo Correia da, fl. ca. 1590, Antigo possuidor";;;PURL 1/0;PATRIMONIA2;http://id.bnportugal.gov.pt/bib/catbnp/323613;Livre
7899;323614;1;23;323614123;https://permalinkbnd.bnportugal.gov.pt/viewer/14680/?offset=#page=23&viewer=picture&o=info&n=0&q=;Imagens | 1747;Cantos | 1748;Episódios - Segunda Audiência do Samorim a Gama | 1768;323614;https://purl.pt/17473;https://bndigital.bnportugal.gov.pt//i/?IIIF=/1e/1d/ed/d8/1e1dedd8-793f-4368-affa-73d9c8e95f89/iiif/cam-7-p_0000_capa-capa_t24-C-R0150_000023.tif/full/!300,500/0/default.jpg;Livro impresso;Português;;Os Lusiadas;;;Agora de nouo impresso com algumas annotações de diuersos autores;Em Lisboa : por Manoel de Lyra;1584;1584;12, 280 f.;Camões, Luís de, 1524-1580;;;"Lira, Manuel de, fl. 1579-1609, Impressor ; Peres, Vítor de Ávila, fl. 183-, Antigo possuidor ; Sousa, José de, 1664-1730, Antigo possuidor";;Ordem de Cister. Mosteiro de Santa Maria, Antigo possuidor;F. 2488;CENSURA;http://id.bnportugal.gov.pt/bib/catbnp/323614;Livre
7900;323614;1;45;323614145;https://permalinkbnd.bnportugal.gov.pt/viewer/14680/?offset=#page=45&viewer=picture&o=info&n=0&q=;Imagens | 1747;Cantos | 1748;Episódios - Ilha de Vénus | 1769;323614;https://purl.pt/17473;https://bndigital.bnportugal.gov.pt//i/?IIIF=/1e/1d/ed/d8/1e1dedd8-793f-4368-affa-73d9c8e95f89/iiif/cam-7-p_0000_capa-capa_t24-C-R0150_000023.tif/full/!300,500/0/default.jpg;Livro impresso;Português;;Os Lusiadas;;;Agora de nouo impresso com algumas annotações de diuersos autores;Em Lisboa : por Manoel de Lyra;1584;1584;12, 280 f.;Camões, Luís de, 1524-1580;;;"Lira, Manuel de, fl. 1579-1609, Impressor ; Peres, Vítor de Ávila, fl. 183-, Antigo possuidor ; Sousa, José de, 1664-1730, Antigo possuidor";;Ordem de Cister. Mosteiro de Santa Maria, Antigo possuidor;F. 2488;CENSURA;http://id.bnportugal.gov.pt/bib/catbnp/323614;Livre
7901;323615;1;9;32361519;https://permalinkbnd.bnportugal.gov.pt/viewer/14556/?offset=#page=9&viewer=picture&o=info&n=0&q=;Imagens | 1747;Episódios | 1749;Episódios - Audiência d’El-Rei D. Manuel a Gama | 1770;323615;https://purl.pt/14689;https://bndigital.bnportugal.gov.pt//i/?IIIF=/06/33/a5/e7/0633a5e7-8715-41fc-87d1-0ecc81da22f9/iiif/cam-1163-p_0000_capa-capa_t24-C-R0150_000009.tif/full/!300,500/0/default.jpg;Livro impresso;Português;;Os Lusiadas;;;Agora de nouo impresso com algumas anotações de diuersos autores;Em Lisboa : por Manuel de Lyra;1591;1591;2, 184, 36 f.;Camões, Luís de, 1524-1580;;;"Norton, Tomás, 1804-1860, Antigo possuidor ; Lira, Manuel de, fl. 1579-1609, Impressor ; Peres, Vítor de Ávila, fl. 183-, Antigo possuidor";;;F. 3133;PATRIMONIA3;http://id.bnportugal.gov.pt/bib/catbnp/323615;Livre
7902;323616;1;5;32361615;https://permalinkbnd.bnportugal.gov.pt/viewer/14578/?offset=#page=5&viewer=picture&o=info&n=0&q=;Imagens | 1747;Cantos - Cantos I | 1750;Episódios - Camões na gruta de Macau | 1760;323616;https://purl.pt/14773;https://bndigital.bnportugal.gov.pt//i/?IIIF=/c9/46/0a/21/c9460a21-19a9-4fa8-8f45-ae0083d6f047/iiif/cam-12-p_0000_capa-capa_t24-C-R0150_000005.tif/full/!300,500/0/default.jpg;Livro impresso;Português;;Os Lusiadas;;;Polo original antigo agora nouamente impressos;Em Lisboa : por Manoel de Lyra : á custa de Esteuão Lopez;1597;1597;2, 186 f.;Camões, Luís de, 1524-1580;;;"Lira, Manuel de, fl. 1579-1609, Impressor ; Lopes, Estêvão, fl. 159--160-, Editor comercial ; Norton, Tomás, 1804-1860, Antigo possuidor ; Azevedo, 1809-1876, Antigo possuidor";;;F. 2550;PATRIMONIA3;http://id.bnportugal.gov.pt/bib/catbnp/323616;Livre
7903;323617;1;9;32361719;https://permalinkbnd.bnportugal.gov.pt/viewer/14576/?offset=#page=9&viewer=picture&o=info&n=0&q=;Imagens | 1747;Cantos - Cantos II | 1751;Episódios - Visita do Rei de Melinde a Gama | 1761;323617;https://purl.pt/14880;https://bndigital.bnportugal.gov.pt//i/?IIIF=/65/f0/b5/eb/65f0b5eb-2845-4af8-b55e-cd6634f60f16/iiif/cam-10-p_0000_capa-capa_t24-C-R0150_000009.tif/full/!300,500/0/default.jpg;Livro impresso;Português;;Rhythmas;;;1.ª ed.;Em Lisboa : por Manoel de Lyra : a custa de Esteuão Lopez;1595;1595;8, 166 i.é 170, 4 f.;Camões, Luís de, 1524-1580;;;"Lira, Manuel de, fl. 1579-1609, Impressor ; Lopes, Estêvão, fl. 159--160-, Editor comercial ; Norton, Tomás, 1804-1860, Antigo possuidor ; Peres, Vítor de Ávila, fl. 183-, Antigo possuidor";;;F. 5466;PATRIMONIA3;http://id.bnportugal.gov.pt/bib/catbnp/323617;Livre
7904;329698;1;3;32969813;https://permalinkbnd.bnportugal.gov.pt/viewer/14592/?offset=#page=3&viewer=picture&o=info&n=0&q=;Imagens | 1747;Cantos - Cantos III | 1752;"Episódios - Concílio ""Conselho dos Deuses"" | 1762";329698;https://purl.pt/14111;https://bndigital.bnportugal.gov.pt//i/?IIIF=/15/30/ad/c9/1530adc9-3a17-4006-9801-f07860e878de/iiif/cam-389-p_0000_Obra%20Completa_t24-C-R0150_000003.tif/full/!300,500/0/default.jpg;Livro impresso;Português;;Apologia em que defende Joam Soares de Brito a poesia do principe dos poetas dHespanha Luis de Camoens no canto 4. da est. 67. à 75. & cant. 2. est. 21. & responde às censuras dhum Critico destes tempos...;;;1.ª ed.;Em Lisboa : na officina de Lourenço de Anveres;1641;1641;16, 61, 3 f., 2 f. grav.;Brito, João Soares de, 1611-1664;;;"Floriano, Agostinho Soares, fl. 1619-1642, Ilustrador ; Anvers, Lourenço de, 1599-1679, Impressor";;;F. 7;PATRIMONIA2;http://id.bnportugal.gov.pt/bib/catbnp/329698;Livre
7905;329698;1;8;32969818;https://permalinkbnd.bnportugal.gov.pt/viewer/14592/?offset=#page=8&viewer=picture&o=info&n=0&q=;Imagens | 1747;Cantos - Cantos IV | 1753;Episódios - Sonho d'El-Rei D. Manuel, no qual lhe aparecem os rios Indo e Ganges | 1763;329698;https://purl.pt/14111;https://bndigital.bnportugal.gov.pt//i/?IIIF=/15/30/ad/c9/1530adc9-3a17-4006-9801-f07860e878de/iiif/cam-389-p_0000_Obra%20Completa_t24-C-R0150_000003.tif/full/!300,500/0/default.jpg;Livro impresso;Português;;Apologia em que defende Joam Soares de Brito a poesia do principe dos poetas dHespanha Luis de Camoens no canto 4. da est. 67. à 75. & cant. 2. est. 21. & responde às censuras dhum Critico destes tempos...;;;1.ª ed.;Em Lisboa : na officina de Lourenço de Anveres;1641;1641;16, 61, 3 f., 2 f. grav.;Brito, João Soares de, 1611-1664;;;"Floriano, Agostinho Soares, fl. 1619-1642, Ilustrador ; Anvers, Lourenço de, 1599-1679, Impressor";;;F. 7;PATRIMONIA2;http://id.bnportugal.gov.pt/bib/catbnp/329698;Livre
7906;329698;1;12;329698112;https://permalinkbnd.bnportugal.gov.pt/viewer/14592/?offset=#page=12&viewer=picture&o=info&n=0&q=;Imagens | 1747;Cantos - Cantos V | 1754;Episódios - Assassínio de Inês de Castro | 1764;329698;https://purl.pt/14111;https://bndigital.bnportugal.gov.pt//i/?IIIF=/15/30/ad/c9/1530adc9-3a17-4006-9801-f07860e878de/iiif/cam-389-p_0000_Obra%20Completa_t24-C-R0150_000003.tif/full/!300,500/0/default.jpg;Livro impresso;Português;;Apologia em que defende Joam Soares de Brito a poesia do principe dos poetas dHespanha Luis de Camoens no canto 4. da est. 67. à 75. & cant. 2. est. 21. & responde às censuras dhum Critico destes tempos...;;;1.ª ed.;Em Lisboa : na officina de Lourenço de Anveres;1641;1641;16, 61, 3 f., 2 f. grav.;Brito, João Soares de, 1611-1664;;;"Floriano, Agostinho Soares, fl. 1619-1642, Ilustrador ; Anvers, Lourenço de, 1599-1679, Impressor";;;F. 7;PATRIMONIA2;http://id.bnportugal.gov.pt/bib/catbnp/329698;Livre
7907;331404;1;10;331404110;https://permalinkbnd.bnportugal.gov.pt/viewer/14566/?offset=#page=10&viewer=picture&o=info&n=0&q=;Imagens | 1747;Cantos - Cantos VI | 1755;Episódios - Aparição do gigante Adamastor na passagem do Cabo de B. Esperança | 1765;331404;https://purl.pt/37844;https://bndigital.bnportugal.gov.pt//i/?IIIF=/89/21/4e/d8/89214ed8-c260-4700-a6f0-d82cc2f804a0/iiif/cam-1275-p_0000_000011.tif/full/!300,500/0/default.jpg;Livro impresso;Inglês;Português;The Lusiad or the discovery of India;an epic poeme;;1.ª ed.;London : published by W. Sattaby : B. Crosby & C- and Scatcherd & Leterman;1809;1809;2 f., XCVIII, 277, 1 p.;Camões, Luís de, 1524-1580;;;Mickle, William Julius, 1734-1788, Tradutor;;;CAM. 245 P.;PCulture;http://id.bnportugal.gov.pt/bib/catbnp/331404;Livre
7908;331404;1;11;331404111;https://permalinkbnd.bnportugal.gov.pt/viewer/14566/?offset=#page=11&viewer=picture&o=info&n=0&q=;Imagens | 1747;Cantos - Cantos VII | 1756;Episódios - Vénus aplaca os Ventos e a tormenta | 1766;331404;https://purl.pt/37844;https://bndigital.bnportugal.gov.pt//i/?IIIF=/89/21/4e/d8/89214ed8-c260-4700-a6f0-d82cc2f804a0/iiif/cam-1275-p_0000_000011.tif/full/!300,500/0/default.jpg;Livro impresso;Inglês;Português;The Lusiad or the discovery of India;an epic poeme;;1.ª ed.;London : published by W. Sattaby : B. Crosby & C- and Scatcherd & Leterman;1809;1809;2 f., XCVIII, 277, 1 p.;Camões, Luís de, 1524-1580;;;Mickle, William Julius, 1734-1788, Tradutor;;;CAM. 245 P.;PCulture;http://id.bnportugal.gov.pt/bib/catbnp/331404;Livre
7909;331411;1;6;33141116;https://permalinkbnd.bnportugal.gov.pt/viewer/274466/?offset=#page=6&viewer=picture&o=info&n=0&q=;Imagens | 1747;Cantos - Cantos VIII | 1757;Episódios - Desembarque de Gama em Calecut | 1767;331411;https://purl.pt/44017;https://bndigital.bnportugal.gov.pt//i/?IIIF=/b5/3d/a6/9a/b53da69a-8593-421a-abd4-abbffeb7d24d/iiif/cam-606-v_0000_000007.tif/full/!300,500/0/default.jpg;Livro impresso;Inglês;Português;The Lusiad;an epic poem;;1.ª ed.;London : Jonh Murray, Albemarle Street;1826;1826;XXI, 3, 585, 1 p.;Camões, Luís de, 1524-1580;;;"Musgrave, Thomas Moore, Tradutor ; Skelton, William, 1763-1848, Gravador ; Dickens, J., Antigo possuidor";;;CAM. 246 P.;CAM500;http://id.bnportugal.gov.pt/bib/catbnp/331411;Livre
7910;331411;1;12;331411112;https://permalinkbnd.bnportugal.gov.pt/viewer/274466/?offset=#page=12&viewer=picture&o=info&n=0&q=;Imagens | 1747;Cantos - Cantos IX | 1758;Episódios - Segunda Audiência do Samorim a Gama | 1768;331411;https://purl.pt/44017;https://bndigital.bnportugal.gov.pt//i/?IIIF=/b5/3d/a6/9a/b53da69a-8593-421a-abd4-abbffeb7d24d/iiif/cam-606-v_0000_000007.tif/full/!300,500/0/default.jpg;Livro impresso;Inglês;Português;The Lusiad;an epic poem;;1.ª ed.;London : Jonh Murray, Albemarle Street;1826;1826;XXI, 3, 585, 1 p.;Camões, Luís de, 1524-1580;;;"Musgrave, Thomas Moore, Tradutor ; Skelton, William, 1763-1848, Gravador ; Dickens, J., Antigo possuidor";;;CAM. 246 P.;CAM500;http://id.bnportugal.gov.pt/bib/catbnp/331411;Livre
7911;380835;1;1;38083511;https://permalinkbnd.bnportugal.gov.pt/viewer/278408/?offset=#page=1&viewer=picture&o=info&n=0&q=;Imagens | 1747;Cantos - Cantos X | 1759;Episódios - Ilha de Vénus | 1769;380835;https://purl.pt/44632;https://bndigital.bnportugal.gov.pt//i/?IIIF=/11/3b/da/f1/113bdaf1-8a69-41a3-a466-178d1b5df558/iiif/cam-539-10-p_0001.tif/full/!300,500/0/default.jpg;Livro impresso;Inglês;;The second canto of The Lusiad;;;1.ª ed.;Rio de Janeiro : Camoens Printing Office-Fonseca Brother & Sousa Lima;1883;1883;"79 p. ;20 cm";Camões, Luís de, 1524-1580;;;Hewitt, James E., Tradutor;;;CAM. 539//10 P.;CAM500;http://id.bnportugal.gov.pt/bib/catbnp/380835;Livre
7912;381202;1;29;381202129;https://permalinkbnd.bnportugal.gov.pt/viewer/14624/?offset=#page=29&viewer=picture&o=info&n=0&q=;Imagens | 1747;Cantos | 1748;Episódios - Audiência d’El-Rei D. Manuel a Gama | 1770;381202;https://purl.pt/23676;https://bndigital.bnportugal.gov.pt//i/?IIIF=/ed/43/ff/cc/ed43ffcc-166f-4953-9d07-faa7ae8d8725/iiif/cam-5-a_0000_1-640_t24-C-R0150_000007.tif/full/!300,500/0/default.jpg;Livro impresso;Espanhol;Português;Lusiadas;;;1.ª ed.;En Madrid : por Iuan Sanchez : a costa de Pedro Coello, mercador de libros;1639;1639;4 tomos em 2 vol.;Camões, Luís de, 1524-1580;;;"Sousa, Manuel de Faria e, 1590-1649, Editor literário ; Coello, Pedro, fl. 1624-165-, Editor comercial ; Sánchez, Juan, fl. 1613-1639, Impressor ; Manuel, Francisco de Melo, 1773-1851, Antigo possuidor ; Borges, Diogo, 16--, Antigo possuidor";;Liceu Passos Manuel, Antigo possuidor;CAM. 1 A.;;http://id.bnportugal.gov.pt/bib/catbnp/381202;Livre
7913;381202;1;100;3812021100;https://permalinkbnd.bnportugal.gov.pt/viewer/14624/?offset=#page=100&viewer=picture&o=info&n=0&q=;Imagens | 1747;Cantos | 1748;Episódios - Camões na gruta de Macau | 1760;381202;https://purl.pt/23676;https://bndigital.bnportugal.gov.pt//i/?IIIF=/ed/43/ff/cc/ed43ffcc-166f-4953-9d07-faa7ae8d8725/iiif/cam-5-a_0000_1-640_t24-C-R0150_000007.tif/full/!300,500/0/default.jpg;Livro impresso;Espanhol;Português;Lusiadas;;;1.ª ed.;En Madrid : por Iuan Sanchez : a costa de Pedro Coello, mercador de libros;1639;1639;4 tomos em 2 vol.;Camões, Luís de, 1524-1580;;;"Sousa, Manuel de Faria e, 1590-1649, Editor literário ; Coello, Pedro, fl. 1624-165-, Editor comercial ; Sánchez, Juan, fl. 1613-1639, Impressor ; Manuel, Francisco de Melo, 1773-1851, Antigo possuidor ; Borges, Diogo, 16--, Antigo possuidor";;Liceu Passos Manuel, Antigo possuidor;CAM. 1 A.;;http://id.bnportugal.gov.pt/bib/catbnp/381202;Livre
7914;381202;1;216;3812021216;https://permalinkbnd.bnportugal.gov.pt/viewer/14624/?offset=#page=216&viewer=picture&o=info&n=0&q=;Imagens | 1747;Episódios | 1749;Episódios - Visita do Rei de Melinde a Gama | 1761;381202;https://purl.pt/23676;https://bndigital.bnportugal.gov.pt//i/?IIIF=/ed/43/ff/cc/ed43ffcc-166f-4953-9d07-faa7ae8d8725/iiif/cam-5-a_0000_1-640_t24-C-R0150_000007.tif/full/!300,500/0/default.jpg;Livro impresso;Espanhol;Português;Lusiadas;;;1.ª ed.;En Madrid : por Iuan Sanchez : a costa de Pedro Coello, mercador de libros;1639;1639;4 tomos em 2 vol.;Camões, Luís de, 1524-1580;;;"Sousa, Manuel de Faria e, 1590-1649, Editor literário ; Coello, Pedro, fl. 1624-165-, Editor comercial ; Sánchez, Juan, fl. 1613-1639, Impressor ; Manuel, Francisco de Melo, 1773-1851, Antigo possuidor ; Borges, Diogo, 16--, Antigo possuidor";;Liceu Passos Manuel, Antigo possuidor;CAM. 1 A.;;http://id.bnportugal.gov.pt/bib/catbnp/381202;Livre
7915;381202;1;297;3812021297;https://permalinkbnd.bnportugal.gov.pt/viewer/14624/?offset=#page=297&viewer=picture&o=info&n=0&q=;Imagens | 1747;Cantos - Cantos I | 1750;"Episódios - Concílio ""Conselho dos Deuses"" | 1762";381202;https://purl.pt/23676;https://bndigital.bnportugal.gov.pt//i/?IIIF=/ed/43/ff/cc/ed43ffcc-166f-4953-9d07-faa7ae8d8725/iiif/cam-5-a_0000_1-640_t24-C-R0150_000007.tif/full/!300,500/0/default.jpg;Livro impresso;Espanhol;Português;Lusiadas;;;1.ª ed.;En Madrid : por Iuan Sanchez : a costa de Pedro Coello, mercador de libros;1639;1639;4 tomos em 2 vol.;Camões, Luís de, 1524-1580;;;"Sousa, Manuel de Faria e, 1590-1649, Editor literário ; Coello, Pedro, fl. 1624-165-, Editor comercial ; Sánchez, Juan, fl. 1613-1639, Impressor ; Manuel, Francisco de Melo, 1773-1851, Antigo possuidor ; Borges, Diogo, 16--, Antigo possuidor";;Liceu Passos Manuel, Antigo possuidor;CAM. 1 A.;;http://id.bnportugal.gov.pt/bib/catbnp/381202;Livre
7916;381202;1;308;3812021308;https://permalinkbnd.bnportugal.gov.pt/viewer/14624/?offset=#page=308&viewer=picture&o=info&n=0&q=;Imagens | 1747;Cantos - Cantos II | 1751;Episódios - Sonho d'El-Rei D. Manuel, no qual lhe aparecem os rios Indo e Ganges | 1763;381202;https://purl.pt/23676;https://bndigital.bnportugal.gov.pt//i/?IIIF=/ed/43/ff/cc/ed43ffcc-166f-4953-9d07-faa7ae8d8725/iiif/cam-5-a_0000_1-640_t24-C-R0150_000007.tif/full/!300,500/0/default.jpg;Livro impresso;Espanhol;Português;Lusiadas;;;1.ª ed.;En Madrid : por Iuan Sanchez : a costa de Pedro Coello, mercador de libros;1639;1639;4 tomos em 2 vol.;Camões, Luís de, 1524-1580;;;"Sousa, Manuel de Faria e, 1590-1649, Editor literário ; Coello, Pedro, fl. 1624-165-, Editor comercial ; Sánchez, Juan, fl. 1613-1639, Impressor ; Manuel, Francisco de Melo, 1773-1851, Antigo possuidor ; Borges, Diogo, 16--, Antigo possuidor";;Liceu Passos Manuel, Antigo possuidor;CAM. 1 A.;;http://id.bnportugal.gov.pt/bib/catbnp/381202;Livre
7917;381202;1;424;3812021424;https://permalinkbnd.bnportugal.gov.pt/viewer/14624/?offset=#page=424&viewer=picture&o=info&n=0&q=;Imagens | 1747;Cantos - Cantos III | 1752;Episódios - Assassínio de Inês de Castro | 1764;381202;https://purl.pt/23676;https://bndigital.bnportugal.gov.pt//i/?IIIF=/ed/43/ff/cc/ed43ffcc-166f-4953-9d07-faa7ae8d8725/iiif/cam-5-a_0000_1-640_t24-C-R0150_000007.tif/full/!300,500/0/default.jpg;Livro impresso;Espanhol;Português;Lusiadas;;;1.ª ed.;En Madrid : por Iuan Sanchez : a costa de Pedro Coello, mercador de libros;1639;1639;4 tomos em 2 vol.;Camões, Luís de, 1524-1580;;;"Sousa, Manuel de Faria e, 1590-1649, Editor literário ; Coello, Pedro, fl. 1624-165-, Editor comercial ; Sánchez, Juan, fl. 1613-1639, Impressor ; Manuel, Francisco de Melo, 1773-1851, Antigo possuidor ; Borges, Diogo, 16--, Antigo possuidor";;Liceu Passos Manuel, Antigo possuidor;CAM. 1 A.;;http://id.bnportugal.gov.pt/bib/catbnp/381202;Livre
7918;381202;1;530;3812021530;https://permalinkbnd.bnportugal.gov.pt/viewer/14624/?offset=#page=530&viewer=picture&o=info&n=0&q=;Imagens | 1747;Cantos - Cantos IV | 1753;Episódios - Aparição do gigante Adamastor na passagem do Cabo de B. Esperança | 1765;381202;https://purl.pt/23676;https://bndigital.bnportugal.gov.pt//i/?IIIF=/ed/43/ff/cc/ed43ffcc-166f-4953-9d07-faa7ae8d8725/iiif/cam-5-a_0000_1-640_t24-C-R0150_000007.tif/full/!300,500/0/default.jpg;Livro impresso;Espanhol;Português;Lusiadas;;;1.ª ed.;En Madrid : por Iuan Sanchez : a costa de Pedro Coello, mercador de libros;1639;1639;4 tomos em 2 vol.;Camões, Luís de, 1524-1580;;;"Sousa, Manuel de Faria e, 1590-1649, Editor literário ; Coello, Pedro, fl. 1624-165-, Editor comercial ; Sánchez, Juan, fl. 1613-1639, Impressor ; Manuel, Francisco de Melo, 1773-1851, Antigo possuidor ; Borges, Diogo, 16--, Antigo possuidor";;Liceu Passos Manuel, Antigo possuidor;CAM. 1 A.;;http://id.bnportugal.gov.pt/bib/catbnp/381202;Livre
7919;381202;2;7;38120227;https://permalinkbnd.bnportugal.gov.pt/viewer/14624/?medianame=cam-6-a_0000_1-730_t24-C-R0150_&o=volume#page=7&viewer=picture&o=volume&n=0&q=;Imagens | 1747;Cantos - Cantos V | 1754;Episódios - Vénus aplaca os Ventos e a tormenta | 1766;381202;https://purl.pt/23676;https://bndigital.bnportugal.gov.pt//i/?IIIF=/ed/43/ff/cc/ed43ffcc-166f-4953-9d07-faa7ae8d8725/iiif/cam-5-a_0000_1-640_t24-C-R0150_000007.tif/full/!300,500/0/default.jpg;Livro impresso;Espanhol;Português;Lusiadas;;;1.ª ed.;En Madrid : por Iuan Sanchez : a costa de Pedro Coello, mercador de libros;1639;1639;4 tomos em 2 vol.;Camões, Luís de, 1524-1580;;;"Sousa, Manuel de Faria e, 1590-1649, Editor literário ; Coello, Pedro, fl. 1624-165-, Editor comercial ; Sánchez, Juan, fl. 1613-1639, Impressor ; Manuel, Francisco de Melo, 1773-1851, Antigo possuidor ; Borges, Diogo, 16--, Antigo possuidor";;Liceu Passos Manuel, Antigo possuidor;CAM. 1 A.;;http://id.bnportugal.gov.pt/bib/catbnp/381202;Livre
7920;381202;2;10;381202210;https://permalinkbnd.bnportugal.gov.pt/viewer/14624/?medianame=cam-6-a_0000_1-730_t24-C-R0150_&o=volume#page=10&viewer=picture&o=volume&n=0&q=;Imagens | 1747;Cantos - Cantos VI | 1755;Episódios - Desembarque de Gama em Calecut | 1767;381202;https://purl.pt/23676;https://bndigital.bnportugal.gov.pt//i/?IIIF=/ed/43/ff/cc/ed43ffcc-166f-4953-9d07-faa7ae8d8725/iiif/cam-5-a_0000_1-640_t24-C-R0150_000007.tif/full/!300,500/0/default.jpg;Livro impresso;Espanhol;Português;Lusiadas;;;1.ª ed.;En Madrid : por Iuan Sanchez : a costa de Pedro Coello, mercador de libros;1639;1639;4 tomos em 2 vol.;Camões, Luís de, 1524-1580;;;"Sousa, Manuel de Faria e, 1590-1649, Editor literário ; Coello, Pedro, fl. 1624-165-, Editor comercial ; Sánchez, Juan, fl. 1613-1639, Impressor ; Manuel, Francisco de Melo, 1773-1851, Antigo possuidor ; Borges, Diogo, 16--, Antigo possuidor";;Liceu Passos Manuel, Antigo possuidor;CAM. 1 A.;;http://id.bnportugal.gov.pt/bib/catbnp/381202;Livre
7921;381202;2;76;381202276;https://permalinkbnd.bnportugal.gov.pt/viewer/14624/?medianame=cam-6-a_0000_1-730_t24-C-R0150_&o=volume#page=76&viewer=picture&o=volume&n=0&q=;Imagens | 1747;Cantos - Cantos VII | 1756;Episódios - Segunda Audiência do Samorim a Gama | 1768;381202;https://purl.pt/23676;https://bndigital.bnportugal.gov.pt//i/?IIIF=/ed/43/ff/cc/ed43ffcc-166f-4953-9d07-faa7ae8d8725/iiif/cam-5-a_0000_1-640_t24-C-R0150_000007.tif/full/!300,500/0/default.jpg;Livro impresso;Espanhol;Português;Lusiadas;;;1.ª ed.;En Madrid : por Iuan Sanchez : a costa de Pedro Coello, mercador de libros;1639;1639;4 tomos em 2 vol.;Camões, Luís de, 1524-1580;;;"Sousa, Manuel de Faria e, 1590-1649, Editor literário ; Coello, Pedro, fl. 1624-165-, Editor comercial ; Sánchez, Juan, fl. 1613-1639, Impressor ; Manuel, Francisco de Melo, 1773-1851, Antigo possuidor ; Borges, Diogo, 16--, Antigo possuidor";;Liceu Passos Manuel, Antigo possuidor;CAM. 1 A.;;http://id.bnportugal.gov.pt/bib/catbnp/381202;Livre
7922;381202;2;114;3812022114;https://permalinkbnd.bnportugal.gov.pt/viewer/14624/?medianame=cam-6-a_0000_1-730_t24-C-R0150_&o=volume#page=114&viewer=picture&o=volume&n=0&q=;Imagens | 1747;Cantos - Cantos VIII | 1757;Episódios - Ilha de Vénus | 1769;381202;https://purl.pt/23676;https://bndigital.bnportugal.gov.pt//i/?IIIF=/ed/43/ff/cc/ed43ffcc-166f-4953-9d07-faa7ae8d8725/iiif/cam-5-a_0000_1-640_t24-C-R0150_000007.tif/full/!300,500/0/default.jpg;Livro impresso;Espanhol;Português;Lusiadas;;;1.ª ed.;En Madrid : por Iuan Sanchez : a costa de Pedro Coello, mercador de libros;1639;1639;4 tomos em 2 vol.;Camões, Luís de, 1524-1580;;;"Sousa, Manuel de Faria e, 1590-1649, Editor literário ; Coello, Pedro, fl. 1624-165-, Editor comercial ; Sánchez, Juan, fl. 1613-1639, Impressor ; Manuel, Francisco de Melo, 1773-1851, Antigo possuidor ; Borges, Diogo, 16--, Antigo possuidor";;Liceu Passos Manuel, Antigo possuidor;CAM. 1 A.;;http://id.bnportugal.gov.pt/bib/catbnp/381202;Livre
7923;381202;2;194;3812022194;https://permalinkbnd.bnportugal.gov.pt/viewer/14624/?medianame=cam-6-a_0000_1-730_t24-C-R0150_&o=volume#page=194&viewer=picture&o=volume&n=0&q=;Imagens | 1747;Cantos - Cantos IX | 1758;Episódios - Audiência d’El-Rei D. Manuel a Gama | 1770;381202;https://purl.pt/23676;https://bndigital.bnportugal.gov.pt//i/?IIIF=/ed/43/ff/cc/ed43ffcc-166f-4953-9d07-faa7ae8d8725/iiif/cam-5-a_0000_1-640_t24-C-R0150_000007.tif/full/!300,500/0/default.jpg;Livro impresso;Espanhol;Português;Lusiadas;;;1.ª ed.;En Madrid : por Iuan Sanchez : a costa de Pedro Coello, mercador de libros;1639;1639;4 tomos em 2 vol.;Camões, Luís de, 1524-1580;;;"Sousa, Manuel de Faria e, 1590-1649, Editor literário ; Coello, Pedro, fl. 1624-165-, Editor comercial ; Sánchez, Juan, fl. 1613-1639, Impressor ; Manuel, Francisco de Melo, 1773-1851, Antigo possuidor ; Borges, Diogo, 16--, Antigo possuidor";;Liceu Passos Manuel, Antigo possuidor;CAM. 1 A.;;http://id.bnportugal.gov.pt/bib/catbnp/381202;Livre
7924;381202;2;274;3812022274;https://permalinkbnd.bnportugal.gov.pt/viewer/14624/?medianame=cam-6-a_0000_1-730_t24-C-R0150_&o=volume#page=274&viewer=picture&o=volume&n=0&q=;Imagens | 1747;Cantos - Cantos X | 1759;Episódios - Camões na gruta de Macau | 1760;381202;https://purl.pt/23676;https://bndigital.bnportugal.gov.pt//i/?IIIF=/ed/43/ff/cc/ed43ffcc-166f-4953-9d07-faa7ae8d8725/iiif/cam-5-a_0000_1-640_t24-C-R0150_000007.tif/full/!300,500/0/default.jpg;Livro impresso;Espanhol;Português;Lusiadas;;;1.ª ed.;En Madrid : por Iuan Sanchez : a costa de Pedro Coello, mercador de libros;1639;1639;4 tomos em 2 vol.;Camões, Luís de, 1524-1580;;;"Sousa, Manuel de Faria e, 1590-1649, Editor literário ; Coello, Pedro, fl. 1624-165-, Editor comercial ; Sánchez, Juan, fl. 1613-1639, Impressor ; Manuel, Francisco de Melo, 1773-1851, Antigo possuidor ; Borges, Diogo, 16--, Antigo possuidor";;Liceu Passos Manuel, Antigo possuidor;CAM. 1 A.;;http://id.bnportugal.gov.pt/bib/catbnp/381202;Livre
7925;381202;2;418;3812022418;https://permalinkbnd.bnportugal.gov.pt/viewer/14624/?medianame=cam-6-a_0000_1-730_t24-C-R0150_&o=volume#page=418&viewer=picture&o=volume&n=0&q=;Imagens | 1747;Cantos - Cantos II | 1751;Episódios - Visita do Rei de Melinde a Gama | 1761;381202;https://purl.pt/23676;https://bndigital.bnportugal.gov.pt//i/?IIIF=/ed/43/ff/cc/ed43ffcc-166f-4953-9d07-faa7ae8d8725/iiif/cam-5-a_0000_1-640_t24-C-R0150_000007.tif/full/!300,500/0/default.jpg;Livro impresso;Espanhol;Português;Lusiadas;;;1.ª ed.;En Madrid : por Iuan Sanchez : a costa de Pedro Coello, mercador de libros;1639;1639;4 tomos em 2 vol.;Camões, Luís de, 1524-1580;;;"Sousa, Manuel de Faria e, 1590-1649, Editor literário ; Coello, Pedro, fl. 1624-165-, Editor comercial ; Sánchez, Juan, fl. 1613-1639, Impressor ; Manuel, Francisco de Melo, 1773-1851, Antigo possuidor ; Borges, Diogo, 16--, Antigo possuidor";;Liceu Passos Manuel, Antigo possuidor;CAM. 1 A.;;http://id.bnportugal.gov.pt/bib/catbnp/381202;Livre
7926;381202;2;454;3812022454;https://permalinkbnd.bnportugal.gov.pt/viewer/14624/?medianame=cam-6-a_0000_1-730_t24-C-R0150_&o=volume#page=454&viewer=picture&o=volume&n=0&q=;Imagens | 1747;Cantos - Cantos III | 1752;"Episódios - Concílio ""Conselho dos Deuses"" | 1762";381202;https://purl.pt/23676;https://bndigital.bnportugal.gov.pt//i/?IIIF=/ed/43/ff/cc/ed43ffcc-166f-4953-9d07-faa7ae8d8725/iiif/cam-5-a_0000_1-640_t24-C-R0150_000007.tif/full/!300,500/0/default.jpg;Livro impresso;Espanhol;Português;Lusiadas;;;1.ª ed.;En Madrid : por Iuan Sanchez : a costa de Pedro Coello, mercador de libros;1639;1639;4 tomos em 2 vol.;Camões, Luís de, 1524-1580;;;"Sousa, Manuel de Faria e, 1590-1649, Editor literário ; Coello, Pedro, fl. 1624-165-, Editor comercial ; Sánchez, Juan, fl. 1613-1639, Impressor ; Manuel, Francisco de Melo, 1773-1851, Antigo possuidor ; Borges, Diogo, 16--, Antigo possuidor";;Liceu Passos Manuel, Antigo possuidor;CAM. 1 A.;;http://id.bnportugal.gov.pt/bib/catbnp/381202;Livre
7927;381202;2;463;3812022463;https://permalinkbnd.bnportugal.gov.pt/viewer/14624/?medianame=cam-6-a_0000_1-730_t24-C-R0150_&o=volume#page=463&viewer=picture&o=volume&n=0&q=;Imagens | 1747;Cantos - Cantos IV | 1753;Episódios - Sonho d'El-Rei D. Manuel, no qual lhe aparecem os rios Indo e Ganges | 1763;381202;https://purl.pt/23676;https://bndigital.bnportugal.gov.pt//i/?IIIF=/ed/43/ff/cc/ed43ffcc-166f-4953-9d07-faa7ae8d8725/iiif/cam-5-a_0000_1-640_t24-C-R0150_000007.tif/full/!300,500/0/default.jpg;Livro impresso;Espanhol;Português;Lusiadas;;;1.ª ed.;En Madrid : por Iuan Sanchez : a costa de Pedro Coello, mercador de libros;1639;1639;4 tomos em 2 vol.;Camões, Luís de, 1524-1580;;;"Sousa, Manuel de Faria e, 1590-1649, Editor literário ; Coello, Pedro, fl. 1624-165-, Editor comercial ; Sánchez, Juan, fl. 1613-1639, Impressor ; Manuel, Francisco de Melo, 1773-1851, Antigo possuidor ; Borges, Diogo, 16--, Antigo possuidor";;Liceu Passos Manuel, Antigo possuidor;CAM. 1 A.;;http://id.bnportugal.gov.pt/bib/catbnp/381202;Livre
7928;381202;2;465;3812022465;https://permalinkbnd.bnportugal.gov.pt/viewer/14624/?medianame=cam-6-a_0000_1-730_t24-C-R0150_&o=volume#page=465&viewer=picture&o=volume&n=0&q=;Imagens | 1747;Cantos - Cantos V | 1754;Episódios - Assassínio de Inês de Castro | 1764;381202;https://purl.pt/23676;https://bndigital.bnportugal.gov.pt//i/?IIIF=/ed/43/ff/cc/ed43ffcc-166f-4953-9d07-faa7ae8d8725/iiif/cam-5-a_0000_1-640_t24-C-R0150_000007.tif/full/!300,500/0/default.jpg;Livro impresso;Espanhol;Português;Lusiadas;;;1.ª ed.;En Madrid : por Iuan Sanchez : a costa de Pedro Coello, mercador de libros;1639;1639;4 tomos em 2 vol.;Camões, Luís de, 1524-1580;;;"Sousa, Manuel de Faria e, 1590-1649, Editor literário ; Coello, Pedro, fl. 1624-165-, Editor comercial ; Sánchez, Juan, fl. 1613-1639, Impressor ; Manuel, Francisco de Melo, 1773-1851, Antigo possuidor ; Borges, Diogo, 16--, Antigo possuidor";;Liceu Passos Manuel, Antigo possuidor;CAM. 1 A.;;http://id.bnportugal.gov.pt/bib/catbnp/381202;Livre
7929;381202;2;466;3812022466;https://permalinkbnd.bnportugal.gov.pt/viewer/14624/?medianame=cam-6-a_0000_1-730_t24-C-R0150_&o=volume#page=466&viewer=picture&o=volume&n=0&q=;Imagens | 1747;Cantos - Cantos VI | 1755;Episódios - Aparição do gigante Adamastor na passagem do Cabo de B. Esperança | 1765;381202;https://purl.pt/23676;https://bndigital.bnportugal.gov.pt//i/?IIIF=/ed/43/ff/cc/ed43ffcc-166f-4953-9d07-faa7ae8d8725/iiif/cam-5-a_0000_1-640_t24-C-R0150_000007.tif/full/!300,500/0/default.jpg;Livro impresso;Espanhol;Português;Lusiadas;;;1.ª ed.;En Madrid : por Iuan Sanchez : a costa de Pedro Coello, mercador de libros;1639;1639;4 tomos em 2 vol.;Camões, Luís de, 1524-1580;;;"Sousa, Manuel de Faria e, 1590-1649, Editor literário ; Coello, Pedro, fl. 1624-165-, Editor comercial ; Sánchez, Juan, fl. 1613-1639, Impressor ; Manuel, Francisco de Melo, 1773-1851, Antigo possuidor ; Borges, Diogo, 16--, Antigo possuidor";;Liceu Passos Manuel, Antigo possuidor;CAM. 1 A.;;http://id.bnportugal.gov.pt/bib/catbnp/381202;Livre
7930;381202;2;468;3812022468;https://permalinkbnd.bnportugal.gov.pt/viewer/14624/?medianame=cam-6-a_0000_1-730_t24-C-R0150_&o=volume#page=468&viewer=picture&o=volume&n=0&q=;Imagens | 1747;Cantos - Cantos VII | 1756;Episódios - Vénus aplaca os Ventos e a tormenta | 1766;381202;https://purl.pt/23676;https://bndigital.bnportugal.gov.pt//i/?IIIF=/ed/43/ff/cc/ed43ffcc-166f-4953-9d07-faa7ae8d8725/iiif/cam-5-a_0000_1-640_t24-C-R0150_000007.tif/full/!300,500/0/default.jpg;Livro impresso;Espanhol;Português;Lusiadas;;;1.ª ed.;En Madrid : por Iuan Sanchez : a costa de Pedro Coello, mercador de libros;1639;1639;4 tomos em 2 vol.;Camões, Luís de, 1524-1580;;;"Sousa, Manuel de Faria e, 1590-1649, Editor literário ; Coello, Pedro, fl. 1624-165-, Editor comercial ; Sánchez, Juan, fl. 1613-1639, Impressor ; Manuel, Francisco de Melo, 1773-1851, Antigo possuidor ; Borges, Diogo, 16--, Antigo possuidor";;Liceu Passos Manuel, Antigo possuidor;CAM. 1 A.;;http://id.bnportugal.gov.pt/bib/catbnp/381202;Livre
7931;381202;2;472;3812022472;https://permalinkbnd.bnportugal.gov.pt/viewer/14624/?medianame=cam-6-a_0000_1-730_t24-C-R0150_&o=volume#page=472&viewer=picture&o=volume&n=0&q=;Imagens | 1747;Cantos - Cantos VIII | 1757;Episódios - Desembarque de Gama em Calecut | 1767;381202;https://purl.pt/23676;https://bndigital.bnportugal.gov.pt//i/?IIIF=/ed/43/ff/cc/ed43ffcc-166f-4953-9d07-faa7ae8d8725/iiif/cam-5-a_0000_1-640_t24-C-R0150_000007.tif/full/!300,500/0/default.jpg;Livro impresso;Espanhol;Português;Lusiadas;;;1.ª ed.;En Madrid : por Iuan Sanchez : a costa de Pedro Coello, mercador de libros;1639;1639;4 tomos em 2 vol.;Camões, Luís de, 1524-1580;;;"Sousa, Manuel de Faria e, 1590-1649, Editor literário ; Coello, Pedro, fl. 1624-165-, Editor comercial ; Sánchez, Juan, fl. 1613-1639, Impressor ; Manuel, Francisco de Melo, 1773-1851, Antigo possuidor ; Borges, Diogo, 16--, Antigo possuidor";;Liceu Passos Manuel, Antigo possuidor;CAM. 1 A.;;http://id.bnportugal.gov.pt/bib/catbnp/381202;Livre
7932;381202;2;473;3812022473;https://permalinkbnd.bnportugal.gov.pt/viewer/14624/?medianame=cam-6-a_0000_1-730_t24-C-R0150_&o=volume#page=472&viewer=picture&o=volume&n=0&q=;Imagens | 1747;Cantos - Cantos IX | 1758;Episódios - Segunda Audiência do Samorim a Gama | 1768;381202;https://purl.pt/23676;https://bndigital.bnportugal.gov.pt//i/?IIIF=/ed/43/ff/cc/ed43ffcc-166f-4953-9d07-faa7ae8d8725/iiif/cam-5-a_0000_1-640_t24-C-R0150_000007.tif/full/!300,500/0/default.jpg;Livro impresso;Espanhol;Português;Lusiadas;;;1.ª ed.;En Madrid : por Iuan Sanchez : a costa de Pedro Coello, mercador de libros;1639;1639;4 tomos em 2 vol.;Camões, Luís de, 1524-1580;;;"Sousa, Manuel de Faria e, 1590-1649, Editor literário ; Coello, Pedro, fl. 1624-165-, Editor comercial ; Sánchez, Juan, fl. 1613-1639, Impressor ; Manuel, Francisco de Melo, 1773-1851, Antigo possuidor ; Borges, Diogo, 16--, Antigo possuidor";;Liceu Passos Manuel, Antigo possuidor;CAM. 1 A.;;http://id.bnportugal.gov.pt/bib/catbnp/381202;Livre
7933;381202;2;474;3812022474;https://permalinkbnd.bnportugal.gov.pt/viewer/14624/?medianame=cam-6-a_0000_1-730_t24-C-R0150_&o=volume#page=474&viewer=picture&o=volume&n=0&q=;Imagens | 1747;Cantos - Cantos X | 1759;Episódios - Ilha de Vénus | 1769;381202;https://purl.pt/23676;https://bndigital.bnportugal.gov.pt//i/?IIIF=/ed/43/ff/cc/ed43ffcc-166f-4953-9d07-faa7ae8d8725/iiif/cam-5-a_0000_1-640_t24-C-R0150_000007.tif/full/!300,500/0/default.jpg;Livro impresso;Espanhol;Português;Lusiadas;;;1.ª ed.;En Madrid : por Iuan Sanchez : a costa de Pedro Coello, mercador de libros;1639;1639;4 tomos em 2 vol.;Camões, Luís de, 1524-1580;;;"Sousa, Manuel de Faria e, 1590-1649, Editor literário ; Coello, Pedro, fl. 1624-165-, Editor comercial ; Sánchez, Juan, fl. 1613-1639, Impressor ; Manuel, Francisco de Melo, 1773-1851, Antigo possuidor ; Borges, Diogo, 16--, Antigo possuidor";;Liceu Passos Manuel, Antigo possuidor;CAM. 1 A.;;http://id.bnportugal.gov.pt/bib/catbnp/381202;Livre
7934;381202;2;476;3812022476;https://permalinkbnd.bnportugal.gov.pt/viewer/14624/?medianame=cam-6-a_0000_1-730_t24-C-R0150_&o=volume#page=476&viewer=picture&o=volume&n=0&q=;Imagens | 1747;Cantos | 1748;Episódios - Audiência d’El-Rei D. Manuel a Gama | 1770;381202;https://purl.pt/23676;https://bndigital.bnportugal.gov.pt//i/?IIIF=/ed/43/ff/cc/ed43ffcc-166f-4953-9d07-faa7ae8d8725/iiif/cam-5-a_0000_1-640_t24-C-R0150_000007.tif/full/!300,500/0/default.jpg;Livro impresso;Espanhol;Português;Lusiadas;;;1.ª ed.;En Madrid : por Iuan Sanchez : a costa de Pedro Coello, mercador de libros;1639;1639;4 tomos em 2 vol.;Camões, Luís de, 1524-1580;;;"Sousa, Manuel de Faria e, 1590-1649, Editor literário ; Coello, Pedro, fl. 1624-165-, Editor comercial ; Sánchez, Juan, fl. 1613-1639, Impressor ; Manuel, Francisco de Melo, 1773-1851, Antigo possuidor ; Borges, Diogo, 16--, Antigo possuidor";;Liceu Passos Manuel, Antigo possuidor;CAM. 1 A.;;http://id.bnportugal.gov.pt/bib/catbnp/381202;Livre
7935;381202;2;480;3812022480;https://permalinkbnd.bnportugal.gov.pt/viewer/14624/?medianame=cam-6-a_0000_1-730_t24-C-R0150_&o=volume#page=480&viewer=picture&o=volume&n=0&q=;Imagens | 1747;Cantos | 1748;Episódios - Camões na gruta de Macau | 1760;381202;https://purl.pt/23676;https://bndigital.bnportugal.gov.pt//i/?IIIF=/ed/43/ff/cc/ed43ffcc-166f-4953-9d07-faa7ae8d8725/iiif/cam-5-a_0000_1-640_t24-C-R0150_000007.tif/full/!300,500/0/default.jpg;Livro impresso;Espanhol;Português;Lusiadas;;;1.ª ed.;En Madrid : por Iuan Sanchez : a costa de Pedro Coello, mercador de libros;1639;1639;4 tomos em 2 vol.;Camões, Luís de, 1524-1580;;;"Sousa, Manuel de Faria e, 1590-1649, Editor literário ; Coello, Pedro, fl. 1624-165-, Editor comercial ; Sánchez, Juan, fl. 1613-1639, Impressor ; Manuel, Francisco de Melo, 1773-1851, Antigo possuidor ; Borges, Diogo, 16--, Antigo possuidor";;Liceu Passos Manuel, Antigo possuidor;CAM. 1 A.;;http://id.bnportugal.gov.pt/bib/catbnp/381202;Livre
7936;381202;2;514;3812022514;https://permalinkbnd.bnportugal.gov.pt/viewer/14624/?medianame=cam-6-a_0000_1-730_t24-C-R0150_&o=volume#page=514&viewer=picture&o=volume&n=0&q=;Imagens | 1747;Episódios | 1749;Episódios - Visita do Rei de Melinde a Gama | 1761;381202;https://purl.pt/23676;https://bndigital.bnportugal.gov.pt//i/?IIIF=/ed/43/ff/cc/ed43ffcc-166f-4953-9d07-faa7ae8d8725/iiif/cam-5-a_0000_1-640_t24-C-R0150_000007.tif/full/!300,500/0/default.jpg;Livro impresso;Espanhol;Português;Lusiadas;;;1.ª ed.;En Madrid : por Iuan Sanchez : a costa de Pedro Coello, mercador de libros;1639;1639;4 tomos em 2 vol.;Camões, Luís de, 1524-1580;;;"Sousa, Manuel de Faria e, 1590-1649, Editor literário ; Coello, Pedro, fl. 1624-165-, Editor comercial ; Sánchez, Juan, fl. 1613-1639, Impressor ; Manuel, Francisco de Melo, 1773-1851, Antigo possuidor ; Borges, Diogo, 16--, Antigo possuidor";;Liceu Passos Manuel, Antigo possuidor;CAM. 1 A.;;http://id.bnportugal.gov.pt/bib/catbnp/381202;Livre
7937;381202;2;520;3812022520;https://permalinkbnd.bnportugal.gov.pt/viewer/14624/?medianame=cam-6-a_0000_1-730_t24-C-R0150_&o=volume#page=520&viewer=picture&o=volume&n=0&q=;Imagens | 1747;Cantos - Cantos I | 1750;"Episódios - Concílio ""Conselho dos Deuses"" | 1762";381202;https://purl.pt/23676;https://bndigital.bnportugal.gov.pt//i/?IIIF=/ed/43/ff/cc/ed43ffcc-166f-4953-9d07-faa7ae8d8725/iiif/cam-5-a_0000_1-640_t24-C-R0150_000007.tif/full/!300,500/0/default.jpg;Livro impresso;Espanhol;Português;Lusiadas;;;1.ª ed.;En Madrid : por Iuan Sanchez : a costa de Pedro Coello, mercador de libros;1639;1639;4 tomos em 2 vol.;Camões, Luís de, 1524-1580;;;"Sousa, Manuel de Faria e, 1590-1649, Editor literário ; Coello, Pedro, fl. 1624-165-, Editor comercial ; Sánchez, Juan, fl. 1613-1639, Impressor ; Manuel, Francisco de Melo, 1773-1851, Antigo possuidor ; Borges, Diogo, 16--, Antigo possuidor";;Liceu Passos Manuel, Antigo possuidor;CAM. 1 A.;;http://id.bnportugal.gov.pt/bib/catbnp/381202;Livre
7938;381202;2;521;3812022521;https://permalinkbnd.bnportugal.gov.pt/viewer/14624/?medianame=cam-6-a_0000_1-730_t24-C-R0150_&o=volume#page=521&viewer=picture&o=volume&n=0&q=;Imagens | 1747;Cantos - Cantos II | 1751;Episódios - Sonho d'El-Rei D. Manuel, no qual lhe aparecem os rios Indo e Ganges | 1763;381202;https://purl.pt/23676;https://bndigital.bnportugal.gov.pt//i/?IIIF=/ed/43/ff/cc/ed43ffcc-166f-4953-9d07-faa7ae8d8725/iiif/cam-5-a_0000_1-640_t24-C-R0150_000007.tif/full/!300,500/0/default.jpg;Livro impresso;Espanhol;Português;Lusiadas;;;1.ª ed.;En Madrid : por Iuan Sanchez : a costa de Pedro Coello, mercador de libros;1639;1639;4 tomos em 2 vol.;Camões, Luís de, 1524-1580;;;"Sousa, Manuel de Faria e, 1590-1649, Editor literário ; Coello, Pedro, fl. 1624-165-, Editor comercial ; Sánchez, Juan, fl. 1613-1639, Impressor ; Manuel, Francisco de Melo, 1773-1851, Antigo possuidor ; Borges, Diogo, 16--, Antigo possuidor";;Liceu Passos Manuel, Antigo possuidor;CAM. 1 A.;;http://id.bnportugal.gov.pt/bib/catbnp/381202;Livre
7939;381444;1;9;38144419;https://permalinkbnd.bnportugal.gov.pt/viewer/14587/?offset=#page=9&viewer=picture&o=info&n=0&q=;Imagens | 1747;Cantos - Cantos III | 1752;Episódios - Assassínio de Inês de Castro | 1764;381444;https://purl.pt/37883;https://bndigital.bnportugal.gov.pt//i/?IIIF=/c8/a6/98/5b/c8a6985b-4c45-4a5c-a72e-2251665ada36/iiif/cam-29-a_0000_000009.tif/full/!300,500/0/default.jpg;Livro impresso;Português;;Os Lusiadas;;;1.ª ed.;"Paris ; ; Lisboa : Guillard Aillaud & C editores";1890;1890;317, XLIII p.;Camões, Luís de, 1524-1580;;;"Pinto, Abílio Augusto da Fonseca, 1830-1893, Editor literário ; Bramtot, Alfred, 1852-1894, Ilustrador ; Bord, Paulin, fl. 1890, Ilustrador ; Sousa, António Alberto Marinho Duarte de, 1896-1950, Antigo possuidor";;;CAM. 28 A.;;http://id.bnportugal.gov.pt/bib/catbnp/381444;Livre
7940;381444;1;23;381444123;https://permalinkbnd.bnportugal.gov.pt/viewer/14587/?offset=#page=23&viewer=picture&o=info&n=0&q=;Imagens | 1747;Cantos - Cantos IV | 1753;Episódios - Aparição do gigante Adamastor na passagem do Cabo de B. Esperança | 1765;381444;https://purl.pt/37883;https://bndigital.bnportugal.gov.pt//i/?IIIF=/c8/a6/98/5b/c8a6985b-4c45-4a5c-a72e-2251665ada36/iiif/cam-29-a_0000_000009.tif/full/!300,500/0/default.jpg;Livro impresso;Português;;Os Lusiadas;;;1.ª ed.;"Paris ; ; Lisboa : Guillard Aillaud & C editores";1890;1890;317, XLIII p.;Camões, Luís de, 1524-1580;;;"Pinto, Abílio Augusto da Fonseca, 1830-1893, Editor literário ; Bramtot, Alfred, 1852-1894, Ilustrador ; Bord, Paulin, fl. 1890, Ilustrador ; Sousa, António Alberto Marinho Duarte de, 1896-1950, Antigo possuidor";;;CAM. 28 A.;;http://id.bnportugal.gov.pt/bib/catbnp/381444;Livre
7941;381444;1;33;381444133;https://permalinkbnd.bnportugal.gov.pt/viewer/14587/?offset=#page=33&viewer=picture&o=info&n=0&q=;Imagens | 1747;Cantos - Cantos V | 1754;Episódios - Vénus aplaca os Ventos e a tormenta | 1766;381444;https://purl.pt/37883;https://bndigital.bnportugal.gov.pt//i/?IIIF=/c8/a6/98/5b/c8a6985b-4c45-4a5c-a72e-2251665ada36/iiif/cam-29-a_0000_000009.tif/full/!300,500/0/default.jpg;Livro impresso;Português;;Os Lusiadas;;;1.ª ed.;"Paris ; ; Lisboa : Guillard Aillaud & C editores";1890;1890;317, XLIII p.;Camões, Luís de, 1524-1580;;;"Pinto, Abílio Augusto da Fonseca, 1830-1893, Editor literário ; Bramtot, Alfred, 1852-1894, Ilustrador ; Bord, Paulin, fl. 1890, Ilustrador ; Sousa, António Alberto Marinho Duarte de, 1896-1950, Antigo possuidor";;;CAM. 28 A.;;http://id.bnportugal.gov.pt/bib/catbnp/381444;Livre
7942;381444;1;57;381444157;https://permalinkbnd.bnportugal.gov.pt/viewer/14587/?offset=#page=57&viewer=picture&o=info&n=0&q=;Imagens | 1747;Cantos - Cantos VI | 1755;Episódios - Desembarque de Gama em Calecut | 1767;381444;https://purl.pt/37883;https://bndigital.bnportugal.gov.pt//i/?IIIF=/c8/a6/98/5b/c8a6985b-4c45-4a5c-a72e-2251665ada36/iiif/cam-29-a_0000_000009.tif/full/!300,500/0/default.jpg;Livro impresso;Português;;Os Lusiadas;;;1.ª ed.;"Paris ; ; Lisboa : Guillard Aillaud & C editores";1890;1890;317, XLIII p.;Camões, Luís de, 1524-1580;;;"Pinto, Abílio Augusto da Fonseca, 1830-1893, Editor literário ; Bramtot, Alfred, 1852-1894, Ilustrador ; Bord, Paulin, fl. 1890, Ilustrador ; Sousa, António Alberto Marinho Duarte de, 1896-1950, Antigo possuidor";;;CAM. 28 A.;;http://id.bnportugal.gov.pt/bib/catbnp/381444;Livre
7943;381444;1;77;381444177;https://permalinkbnd.bnportugal.gov.pt/viewer/14587/?offset=#page=77&viewer=picture&o=info&n=0&q=;Imagens | 1747;Cantos - Cantos VII | 1756;Episódios - Segunda Audiência do Samorim a Gama | 1768;381444;https://purl.pt/37883;https://bndigital.bnportugal.gov.pt//i/?IIIF=/c8/a6/98/5b/c8a6985b-4c45-4a5c-a72e-2251665ada36/iiif/cam-29-a_0000_000009.tif/full/!300,500/0/default.jpg;Livro impresso;Português;;Os Lusiadas;;;1.ª ed.;"Paris ; ; Lisboa : Guillard Aillaud & C editores";1890;1890;317, XLIII p.;Camões, Luís de, 1524-1580;;;"Pinto, Abílio Augusto da Fonseca, 1830-1893, Editor literário ; Bramtot, Alfred, 1852-1894, Ilustrador ; Bord, Paulin, fl. 1890, Ilustrador ; Sousa, António Alberto Marinho Duarte de, 1896-1950, Antigo possuidor";;;CAM. 28 A.;;http://id.bnportugal.gov.pt/bib/catbnp/381444;Livre
7944;381444;1;99;381444199;https://permalinkbnd.bnportugal.gov.pt/viewer/14587/?offset=#page=99&viewer=picture&o=info&n=0&q=;Imagens | 1747;Cantos - Cantos VIII | 1757;Episódios - Ilha de Vénus | 1769;381444;https://purl.pt/37883;https://bndigital.bnportugal.gov.pt//i/?IIIF=/c8/a6/98/5b/c8a6985b-4c45-4a5c-a72e-2251665ada36/iiif/cam-29-a_0000_000009.tif/full/!300,500/0/default.jpg;Livro impresso;Português;;Os Lusiadas;;;1.ª ed.;"Paris ; ; Lisboa : Guillard Aillaud & C editores";1890;1890;317, XLIII p.;Camões, Luís de, 1524-1580;;;"Pinto, Abílio Augusto da Fonseca, 1830-1893, Editor literário ; Bramtot, Alfred, 1852-1894, Ilustrador ; Bord, Paulin, fl. 1890, Ilustrador ; Sousa, António Alberto Marinho Duarte de, 1896-1950, Antigo possuidor";;;CAM. 28 A.;;http://id.bnportugal.gov.pt/bib/catbnp/381444;Livre
7945;381444;1;125;3814441125;https://permalinkbnd.bnportugal.gov.pt/viewer/14587/?offset=#page=125&viewer=picture&o=info&n=0&q=;Imagens | 1747;Cantos - Cantos IX | 1758;Episódios - Audiência d’El-Rei D. Manuel a Gama | 1770;381444;https://purl.pt/37883;https://bndigital.bnportugal.gov.pt//i/?IIIF=/c8/a6/98/5b/c8a6985b-4c45-4a5c-a72e-2251665ada36/iiif/cam-29-a_0000_000009.tif/full/!300,500/0/default.jpg;Livro impresso;Português;;Os Lusiadas;;;1.ª ed.;"Paris ; ; Lisboa : Guillard Aillaud & C editores";1890;1890;317, XLIII p.;Camões, Luís de, 1524-1580;;;"Pinto, Abílio Augusto da Fonseca, 1830-1893, Editor literário ; Bramtot, Alfred, 1852-1894, Ilustrador ; Bord, Paulin, fl. 1890, Ilustrador ; Sousa, António Alberto Marinho Duarte de, 1896-1950, Antigo possuidor";;;CAM. 28 A.;;http://id.bnportugal.gov.pt/bib/catbnp/381444;Livre
7946;381444;1;147;3814441147;https://permalinkbnd.bnportugal.gov.pt/viewer/14587/?offset=#page=147&viewer=picture&o=info&n=0&q=;Imagens | 1747;Cantos - Cantos X | 1759;Episódios - Camões na gruta de Macau | 1760;381444;https://purl.pt/37883;https://bndigital.bnportugal.gov.pt//i/?IIIF=/c8/a6/98/5b/c8a6985b-4c45-4a5c-a72e-2251665ada36/iiif/cam-29-a_0000_000009.tif/full/!300,500/0/default.jpg;Livro impresso;Português;;Os Lusiadas;;;1.ª ed.;"Paris ; ; Lisboa : Guillard Aillaud & C editores";1890;1890;317, XLIII p.;Camões, Luís de, 1524-1580;;;"Pinto, Abílio Augusto da Fonseca, 1830-1893, Editor literário ; Bramtot, Alfred, 1852-1894, Ilustrador ; Bord, Paulin, fl. 1890, Ilustrador ; Sousa, António Alberto Marinho Duarte de, 1896-1950, Antigo possuidor";;;CAM. 28 A.;;http://id.bnportugal.gov.pt/bib/catbnp/381444;Livre
7947;381444;1;157;3814441157;https://permalinkbnd.bnportugal.gov.pt/viewer/14587/?offset=#page=157&viewer=picture&o=info&n=0&q=;Imagens | 1747;Episódios | 1749;Episódios - Visita do Rei de Melinde a Gama | 1761;381444;https://purl.pt/37883;https://bndigital.bnportugal.gov.pt//i/?IIIF=/c8/a6/98/5b/c8a6985b-4c45-4a5c-a72e-2251665ada36/iiif/cam-29-a_0000_000009.tif/full/!300,500/0/default.jpg;Livro impresso;Português;;Os Lusiadas;;;1.ª ed.;"Paris ; ; Lisboa : Guillard Aillaud & C editores";1890;1890;317, XLIII p.;Camões, Luís de, 1524-1580;;;"Pinto, Abílio Augusto da Fonseca, 1830-1893, Editor literário ; Bramtot, Alfred, 1852-1894, Ilustrador ; Bord, Paulin, fl. 1890, Ilustrador ; Sousa, António Alberto Marinho Duarte de, 1896-1950, Antigo possuidor";;;CAM. 28 A.;;http://id.bnportugal.gov.pt/bib/catbnp/381444;Livre
7948;381444;1;173;3814441173;https://permalinkbnd.bnportugal.gov.pt/viewer/14587/?offset=#page=173&viewer=picture&o=info&n=0&q=;Imagens | 1747;Cantos - Cantos I | 1750;"Episódios - Concílio ""Conselho dos Deuses"" | 1762";381444;https://purl.pt/37883;https://bndigital.bnportugal.gov.pt//i/?IIIF=/c8/a6/98/5b/c8a6985b-4c45-4a5c-a72e-2251665ada36/iiif/cam-29-a_0000_000009.tif/full/!300,500/0/default.jpg;Livro impresso;Português;;Os Lusiadas;;;1.ª ed.;"Paris ; ; Lisboa : Guillard Aillaud & C editores";1890;1890;317, XLIII p.;Camões, Luís de, 1524-1580;;;"Pinto, Abílio Augusto da Fonseca, 1830-1893, Editor literário ; Bramtot, Alfred, 1852-1894, Ilustrador ; Bord, Paulin, fl. 1890, Ilustrador ; Sousa, António Alberto Marinho Duarte de, 1896-1950, Antigo possuidor";;;CAM. 28 A.;;http://id.bnportugal.gov.pt/bib/catbnp/381444;Livre
7949;381444;1;185;3814441185;https://permalinkbnd.bnportugal.gov.pt/viewer/14587/?offset=#page=185&viewer=picture&o=info&n=0&q=;Imagens | 1747;Cantos - Cantos II | 1751;Episódios - Sonho d'El-Rei D. Manuel, no qual lhe aparecem os rios Indo e Ganges | 1763;381444;https://purl.pt/37883;https://bndigital.bnportugal.gov.pt//i/?IIIF=/c8/a6/98/5b/c8a6985b-4c45-4a5c-a72e-2251665ada36/iiif/cam-29-a_0000_000009.tif/full/!300,500/0/default.jpg;Livro impresso;Português;;Os Lusiadas;;;1.ª ed.;"Paris ; ; Lisboa : Guillard Aillaud & C editores";1890;1890;317, XLIII p.;Camões, Luís de, 1524-1580;;;"Pinto, Abílio Augusto da Fonseca, 1830-1893, Editor literário ; Bramtot, Alfred, 1852-1894, Ilustrador ; Bord, Paulin, fl. 1890, Ilustrador ; Sousa, António Alberto Marinho Duarte de, 1896-1950, Antigo possuidor";;;CAM. 28 A.;;http://id.bnportugal.gov.pt/bib/catbnp/381444;Livre
7950;381444;1;223;3814441223;https://permalinkbnd.bnportugal.gov.pt/viewer/14587/?offset=#page=223&viewer=picture&o=info&n=0&q=;Imagens | 1747;Cantos - Cantos III | 1752;Episódios - Assassínio de Inês de Castro | 1764;381444;https://purl.pt/37883;https://bndigital.bnportugal.gov.pt//i/?IIIF=/c8/a6/98/5b/c8a6985b-4c45-4a5c-a72e-2251665ada36/iiif/cam-29-a_0000_000009.tif/full/!300,500/0/default.jpg;Livro impresso;Português;;Os Lusiadas;;;1.ª ed.;"Paris ; ; Lisboa : Guillard Aillaud & C editores";1890;1890;317, XLIII p.;Camões, Luís de, 1524-1580;;;"Pinto, Abílio Augusto da Fonseca, 1830-1893, Editor literário ; Bramtot, Alfred, 1852-1894, Ilustrador ; Bord, Paulin, fl. 1890, Ilustrador ; Sousa, António Alberto Marinho Duarte de, 1896-1950, Antigo possuidor";;;CAM. 28 A.;;http://id.bnportugal.gov.pt/bib/catbnp/381444;Livre
7951;381444;1;231;3814441231;https://permalinkbnd.bnportugal.gov.pt/viewer/14587/?offset=#page=231&viewer=picture&o=info&n=0&q=;Imagens | 1747;Cantos - Cantos IV | 1753;Episódios - Aparição do gigante Adamastor na passagem do Cabo de B. Esperança | 1765;381444;https://purl.pt/37883;https://bndigital.bnportugal.gov.pt//i/?IIIF=/c8/a6/98/5b/c8a6985b-4c45-4a5c-a72e-2251665ada36/iiif/cam-29-a_0000_000009.tif/full/!300,500/0/default.jpg;Livro impresso;Português;;Os Lusiadas;;;1.ª ed.;"Paris ; ; Lisboa : Guillard Aillaud & C editores";1890;1890;317, XLIII p.;Camões, Luís de, 1524-1580;;;"Pinto, Abílio Augusto da Fonseca, 1830-1893, Editor literário ; Bramtot, Alfred, 1852-1894, Ilustrador ; Bord, Paulin, fl. 1890, Ilustrador ; Sousa, António Alberto Marinho Duarte de, 1896-1950, Antigo possuidor";;;CAM. 28 A.;;http://id.bnportugal.gov.pt/bib/catbnp/381444;Livre
7952;381444;1;255;3814441255;https://permalinkbnd.bnportugal.gov.pt/viewer/14587/?offset=#page=255&viewer=picture&o=info&n=0&q=;Imagens | 1747;Cantos - Cantos V | 1754;Episódios - Vénus aplaca os Ventos e a tormenta | 1766;381444;https://purl.pt/37883;https://bndigital.bnportugal.gov.pt//i/?IIIF=/c8/a6/98/5b/c8a6985b-4c45-4a5c-a72e-2251665ada36/iiif/cam-29-a_0000_000009.tif/full/!300,500/0/default.jpg;Livro impresso;Português;;Os Lusiadas;;;1.ª ed.;"Paris ; ; Lisboa : Guillard Aillaud & C editores";1890;1890;317, XLIII p.;Camões, Luís de, 1524-1580;;;"Pinto, Abílio Augusto da Fonseca, 1830-1893, Editor literário ; Bramtot, Alfred, 1852-1894, Ilustrador ; Bord, Paulin, fl. 1890, Ilustrador ; Sousa, António Alberto Marinho Duarte de, 1896-1950, Antigo possuidor";;;CAM. 28 A.;;http://id.bnportugal.gov.pt/bib/catbnp/381444;Livre
7953;381444;1;265;3814441265;https://permalinkbnd.bnportugal.gov.pt/viewer/14587/?offset=#page=265&viewer=picture&o=info&n=0&q=;Imagens | 1747;Cantos - Cantos VI | 1755;Episódios - Desembarque de Gama em Calecut | 1767;381444;https://purl.pt/37883;https://bndigital.bnportugal.gov.pt//i/?IIIF=/c8/a6/98/5b/c8a6985b-4c45-4a5c-a72e-2251665ada36/iiif/cam-29-a_0000_000009.tif/full/!300,500/0/default.jpg;Livro impresso;Português;;Os Lusiadas;;;1.ª ed.;"Paris ; ; Lisboa : Guillard Aillaud & C editores";1890;1890;317, XLIII p.;Camões, Luís de, 1524-1580;;;"Pinto, Abílio Augusto da Fonseca, 1830-1893, Editor literário ; Bramtot, Alfred, 1852-1894, Ilustrador ; Bord, Paulin, fl. 1890, Ilustrador ; Sousa, António Alberto Marinho Duarte de, 1896-1950, Antigo possuidor";;;CAM. 28 A.;;http://id.bnportugal.gov.pt/bib/catbnp/381444;Livre
7954;381444;1;289;3814441289;https://permalinkbnd.bnportugal.gov.pt/viewer/14587/?offset=#page=289&viewer=picture&o=info&n=0&q=;Imagens | 1747;Cantos - Cantos VII | 1756;Episódios - Segunda Audiência do Samorim a Gama | 1768;381444;https://purl.pt/37883;https://bndigital.bnportugal.gov.pt//i/?IIIF=/c8/a6/98/5b/c8a6985b-4c45-4a5c-a72e-2251665ada36/iiif/cam-29-a_0000_000009.tif/full/!300,500/0/default.jpg;Livro impresso;Português;;Os Lusiadas;;;1.ª ed.;"Paris ; ; Lisboa : Guillard Aillaud & C editores";1890;1890;317, XLIII p.;Camões, Luís de, 1524-1580;;;"Pinto, Abílio Augusto da Fonseca, 1830-1893, Editor literário ; Bramtot, Alfred, 1852-1894, Ilustrador ; Bord, Paulin, fl. 1890, Ilustrador ; Sousa, António Alberto Marinho Duarte de, 1896-1950, Antigo possuidor";;;CAM. 28 A.;;http://id.bnportugal.gov.pt/bib/catbnp/381444;Livre
7955;381444;1;295;3814441295;https://permalinkbnd.bnportugal.gov.pt/viewer/14587/?offset=#page=295&viewer=picture&o=info&n=0&q=;Imagens | 1747;Cantos - Cantos VIII | 1757;Episódios - Ilha de Vénus | 1769;381444;https://purl.pt/37883;https://bndigital.bnportugal.gov.pt//i/?IIIF=/c8/a6/98/5b/c8a6985b-4c45-4a5c-a72e-2251665ada36/iiif/cam-29-a_0000_000009.tif/full/!300,500/0/default.jpg;Livro impresso;Português;;Os Lusiadas;;;1.ª ed.;"Paris ; ; Lisboa : Guillard Aillaud & C editores";1890;1890;317, XLIII p.;Camões, Luís de, 1524-1580;;;"Pinto, Abílio Augusto da Fonseca, 1830-1893, Editor literário ; Bramtot, Alfred, 1852-1894, Ilustrador ; Bord, Paulin, fl. 1890, Ilustrador ; Sousa, António Alberto Marinho Duarte de, 1896-1950, Antigo possuidor";;;CAM. 28 A.;;http://id.bnportugal.gov.pt/bib/catbnp/381444;Livre
7956;381444;1;323;3814441323;https://permalinkbnd.bnportugal.gov.pt/viewer/14587/?offset=#page=323&viewer=picture&o=info&n=0&q=;Imagens | 1747;Cantos - Cantos IX | 1758;Episódios - Audiência d’El-Rei D. Manuel a Gama | 1770;381444;https://purl.pt/37883;https://bndigital.bnportugal.gov.pt//i/?IIIF=/c8/a6/98/5b/c8a6985b-4c45-4a5c-a72e-2251665ada36/iiif/cam-29-a_0000_000009.tif/full/!300,500/0/default.jpg;Livro impresso;Português;;Os Lusiadas;;;1.ª ed.;"Paris ; ; Lisboa : Guillard Aillaud & C editores";1890;1890;317, XLIII p.;Camões, Luís de, 1524-1580;;;"Pinto, Abílio Augusto da Fonseca, 1830-1893, Editor literário ; Bramtot, Alfred, 1852-1894, Ilustrador ; Bord, Paulin, fl. 1890, Ilustrador ; Sousa, António Alberto Marinho Duarte de, 1896-1950, Antigo possuidor";;;CAM. 28 A.;;http://id.bnportugal.gov.pt/bib/catbnp/381444;Livre
7957;381444;1;331;3814441331;https://permalinkbnd.bnportugal.gov.pt/viewer/14587/?offset=#page=331&viewer=picture&o=info&n=0&q=;Imagens | 1747;Cantos - Cantos X | 1759;Episódios - Camões na gruta de Macau | 1760;381444;https://purl.pt/37883;https://bndigital.bnportugal.gov.pt//i/?IIIF=/c8/a6/98/5b/c8a6985b-4c45-4a5c-a72e-2251665ada36/iiif/cam-29-a_0000_000009.tif/full/!300,500/0/default.jpg;Livro impresso;Português;;Os Lusiadas;;;1.ª ed.;"Paris ; ; Lisboa : Guillard Aillaud & C editores";1890;1890;317, XLIII p.;Camões, Luís de, 1524-1580;;;"Pinto, Abílio Augusto da Fonseca, 1830-1893, Editor literário ; Bramtot, Alfred, 1852-1894, Ilustrador ; Bord, Paulin, fl. 1890, Ilustrador ; Sousa, António Alberto Marinho Duarte de, 1896-1950, Antigo possuidor";;;CAM. 28 A.;;http://id.bnportugal.gov.pt/bib/catbnp/381444;Livre
7958;381444;1;365;3814441365;https://permalinkbnd.bnportugal.gov.pt/viewer/14587/?offset=#page=365&viewer=picture&o=info&n=0&q=;Imagens | 1747;Cantos | 1748;Episódios - Visita do Rei de Melinde a Gama | 1761;381444;https://purl.pt/37883;https://bndigital.bnportugal.gov.pt//i/?IIIF=/c8/a6/98/5b/c8a6985b-4c45-4a5c-a72e-2251665ada36/iiif/cam-29-a_0000_000009.tif/full/!300,500/0/default.jpg;Livro impresso;Português;;Os Lusiadas;;;1.ª ed.;"Paris ; ; Lisboa : Guillard Aillaud & C editores";1890;1890;317, XLIII p.;Camões, Luís de, 1524-1580;;;"Pinto, Abílio Augusto da Fonseca, 1830-1893, Editor literário ; Bramtot, Alfred, 1852-1894, Ilustrador ; Bord, Paulin, fl. 1890, Ilustrador ; Sousa, António Alberto Marinho Duarte de, 1896-1950, Antigo possuidor";;;CAM. 28 A.;;http://id.bnportugal.gov.pt/bib/catbnp/381444;Livre
7959;381444;1;385;3814441385;https://permalinkbnd.bnportugal.gov.pt/viewer/14587/?offset=#page=385&viewer=picture&o=info&n=0&q=;Imagens | 1747;Cantos | 1748;"Episódios - Concílio ""Conselho dos Deuses"" | 1762";381444;https://purl.pt/37883;https://bndigital.bnportugal.gov.pt//i/?IIIF=/c8/a6/98/5b/c8a6985b-4c45-4a5c-a72e-2251665ada36/iiif/cam-29-a_0000_000009.tif/full/!300,500/0/default.jpg;Livro impresso;Português;;Os Lusiadas;;;1.ª ed.;"Paris ; ; Lisboa : Guillard Aillaud & C editores";1890;1890;317, XLIII p.;Camões, Luís de, 1524-1580;;;"Pinto, Abílio Augusto da Fonseca, 1830-1893, Editor literário ; Bramtot, Alfred, 1852-1894, Ilustrador ; Bord, Paulin, fl. 1890, Ilustrador ; Sousa, António Alberto Marinho Duarte de, 1896-1950, Antigo possuidor";;;CAM. 28 A.;;http://id.bnportugal.gov.pt/bib/catbnp/381444;Livre
7960;381504;1;8;38150418;https://permalinkbnd.bnportugal.gov.pt/viewer/14650/?offset=#page=8&viewer=picture&o=info&n=0&q=;Imagens | 1747;Episódios | 1749;Episódios - Sonho d'El-Rei D. Manuel, no qual lhe aparecem os rios Indo e Ganges | 1763;381504;https://purl.pt/14655;https://bndigital.bnportugal.gov.pt//i/?IIIF=/6a/37/38/2e/6a37382e-f376-4998-8030-b00e6347bea0/iiif/cam-35-a_0000_capa-capa_t24-C-R0150_000009.tif/full/!300,500/0/default.jpg;Livro impresso;Inglês;Português;The Lusiad, or, Portugals historicall poem;written in portingall language;;1.ª ed.;London : printed for Humphrey Moseley, at the Princes Arms in St Pauls Church-yard;1655;1655;11, 3 retratos, 224 p.;Camões, Luís de, 1524-1580;;;"Moseley, Humphrey, fl. 1630-1661, Impressor ; Fanshawe, Richard, 1608-1666, Tipógrafo";;;F. 2485;PCulture;http://id.bnportugal.gov.pt/bib/catbnp/381504;Livre
7961;381504;1;30;381504130;https://permalinkbnd.bnportugal.gov.pt/viewer/14650/?offset=#page=30&viewer=picture&o=info&n=0&q=;Imagens | 1747;Cantos - Cantos I | 1750;Episódios - Assassínio de Inês de Castro | 1764;381504;https://purl.pt/14655;https://bndigital.bnportugal.gov.pt//i/?IIIF=/6a/37/38/2e/6a37382e-f376-4998-8030-b00e6347bea0/iiif/cam-35-a_0000_capa-capa_t24-C-R0150_000009.tif/full/!300,500/0/default.jpg;Livro impresso;Inglês;Português;The Lusiad, or, Portugals historicall poem;written in portingall language;;1.ª ed.;London : printed for Humphrey Moseley, at the Princes Arms in St Pauls Church-yard;1655;1655;11, 3 retratos, 224 p.;Camões, Luís de, 1524-1580;;;"Moseley, Humphrey, fl. 1630-1661, Impressor ; Fanshawe, Richard, 1608-1666, Tipógrafo";;;F. 2485;PCulture;http://id.bnportugal.gov.pt/bib/catbnp/381504;Livre
7962;381504;1;31;381504131;https://permalinkbnd.bnportugal.gov.pt/viewer/14650/?offset=#page=31&viewer=picture&o=info&n=0&q=;Imagens | 1747;Cantos - Cantos II | 1751;Episódios - Aparição do gigante Adamastor na passagem do Cabo de B. Esperança | 1765;381504;https://purl.pt/14655;https://bndigital.bnportugal.gov.pt//i/?IIIF=/6a/37/38/2e/6a37382e-f376-4998-8030-b00e6347bea0/iiif/cam-35-a_0000_capa-capa_t24-C-R0150_000009.tif/full/!300,500/0/default.jpg;Livro impresso;Inglês;Português;The Lusiad, or, Portugals historicall poem;written in portingall language;;1.ª ed.;London : printed for Humphrey Moseley, at the Princes Arms in St Pauls Church-yard;1655;1655;11, 3 retratos, 224 p.;Camões, Luís de, 1524-1580;;;"Moseley, Humphrey, fl. 1630-1661, Impressor ; Fanshawe, Richard, 1608-1666, Tipógrafo";;;F. 2485;PCulture;http://id.bnportugal.gov.pt/bib/catbnp/381504;Livre
7963;381588;1;6;38158816;https://permalinkbnd.bnportugal.gov.pt/viewer/14604/?offset=#page=6&viewer=picture&o=info&n=0&q=;Imagens | 1747;Cantos - Cantos III | 1752;Episódios - Vénus aplaca os Ventos e a tormenta | 1766;381588;https://purl.pt/19853;https://bndigital.bnportugal.gov.pt//i/?IIIF=/ce/25/45/e9/ce2545e9-68b4-403c-bc10-126f7c29eef9/iiif/cam-38-a_0000_capa-capa_t24-C-R0150_000007.tif/full/!300,500/0/default.jpg;Livro impresso;Inglês;Português;"The Lusiad; or, the discovery of India";an epic poem;;The second edition;Oxford : printed by Jackson and Lister;1778;1778;CCXXXVI, 496 p.;Camões, Luís de, 1524-1580;;;"Mickle, William Julius, 1734-1788, Tradutor ; Freire, Cipriano Ribeiro, 1749-1824, Antigo possuidor";;"Jackson and Lister. Comissão Nacional para as Comemorações dos Descobrimentos Portugueses, Impressor ; Livraria Esquina. Comissão Nacional para as Comemorações dos Descobrimentos Portugueses, Antigo possuidor ; Portugal. Comissão Nacional para as Comemorações dos Descobrimentos Portugueses, Antigo possuidor";CAM. 38 A.;PCulture;http://id.bnportugal.gov.pt/bib/catbnp/381588;Livre
7964;381588;1;35;381588135;https://permalinkbnd.bnportugal.gov.pt/viewer/14604/?offset=#page=35&viewer=picture&o=info&n=0&q=;Imagens | 1747;Cantos - Cantos IV | 1753;Episódios - Desembarque de Gama em Calecut | 1767;381588;https://purl.pt/19853;https://bndigital.bnportugal.gov.pt//i/?IIIF=/ce/25/45/e9/ce2545e9-68b4-403c-bc10-126f7c29eef9/iiif/cam-38-a_0000_capa-capa_t24-C-R0150_000007.tif/full/!300,500/0/default.jpg;Livro impresso;Inglês;Português;"The Lusiad; or, the discovery of India";an epic poem;;The second edition;Oxford : printed by Jackson and Lister;1778;1778;CCXXXVI, 496 p.;Camões, Luís de, 1524-1580;;;"Mickle, William Julius, 1734-1788, Tradutor ; Freire, Cipriano Ribeiro, 1749-1824, Antigo possuidor";;"Jackson and Lister. Comissão Nacional para as Comemorações dos Descobrimentos Portugueses, Impressor ; Livraria Esquina. Comissão Nacional para as Comemorações dos Descobrimentos Portugueses, Antigo possuidor ; Portugal. Comissão Nacional para as Comemorações dos Descobrimentos Portugueses, Antigo possuidor";CAM. 38 A.;PCulture;http://id.bnportugal.gov.pt/bib/catbnp/381588;Livre
7965;397754;1;13;397754113;https://permalinkbnd.bnportugal.gov.pt/viewer/278482/?offset=#page=13&viewer=picture&o=info&n=0&q=;Imagens | 1747;Cantos - Cantos V | 1754;Episódios - Segunda Audiência do Samorim a Gama | 1768;397754;https://purl.pt/44665;https://bndigital.bnportugal.gov.pt//i/?IIIF=/0b/44/41/cd/0b4441cd-eb0a-49ec-bf96-cdeb42cb7284/iiif/cam-542-v_0003.tif/full/!300,500/0/default.jpg;Livro impresso;Português;;Episodio de D. Ignez de Castro;excerpto do terceiro canto dos Lusiadas de Luiz de Camöes, 1572;;1.ª ed.;Lisboa : s.n.;1887;1887;8 p., 5 f.;Camões, Luís de, 1524-1580;;;Santos, Joaquim Eusébio dos, ca 18--, Comentador de texto escrito;;;CAM. 284//7 V.;CAM500;http://id.bnportugal.gov.pt/bib/catbnp/397754;Livre
7966;452326;1;12;452326112;https://permalinkbnd.bnportugal.gov.pt/viewer/14622/?offset=#page=12&viewer=picture&o=info&n=0&q=;Imagens | 1747;Cantos - Cantos VI | 1755;Episódios - Ilha de Vénus | 1769;452326;https://purl.pt/39041;https://bndigital.bnportugal.gov.pt//i/?IIIF=/d2/c2/b5/31/d2c2b531-215e-4c76-ac52-7bae671edd95/iiif/cam-344-v_0000_000005.tif/full/!300,500/0/default.jpg;Livro impresso;Francês;;Vie de Camoens;"le poéte des ""Lusiades"" et le Portugal de son temps";;1.ª ed.;Tours : s.n.;1935;1935;"X, 192 p.; 3 p.";Almeida, Virgínia de Castro e, 1874-1945;;;Lamet, Pierre de, Autor da introdução, etc.;;;CAM. 344 V.;EODOPEN;http://id.bnportugal.gov.pt/bib/catbnp/452326;Livre
7967;452326;1;21;452326121;https://permalinkbnd.bnportugal.gov.pt/viewer/14622/?offset=#page=21&viewer=picture&o=info&n=0&q=;Imagens | 1747;Cantos - Cantos VII | 1756;Episódios - Audiência d’El-Rei D. Manuel a Gama | 1770;452326;https://purl.pt/39041;https://bndigital.bnportugal.gov.pt//i/?IIIF=/d2/c2/b5/31/d2c2b531-215e-4c76-ac52-7bae671edd95/iiif/cam-344-v_0000_000005.tif/full/!300,500/0/default.jpg;Livro impresso;Francês;;Vie de Camoens;"le poéte des ""Lusiades"" et le Portugal de son temps";;1.ª ed.;Tours : s.n.;1935;1935;"X, 192 p.; 3 p.";Almeida, Virgínia de Castro e, 1874-1945;;;Lamet, Pierre de, Autor da introdução, etc.;;;CAM. 344 V.;EODOPEN;http://id.bnportugal.gov.pt/bib/catbnp/452326;Livre
7968;452326;1;108;4523261108;https://permalinkbnd.bnportugal.gov.pt/viewer/14622/?offset=#page=108&viewer=picture&o=info&n=0&q=;Imagens | 1747;Cantos - Cantos VIII | 1757;Episódios - Camões na gruta de Macau | 1760;452326;https://purl.pt/39041;https://bndigital.bnportugal.gov.pt//i/?IIIF=/d2/c2/b5/31/d2c2b531-215e-4c76-ac52-7bae671edd95/iiif/cam-344-v_0000_000005.tif/full/!300,500/0/default.jpg;Livro impresso;Francês;;Vie de Camoens;"le poéte des ""Lusiades"" et le Portugal de son temps";;1.ª ed.;Tours : s.n.;1935;1935;"X, 192 p.; 3 p.";Almeida, Virgínia de Castro e, 1874-1945;;;Lamet, Pierre de, Autor da introdução, etc.;;;CAM. 344 V.;EODOPEN;http://id.bnportugal.gov.pt/bib/catbnp/452326;Livre
7969;452326;1;125;4523261125;https://permalinkbnd.bnportugal.gov.pt/viewer/14622/?offset=#page=125&viewer=picture&o=info&n=0&q=;Imagens | 1747;Cantos - Cantos IX | 1758;Episódios - Visita do Rei de Melinde a Gama | 1761;452326;https://purl.pt/39041;https://bndigital.bnportugal.gov.pt//i/?IIIF=/d2/c2/b5/31/d2c2b531-215e-4c76-ac52-7bae671edd95/iiif/cam-344-v_0000_000005.tif/full/!300,500/0/default.jpg;Livro impresso;Francês;;Vie de Camoens;"le poéte des ""Lusiades"" et le Portugal de son temps";;1.ª ed.;Tours : s.n.;1935;1935;"X, 192 p.; 3 p.";Almeida, Virgínia de Castro e, 1874-1945;;;Lamet, Pierre de, Autor da introdução, etc.;;;CAM. 344 V.;EODOPEN;http://id.bnportugal.gov.pt/bib/catbnp/452326;Livre
7970;452510;1;6;45251016;https://permalinkbnd.bnportugal.gov.pt/viewer/86723/?offset=#page=6&viewer=picture&o=info&n=0&q=;Imagens | 1747;Cantos - Cantos X | 1759;"Episódios - Concílio ""Conselho dos Deuses"" | 1762";452510;https://purl.pt/25641;https://bndigital.bnportugal.gov.pt//i/?IIIF=/0f/25/74/72/0f257472-2793-4b33-8088-093f6546f87e/iiif/452510_0000_capa-capa_t24-C-R0150_000001.tif/full/!300,500/0/default.jpg;Livro impresso;Português;;"As traduções italianas dos ""Lusiadas""";;;1.ª ed.;Livorno : Tip. Raffaello Giusti;1897;1897;7 p.;Araújo, Joaquim de, 1858-1917;;;;;;CAM. 349//8 V.;;http://id.bnportugal.gov.pt/bib/catbnp/452510;Livre
7971;452510;1;11;452510111;https://permalinkbnd.bnportugal.gov.pt/viewer/86723/?offset=#page=11&viewer=picture&o=info&n=0&q=;Imagens | 1747;Episódios | 1749;Episódios - Sonho d'El-Rei D. Manuel, no qual lhe aparecem os rios Indo e Ganges | 1763;452510;https://purl.pt/25641;https://bndigital.bnportugal.gov.pt//i/?IIIF=/0f/25/74/72/0f257472-2793-4b33-8088-093f6546f87e/iiif/452510_0000_capa-capa_t24-C-R0150_000001.tif/full/!300,500/0/default.jpg;Livro impresso;Português;;"As traduções italianas dos ""Lusiadas""";;;1.ª ed.;Livorno : Tip. Raffaello Giusti;1897;1897;7 p.;Araújo, Joaquim de, 1858-1917;;;;;;CAM. 349//8 V.;;http://id.bnportugal.gov.pt/bib/catbnp/452510;Livre
7972;464971;1;17;464971117;https://permalinkbnd.bnportugal.gov.pt/viewer/278583/?offset=#page=17&viewer=picture&o=info&n=0&q=;Imagens | 1747;Cantos - Cantos I | 1750;Episódios - Assassínio de Inês de Castro | 1764;464971;https://purl.pt/44696;https://bndigital.bnportugal.gov.pt//i/?IIIF=/4c/b4/0b/67/4cb40b67-54b2-447f-9db4-186f0b67c7b8/iiif/cam-616-v_0013.tif/full/!300,500/0/default.jpg;Livro impresso;Português;;Lusiadas de Luis de Camões. Canto terceiro;;;1.ª ed.;Lisboa : s.n.;1879;1879;5 f.;Camões, Luís de, 1524-1580;;;;;;CAM. 616 V.;CAM500;http://id.bnportugal.gov.pt/bib/catbnp/464971;Livre
7973;465618;1;8;46561818;https://permalinkbnd.bnportugal.gov.pt/viewer/274032/?offset=#page=8&viewer=picture&o=info&n=0&q=;Imagens | 1747;Cantos - Cantos II | 1751;Episódios - Aparição do gigante Adamastor na passagem do Cabo de B. Esperança | 1765;465618;https://purl.pt/43948;https://bndigital.bnportugal.gov.pt//i/?IIIF=/bf/b6/3d/46/bfb63d46-93a4-4efa-b8f7-39b8e4a2a3c0/iiif/cam-678-v_0000_000005.tif/full/!300,500/0/default.jpg;Livro impresso;Português;;A velhice de Camoes;;;1.ª ed.;Lisboa : Typ. Lisbonense d'Aguiar Vianna;1860;1860;2 tomos em 1 v.;La Landelle, Guillaume Joseph Gabriel de, 1812-1886;;;Trigueiros, João, 1824-1895, Tradutor;;;CAM. 678 V.;CAM500;http://id.bnportugal.gov.pt/bib/catbnp/465618;Livre
7974;465618;1;55;465618155;https://permalinkbnd.bnportugal.gov.pt/viewer/274032/?offset=#page=55&viewer=picture&o=info&n=0&q=;Imagens | 1747;Cantos - Cantos III | 1752;Episódios - Vénus aplaca os Ventos e a tormenta | 1766;465618;https://purl.pt/43948;https://bndigital.bnportugal.gov.pt//i/?IIIF=/bf/b6/3d/46/bfb63d46-93a4-4efa-b8f7-39b8e4a2a3c0/iiif/cam-678-v_0000_000005.tif/full/!300,500/0/default.jpg;Livro impresso;Português;;A velhice de Camoes;;;1.ª ed.;Lisboa : Typ. Lisbonense d'Aguiar Vianna;1860;1860;2 tomos em 1 v.;La Landelle, Guillaume Joseph Gabriel de, 1812-1886;;;Trigueiros, João, 1824-1895, Tradutor;;;CAM. 678 V.;CAM500;http://id.bnportugal.gov.pt/bib/catbnp/465618;Livre
7975;465618;1;81;465618181;https://permalinkbnd.bnportugal.gov.pt/viewer/274032/?offset=#page=81&viewer=picture&o=info&n=0&q=;Imagens | 1747;Cantos - Cantos IV | 1753;Episódios - Desembarque de Gama em Calecut | 1767;465618;https://purl.pt/43948;https://bndigital.bnportugal.gov.pt//i/?IIIF=/bf/b6/3d/46/bfb63d46-93a4-4efa-b8f7-39b8e4a2a3c0/iiif/cam-678-v_0000_000005.tif/full/!300,500/0/default.jpg;Livro impresso;Português;;A velhice de Camoes;;;1.ª ed.;Lisboa : Typ. Lisbonense d'Aguiar Vianna;1860;1860;2 tomos em 1 v.;La Landelle, Guillaume Joseph Gabriel de, 1812-1886;;;Trigueiros, João, 1824-1895, Tradutor;;;CAM. 678 V.;CAM500;http://id.bnportugal.gov.pt/bib/catbnp/465618;Livre
7976;465618;1;198;4656181198;https://permalinkbnd.bnportugal.gov.pt/viewer/274032/?offset=#page=198&viewer=picture&o=info&n=0&q=;Imagens | 1747;Cantos - Cantos V | 1754;Episódios - Segunda Audiência do Samorim a Gama | 1768;465618;https://purl.pt/43948;https://bndigital.bnportugal.gov.pt//i/?IIIF=/bf/b6/3d/46/bfb63d46-93a4-4efa-b8f7-39b8e4a2a3c0/iiif/cam-678-v_0000_000005.tif/full/!300,500/0/default.jpg;Livro impresso;Português;;A velhice de Camoes;;;1.ª ed.;Lisboa : Typ. Lisbonense d'Aguiar Vianna;1860;1860;2 tomos em 1 v.;La Landelle, Guillaume Joseph Gabriel de, 1812-1886;;;Trigueiros, João, 1824-1895, Tradutor;;;CAM. 678 V.;CAM500;http://id.bnportugal.gov.pt/bib/catbnp/465618;Livre
7977;465618;1;307;4656181307;https://permalinkbnd.bnportugal.gov.pt/viewer/274032/?offset=#page=307&viewer=picture&o=info&n=0&q=;Imagens | 1747;Cantos - Cantos VI | 1755;Episódios - Ilha de Vénus | 1769;465618;https://purl.pt/43948;https://bndigital.bnportugal.gov.pt//i/?IIIF=/bf/b6/3d/46/bfb63d46-93a4-4efa-b8f7-39b8e4a2a3c0/iiif/cam-678-v_0000_000005.tif/full/!300,500/0/default.jpg;Livro impresso;Português;;A velhice de Camoes;;;1.ª ed.;Lisboa : Typ. Lisbonense d'Aguiar Vianna;1860;1860;2 tomos em 1 v.;La Landelle, Guillaume Joseph Gabriel de, 1812-1886;;;Trigueiros, João, 1824-1895, Tradutor;;;CAM. 678 V.;CAM500;http://id.bnportugal.gov.pt/bib/catbnp/465618;Livre
7978;465618;1;369;4656181369;https://permalinkbnd.bnportugal.gov.pt/viewer/274032/?offset=#page=369&viewer=picture&o=info&n=0&q=;Imagens | 1747;Cantos - Cantos VII | 1756;Episódios - Audiência d’El-Rei D. Manuel a Gama | 1770;465618;https://purl.pt/43948;https://bndigital.bnportugal.gov.pt//i/?IIIF=/bf/b6/3d/46/bfb63d46-93a4-4efa-b8f7-39b8e4a2a3c0/iiif/cam-678-v_0000_000005.tif/full/!300,500/0/default.jpg;Livro impresso;Português;;A velhice de Camoes;;;1.ª ed.;Lisboa : Typ. Lisbonense d'Aguiar Vianna;1860;1860;2 tomos em 1 v.;La Landelle, Guillaume Joseph Gabriel de, 1812-1886;;;Trigueiros, João, 1824-1895, Tradutor;;;CAM. 678 V.;CAM500;http://id.bnportugal.gov.pt/bib/catbnp/465618;Livre
7979;478277;1;1;47827711;https://permalinkbnd.bnportugal.gov.pt/viewer/6839/?offset=#page=1&viewer=picture&o=info&n=0&q=;Imagens | 1747;Cantos - Cantos VIII | 1757;Episódios - Camões na gruta de Macau | 1760;478277;https://purl.pt/16331;https://bndigital.bnportugal.gov.pt//i/?IIIF=/7b/e1/4f/72/7be14f72-c733-43fd-9638-a8c651f1c769/iiif/478277_1880-06-10_0001_rosto_t24-C-R0150.tif/full/!300,500/0/default.jpg;Periódico;Português;;Portugal a Camões;publicação extraordinaria do jornal de viagens commemorando o tricentenario do cantor dos Lusiadas;;1.ª ed.;Porto : Impr. Int. de Ferreira de Brito & A. Monteiro;1880;1880;;;;;"Martinez, Benigno Joaquim, fl. 1886, Director ; Oliveira, Emidio de, 1853-?, Director";;;J. 1662//17 V.;;http://id.bnportugal.gov.pt/bib/catbnp/478277;Livre
7980;478277;1;10;478277110;https://permalinkbnd.bnportugal.gov.pt/viewer/6839/?offset=#page=10&viewer=picture&o=info&n=0&q=;Imagens | 1747;Cantos - Cantos IX | 1758;Episódios - Visita do Rei de Melinde a Gama | 1761;478277;https://purl.pt/16331;https://bndigital.bnportugal.gov.pt//i/?IIIF=/7b/e1/4f/72/7be14f72-c733-43fd-9638-a8c651f1c769/iiif/478277_1880-06-10_0001_rosto_t24-C-R0150.tif/full/!300,500/0/default.jpg;Periódico;Português;;Portugal a Camões;publicação extraordinaria do jornal de viagens commemorando o tricentenario do cantor dos Lusiadas;;1.ª ed.;Porto : Impr. Int. de Ferreira de Brito & A. Monteiro;1880;1880;;;;;"Martinez, Benigno Joaquim, fl. 1886, Director ; Oliveira, Emidio de, 1853-?, Director";;;J. 1662//17 V.;;http://id.bnportugal.gov.pt/bib/catbnp/478277;Livre
7981;478277;1;11;478277111;https://permalinkbnd.bnportugal.gov.pt/viewer/6839/?offset=#page=11&viewer=picture&o=info&n=0&q=;Imagens | 1747;Cantos - Cantos X | 1759;"Episódios - Concílio ""Conselho dos Deuses"" | 1762";478277;https://purl.pt/16331;https://bndigital.bnportugal.gov.pt//i/?IIIF=/7b/e1/4f/72/7be14f72-c733-43fd-9638-a8c651f1c769/iiif/478277_1880-06-10_0001_rosto_t24-C-R0150.tif/full/!300,500/0/default.jpg;Periódico;Português;;Portugal a Camões;publicação extraordinaria do jornal de viagens commemorando o tricentenario do cantor dos Lusiadas;;1.ª ed.;Porto : Impr. Int. de Ferreira de Brito & A. Monteiro;1880;1880;;;;;"Martinez, Benigno Joaquim, fl. 1886, Director ; Oliveira, Emidio de, 1853-?, Director";;;J. 1662//17 V.;;http://id.bnportugal.gov.pt/bib/catbnp/478277;Livre
7982;478277;1;14;478277114;https://permalinkbnd.bnportugal.gov.pt/viewer/6839/?offset=#page=14&viewer=picture&o=info&n=0&q=;Imagens | 1747;Cantos | 1748;Episódios - Sonho d'El-Rei D. Manuel, no qual lhe aparecem os rios Indo e Ganges | 1763;478277;https://purl.pt/16331;https://bndigital.bnportugal.gov.pt//i/?IIIF=/7b/e1/4f/72/7be14f72-c733-43fd-9638-a8c651f1c769/iiif/478277_1880-06-10_0001_rosto_t24-C-R0150.tif/full/!300,500/0/default.jpg;Periódico;Português;;Portugal a Camões;publicação extraordinaria do jornal de viagens commemorando o tricentenario do cantor dos Lusiadas;;1.ª ed.;Porto : Impr. Int. de Ferreira de Brito & A. Monteiro;1880;1880;;;;;"Martinez, Benigno Joaquim, fl. 1886, Director ; Oliveira, Emidio de, 1853-?, Director";;;J. 1662//17 V.;;http://id.bnportugal.gov.pt/bib/catbnp/478277;Livre
7983;478277;1;16;478277116;https://permalinkbnd.bnportugal.gov.pt/viewer/6839/?offset=#page=16&viewer=picture&o=info&n=0&q=;Imagens | 1747;Cantos | 1748;Episódios - Assassínio de Inês de Castro | 1764;478277;https://purl.pt/16331;https://bndigital.bnportugal.gov.pt//i/?IIIF=/7b/e1/4f/72/7be14f72-c733-43fd-9638-a8c651f1c769/iiif/478277_1880-06-10_0001_rosto_t24-C-R0150.tif/full/!300,500/0/default.jpg;Periódico;Português;;Portugal a Camões;publicação extraordinaria do jornal de viagens commemorando o tricentenario do cantor dos Lusiadas;;1.ª ed.;Porto : Impr. Int. de Ferreira de Brito & A. Monteiro;1880;1880;;;;;"Martinez, Benigno Joaquim, fl. 1886, Director ; Oliveira, Emidio de, 1853-?, Director";;;J. 1662//17 V.;;http://id.bnportugal.gov.pt/bib/catbnp/478277;Livre
7984;478277;1;20;478277120;https://permalinkbnd.bnportugal.gov.pt/viewer/6839/?offset=#page=20&viewer=picture&o=info&n=0&q=;Imagens | 1747;Episódios | 1749;Episódios - Aparição do gigante Adamastor na passagem do Cabo de B. Esperança | 1765;478277;https://purl.pt/16331;https://bndigital.bnportugal.gov.pt//i/?IIIF=/7b/e1/4f/72/7be14f72-c733-43fd-9638-a8c651f1c769/iiif/478277_1880-06-10_0001_rosto_t24-C-R0150.tif/full/!300,500/0/default.jpg;Periódico;Português;;Portugal a Camões;publicação extraordinaria do jornal de viagens commemorando o tricentenario do cantor dos Lusiadas;;1.ª ed.;Porto : Impr. Int. de Ferreira de Brito & A. Monteiro;1880;1880;;;;;"Martinez, Benigno Joaquim, fl. 1886, Director ; Oliveira, Emidio de, 1853-?, Director";;;J. 1662//17 V.;;http://id.bnportugal.gov.pt/bib/catbnp/478277;Livre
7985;709123;1;1;70912311;https://permalinkbnd.bnportugal.gov.pt/viewer/36391/?offset=#page=1&viewer=picture&o=info&n=0&q=;Imagens | 1747;Cantos - Cantos I | 1750;Episódios - Vénus aplaca os Ventos e a tormenta | 1766;709123;https://purl.pt/6946;https://bndigital.bnportugal.gov.pt//i/?IIIF=/e8/a9/9e/88/e8a99e88-5d8a-43a0-a100-ccdff9663422/iiif/e-272-a_0000_000001.tif/full/!300,500/0/default.jpg;Iconografia;Português;;A nympha Thetis recebe Vasco da Gama na ilha dos amores;Desta arte em fim conformes já as formosas... Lusiadas, canto IX, est. 84;;1.ª ed.;Lisboa : João Romano Torres;1890;1890;1 imagem;;;;"Camões, Luís de, 1524-1580, Autor em citações ou excertos de textos ; Marinho, José Pires, 1857-1929?, Técnico gráfico ; Torres, João Romano, 1855-1935, Editor comercial";;;PURL 6946/0;;http://id.bnportugal.gov.pt/bib/catbnp/709123;Livre
7986;766189;1;1;76618911;https://permalinkbnd.bnportugal.gov.pt/viewer/14630/?offset=#page=1&viewer=picture&o=info&n=0&q=;Imagens | 1747;Cantos - Cantos II | 1751;Episódios - Desembarque de Gama em Calecut | 1767;766189;https://purl.pt/14100;https://bndigital.bnportugal.gov.pt//i/?IIIF=/7b/95/f3/be/7b95f3be-f000-4c8e-a9ea-6902a5d969f2/iiif/cam-42-1-p_0000_Obra%20Completa_t24-C-R0150_000005.tif/full/!300,500/0/default.jpg;Livro impresso;Português;;Os Lusiadas;;;1.ª ed.;Em Lisboa : por Paulo Crasbeeck, Impressor & Liureiro das tres Ordens Militares, & a sua custa;1644;1644;2, 204 i. é 211 f.;Camões, Luís de, 1524-1580;;;"Meneses, João Rodrigues de Sá e, 1619-1658, Personalidade a quem é dedicada a obra ; Barreto, João Franco, 1600-post. 1674, Editor literário ; Craesbeeck, Paulo, 1605-1664, Autor da dedicatória ; Craesbeeck, Paulo, 1605-1664, Impressor ; Norton, Tomás, 1804-1860, Antigo possuidor";;;CAM. 42//1 P.;PATRIMONIA2;http://id.bnportugal.gov.pt/bib/catbnp/766189;Livre
7987;782735;1;10;782735110;https://permalinkbnd.bnportugal.gov.pt/viewer/278664/?offset=#page=10&viewer=picture&o=info&n=0&q=;Imagens | 1747;Cantos - Cantos III | 1752;Episódios - Segunda Audiência do Samorim a Gama | 1768;782735;https://purl.pt/44728;https://bndigital.bnportugal.gov.pt//i/?IIIF=/ee/74/51/ad/ee7451ad-c3eb-4656-aea0-b2a6f599626d/iiif/cam-697-p_0011.tif/full/!300,500/0/default.jpg;Livro impresso;Português;;Luís de Camões levantando o seu monumento ou a história de Portugal justificada pelos Lusiadas;;;1.ª ed.;Rio de Janeiro : Eduardo & Henrique Laemmert;1860;1860;IV, 93, 2 p.;Morais, Melo de;;;;;;CAM. 697 P.;CAM500;http://id.bnportugal.gov.pt/bib/catbnp/782735;Livre
7988;782740;1;8;78274018;https://permalinkbnd.bnportugal.gov.pt/viewer/278660/?offset=#page=8&viewer=picture&o=info&n=0&q=;Imagens | 1747;Cantos - Cantos IV | 1753;Episódios - Ilha de Vénus | 1769;782740;https://purl.pt/44737;https://bndigital.bnportugal.gov.pt//i/?IIIF=/e2/d8/e3/da/e2d8e3da-feac-4242-841c-a7c397ba6cf7/iiif/cam-704-p_0009.tif/full/!300,500/0/default.jpg;Livro impresso;Português;;Os Lusiadas;poema épico;;Nova ed. popular conforme às ed. clássicas de 1572;Lisboa : Tip. de F. X. de Sousa & Filho;1871;1871;XXIII, 395 p.;Camões, Luís de, 1524-1580;;;;;;CAM. 704 P.;CAM500;http://id.bnportugal.gov.pt/bib/catbnp/782740;Livre
7989;782742;1;6;78274216;https://permalinkbnd.bnportugal.gov.pt/viewer/278669/?offset=#page=6&viewer=picture&o=info&n=0&q=;Imagens | 1747;Cantos - Cantos V | 1754;Episódios - Audiência d’El-Rei D. Manuel a Gama | 1770;782742;https://purl.pt/44738;https://bndigital.bnportugal.gov.pt//i/?IIIF=/24/13/93/47/24139347-fc15-498f-ba60-fe497a04e675/iiif/cam-705-p_0007.tif/full/!300,500/0/default.jpg;Livro impresso;Português;;Os Lusiadas;poema épico;;Nova ed. cuidadosamente revista, e conforme à de 1572;Lisboa : Livr. de António Maria Pereira;1874;1874;XVIII, 457 p.;Camões, Luís de, 1524-1580;;;;;;CAM. 705 P.;CAM500;http://id.bnportugal.gov.pt/bib/catbnp/782742;Livre
7990;782743;1;6;78274316;https://permalinkbnd.bnportugal.gov.pt/viewer/278783/?offset=#page=6&viewer=picture&o=info&n=0&q=;Imagens | 1747;Cantos - Cantos VI | 1755;Episódios - Camões na gruta de Macau | 1760;782743;https://purl.pt/44788;https://bndigital.bnportugal.gov.pt//i/?IIIF=/7c/1b/79/de/7c1b79de-0fd7-4ae3-82cb-4284eafb6a13/iiif/cam-708-p_0007.tif/full/!300,500/0/default.jpg;Livro impresso;Português;;Os Lusiadas;poema épico;;Nova ed;Porto : Lelo & Irmão;1897;1897;XII, 471 p.;Camões, Luís de, 1524-1580;;;;;;CAM. 708 P.;CAM500;http://id.bnportugal.gov.pt/bib/catbnp/782743;Livre
7991;783484;1;10;783484110;https://permalinkbnd.bnportugal.gov.pt/viewer/278786/?offset=#page=10&viewer=picture&o=info&n=0&q=;Imagens | 1747;Cantos - Cantos VII | 1756;Episódios - Visita do Rei de Melinde a Gama | 1761;783484;https://purl.pt/44793;https://bndigital.bnportugal.gov.pt//i/?IIIF=/6e/58/ac/a0/6e58aca0-ab9a-4695-bf07-897dc6f38937/iiif/cam-719-p_0011.tif/full/!300,500/0/default.jpg;Livro impresso;Inglês;Português;Poems from the portuguese;;;4th ed;London : J. Carpenter;1805;1805;6, 160 p.;Camões, Luís de, 1524-1580;;;Strangford, 1780-1855, Comentador de texto escrito;;;CAM. 719 P.;CAM500;http://id.bnportugal.gov.pt/bib/catbnp/783484;Livre
7992;783488;1;8;78348818;https://permalinkbnd.bnportugal.gov.pt/viewer/278784/?offset=#page=8&viewer=picture&o=info&n=0&q=;Imagens | 1747;Cantos - Cantos VIII | 1757;"Episódios - Concílio ""Conselho dos Deuses"" | 1762";783488;https://purl.pt/44792;https://bndigital.bnportugal.gov.pt//i/?IIIF=/98/57/31/69/98573169-36ab-4b1d-b55e-e867e2153959/iiif/cam-720-p_0009.tif/full/!300,500/0/default.jpg;Livro impresso;Inglês;Português;Poems, from the portuguese;;;The third edition;London : J. Carpenter;1804;1804;4, 160 p.;Camões, Luís de, 1524-1580;;;Strangford, 1780-1855, Comentador de texto escrito;;;CAM. 720 P.;CAM500;http://id.bnportugal.gov.pt/bib/catbnp/783488;Livre
7993;784526;1;6;78452616;https://permalinkbnd.bnportugal.gov.pt/viewer/278793/?offset=#page=6&viewer=picture&o=info&n=0&q=;Imagens | 1747;Cantos - Cantos IX | 1758;Episódios - Sonho d'El-Rei D. Manuel, no qual lhe aparecem os rios Indo e Ganges | 1763;784526;https://purl.pt/44804;https://bndigital.bnportugal.gov.pt//i/?IIIF=/39/93/51/e7/399351e7-2d8a-4ac7-99f9-00aa8b263e8a/iiif/cam-723-p_0007.tif/full/!300,500/0/default.jpg;Livro impresso;Inglês;Português;Poems from the portuguese;;;5th ed;London : J. Carpenter;1808;1808;158 p.;Camões, Luís de, 1524-1580;;;Strangford, 1780-1855, Comentador de texto escrito;;;CAM. 723 P.;CAM500;http://id.bnportugal.gov.pt/bib/catbnp/784526;Livre
7994;784628;1;6;78462816;https://permalinkbnd.bnportugal.gov.pt/viewer/278782/?offset=#page=6&viewer=picture&o=info&n=0&q=;Imagens | 1747;Cantos - Cantos X | 1759;Episódios - Assassínio de Inês de Castro | 1764;784628;https://purl.pt/44796;https://bndigital.bnportugal.gov.pt//i/?IIIF=/f2/4a/bf/c0/f24abfc0-6017-4ae8-a10f-9245541b95e8/iiif/cam-728-p_0007.tif/full/!300,500/0/default.jpg;Livro impresso;Alemão;Português;Die Lusiaden;;;1.ª ed.;Stuttgart : Gebrüder Kröner;1800;1800;260 p.;Camões, Luís de, 1524-1580;;;"Kuhn, Friedrich Adolph, 1774-1844, Tradutor ; Winkler, K. Th., Tradutor";;;CAM. 728 P.;CAM500;http://id.bnportugal.gov.pt/bib/catbnp/784628;Livre
7995;788999;1;1;78899911;https://permalinkbnd.bnportugal.gov.pt/viewer/272640/?offset=#page=1&viewer=picture&o=info&n=0&q=;Imagens | 1747;Episódios | 1749;Episódios - Aparição do gigante Adamastor na passagem do Cabo de B. Esperança | 1765;788999;https://purl.pt/43959;https://bndigital.bnportugal.gov.pt//i/?IIIF=/d5/78/02/6f/d578026f-611b-43f0-9fbb-ecb15e69f6b5/iiif/cam-847-p_0000_000001.tif/full/!300,500/0/default.jpg;Livro impresso;Português;;A epopeia nacional;segundo os textos das edições de 1572, de 1834 de Hamburgo e a de Leipzig de 1880;;1.ª ed.;Lisboa : edição da Tipographia Gonçalves;1916;1916;XV, 1 br., 332, 2 p., 12 extratextos;Camões, Luís de, 1524-1580;;;"Monteiro, José Gomes, 1807-1879, Compilador ; Metzner, Eduardo, 1889-1922, Autor da introdução, etc.";;;CAM. 847 P.;CAM500;http://id.bnportugal.gov.pt/bib/catbnp/788999;Livre
7996;788999;1;8;78899918;https://permalinkbnd.bnportugal.gov.pt/viewer/272640/?offset=#page=8&viewer=picture&o=info&n=0&q=;Imagens | 1747;Cantos - Cantos I | 1750;Episódios - Vénus aplaca os Ventos e a tormenta | 1766;788999;https://purl.pt/43959;https://bndigital.bnportugal.gov.pt//i/?IIIF=/d5/78/02/6f/d578026f-611b-43f0-9fbb-ecb15e69f6b5/iiif/cam-847-p_0000_000001.tif/full/!300,500/0/default.jpg;Livro impresso;Português;;A epopeia nacional;segundo os textos das edições de 1572, de 1834 de Hamburgo e a de Leipzig de 1880;;1.ª ed.;Lisboa : edição da Tipographia Gonçalves;1916;1916;XV, 1 br., 332, 2 p., 12 extratextos;Camões, Luís de, 1524-1580;;;"Monteiro, José Gomes, 1807-1879, Compilador ; Metzner, Eduardo, 1889-1922, Autor da introdução, etc.";;;CAM. 847 P.;CAM500;http://id.bnportugal.gov.pt/bib/catbnp/788999;Livre
7997;788999;1;9;78899919;https://permalinkbnd.bnportugal.gov.pt/viewer/272640/?offset=#page=9&viewer=picture&o=info&n=0&q=;Imagens | 1747;Cantos - Cantos II | 1751;Episódios - Desembarque de Gama em Calecut | 1767;788999;https://purl.pt/43959;https://bndigital.bnportugal.gov.pt//i/?IIIF=/d5/78/02/6f/d578026f-611b-43f0-9fbb-ecb15e69f6b5/iiif/cam-847-p_0000_000001.tif/full/!300,500/0/default.jpg;Livro impresso;Português;;A epopeia nacional;segundo os textos das edições de 1572, de 1834 de Hamburgo e a de Leipzig de 1880;;1.ª ed.;Lisboa : edição da Tipographia Gonçalves;1916;1916;XV, 1 br., 332, 2 p., 12 extratextos;Camões, Luís de, 1524-1580;;;"Monteiro, José Gomes, 1807-1879, Compilador ; Metzner, Eduardo, 1889-1922, Autor da introdução, etc.";;;CAM. 847 P.;CAM500;http://id.bnportugal.gov.pt/bib/catbnp/788999;Livre
7998;788999;1;25;788999125;https://permalinkbnd.bnportugal.gov.pt/viewer/272640/?offset=#page=25&viewer=picture&o=info&n=0&q=;Imagens | 1747;Cantos - Cantos III | 1752;Episódios - Segunda Audiência do Samorim a Gama | 1768;788999;https://purl.pt/43959;https://bndigital.bnportugal.gov.pt//i/?IIIF=/d5/78/02/6f/d578026f-611b-43f0-9fbb-ecb15e69f6b5/iiif/cam-847-p_0000_000001.tif/full/!300,500/0/default.jpg;Livro impresso;Português;;A epopeia nacional;segundo os textos das edições de 1572, de 1834 de Hamburgo e a de Leipzig de 1880;;1.ª ed.;Lisboa : edição da Tipographia Gonçalves;1916;1916;XV, 1 br., 332, 2 p., 12 extratextos;Camões, Luís de, 1524-1580;;;"Monteiro, José Gomes, 1807-1879, Compilador ; Metzner, Eduardo, 1889-1922, Autor da introdução, etc.";;;CAM. 847 P.;CAM500;http://id.bnportugal.gov.pt/bib/catbnp/788999;Livre
7999;788999;1;27;788999127;https://permalinkbnd.bnportugal.gov.pt/viewer/272640/?offset=#page=27&viewer=picture&o=info&n=0&q=;Imagens | 1747;Cantos - Cantos IV | 1753;Episódios - Ilha de Vénus | 1769;788999;https://purl.pt/43959;https://bndigital.bnportugal.gov.pt//i/?IIIF=/d5/78/02/6f/d578026f-611b-43f0-9fbb-ecb15e69f6b5/iiif/cam-847-p_0000_000001.tif/full/!300,500/0/default.jpg;Livro impresso;Português;;A epopeia nacional;segundo os textos das edições de 1572, de 1834 de Hamburgo e a de Leipzig de 1880;;1.ª ed.;Lisboa : edição da Tipographia Gonçalves;1916;1916;XV, 1 br., 332, 2 p., 12 extratextos;Camões, Luís de, 1524-1580;;;"Monteiro, José Gomes, 1807-1879, Compilador ; Metzner, Eduardo, 1889-1922, Autor da introdução, etc.";;;CAM. 847 P.;CAM500;http://id.bnportugal.gov.pt/bib/catbnp/788999;Livre
8000;788999;1;29;788999129;https://permalinkbnd.bnportugal.gov.pt/viewer/272640/?offset=#page=29&viewer=picture&o=info&n=0&q=;Imagens | 1747;Cantos - Cantos V | 1754;Episódios - Audiência d’El-Rei D. Manuel a Gama | 1770;788999;https://purl.pt/43959;https://bndigital.bnportugal.gov.pt//i/?IIIF=/d5/78/02/6f/d578026f-611b-43f0-9fbb-ecb15e69f6b5/iiif/cam-847-p_0000_000001.tif/full/!300,500/0/default.jpg;Livro impresso;Português;;A epopeia nacional;segundo os textos das edições de 1572, de 1834 de Hamburgo e a de Leipzig de 1880;;1.ª ed.;Lisboa : edição da Tipographia Gonçalves;1916;1916;XV, 1 br., 332, 2 p., 12 extratextos;Camões, Luís de, 1524-1580;;;"Monteiro, José Gomes, 1807-1879, Compilador ; Metzner, Eduardo, 1889-1922, Autor da introdução, etc.";;;CAM. 847 P.;CAM500;http://id.bnportugal.gov.pt/bib/catbnp/788999;Livre
8001;788999;1;31;788999131;https://permalinkbnd.bnportugal.gov.pt/viewer/272640/?offset=#page=31&viewer=picture&o=info&n=0&q=;Imagens | 1747;Cantos - Cantos VI | 1755;Episódios - Camões na gruta de Macau | 1760;788999;https://purl.pt/43959;https://bndigital.bnportugal.gov.pt//i/?IIIF=/d5/78/02/6f/d578026f-611b-43f0-9fbb-ecb15e69f6b5/iiif/cam-847-p_0000_000001.tif/full/!300,500/0/default.jpg;Livro impresso;Português;;A epopeia nacional;segundo os textos das edições de 1572, de 1834 de Hamburgo e a de Leipzig de 1880;;1.ª ed.;Lisboa : edição da Tipographia Gonçalves;1916;1916;XV, 1 br., 332, 2 p., 12 extratextos;Camões, Luís de, 1524-1580;;;"Monteiro, José Gomes, 1807-1879, Compilador ; Metzner, Eduardo, 1889-1922, Autor da introdução, etc.";;;CAM. 847 P.;CAM500;http://id.bnportugal.gov.pt/bib/catbnp/788999;Livre
8002;788999;1;59;788999159;https://permalinkbnd.bnportugal.gov.pt/viewer/272640/?offset=#page=59&viewer=picture&o=info&n=0&q=;Imagens | 1747;Cantos - Cantos VII | 1756;Episódios - Visita do Rei de Melinde a Gama | 1761;788999;https://purl.pt/43959;https://bndigital.bnportugal.gov.pt//i/?IIIF=/d5/78/02/6f/d578026f-611b-43f0-9fbb-ecb15e69f6b5/iiif/cam-847-p_0000_000001.tif/full/!300,500/0/default.jpg;Livro impresso;Português;;A epopeia nacional;segundo os textos das edições de 1572, de 1834 de Hamburgo e a de Leipzig de 1880;;1.ª ed.;Lisboa : edição da Tipographia Gonçalves;1916;1916;XV, 1 br., 332, 2 p., 12 extratextos;Camões, Luís de, 1524-1580;;;"Monteiro, José Gomes, 1807-1879, Compilador ; Metzner, Eduardo, 1889-1922, Autor da introdução, etc.";;;CAM. 847 P.;CAM500;http://id.bnportugal.gov.pt/bib/catbnp/788999;Livre
8003;788999;1;71;788999171;https://permalinkbnd.bnportugal.gov.pt/viewer/272640/?offset=#page=71&viewer=picture&o=info&n=0&q=;Imagens | 1747;Cantos - Cantos VIII | 1757;"Episódios - Concílio ""Conselho dos Deuses"" | 1762";788999;https://purl.pt/43959;https://bndigital.bnportugal.gov.pt//i/?IIIF=/d5/78/02/6f/d578026f-611b-43f0-9fbb-ecb15e69f6b5/iiif/cam-847-p_0000_000001.tif/full/!300,500/0/default.jpg;Livro impresso;Português;;A epopeia nacional;segundo os textos das edições de 1572, de 1834 de Hamburgo e a de Leipzig de 1880;;1.ª ed.;Lisboa : edição da Tipographia Gonçalves;1916;1916;XV, 1 br., 332, 2 p., 12 extratextos;Camões, Luís de, 1524-1580;;;"Monteiro, José Gomes, 1807-1879, Compilador ; Metzner, Eduardo, 1889-1922, Autor da introdução, etc.";;;CAM. 847 P.;CAM500;http://id.bnportugal.gov.pt/bib/catbnp/788999;Livre
8004;788999;1;89;788999189;https://permalinkbnd.bnportugal.gov.pt/viewer/272640/?offset=#page=89&viewer=picture&o=info&n=0&q=;Imagens | 1747;Cantos - Cantos IX | 1758;Episódios - Sonho d'El-Rei D. Manuel, no qual lhe aparecem os rios Indo e Ganges | 1763;788999;https://purl.pt/43959;https://bndigital.bnportugal.gov.pt//i/?IIIF=/d5/78/02/6f/d578026f-611b-43f0-9fbb-ecb15e69f6b5/iiif/cam-847-p_0000_000001.tif/full/!300,500/0/default.jpg;Livro impresso;Português;;A epopeia nacional;segundo os textos das edições de 1572, de 1834 de Hamburgo e a de Leipzig de 1880;;1.ª ed.;Lisboa : edição da Tipographia Gonçalves;1916;1916;XV, 1 br., 332, 2 p., 12 extratextos;Camões, Luís de, 1524-1580;;;"Monteiro, José Gomes, 1807-1879, Compilador ; Metzner, Eduardo, 1889-1922, Autor da introdução, etc.";;;CAM. 847 P.;CAM500;http://id.bnportugal.gov.pt/bib/catbnp/788999;Livre
8005;788999;1;95;788999195;https://permalinkbnd.bnportugal.gov.pt/viewer/272640/?offset=#page=95&viewer=picture&o=info&n=0&q=;Imagens | 1747;Cantos - Cantos X | 1759;Episódios - Assassínio de Inês de Castro | 1764;788999;https://purl.pt/43959;https://bndigital.bnportugal.gov.pt//i/?IIIF=/d5/78/02/6f/d578026f-611b-43f0-9fbb-ecb15e69f6b5/iiif/cam-847-p_0000_000001.tif/full/!300,500/0/default.jpg;Livro impresso;Português;;A epopeia nacional;segundo os textos das edições de 1572, de 1834 de Hamburgo e a de Leipzig de 1880;;1.ª ed.;Lisboa : edição da Tipographia Gonçalves;1916;1916;XV, 1 br., 332, 2 p., 12 extratextos;Camões, Luís de, 1524-1580;;;"Monteiro, José Gomes, 1807-1879, Compilador ; Metzner, Eduardo, 1889-1922, Autor da introdução, etc.";;;CAM. 847 P.;CAM500;http://id.bnportugal.gov.pt/bib/catbnp/788999;Livre
8006;788999;1;127;7889991127;https://permalinkbnd.bnportugal.gov.pt/viewer/272640/?offset=#page=127&viewer=picture&o=info&n=0&q=;Imagens | 1747;Cantos | 1748;Episódios - Aparição do gigante Adamastor na passagem do Cabo de B. Esperança | 1765;788999;https://purl.pt/43959;https://bndigital.bnportugal.gov.pt//i/?IIIF=/d5/78/02/6f/d578026f-611b-43f0-9fbb-ecb15e69f6b5/iiif/cam-847-p_0000_000001.tif/full/!300,500/0/default.jpg;Livro impresso;Português;;A epopeia nacional;segundo os textos das edições de 1572, de 1834 de Hamburgo e a de Leipzig de 1880;;1.ª ed.;Lisboa : edição da Tipographia Gonçalves;1916;1916;XV, 1 br., 332, 2 p., 12 extratextos;Camões, Luís de, 1524-1580;;;"Monteiro, José Gomes, 1807-1879, Compilador ; Metzner, Eduardo, 1889-1922, Autor da introdução, etc.";;;CAM. 847 P.;CAM500;http://id.bnportugal.gov.pt/bib/catbnp/788999;Livre
8007;788999;1;135;7889991135;https://permalinkbnd.bnportugal.gov.pt/viewer/272640/?offset=#page=135&viewer=picture&o=info&n=0&q=;Imagens | 1747;Cantos | 1748;Episódios - Vénus aplaca os Ventos e a tormenta | 1766;788999;https://purl.pt/43959;https://bndigital.bnportugal.gov.pt//i/?IIIF=/d5/78/02/6f/d578026f-611b-43f0-9fbb-ecb15e69f6b5/iiif/cam-847-p_0000_000001.tif/full/!300,500/0/default.jpg;Livro impresso;Português;;A epopeia nacional;segundo os textos das edições de 1572, de 1834 de Hamburgo e a de Leipzig de 1880;;1.ª ed.;Lisboa : edição da Tipographia Gonçalves;1916;1916;XV, 1 br., 332, 2 p., 12 extratextos;Camões, Luís de, 1524-1580;;;"Monteiro, José Gomes, 1807-1879, Compilador ; Metzner, Eduardo, 1889-1922, Autor da introdução, etc.";;;CAM. 847 P.;CAM500;http://id.bnportugal.gov.pt/bib/catbnp/788999;Livre
8008;788999;1;161;7889991161;https://permalinkbnd.bnportugal.gov.pt/viewer/272640/?offset=#page=161&viewer=picture&o=info&n=0&q=;Imagens | 1747;Episódios | 1749;Episódios - Desembarque de Gama em Calecut | 1767;788999;https://purl.pt/43959;https://bndigital.bnportugal.gov.pt//i/?IIIF=/d5/78/02/6f/d578026f-611b-43f0-9fbb-ecb15e69f6b5/iiif/cam-847-p_0000_000001.tif/full/!300,500/0/default.jpg;Livro impresso;Português;;A epopeia nacional;segundo os textos das edições de 1572, de 1834 de Hamburgo e a de Leipzig de 1880;;1.ª ed.;Lisboa : edição da Tipographia Gonçalves;1916;1916;XV, 1 br., 332, 2 p., 12 extratextos;Camões, Luís de, 1524-1580;;;"Monteiro, José Gomes, 1807-1879, Compilador ; Metzner, Eduardo, 1889-1922, Autor da introdução, etc.";;;CAM. 847 P.;CAM500;http://id.bnportugal.gov.pt/bib/catbnp/788999;Livre
8009;788999;1;167;7889991167;https://permalinkbnd.bnportugal.gov.pt/viewer/272640/?offset=#page=167&viewer=picture&o=info&n=0&q=;Imagens | 1747;Cantos - Cantos I | 1750;Episódios - Segunda Audiência do Samorim a Gama | 1768;788999;https://purl.pt/43959;https://bndigital.bnportugal.gov.pt//i/?IIIF=/d5/78/02/6f/d578026f-611b-43f0-9fbb-ecb15e69f6b5/iiif/cam-847-p_0000_000001.tif/full/!300,500/0/default.jpg;Livro impresso;Português;;A epopeia nacional;segundo os textos das edições de 1572, de 1834 de Hamburgo e a de Leipzig de 1880;;1.ª ed.;Lisboa : edição da Tipographia Gonçalves;1916;1916;XV, 1 br., 332, 2 p., 12 extratextos;Camões, Luís de, 1524-1580;;;"Monteiro, José Gomes, 1807-1879, Compilador ; Metzner, Eduardo, 1889-1922, Autor da introdução, etc.";;;CAM. 847 P.;CAM500;http://id.bnportugal.gov.pt/bib/catbnp/788999;Livre
8010;788999;1;181;7889991181;https://permalinkbnd.bnportugal.gov.pt/viewer/272640/?offset=#page=181&viewer=picture&o=info&n=0&q=;Imagens | 1747;Cantos - Cantos II | 1751;Episódios - Ilha de Vénus | 1769;788999;https://purl.pt/43959;https://bndigital.bnportugal.gov.pt//i/?IIIF=/d5/78/02/6f/d578026f-611b-43f0-9fbb-ecb15e69f6b5/iiif/cam-847-p_0000_000001.tif/full/!300,500/0/default.jpg;Livro impresso;Português;;A epopeia nacional;segundo os textos das edições de 1572, de 1834 de Hamburgo e a de Leipzig de 1880;;1.ª ed.;Lisboa : edição da Tipographia Gonçalves;1916;1916;XV, 1 br., 332, 2 p., 12 extratextos;Camões, Luís de, 1524-1580;;;"Monteiro, José Gomes, 1807-1879, Compilador ; Metzner, Eduardo, 1889-1922, Autor da introdução, etc.";;;CAM. 847 P.;CAM500;http://id.bnportugal.gov.pt/bib/catbnp/788999;Livre
8011;788999;1;197;7889991197;https://permalinkbnd.bnportugal.gov.pt/viewer/272640/?offset=#page=197&viewer=picture&o=info&n=0&q=;Imagens | 1747;Cantos - Cantos III | 1752;Episódios - Audiência d’El-Rei D. Manuel a Gama | 1770;788999;https://purl.pt/43959;https://bndigital.bnportugal.gov.pt//i/?IIIF=/d5/78/02/6f/d578026f-611b-43f0-9fbb-ecb15e69f6b5/iiif/cam-847-p_0000_000001.tif/full/!300,500/0/default.jpg;Livro impresso;Português;;A epopeia nacional;segundo os textos das edições de 1572, de 1834 de Hamburgo e a de Leipzig de 1880;;1.ª ed.;Lisboa : edição da Tipographia Gonçalves;1916;1916;XV, 1 br., 332, 2 p., 12 extratextos;Camões, Luís de, 1524-1580;;;"Monteiro, José Gomes, 1807-1879, Compilador ; Metzner, Eduardo, 1889-1922, Autor da introdução, etc.";;;CAM. 847 P.;CAM500;http://id.bnportugal.gov.pt/bib/catbnp/788999;Livre
8012;788999;1;207;7889991207;https://permalinkbnd.bnportugal.gov.pt/viewer/272640/?offset=#page=207&viewer=picture&o=info&n=0&q=;Imagens | 1747;Cantos - Cantos IV | 1753;Episódios - Camões na gruta de Macau | 1760;788999;https://purl.pt/43959;https://bndigital.bnportugal.gov.pt//i/?IIIF=/d5/78/02/6f/d578026f-611b-43f0-9fbb-ecb15e69f6b5/iiif/cam-847-p_0000_000001.tif/full/!300,500/0/default.jpg;Livro impresso;Português;;A epopeia nacional;segundo os textos das edições de 1572, de 1834 de Hamburgo e a de Leipzig de 1880;;1.ª ed.;Lisboa : edição da Tipographia Gonçalves;1916;1916;XV, 1 br., 332, 2 p., 12 extratextos;Camões, Luís de, 1524-1580;;;"Monteiro, José Gomes, 1807-1879, Compilador ; Metzner, Eduardo, 1889-1922, Autor da introdução, etc.";;;CAM. 847 P.;CAM500;http://id.bnportugal.gov.pt/bib/catbnp/788999;Livre
8013;788999;1;227;7889991227;https://permalinkbnd.bnportugal.gov.pt/viewer/272640/?offset=#page=227&viewer=picture&o=info&n=0&q=;Imagens | 1747;Cantos - Cantos V | 1754;Episódios - Visita do Rei de Melinde a Gama | 1761;788999;https://purl.pt/43959;https://bndigital.bnportugal.gov.pt//i/?IIIF=/d5/78/02/6f/d578026f-611b-43f0-9fbb-ecb15e69f6b5/iiif/cam-847-p_0000_000001.tif/full/!300,500/0/default.jpg;Livro impresso;Português;;A epopeia nacional;segundo os textos das edições de 1572, de 1834 de Hamburgo e a de Leipzig de 1880;;1.ª ed.;Lisboa : edição da Tipographia Gonçalves;1916;1916;XV, 1 br., 332, 2 p., 12 extratextos;Camões, Luís de, 1524-1580;;;"Monteiro, José Gomes, 1807-1879, Compilador ; Metzner, Eduardo, 1889-1922, Autor da introdução, etc.";;;CAM. 847 P.;CAM500;http://id.bnportugal.gov.pt/bib/catbnp/788999;Livre
8014;788999;1;241;7889991241;https://permalinkbnd.bnportugal.gov.pt/viewer/272640/?offset=#page=241&viewer=picture&o=info&n=0&q=;Imagens | 1747;Cantos - Cantos VI | 1755;"Episódios - Concílio ""Conselho dos Deuses"" | 1762";788999;https://purl.pt/43959;https://bndigital.bnportugal.gov.pt//i/?IIIF=/d5/78/02/6f/d578026f-611b-43f0-9fbb-ecb15e69f6b5/iiif/cam-847-p_0000_000001.tif/full/!300,500/0/default.jpg;Livro impresso;Português;;A epopeia nacional;segundo os textos das edições de 1572, de 1834 de Hamburgo e a de Leipzig de 1880;;1.ª ed.;Lisboa : edição da Tipographia Gonçalves;1916;1916;XV, 1 br., 332, 2 p., 12 extratextos;Camões, Luís de, 1524-1580;;;"Monteiro, José Gomes, 1807-1879, Compilador ; Metzner, Eduardo, 1889-1922, Autor da introdução, etc.";;;CAM. 847 P.;CAM500;http://id.bnportugal.gov.pt/bib/catbnp/788999;Livre
8015;788999;1;253;7889991253;https://permalinkbnd.bnportugal.gov.pt/viewer/272640/?offset=#page=253&viewer=picture&o=info&n=0&q=;Imagens | 1747;Cantos - Cantos VII | 1756;Episódios - Sonho d'El-Rei D. Manuel, no qual lhe aparecem os rios Indo e Ganges | 1763;788999;https://purl.pt/43959;https://bndigital.bnportugal.gov.pt//i/?IIIF=/d5/78/02/6f/d578026f-611b-43f0-9fbb-ecb15e69f6b5/iiif/cam-847-p_0000_000001.tif/full/!300,500/0/default.jpg;Livro impresso;Português;;A epopeia nacional;segundo os textos das edições de 1572, de 1834 de Hamburgo e a de Leipzig de 1880;;1.ª ed.;Lisboa : edição da Tipographia Gonçalves;1916;1916;XV, 1 br., 332, 2 p., 12 extratextos;Camões, Luís de, 1524-1580;;;"Monteiro, José Gomes, 1807-1879, Compilador ; Metzner, Eduardo, 1889-1922, Autor da introdução, etc.";;;CAM. 847 P.;CAM500;http://id.bnportugal.gov.pt/bib/catbnp/788999;Livre
8016;788999;1;271;7889991271;https://permalinkbnd.bnportugal.gov.pt/viewer/272640/?offset=#page=271&viewer=picture&o=info&n=0&q=;Imagens | 1747;Cantos - Cantos VIII | 1757;Episódios - Assassínio de Inês de Castro | 1764;788999;https://purl.pt/43959;https://bndigital.bnportugal.gov.pt//i/?IIIF=/d5/78/02/6f/d578026f-611b-43f0-9fbb-ecb15e69f6b5/iiif/cam-847-p_0000_000001.tif/full/!300,500/0/default.jpg;Livro impresso;Português;;A epopeia nacional;segundo os textos das edições de 1572, de 1834 de Hamburgo e a de Leipzig de 1880;;1.ª ed.;Lisboa : edição da Tipographia Gonçalves;1916;1916;XV, 1 br., 332, 2 p., 12 extratextos;Camões, Luís de, 1524-1580;;;"Monteiro, José Gomes, 1807-1879, Compilador ; Metzner, Eduardo, 1889-1922, Autor da introdução, etc.";;;CAM. 847 P.;CAM500;http://id.bnportugal.gov.pt/bib/catbnp/788999;Livre
8017;788999;1;283;7889991283;https://permalinkbnd.bnportugal.gov.pt/viewer/272640/?offset=#page=283&viewer=picture&o=info&n=0&q=;Imagens | 1747;Cantos - Cantos IX | 1758;Episódios - Aparição do gigante Adamastor na passagem do Cabo de B. Esperança | 1765;788999;https://purl.pt/43959;https://bndigital.bnportugal.gov.pt//i/?IIIF=/d5/78/02/6f/d578026f-611b-43f0-9fbb-ecb15e69f6b5/iiif/cam-847-p_0000_000001.tif/full/!300,500/0/default.jpg;Livro impresso;Português;;A epopeia nacional;segundo os textos das edições de 1572, de 1834 de Hamburgo e a de Leipzig de 1880;;1.ª ed.;Lisboa : edição da Tipographia Gonçalves;1916;1916;XV, 1 br., 332, 2 p., 12 extratextos;Camões, Luís de, 1524-1580;;;"Monteiro, José Gomes, 1807-1879, Compilador ; Metzner, Eduardo, 1889-1922, Autor da introdução, etc.";;;CAM. 847 P.;CAM500;http://id.bnportugal.gov.pt/bib/catbnp/788999;Livre
8018;788999;1;307;7889991307;https://permalinkbnd.bnportugal.gov.pt/viewer/272640/?offset=#page=307&viewer=picture&o=info&n=0&q=;Imagens | 1747;Cantos - Cantos X | 1759;Episódios - Vénus aplaca os Ventos e a tormenta | 1766;788999;https://purl.pt/43959;https://bndigital.bnportugal.gov.pt//i/?IIIF=/d5/78/02/6f/d578026f-611b-43f0-9fbb-ecb15e69f6b5/iiif/cam-847-p_0000_000001.tif/full/!300,500/0/default.jpg;Livro impresso;Português;;A epopeia nacional;segundo os textos das edições de 1572, de 1834 de Hamburgo e a de Leipzig de 1880;;1.ª ed.;Lisboa : edição da Tipographia Gonçalves;1916;1916;XV, 1 br., 332, 2 p., 12 extratextos;Camões, Luís de, 1524-1580;;;"Monteiro, José Gomes, 1807-1879, Compilador ; Metzner, Eduardo, 1889-1922, Autor da introdução, etc.";;;CAM. 847 P.;CAM500;http://id.bnportugal.gov.pt/bib/catbnp/788999;Livre
8019;788999;1;311;7889991311;https://permalinkbnd.bnportugal.gov.pt/viewer/272640/?offset=#page=311&viewer=picture&o=info&n=0&q=;Imagens | 1747;Episódios | 1749;Episódios - Desembarque de Gama em Calecut | 1767;788999;https://purl.pt/43959;https://bndigital.bnportugal.gov.pt//i/?IIIF=/d5/78/02/6f/d578026f-611b-43f0-9fbb-ecb15e69f6b5/iiif/cam-847-p_0000_000001.tif/full/!300,500/0/default.jpg;Livro impresso;Português;;A epopeia nacional;segundo os textos das edições de 1572, de 1834 de Hamburgo e a de Leipzig de 1880;;1.ª ed.;Lisboa : edição da Tipographia Gonçalves;1916;1916;XV, 1 br., 332, 2 p., 12 extratextos;Camões, Luís de, 1524-1580;;;"Monteiro, José Gomes, 1807-1879, Compilador ; Metzner, Eduardo, 1889-1922, Autor da introdução, etc.";;;CAM. 847 P.;CAM500;http://id.bnportugal.gov.pt/bib/catbnp/788999;Livre
8020;788999;1;349;7889991349;https://permalinkbnd.bnportugal.gov.pt/viewer/272640/?offset=#page=349&viewer=picture&o=info&n=0&q=;Imagens | 1747;Cantos - Cantos I | 1750;Episódios - Segunda Audiência do Samorim a Gama | 1768;788999;https://purl.pt/43959;https://bndigital.bnportugal.gov.pt//i/?IIIF=/d5/78/02/6f/d578026f-611b-43f0-9fbb-ecb15e69f6b5/iiif/cam-847-p_0000_000001.tif/full/!300,500/0/default.jpg;Livro impresso;Português;;A epopeia nacional;segundo os textos das edições de 1572, de 1834 de Hamburgo e a de Leipzig de 1880;;1.ª ed.;Lisboa : edição da Tipographia Gonçalves;1916;1916;XV, 1 br., 332, 2 p., 12 extratextos;Camões, Luís de, 1524-1580;;;"Monteiro, José Gomes, 1807-1879, Compilador ; Metzner, Eduardo, 1889-1922, Autor da introdução, etc.";;;CAM. 847 P.;CAM500;http://id.bnportugal.gov.pt/bib/catbnp/788999;Livre
8021;796045;1;5;79604515;https://permalinkbnd.bnportugal.gov.pt/viewer/279630/?offset=#page=5&viewer=picture&o=info&n=0&q=;Imagens | 1747;Cantos - Cantos II | 1751;Episódios - Ilha de Vénus | 1769;796045;https://purl.pt/44818;https://bndigital.bnportugal.gov.pt//i/?IIIF=/cc/c9/fe/c6/ccc9fec6-d1bd-43bc-86b0-4ac480c45714/iiif/cam-943-p_0005.tif/full/!300,500/0/default.jpg;Livro impresso;Português;;Os Lusiadas;;;1.ª ed.;Lisboa : Livr. Barateira;1800;1800;95, 1 p.;Camões, Luís de, 1524-1580;;;;;;CAM. 943 P.;CAM500;http://id.bnportugal.gov.pt/bib/catbnp/796045;Livre
8022;796045;1;7;79604517;https://permalinkbnd.bnportugal.gov.pt/viewer/279630/?offset=#page=7&viewer=picture&o=info&n=0&q=;Imagens | 1747;Cantos - Cantos III | 1752;Episódios - Audiência d’El-Rei D. Manuel a Gama | 1770;796045;https://purl.pt/44818;https://bndigital.bnportugal.gov.pt//i/?IIIF=/cc/c9/fe/c6/ccc9fec6-d1bd-43bc-86b0-4ac480c45714/iiif/cam-943-p_0005.tif/full/!300,500/0/default.jpg;Livro impresso;Português;;Os Lusiadas;;;1.ª ed.;Lisboa : Livr. Barateira;1800;1800;95, 1 p.;Camões, Luís de, 1524-1580;;;;;;CAM. 943 P.;CAM500;http://id.bnportugal.gov.pt/bib/catbnp/796045;Livre
8023;798858;1;4;79885814;https://permalinkbnd.bnportugal.gov.pt/viewer/279634/?offset=#page=4&viewer=picture&o=info&n=0&q=;Imagens | 1747;Cantos - Cantos IV | 1753;Episódios - Camões na gruta de Macau | 1760;798858;https://purl.pt/44832;https://bndigital.bnportugal.gov.pt//i/?IIIF=/4f/ab/74/d6/4fab74d6-c668-4e70-ba83-768d192f5ab7/iiif/cam-960-p_0005.tif/full/!300,500/0/default.jpg;Livro impresso;Português;;Os Lusiadas;poema epico;;Nova ed. cuidadosamente revista e conforme às de 1572, precedida duma biografia do poeta;Lisboa : Antonio Maria Pereira;1898;1898;XVIII, 457 p.;Camões, Luís de, 1524-1580;;;Silva, Inocêncio Francisco da, 1810-1876, Autor da introdução, etc.;;;CAM. 960 P.;CAM500;http://id.bnportugal.gov.pt/bib/catbnp/798858;Livre
8024;798866;1;1;79886611;https://permalinkbnd.bnportugal.gov.pt/viewer/279104/?offset=#page=1&viewer=picture&o=info&n=0&q=;Imagens | 1747;Cantos - Cantos V | 1754;Episódios - Visita do Rei de Melinde a Gama | 1761;798866;https://purl.pt/44938;https://bndigital.bnportugal.gov.pt//i/?IIIF=/48/4c/cc/38/484ccc38-cd42-46f9-a1e2-2a499dc72947/iiif/cam-980-p_0001.tif/full/!300,500/0/default.jpg;Livro impresso;Inglês;Português;The first -second canto of The Lusiad;;;1.ª ed.;Rio de Janeiro : Camoens Printing Office;1883;1883;77, 79 p.;Camões, Luís de, 1524-1580;;Longfellow, Henry, 1807-1882;Hewitt, James E., Tradutor;;;CAM. 980 P.;CAM500;http://id.bnportugal.gov.pt/bib/catbnp/798866;Livre
8025;993818;1;1;99381811;https://permalinkbnd.bnportugal.gov.pt/viewer/20471/?offset=#page=1&viewer=picture&o=info&n=0&q=;Imagens | 1747;Cantos - Cantos VI | 1755;"Episódios - Concílio ""Conselho dos Deuses"" | 1762";993818;https://purl.pt/7452;https://bndigital.bnportugal.gov.pt//i/?IIIF=/9e/ec/fb/41/9eecfb41-a554-46c6-80bc-4046aefebfad/iiif/ct-389-a_0000_000001.tif/full/!300,500/0/default.jpg;Iconografia;Francês;;Camões et les Lusiades;quatrième centenaire des Lusiades 1572 - hommage à Camões;;1.ª ed.;Bruxelles : M.E.N.;1972;1972;1 cartaz;;Bélgica. Ministère de lªEducation Nationale;;Baudin, Fernand, Técnico gráfico;;;CT. 389 A.;;http://id.bnportugal.gov.pt/bib/catbnp/993818;Interno
8026;1001679;1;1;100167911;https://permalinkbnd.bnportugal.gov.pt/viewer/17516/?offset=#page=1&viewer=picture&o=info&n=0&q=;Imagens | 1747;Cantos - Cantos VII | 1756;Episódios - Sonho d'El-Rei D. Manuel, no qual lhe aparecem os rios Indo e Ganges | 1763;1001679;https://purl.pt/8384;https://bndigital.bnportugal.gov.pt//i/?IIIF=/87/f5/5f/0a/87f55f0a-c5e2-495e-a7e9-6212d2fe64f8/iiif/ct-1398-a_0000_000001.tif/full/!300,500/0/default.jpg;Iconografia;Português;;Comemorações Camonianas;visita guiada ao Mosteiro dos Jerónimos;;1.ª ed.;Lisboa : Sec. Est. Comunicação Social;1977;1977;1 cartaz;;;;;;;CT. 1398 A.;;http://id.bnportugal.gov.pt/bib/catbnp/1001679;Interno
8027;1366577;1;13;1366577113;https://permalinkbnd.bnportugal.gov.pt/viewer/14594/?offset=#page=13&viewer=picture&o=info&n=0&q=;Imagens | 1747;Cantos - Cantos VIII | 1757;Episódios - Assassínio de Inês de Castro | 1764;1366577;https://purl.pt/14465;https://bndigital.bnportugal.gov.pt//i/?IIIF=/6c/d7/47/e6/6cd747e6-f55c-444e-8d02-8c4c86a67972/iiif/cam-1529-p_0000_capa-capa_t24-C-R0150_000001.tif/full/!300,500/0/default.jpg;Livro impresso;Francês;Português;Les lusiades de Luiz de Camoens;;;1.ª ed.;Paris : imprimerie F. Paillart : en la rue de Beaune, à lenseigne du Pot Cassé;1931;1931;258, 4 p.;Camões, Luís de, 1524-1580;;;"Millié, Jean Baptiste Joseph, 1772-1826, Tradutor ; Roy, Bernard, Ilustrador";;;CAM. 1529 P.;;http://id.bnportugal.gov.pt/bib/catbnp/1366577;Livre
8028;1366577;1;30;1366577130;https://permalinkbnd.bnportugal.gov.pt/viewer/14594/?offset=#page=30&viewer=picture&o=info&n=0&q=;Imagens | 1747;Cantos - Cantos IX | 1758;Episódios - Aparição do gigante Adamastor na passagem do Cabo de B. Esperança | 1765;1366577;https://purl.pt/14465;https://bndigital.bnportugal.gov.pt//i/?IIIF=/6c/d7/47/e6/6cd747e6-f55c-444e-8d02-8c4c86a67972/iiif/cam-1529-p_0000_capa-capa_t24-C-R0150_000001.tif/full/!300,500/0/default.jpg;Livro impresso;Francês;Português;Les lusiades de Luiz de Camoens;;;1.ª ed.;Paris : imprimerie F. Paillart : en la rue de Beaune, à lenseigne du Pot Cassé;1931;1931;258, 4 p.;Camões, Luís de, 1524-1580;;;"Millié, Jean Baptiste Joseph, 1772-1826, Tradutor ; Roy, Bernard, Ilustrador";;;CAM. 1529 P.;;http://id.bnportugal.gov.pt/bib/catbnp/1366577;Livre
8029;1366577;1;32;1366577132;https://permalinkbnd.bnportugal.gov.pt/viewer/14594/?offset=#page=32&viewer=picture&o=info&n=0&q=;Imagens | 1747;Cantos - Cantos X | 1759;Episódios - Vénus aplaca os Ventos e a tormenta | 1766;1366577;https://purl.pt/14465;https://bndigital.bnportugal.gov.pt//i/?IIIF=/6c/d7/47/e6/6cd747e6-f55c-444e-8d02-8c4c86a67972/iiif/cam-1529-p_0000_capa-capa_t24-C-R0150_000001.tif/full/!300,500/0/default.jpg;Livro impresso;Francês;Português;Les lusiades de Luiz de Camoens;;;1.ª ed.;Paris : imprimerie F. Paillart : en la rue de Beaune, à lenseigne du Pot Cassé;1931;1931;258, 4 p.;Camões, Luís de, 1524-1580;;;"Millié, Jean Baptiste Joseph, 1772-1826, Tradutor ; Roy, Bernard, Ilustrador";;;CAM. 1529 P.;;http://id.bnportugal.gov.pt/bib/catbnp/1366577;Livre
8030;1366577;1;54;1366577154;https://permalinkbnd.bnportugal.gov.pt/viewer/14594/?offset=#page=54&viewer=picture&o=info&n=0&q=;Imagens | 1747;Cantos | 1748;Episódios - Desembarque de Gama em Calecut | 1767;1366577;https://purl.pt/14465;https://bndigital.bnportugal.gov.pt//i/?IIIF=/6c/d7/47/e6/6cd747e6-f55c-444e-8d02-8c4c86a67972/iiif/cam-1529-p_0000_capa-capa_t24-C-R0150_000001.tif/full/!300,500/0/default.jpg;Livro impresso;Francês;Português;Les lusiades de Luiz de Camoens;;;1.ª ed.;Paris : imprimerie F. Paillart : en la rue de Beaune, à lenseigne du Pot Cassé;1931;1931;258, 4 p.;Camões, Luís de, 1524-1580;;;"Millié, Jean Baptiste Joseph, 1772-1826, Tradutor ; Roy, Bernard, Ilustrador";;;CAM. 1529 P.;;http://id.bnportugal.gov.pt/bib/catbnp/1366577;Livre
8031;1366577;1;78;1366577178;https://permalinkbnd.bnportugal.gov.pt/viewer/14594/?offset=#page=78&viewer=picture&o=info&n=0&q=;Imagens | 1747;Cantos | 1748;Episódios - Segunda Audiência do Samorim a Gama | 1768;1366577;https://purl.pt/14465;https://bndigital.bnportugal.gov.pt//i/?IIIF=/6c/d7/47/e6/6cd747e6-f55c-444e-8d02-8c4c86a67972/iiif/cam-1529-p_0000_capa-capa_t24-C-R0150_000001.tif/full/!300,500/0/default.jpg;Livro impresso;Francês;Português;Les lusiades de Luiz de Camoens;;;1.ª ed.;Paris : imprimerie F. Paillart : en la rue de Beaune, à lenseigne du Pot Cassé;1931;1931;258, 4 p.;Camões, Luís de, 1524-1580;;;"Millié, Jean Baptiste Joseph, 1772-1826, Tradutor ; Roy, Bernard, Ilustrador";;;CAM. 1529 P.;;http://id.bnportugal.gov.pt/bib/catbnp/1366577;Livre
8032;1366577;1;106;13665771106;https://permalinkbnd.bnportugal.gov.pt/viewer/14594/?offset=#page=106&viewer=picture&o=info&n=0&q=;Imagens | 1747;Episódios | 1749;Episódios - Ilha de Vénus | 1769;1366577;https://purl.pt/14465;https://bndigital.bnportugal.gov.pt//i/?IIIF=/6c/d7/47/e6/6cd747e6-f55c-444e-8d02-8c4c86a67972/iiif/cam-1529-p_0000_capa-capa_t24-C-R0150_000001.tif/full/!300,500/0/default.jpg;Livro impresso;Francês;Português;Les lusiades de Luiz de Camoens;;;1.ª ed.;Paris : imprimerie F. Paillart : en la rue de Beaune, à lenseigne du Pot Cassé;1931;1931;258, 4 p.;Camões, Luís de, 1524-1580;;;"Millié, Jean Baptiste Joseph, 1772-1826, Tradutor ; Roy, Bernard, Ilustrador";;;CAM. 1529 P.;;http://id.bnportugal.gov.pt/bib/catbnp/1366577;Livre
8033;1366577;1;128;13665771128;https://permalinkbnd.bnportugal.gov.pt/viewer/14594/?offset=#page=128&viewer=picture&o=info&n=0&q=;Imagens | 1747;Cantos - Cantos I | 1750;Episódios - Audiência d’El-Rei D. Manuel a Gama | 1770;1366577;https://purl.pt/14465;https://bndigital.bnportugal.gov.pt//i/?IIIF=/6c/d7/47/e6/6cd747e6-f55c-444e-8d02-8c4c86a67972/iiif/cam-1529-p_0000_capa-capa_t24-C-R0150_000001.tif/full/!300,500/0/default.jpg;Livro impresso;Francês;Português;Les lusiades de Luiz de Camoens;;;1.ª ed.;Paris : imprimerie F. Paillart : en la rue de Beaune, à lenseigne du Pot Cassé;1931;1931;258, 4 p.;Camões, Luís de, 1524-1580;;;"Millié, Jean Baptiste Joseph, 1772-1826, Tradutor ; Roy, Bernard, Ilustrador";;;CAM. 1529 P.;;http://id.bnportugal.gov.pt/bib/catbnp/1366577;Livre
8034;1366577;1;129;13665771129;https://permalinkbnd.bnportugal.gov.pt/viewer/14594/?offset=#page=129&viewer=picture&o=info&n=0&q=;Imagens | 1747;Cantos - Cantos II | 1751;Episódios - Camões na gruta de Macau | 1760;1366577;https://purl.pt/14465;https://bndigital.bnportugal.gov.pt//i/?IIIF=/6c/d7/47/e6/6cd747e6-f55c-444e-8d02-8c4c86a67972/iiif/cam-1529-p_0000_capa-capa_t24-C-R0150_000001.tif/full/!300,500/0/default.jpg;Livro impresso;Francês;Português;Les lusiades de Luiz de Camoens;;;1.ª ed.;Paris : imprimerie F. Paillart : en la rue de Beaune, à lenseigne du Pot Cassé;1931;1931;258, 4 p.;Camões, Luís de, 1524-1580;;;"Millié, Jean Baptiste Joseph, 1772-1826, Tradutor ; Roy, Bernard, Ilustrador";;;CAM. 1529 P.;;http://id.bnportugal.gov.pt/bib/catbnp/1366577;Livre
8035;1366577;1;150;13665771150;https://permalinkbnd.bnportugal.gov.pt/viewer/14594/?offset=#page=150&viewer=picture&o=info&n=0&q=;Imagens | 1747;Cantos - Cantos III | 1752;Episódios - Visita do Rei de Melinde a Gama | 1761;1366577;https://purl.pt/14465;https://bndigital.bnportugal.gov.pt//i/?IIIF=/6c/d7/47/e6/6cd747e6-f55c-444e-8d02-8c4c86a67972/iiif/cam-1529-p_0000_capa-capa_t24-C-R0150_000001.tif/full/!300,500/0/default.jpg;Livro impresso;Francês;Português;Les lusiades de Luiz de Camoens;;;1.ª ed.;Paris : imprimerie F. Paillart : en la rue de Beaune, à lenseigne du Pot Cassé;1931;1931;258, 4 p.;Camões, Luís de, 1524-1580;;;"Millié, Jean Baptiste Joseph, 1772-1826, Tradutor ; Roy, Bernard, Ilustrador";;;CAM. 1529 P.;;http://id.bnportugal.gov.pt/bib/catbnp/1366577;Livre
8036;1366577;1;151;13665771151;https://permalinkbnd.bnportugal.gov.pt/viewer/14594/?offset=#page=151&viewer=picture&o=info&n=0&q=;Imagens | 1747;Cantos - Cantos IV | 1753;"Episódios - Concílio ""Conselho dos Deuses"" | 1762";1366577;https://purl.pt/14465;https://bndigital.bnportugal.gov.pt//i/?IIIF=/6c/d7/47/e6/6cd747e6-f55c-444e-8d02-8c4c86a67972/iiif/cam-1529-p_0000_capa-capa_t24-C-R0150_000001.tif/full/!300,500/0/default.jpg;Livro impresso;Francês;Português;Les lusiades de Luiz de Camoens;;;1.ª ed.;Paris : imprimerie F. Paillart : en la rue de Beaune, à lenseigne du Pot Cassé;1931;1931;258, 4 p.;Camões, Luís de, 1524-1580;;;"Millié, Jean Baptiste Joseph, 1772-1826, Tradutor ; Roy, Bernard, Ilustrador";;;CAM. 1529 P.;;http://id.bnportugal.gov.pt/bib/catbnp/1366577;Livre
8037;1366577;1;170;13665771170;https://permalinkbnd.bnportugal.gov.pt/viewer/14594/?offset=#page=170&viewer=picture&o=info&n=0&q=;Imagens | 1747;Cantos - Cantos V | 1754;Episódios - Sonho d'El-Rei D. Manuel, no qual lhe aparecem os rios Indo e Ganges | 1763;1366577;https://purl.pt/14465;https://bndigital.bnportugal.gov.pt//i/?IIIF=/6c/d7/47/e6/6cd747e6-f55c-444e-8d02-8c4c86a67972/iiif/cam-1529-p_0000_capa-capa_t24-C-R0150_000001.tif/full/!300,500/0/default.jpg;Livro impresso;Francês;Português;Les lusiades de Luiz de Camoens;;;1.ª ed.;Paris : imprimerie F. Paillart : en la rue de Beaune, à lenseigne du Pot Cassé;1931;1931;258, 4 p.;Camões, Luís de, 1524-1580;;;"Millié, Jean Baptiste Joseph, 1772-1826, Tradutor ; Roy, Bernard, Ilustrador";;;CAM. 1529 P.;;http://id.bnportugal.gov.pt/bib/catbnp/1366577;Livre
8038;1366577;1;171;13665771171;https://permalinkbnd.bnportugal.gov.pt/viewer/14594/?offset=#page=171&viewer=picture&o=info&n=0&q=;Imagens | 1747;Cantos - Cantos VI | 1755;Episódios - Assassínio de Inês de Castro | 1764;1366577;https://purl.pt/14465;https://bndigital.bnportugal.gov.pt//i/?IIIF=/6c/d7/47/e6/6cd747e6-f55c-444e-8d02-8c4c86a67972/iiif/cam-1529-p_0000_capa-capa_t24-C-R0150_000001.tif/full/!300,500/0/default.jpg;Livro impresso;Francês;Português;Les lusiades de Luiz de Camoens;;;1.ª ed.;Paris : imprimerie F. Paillart : en la rue de Beaune, à lenseigne du Pot Cassé;1931;1931;258, 4 p.;Camões, Luís de, 1524-1580;;;"Millié, Jean Baptiste Joseph, 1772-1826, Tradutor ; Roy, Bernard, Ilustrador";;;CAM. 1529 P.;;http://id.bnportugal.gov.pt/bib/catbnp/1366577;Livre
8039;1366577;1;188;13665771188;https://permalinkbnd.bnportugal.gov.pt/viewer/14594/?offset=#page=188&viewer=picture&o=info&n=0&q=;Imagens | 1747;Cantos - Cantos VII | 1756;Episódios - Aparição do gigante Adamastor na passagem do Cabo de B. Esperança | 1765;1366577;https://purl.pt/14465;https://bndigital.bnportugal.gov.pt//i/?IIIF=/6c/d7/47/e6/6cd747e6-f55c-444e-8d02-8c4c86a67972/iiif/cam-1529-p_0000_capa-capa_t24-C-R0150_000001.tif/full/!300,500/0/default.jpg;Livro impresso;Francês;Português;Les lusiades de Luiz de Camoens;;;1.ª ed.;Paris : imprimerie F. Paillart : en la rue de Beaune, à lenseigne du Pot Cassé;1931;1931;258, 4 p.;Camões, Luís de, 1524-1580;;;"Millié, Jean Baptiste Joseph, 1772-1826, Tradutor ; Roy, Bernard, Ilustrador";;;CAM. 1529 P.;;http://id.bnportugal.gov.pt/bib/catbnp/1366577;Livre
8040;1366577;1;189;13665771189;https://permalinkbnd.bnportugal.gov.pt/viewer/14594/?offset=#page=189&viewer=picture&o=info&n=0&q=;Imagens | 1747;Cantos - Cantos VIII | 1757;Episódios - Vénus aplaca os Ventos e a tormenta | 1766;1366577;https://purl.pt/14465;https://bndigital.bnportugal.gov.pt//i/?IIIF=/6c/d7/47/e6/6cd747e6-f55c-444e-8d02-8c4c86a67972/iiif/cam-1529-p_0000_capa-capa_t24-C-R0150_000001.tif/full/!300,500/0/default.jpg;Livro impresso;Francês;Português;Les lusiades de Luiz de Camoens;;;1.ª ed.;Paris : imprimerie F. Paillart : en la rue de Beaune, à lenseigne du Pot Cassé;1931;1931;258, 4 p.;Camões, Luís de, 1524-1580;;;"Millié, Jean Baptiste Joseph, 1772-1826, Tradutor ; Roy, Bernard, Ilustrador";;;CAM. 1529 P.;;http://id.bnportugal.gov.pt/bib/catbnp/1366577;Livre
8041;1366577;1;208;13665771208;https://permalinkbnd.bnportugal.gov.pt/viewer/14594/?offset=#page=208&viewer=picture&o=info&n=0&q=;Imagens | 1747;Cantos - Cantos IX | 1758;Episódios - Desembarque de Gama em Calecut | 1767;1366577;https://purl.pt/14465;https://bndigital.bnportugal.gov.pt//i/?IIIF=/6c/d7/47/e6/6cd747e6-f55c-444e-8d02-8c4c86a67972/iiif/cam-1529-p_0000_capa-capa_t24-C-R0150_000001.tif/full/!300,500/0/default.jpg;Livro impresso;Francês;Português;Les lusiades de Luiz de Camoens;;;1.ª ed.;Paris : imprimerie F. Paillart : en la rue de Beaune, à lenseigne du Pot Cassé;1931;1931;258, 4 p.;Camões, Luís de, 1524-1580;;;"Millié, Jean Baptiste Joseph, 1772-1826, Tradutor ; Roy, Bernard, Ilustrador";;;CAM. 1529 P.;;http://id.bnportugal.gov.pt/bib/catbnp/1366577;Livre
8042;1366577;1;209;13665771209;https://permalinkbnd.bnportugal.gov.pt/viewer/14594/?offset=#page=209&viewer=picture&o=info&n=0&q=;Imagens | 1747;Cantos - Cantos X | 1759;Episódios - Segunda Audiência do Samorim a Gama | 1768;1366577;https://purl.pt/14465;https://bndigital.bnportugal.gov.pt//i/?IIIF=/6c/d7/47/e6/6cd747e6-f55c-444e-8d02-8c4c86a67972/iiif/cam-1529-p_0000_capa-capa_t24-C-R0150_000001.tif/full/!300,500/0/default.jpg;Livro impresso;Francês;Português;Les lusiades de Luiz de Camoens;;;1.ª ed.;Paris : imprimerie F. Paillart : en la rue de Beaune, à lenseigne du Pot Cassé;1931;1931;258, 4 p.;Camões, Luís de, 1524-1580;;;"Millié, Jean Baptiste Joseph, 1772-1826, Tradutor ; Roy, Bernard, Ilustrador";;;CAM. 1529 P.;;http://id.bnportugal.gov.pt/bib/catbnp/1366577;Livre
8043;1366577;1;228;13665771228;https://permalinkbnd.bnportugal.gov.pt/viewer/14594/?offset=#page=228&viewer=picture&o=info&n=0&q=;Imagens | 1747;Episódios | 1749;Episódios - Ilha de Vénus | 1769;1366577;https://purl.pt/14465;https://bndigital.bnportugal.gov.pt//i/?IIIF=/6c/d7/47/e6/6cd747e6-f55c-444e-8d02-8c4c86a67972/iiif/cam-1529-p_0000_capa-capa_t24-C-R0150_000001.tif/full/!300,500/0/default.jpg;Livro impresso;Francês;Português;Les lusiades de Luiz de Camoens;;;1.ª ed.;Paris : imprimerie F. Paillart : en la rue de Beaune, à lenseigne du Pot Cassé;1931;1931;258, 4 p.;Camões, Luís de, 1524-1580;;;"Millié, Jean Baptiste Joseph, 1772-1826, Tradutor ; Roy, Bernard, Ilustrador";;;CAM. 1529 P.;;http://id.bnportugal.gov.pt/bib/catbnp/1366577;Livre
8044;1366577;1;229;13665771229;https://permalinkbnd.bnportugal.gov.pt/viewer/14594/?offset=#page=229&viewer=picture&o=info&n=0&q=;Imagens | 1747;Cantos - Cantos I | 1750;Episódios - Audiência d’El-Rei D. Manuel a Gama | 1770;1366577;https://purl.pt/14465;https://bndigital.bnportugal.gov.pt//i/?IIIF=/6c/d7/47/e6/6cd747e6-f55c-444e-8d02-8c4c86a67972/iiif/cam-1529-p_0000_capa-capa_t24-C-R0150_000001.tif/full/!300,500/0/default.jpg;Livro impresso;Francês;Português;Les lusiades de Luiz de Camoens;;;1.ª ed.;Paris : imprimerie F. Paillart : en la rue de Beaune, à lenseigne du Pot Cassé;1931;1931;258, 4 p.;Camões, Luís de, 1524-1580;;;"Millié, Jean Baptiste Joseph, 1772-1826, Tradutor ; Roy, Bernard, Ilustrador";;;CAM. 1529 P.;;http://id.bnportugal.gov.pt/bib/catbnp/1366577;Livre
8045;1917811;1;1;191781111;https://permalinkbnd.bnportugal.gov.pt/viewer/89062/?offset=#page=1&viewer=picture&o=info&n=0&q=;Imagens | 1747;Cantos - Cantos II | 1751;Episódios - Camões na gruta de Macau | 1760;1917811;https://purl.pt/27836;https://bndigital.bnportugal.gov.pt//i/?IIIF=/8d/ff/2a/19/8dff2a19-54a5-4ad3-b5a6-94470c24be7f/iiif/pi-9193-p_0000_1-2_t24-C-R0150_000001.tif/full/!300,500/0/default.jpg;Iconografia;Inglês;;Gruta de Camões;Macau, circa 1835;;1.ª ed.;Macau : Tourist Information Bureau;1980;1980;1 postal;;;;;;;P.I. 9193 P.;;http://id.bnportugal.gov.pt/bib/catbnp/1917811;Livre
8046;2186705;1;4;218670514;https://permalinkbnd.bnportugal.gov.pt/viewer/272813/?offset=#page=4&viewer=picture&o=info&n=0&q=;Imagens | 1747;Cantos - Cantos III | 1752;Episódios - Visita do Rei de Melinde a Gama | 1761;2186705;https://purl.pt/43582;https://bndigital.bnportugal.gov.pt//i/?IIIF=/f5/7b/4e/98/f57b4e98-afd8-4d5e-a925-ee472a48647e/iiif/cam-60-1-3-a_0000_000001.tif/full/!300,500/0/default.jpg;Livro impresso;Português;;Miscelânea camoniana;artigos de imprensa sobre Camões, 1867;;1.ª ed.;Lisboa,;1867;1867;6 f.;;;;;;;CAM. 60//1-3 A.;;http://id.bnportugal.gov.pt/bib/catbnp/2186705;Livre
8047;252584;1;13;252584113;https://permalinkbnd.bnportugal.gov.pt/viewer/279095/?offset=#page=13&viewer=picture&o=info&n=0&q=;Imagens | 1747;Cantos - Cantos IV | 1753;"Episódios - Concílio ""Conselho dos Deuses"" | 1762";252584;https://purl.pt/44933;https://bndigital.bnportugal.gov.pt//i/?IIIF=/ed/45/b6/6e/ed45b66e-e8d2-4ac1-8584-95c8935768b3/iiif/cam-990-p_0013.tif/full/!300,500/0/default.jpg;Livro impresso;Português;;A fábula de Narciso;;;1.ª ed.;Porto : Imprensa Internacional;1880;1880;32 p.;Camões, Luís de, 1524-1580;;;Brito, Ferreira de, fl. 187--188-, Editor literário;;;CAM. 306//1 P.;CAM500;http://id.bnportugal.gov.pt/bib/catbnp/252584;Livre
8048;370691;1;15;370691115;https://permalinkbnd.bnportugal.gov.pt/viewer/278400/?offset=#page=15&viewer=picture&o=info&n=0&q=;Imagens | 1747;Cantos - Cantos V | 1754;Episódios - Sonho d'El-Rei D. Manuel, no qual lhe aparecem os rios Indo e Ganges | 1763;370691;https://purl.pt/44628;https://bndigital.bnportugal.gov.pt//i/?IIIF=/80/26/01/1a/8026011a-b3a3-40ec-8677-e50093e3c66f/iiif/cam-527-p_0007.tif/full/!300,500/0/default.jpg;Livro impresso;Português;;Poesias lyricas;;;1.ª ed.;Rio de Janeiro : s.n.;1880;1880;159 p.;Camões, Luís de, 1524-1580;;;;;;L. 25600 P.;CAM500;http://id.bnportugal.gov.pt/bib/catbnp/370691;Livre
8049;370691;1;117 vs. 109;3706911117 vs. 109;https://permalinkbnd.bnportugal.gov.pt/viewer/278400/?offset=#page=117 vs. 109&viewer=picture&o=info&n=0&q=;Imagens | 1747;Cantos - Cantos VI | 1755;Episódios - Assassínio de Inês de Castro | 1764;370691;https://purl.pt/44628;https://bndigital.bnportugal.gov.pt//i/?IIIF=/80/26/01/1a/8026011a-b3a3-40ec-8677-e50093e3c66f/iiif/cam-527-p_0007.tif/full/!300,500/0/default.jpg;Livro impresso;Português;;Poesias lyricas;;;1.ª ed.;Rio de Janeiro : s.n.;1880;1880;159 p.;Camões, Luís de, 1524-1580;;;;;;L. 25600 P.;CAM500;http://id.bnportugal.gov.pt/bib/catbnp/370691;Livre
8050;370691;1;121;3706911121;https://permalinkbnd.bnportugal.gov.pt/viewer/278400/?offset=#page=121&viewer=picture&o=info&n=0&q=;Imagens | 1747;Cantos - Cantos VII | 1756;Episódios - Aparição do gigante Adamastor na passagem do Cabo de B. Esperança | 1765;370691;https://purl.pt/44628;https://bndigital.bnportugal.gov.pt//i/?IIIF=/80/26/01/1a/8026011a-b3a3-40ec-8677-e50093e3c66f/iiif/cam-527-p_0007.tif/full/!300,500/0/default.jpg;Livro impresso;Português;;Poesias lyricas;;;1.ª ed.;Rio de Janeiro : s.n.;1880;1880;159 p.;Camões, Luís de, 1524-1580;;;;;;L. 25600 P.;CAM500;http://id.bnportugal.gov.pt/bib/catbnp/370691;Livre
8051;370691;1;153 vs. 135;3706911153 vs. 135;https://permalinkbnd.bnportugal.gov.pt/viewer/278400/?offset=#page=153 vs. 135&viewer=picture&o=info&n=0&q=;Imagens | 1747;Cantos - Cantos VIII | 1757;Episódios - Vénus aplaca os Ventos e a tormenta | 1766;370691;https://purl.pt/44628;https://bndigital.bnportugal.gov.pt//i/?IIIF=/80/26/01/1a/8026011a-b3a3-40ec-8677-e50093e3c66f/iiif/cam-527-p_0007.tif/full/!300,500/0/default.jpg;Livro impresso;Português;;Poesias lyricas;;;1.ª ed.;Rio de Janeiro : s.n.;1880;1880;159 p.;Camões, Luís de, 1524-1580;;;;;;L. 25600 P.;CAM500;http://id.bnportugal.gov.pt/bib/catbnp/370691;Livre
8052;370691;1;145;3706911145;https://permalinkbnd.bnportugal.gov.pt/viewer/278400/?offset=#page=145&viewer=picture&o=info&n=0&q=;Imagens | 1747;Cantos - Cantos IX | 1758;Episódios - Desembarque de Gama em Calecut | 1767;370691;https://purl.pt/44628;https://bndigital.bnportugal.gov.pt//i/?IIIF=/80/26/01/1a/8026011a-b3a3-40ec-8677-e50093e3c66f/iiif/cam-527-p_0007.tif/full/!300,500/0/default.jpg;Livro impresso;Português;;Poesias lyricas;;;1.ª ed.;Rio de Janeiro : s.n.;1880;1880;159 p.;Camões, Luís de, 1524-1580;;;;;;L. 25600 P.;CAM500;http://id.bnportugal.gov.pt/bib/catbnp/370691;Livre
8053;370691;1;165;3706911165;https://permalinkbnd.bnportugal.gov.pt/viewer/278400/?offset=#page=165&viewer=picture&o=info&n=0&q=;Imagens | 1747;Cantos - Cantos X | 1759;Episódios - Segunda Audiência do Samorim a Gama | 1768;370691;https://purl.pt/44628;https://bndigital.bnportugal.gov.pt//i/?IIIF=/80/26/01/1a/8026011a-b3a3-40ec-8677-e50093e3c66f/iiif/cam-527-p_0007.tif/full/!300,500/0/default.jpg;Livro impresso;Português;;Poesias lyricas;;;1.ª ed.;Rio de Janeiro : s.n.;1880;1880;159 p.;Camões, Luís de, 1524-1580;;;;;;L. 25600 P.;CAM500;http://id.bnportugal.gov.pt/bib/catbnp/370691;Livre
8054;397797;1;5;39779715;https://permalinkbnd.bnportugal.gov.pt/viewer/278662/?offset=#page=5&viewer=picture&o=info&n=0&q=;Imagens | 1747;Cantos | 1748;Episódios - Ilha de Vénus | 1769;397797;https://purl.pt/44736;https://bndigital.bnportugal.gov.pt//i/?IIIF=/9b/d6/f2/01/9bd6f201-e699-4b5f-9323-5597a62561fa/iiif/cam-706-p_0005.tif/full/!300,500/0/default.jpg;Livro impresso;Português;;Os Lusíadas;poema epico ...;;Nova ed;Lisboa : Typ. de L.C. da Cunha;1868;1868;397 p.;Camões, Luís de, 1524-1580;;;;;;CAM. 706 P.;CAM500;http://id.bnportugal.gov.pt/bib/catbnp/397797;Livre
8055;397797;1;8;39779718;https://permalinkbnd.bnportugal.gov.pt/viewer/278662/?offset=#page=8&viewer=picture&o=info&n=0&q=;Imagens | 1747;Cantos | 1748;Episódios - Audiência d’El-Rei D. Manuel a Gama | 1770;397797;https://purl.pt/44736;https://bndigital.bnportugal.gov.pt//i/?IIIF=/9b/d6/f2/01/9bd6f201-e699-4b5f-9323-5597a62561fa/iiif/cam-706-p_0005.tif/full/!300,500/0/default.jpg;Livro impresso;Português;;Os Lusíadas;poema epico ...;;Nova ed;Lisboa : Typ. de L.C. da Cunha;1868;1868;397 p.;Camões, Luís de, 1524-1580;;;;;;CAM. 706 P.;CAM500;http://id.bnportugal.gov.pt/bib/catbnp/397797;Livre
8056;397855;1;5;39785515;https://permalinkbnd.bnportugal.gov.pt/viewer/278491/?offset=#page=5&viewer=picture&o=info&n=0&q=;Imagens | 1747;Episódios | 1749;Episódios - Camões na gruta de Macau | 1760;397855;https://purl.pt/44671;https://bndigital.bnportugal.gov.pt//i/?IIIF=/35/4d/2b/9c/354d2b9c-1cb5-439d-837c-7cf7a957ef5f/iiif/cam-600-v_0001.tif/full/!300,500/0/default.jpg;Livro impresso;Português;;Novas poesias;;;1.ª ed.;Porto : J. A. Alves Viana;1890;1890;14 p.;Camões, Luís de, 1524-1580;;;Viana, J. A. Alves, ca 18- -, Comentador de texto escrito;;;L. 14753 V.;CAM500;http://id.bnportugal.gov.pt/bib/catbnp/397855;Livre
8057;397878;1;4;39787814;https://permalinkbnd.bnportugal.gov.pt/viewer/278670/?offset=#page=4&viewer=picture&o=info&n=0&q=;Imagens | 1747;Cantos - Cantos I | 1750;Episódios - Visita do Rei de Melinde a Gama | 1761;397878;https://purl.pt/44739;https://bndigital.bnportugal.gov.pt//i/?IIIF=/a9/00/f4/e8/a900f4e8-5a70-494b-a014-3ddb40bb2837/iiif/cam-659-8-v_0001.tif/full/!300,500/0/default.jpg;Livro impresso;Português;;Uma traducção hollandeza de Camões;;;1.ª ed.;Porto : Circulo Camoniano : Imprensa Moderna;1890;1890;8 p.;Camões, Luís de, 1524-1580;;;"Kerkhoven, Theodorus Johannes, Tradutor ; Tomás, Aníbal Fernandes, 1849-1911, Autor da introdução, etc.";;;CAM. 659//8 V.;CAM500;http://id.bnportugal.gov.pt/bib/catbnp/397878;Livre
8058;397880;1;3;39788013;https://permalinkbnd.bnportugal.gov.pt/viewer/279637/?offset=#page=3&viewer=picture&o=info&n=0&q=;Imagens | 1747;Cantos - Cantos II | 1751;"Episódios - Concílio ""Conselho dos Deuses"" | 1762";397880;https://purl.pt/44834;https://bndigital.bnportugal.gov.pt//i/?IIIF=/31/2a/e9/4d/312ae94d-db1a-4a8e-8f2c-544e688d768c/iiif/cam-938-p_0003.tif/full/!300,500/0/default.jpg;Livro impresso;Arménio;Português;Tres estrophes;;;1.ª ed.;Veneza : Typographia da Ilha de S. Lazaro;1898;1898;8 p.;Camões, Luís de, 1524-1580;;;"Araújo, Joaquim de, 1858-1917, Autor da introdução, etc. ; Ghazik, Arsenio, Tradutor";;;CAM. 398//2 V.;CAM500;http://id.bnportugal.gov.pt/bib/catbnp/397880;Livre
8059;397880;1;5;39788015;https://permalinkbnd.bnportugal.gov.pt/viewer/279637/?offset=#page=5&viewer=picture&o=info&n=0&q=;Imagens | 1747;Cantos - Cantos III | 1752;Episódios - Sonho d'El-Rei D. Manuel, no qual lhe aparecem os rios Indo e Ganges | 1763;397880;https://purl.pt/44834;https://bndigital.bnportugal.gov.pt//i/?IIIF=/31/2a/e9/4d/312ae94d-db1a-4a8e-8f2c-544e688d768c/iiif/cam-938-p_0003.tif/full/!300,500/0/default.jpg;Livro impresso;Arménio;Português;Tres estrophes;;;1.ª ed.;Veneza : Typographia da Ilha de S. Lazaro;1898;1898;8 p.;Camões, Luís de, 1524-1580;;;"Araújo, Joaquim de, 1858-1917, Autor da introdução, etc. ; Ghazik, Arsenio, Tradutor";;;CAM. 398//2 V.;CAM500;http://id.bnportugal.gov.pt/bib/catbnp/397880;Livre
8060;397880;1;8;39788018;https://permalinkbnd.bnportugal.gov.pt/viewer/279637/?offset=#page=8&viewer=picture&o=info&n=0&q=;Imagens | 1747;Cantos - Cantos IV | 1753;Episódios - Assassínio de Inês de Castro | 1764;397880;https://purl.pt/44834;https://bndigital.bnportugal.gov.pt//i/?IIIF=/31/2a/e9/4d/312ae94d-db1a-4a8e-8f2c-544e688d768c/iiif/cam-938-p_0003.tif/full/!300,500/0/default.jpg;Livro impresso;Arménio;Português;Tres estrophes;;;1.ª ed.;Veneza : Typographia da Ilha de S. Lazaro;1898;1898;8 p.;Camões, Luís de, 1524-1580;;;"Araújo, Joaquim de, 1858-1917, Autor da introdução, etc. ; Ghazik, Arsenio, Tradutor";;;CAM. 398//2 V.;CAM500;http://id.bnportugal.gov.pt/bib/catbnp/397880;Livre
8061;397880;1;10;397880110;https://permalinkbnd.bnportugal.gov.pt/viewer/279637/?offset=#page=10&viewer=picture&o=info&n=0&q=;Imagens | 1747;Cantos - Cantos V | 1754;Episódios - Aparição do gigante Adamastor na passagem do Cabo de B. Esperança | 1765;397880;https://purl.pt/44834;https://bndigital.bnportugal.gov.pt//i/?IIIF=/31/2a/e9/4d/312ae94d-db1a-4a8e-8f2c-544e688d768c/iiif/cam-938-p_0003.tif/full/!300,500/0/default.jpg;Livro impresso;Arménio;Português;Tres estrophes;;;1.ª ed.;Veneza : Typographia da Ilha de S. Lazaro;1898;1898;8 p.;Camões, Luís de, 1524-1580;;;"Araújo, Joaquim de, 1858-1917, Autor da introdução, etc. ; Ghazik, Arsenio, Tradutor";;;CAM. 398//2 V.;CAM500;http://id.bnportugal.gov.pt/bib/catbnp/397880;Livre
8062;458381;1;12;458381112;https://permalinkbnd.bnportugal.gov.pt/viewer/1880/?offset=#page=12&viewer=picture&o=info&n=0&q=;Imagens | 1747;Cantos - Cantos VI | 1755;Episódios - Vénus aplaca os Ventos e a tormenta | 1766;458381;https://purl.pt/44583;https://bndigital.bnportugal.gov.pt//i/?IIIF=/af/b1/dd/2a/afb1dd2a-13d1-4982-88e4-3eb01615ec44/iiif/cam-520-v_0007.tif/full/!300,500/0/default.jpg;Livro impresso;Português;;Sarau literario em comemoração do tri-centenario de Luiz de Camões 1580-1880;;;1.ª ed.;Coimbra : Imprensa da Universidade;1880;1880;119, 2 p.;;;;;;;CAM. 520 V.;CAM500;http://id.bnportugal.gov.pt/bib/catbnp/458381;Livre
8063;464811;1;10;464811110;https://permalinkbnd.bnportugal.gov.pt/viewer/278595/?offset=#page=10&viewer=picture&o=info&n=0&q=;Imagens | 1747;Cantos - Cantos VII | 1756;Episódios - Desembarque de Gama em Calecut | 1767;464811;https://purl.pt/44713;https://bndigital.bnportugal.gov.pt//i/?IIIF=/35/b8/a5/60/35b8a560-baf3-4c9e-ba05-30da3e5e5b8c/iiif/cam-608-v_0007.tif/full/!300,500/0/default.jpg;Livro impresso;Francês;;Les poétes les plus célébres français, italiens, allemands, anglais, espagnols, portugais;;;1.ª ed.;Lille : L. Lefort;1859;1859;287, 1 p.;Montrond, Maxime de;;;"Cabasson, Guillaume-Alphonse Harang, 1814-1884, Ilustrador ; Lefort, L., 18- -, Impressor";;;CAM. 608 V.;CAM500;http://id.bnportugal.gov.pt/bib/catbnp/464811;Livre
8064;464977;1;8;46497718;https://permalinkbnd.bnportugal.gov.pt/viewer/278597/?offset=#page=8&viewer=picture&o=info&n=0&q=;Imagens | 1747;Cantos - Cantos VIII | 1757;Episódios - Segunda Audiência do Samorim a Gama | 1768;464977;https://purl.pt/44712;https://bndigital.bnportugal.gov.pt//i/?IIIF=/a6/e2/2b/83/a6e22b83-eb8d-4db9-bb74-e361249918d3/iiif/cam-620-v_0001.tif/full/!300,500/0/default.jpg;Livro impresso;Português;;A estrela Vénus nos Lusíadas;;;1.ª ed.;Porto : Tip. da Renascença Portuguesa;1910;1910;16 p.;Silva, Luciano Pereira da, 1864-1926;;;;;;L. 59028 V.;CAM500;http://id.bnportugal.gov.pt/bib/catbnp/464977;Livre
8065;465372;1;1;46537211;https://permalinkbnd.bnportugal.gov.pt/viewer/278668/?offset=#page=1&viewer=picture&o=info&n=0&q=;Imagens | 1747;Cantos - Cantos IX | 1758;Episódios - Ilha de Vénus | 1769;465372;https://purl.pt/44726;https://bndigital.bnportugal.gov.pt//i/?IIIF=/7b/32/9c/48/7b329c48-ac08-4d10-b01e-125ffe5a58da/iiif/cam-634-v_0001.tif/full/!300,500/0/default.jpg;Livro impresso;Português;;Camões, patria e caridade;memória a Luiz de Camões em 10 de Junho de 1882;;1.ª ed.;Rio de Janeiro : Off. de Fernandes da Silva e Mendes;1882;1882;38 p.;;;;;;;CAM. 634 V.;CAM500;http://id.bnportugal.gov.pt/bib/catbnp/465372;Livre
8066;782738;1;5;78273815;https://permalinkbnd.bnportugal.gov.pt/viewer/278663/?offset=#page=5&viewer=picture&o=info&n=0&q=;Imagens | 1747;Cantos - Cantos X | 1759;Episódios - Audiência d’El-Rei D. Manuel a Gama | 1770;782738;https://purl.pt/44727;https://bndigital.bnportugal.gov.pt//i/?IIIF=/53/96/60/6e/5396606e-746e-45a4-acca-09d74fd70fad/iiif/cam-701-p_0007.tif/full/!300,500/0/default.jpg;Livro impresso;Português;;Os Lusíadas;poema épico;;Nova ed. popular conforme às ed. clássicas de 1572;Lisboa : Tip. de F. X. de Sousa & Filho;1870;1870;395 p.;Camões, Luís de, 1524-1580;;;;;;CAM. 701 P.;CAM500;http://id.bnportugal.gov.pt/bib/catbnp/782738;Livre
8067;784624;1;8;78462418;https://permalinkbnd.bnportugal.gov.pt/viewer/278795/?offset=#page=8&viewer=picture&o=info&n=0&q=;Imagens | 1747;Episódios | 1749;Episódios - Camões na gruta de Macau | 1760;784624;https://purl.pt/44799;https://bndigital.bnportugal.gov.pt//i/?IIIF=/d0/40/39/a0/d04039a0-2f3d-4ed0-b37a-da8ae9ef2104/iiif/cam-725-p_0009.tif/full/!300,500/0/default.jpg;Livro impresso;Português;;Os Lusíadas;poema épico;;Nova ed. conforme à de 1817, in 4º;Paris : V J. P. Aillaud;1875;1875;536 p.;Camões, Luís de, 1524-1580;;;"Mateus, Morgado de, 1758-1825, Editor literário ; Sousa, Paulino de, ca. 18--, Editor comercial";;;CAM. 725 P.;CAM500;http://id.bnportugal.gov.pt/bib/catbnp/784624;Livre
8068;784624;1;59;784624159;https://permalinkbnd.bnportugal.gov.pt/viewer/278795/?offset=#page=59&viewer=picture&o=info&n=0&q=;Imagens | 1747;Cantos - Cantos I | 1750;Episódios - Visita do Rei de Melinde a Gama | 1761;784624;https://purl.pt/44799;https://bndigital.bnportugal.gov.pt//i/?IIIF=/d0/40/39/a0/d04039a0-2f3d-4ed0-b37a-da8ae9ef2104/iiif/cam-725-p_0009.tif/full/!300,500/0/default.jpg;Livro impresso;Português;;Os Lusíadas;poema épico;;Nova ed. conforme à de 1817, in 4º;Paris : V J. P. Aillaud;1875;1875;536 p.;Camões, Luís de, 1524-1580;;;"Mateus, Morgado de, 1758-1825, Editor literário ; Sousa, Paulino de, ca. 18--, Editor comercial";;;CAM. 725 P.;CAM500;http://id.bnportugal.gov.pt/bib/catbnp/784624;Livre
8069;784624;1;97;784624197;https://permalinkbnd.bnportugal.gov.pt/viewer/278795/?offset=#page=97&viewer=picture&o=info&n=0&q=;Imagens | 1747;Cantos - Cantos II | 1751;"Episódios - Concílio ""Conselho dos Deuses"" | 1762";784624;https://purl.pt/44799;https://bndigital.bnportugal.gov.pt//i/?IIIF=/d0/40/39/a0/d04039a0-2f3d-4ed0-b37a-da8ae9ef2104/iiif/cam-725-p_0009.tif/full/!300,500/0/default.jpg;Livro impresso;Português;;Os Lusíadas;poema épico;;Nova ed. conforme à de 1817, in 4º;Paris : V J. P. Aillaud;1875;1875;536 p.;Camões, Luís de, 1524-1580;;;"Mateus, Morgado de, 1758-1825, Editor literário ; Sousa, Paulino de, ca. 18--, Editor comercial";;;CAM. 725 P.;CAM500;http://id.bnportugal.gov.pt/bib/catbnp/784624;Livre
8070;784624;1;139;7846241139;https://permalinkbnd.bnportugal.gov.pt/viewer/278795/?offset=#page=139&viewer=picture&o=info&n=0&q=;Imagens | 1747;Cantos - Cantos III | 1752;Episódios - Sonho d'El-Rei D. Manuel, no qual lhe aparecem os rios Indo e Ganges | 1763;784624;https://purl.pt/44799;https://bndigital.bnportugal.gov.pt//i/?IIIF=/d0/40/39/a0/d04039a0-2f3d-4ed0-b37a-da8ae9ef2104/iiif/cam-725-p_0009.tif/full/!300,500/0/default.jpg;Livro impresso;Português;;Os Lusíadas;poema épico;;Nova ed. conforme à de 1817, in 4º;Paris : V J. P. Aillaud;1875;1875;536 p.;Camões, Luís de, 1524-1580;;;"Mateus, Morgado de, 1758-1825, Editor literário ; Sousa, Paulino de, ca. 18--, Editor comercial";;;CAM. 725 P.;CAM500;http://id.bnportugal.gov.pt/bib/catbnp/784624;Livre
8071;784624;1;191;7846241191;https://permalinkbnd.bnportugal.gov.pt/viewer/278795/?offset=#page=191&viewer=picture&o=info&n=0&q=;Imagens | 1747;Cantos - Cantos IV | 1753;Episódios - Assassínio de Inês de Castro | 1764;784624;https://purl.pt/44799;https://bndigital.bnportugal.gov.pt//i/?IIIF=/d0/40/39/a0/d04039a0-2f3d-4ed0-b37a-da8ae9ef2104/iiif/cam-725-p_0009.tif/full/!300,500/0/default.jpg;Livro impresso;Português;;Os Lusíadas;poema épico;;Nova ed. conforme à de 1817, in 4º;Paris : V J. P. Aillaud;1875;1875;536 p.;Camões, Luís de, 1524-1580;;;"Mateus, Morgado de, 1758-1825, Editor literário ; Sousa, Paulino de, ca. 18--, Editor comercial";;;CAM. 725 P.;CAM500;http://id.bnportugal.gov.pt/bib/catbnp/784624;Livre
8072;784624;1;229;7846241229;https://permalinkbnd.bnportugal.gov.pt/viewer/278795/?offset=#page=229&viewer=picture&o=info&n=0&q=;Imagens | 1747;Cantos - Cantos V | 1754;Episódios - Aparição do gigante Adamastor na passagem do Cabo de B. Esperança | 1765;784624;https://purl.pt/44799;https://bndigital.bnportugal.gov.pt//i/?IIIF=/d0/40/39/a0/d04039a0-2f3d-4ed0-b37a-da8ae9ef2104/iiif/cam-725-p_0009.tif/full/!300,500/0/default.jpg;Livro impresso;Português;;Os Lusíadas;poema épico;;Nova ed. conforme à de 1817, in 4º;Paris : V J. P. Aillaud;1875;1875;536 p.;Camões, Luís de, 1524-1580;;;"Mateus, Morgado de, 1758-1825, Editor literário ; Sousa, Paulino de, ca. 18--, Editor comercial";;;CAM. 725 P.;CAM500;http://id.bnportugal.gov.pt/bib/catbnp/784624;Livre
8073;784624;1;265;7846241265;https://permalinkbnd.bnportugal.gov.pt/viewer/278795/?offset=#page=265&viewer=picture&o=info&n=0&q=;Imagens | 1747;Cantos - Cantos VI | 1755;Episódios - Vénus aplaca os Ventos e a tormenta | 1766;784624;https://purl.pt/44799;https://bndigital.bnportugal.gov.pt//i/?IIIF=/d0/40/39/a0/d04039a0-2f3d-4ed0-b37a-da8ae9ef2104/iiif/cam-725-p_0009.tif/full/!300,500/0/default.jpg;Livro impresso;Português;;Os Lusíadas;poema épico;;Nova ed. conforme à de 1817, in 4º;Paris : V J. P. Aillaud;1875;1875;536 p.;Camões, Luís de, 1524-1580;;;"Mateus, Morgado de, 1758-1825, Editor literário ; Sousa, Paulino de, ca. 18--, Editor comercial";;;CAM. 725 P.;CAM500;http://id.bnportugal.gov.pt/bib/catbnp/784624;Livre
8074;784624;1;301;7846241301;https://permalinkbnd.bnportugal.gov.pt/viewer/278795/?offset=#page=301&viewer=picture&o=info&n=0&q=;Imagens | 1747;Cantos - Cantos VII | 1756;Episódios - Desembarque de Gama em Calecut | 1767;784624;https://purl.pt/44799;https://bndigital.bnportugal.gov.pt//i/?IIIF=/d0/40/39/a0/d04039a0-2f3d-4ed0-b37a-da8ae9ef2104/iiif/cam-725-p_0009.tif/full/!300,500/0/default.jpg;Livro impresso;Português;;Os Lusíadas;poema épico;;Nova ed. conforme à de 1817, in 4º;Paris : V J. P. Aillaud;1875;1875;536 p.;Camões, Luís de, 1524-1580;;;"Mateus, Morgado de, 1758-1825, Editor literário ; Sousa, Paulino de, ca. 18--, Editor comercial";;;CAM. 725 P.;CAM500;http://id.bnportugal.gov.pt/bib/catbnp/784624;Livre
8075;784624;1;333;7846241333;https://permalinkbnd.bnportugal.gov.pt/viewer/278795/?offset=#page=333&viewer=picture&o=info&n=0&q=;Imagens | 1747;Cantos - Cantos VIII | 1757;Episódios - Segunda Audiência do Samorim a Gama | 1768;784624;https://purl.pt/44799;https://bndigital.bnportugal.gov.pt//i/?IIIF=/d0/40/39/a0/d04039a0-2f3d-4ed0-b37a-da8ae9ef2104/iiif/cam-725-p_0009.tif/full/!300,500/0/default.jpg;Livro impresso;Português;;Os Lusíadas;poema épico;;Nova ed. conforme à de 1817, in 4º;Paris : V J. P. Aillaud;1875;1875;536 p.;Camões, Luís de, 1524-1580;;;"Mateus, Morgado de, 1758-1825, Editor literário ; Sousa, Paulino de, ca. 18--, Editor comercial";;;CAM. 725 P.;CAM500;http://id.bnportugal.gov.pt/bib/catbnp/784624;Livre
8076;784624;1;369;7846241369;https://permalinkbnd.bnportugal.gov.pt/viewer/278795/?offset=#page=369&viewer=picture&o=info&n=0&q=;Imagens | 1747;Cantos - Cantos IX | 1758;Episódios - Ilha de Vénus | 1769;784624;https://purl.pt/44799;https://bndigital.bnportugal.gov.pt//i/?IIIF=/d0/40/39/a0/d04039a0-2f3d-4ed0-b37a-da8ae9ef2104/iiif/cam-725-p_0009.tif/full/!300,500/0/default.jpg;Livro impresso;Português;;Os Lusíadas;poema épico;;Nova ed. conforme à de 1817, in 4º;Paris : V J. P. Aillaud;1875;1875;536 p.;Camões, Luís de, 1524-1580;;;"Mateus, Morgado de, 1758-1825, Editor literário ; Sousa, Paulino de, ca. 18--, Editor comercial";;;CAM. 725 P.;CAM500;http://id.bnportugal.gov.pt/bib/catbnp/784624;Livre
8077;784624;1;405;7846241405;https://permalinkbnd.bnportugal.gov.pt/viewer/278795/?offset=#page=405&viewer=picture&o=info&n=0&q=;Imagens | 1747;Cantos - Cantos X | 1759;Episódios - Audiência d’El-Rei D. Manuel a Gama | 1770;784624;https://purl.pt/44799;https://bndigital.bnportugal.gov.pt//i/?IIIF=/d0/40/39/a0/d04039a0-2f3d-4ed0-b37a-da8ae9ef2104/iiif/cam-725-p_0009.tif/full/!300,500/0/default.jpg;Livro impresso;Português;;Os Lusíadas;poema épico;;Nova ed. conforme à de 1817, in 4º;Paris : V J. P. Aillaud;1875;1875;536 p.;Camões, Luís de, 1524-1580;;;"Mateus, Morgado de, 1758-1825, Editor literário ; Sousa, Paulino de, ca. 18--, Editor comercial";;;CAM. 725 P.;CAM500;http://id.bnportugal.gov.pt/bib/catbnp/784624;Livre
8078;789264;1;22;789264122;https://permalinkbnd.bnportugal.gov.pt/viewer/279624/?offset=#page=22&viewer=picture&o=info&n=0&q=;Imagens | 1747;Cantos | 1748;Episódios - Camões na gruta de Macau | 1760;789264;https://purl.pt/44828;https://bndigital.bnportugal.gov.pt//i/?IIIF=/d2/dc/04/81/d2dc0481-8db0-44e7-b9a9-8d2d8c63ae0f/iiif/cam-869-p_0005.tif/full/!300,500/0/default.jpg;Livro impresso;Português;;Apotheose camoneana;;;1.ª ed.;Porto : Empreza Ferreira de Brito;1885;1885;16 p.;Carvalho, Xavier de, 1862-1919;;;;;;CAM. 869 P.;CAM500;http://id.bnportugal.gov.pt/bib/catbnp/789264;Livre
8079;789264;1;24;789264124;https://permalinkbnd.bnportugal.gov.pt/viewer/279624/?offset=#page=24&viewer=picture&o=info&n=0&q=;Imagens | 1747;Cantos | 1748;Episódios - Visita do Rei de Melinde a Gama | 1761;789264;https://purl.pt/44828;https://bndigital.bnportugal.gov.pt//i/?IIIF=/d2/dc/04/81/d2dc0481-8db0-44e7-b9a9-8d2d8c63ae0f/iiif/cam-869-p_0005.tif/full/!300,500/0/default.jpg;Livro impresso;Português;;Apotheose camoneana;;;1.ª ed.;Porto : Empreza Ferreira de Brito;1885;1885;16 p.;Carvalho, Xavier de, 1862-1919;;;;;;CAM. 869 P.;CAM500;http://id.bnportugal.gov.pt/bib/catbnp/789264;Livre
8080;798873;1;5;79887315;https://permalinkbnd.bnportugal.gov.pt/viewer/279100/?offset=#page=5&viewer=picture&o=info&n=0&q=;Imagens | 1747;Episódios | 1749;"Episódios - Concílio ""Conselho dos Deuses"" | 1762";798873;https://purl.pt/44930;https://bndigital.bnportugal.gov.pt//i/?IIIF=/fd/07/3b/25/fd073b25-f776-432d-95b0-d26cd417aa0a/iiif/cam-988-p_0003.tif/full/!300,500/0/default.jpg;Livro impresso;Português;;Camões e os Lusíadas;estudo crítico publicado por ocasião do tricentenário;;1.ª ed.;Lisboa : Nova Livr. Internacional;1880;1880;XX p.;Braga, Teófilo, 1843-1924;;;;;;CAM. 988 P.;CAM500;http://id.bnportugal.gov.pt/bib/catbnp/798873;Livre
8081;798873;1;7;79887317;https://permalinkbnd.bnportugal.gov.pt/viewer/279100/?offset=#page=7&viewer=picture&o=info&n=0&q=;Imagens | 1747;Cantos - Cantos I | 1750;Episódios - Sonho d'El-Rei D. Manuel, no qual lhe aparecem os rios Indo e Ganges | 1763;798873;https://purl.pt/44930;https://bndigital.bnportugal.gov.pt//i/?IIIF=/fd/07/3b/25/fd073b25-f776-432d-95b0-d26cd417aa0a/iiif/cam-988-p_0003.tif/full/!300,500/0/default.jpg;Livro impresso;Português;;Camões e os Lusíadas;estudo crítico publicado por ocasião do tricentenário;;1.ª ed.;Lisboa : Nova Livr. Internacional;1880;1880;XX p.;Braga, Teófilo, 1843-1924;;;;;;CAM. 988 P.;CAM500;http://id.bnportugal.gov.pt/bib/catbnp/798873;Livre
8082;874191;1;9;87419119;https://permalinkbnd.bnportugal.gov.pt/viewer/278495/?offset=#page=9&viewer=picture&o=info&n=0&q=;Imagens | 1747;Cantos - Cantos II | 1751;Episódios - Assassínio de Inês de Castro | 1764;874191;https://purl.pt/44675;https://bndigital.bnportugal.gov.pt//i/?IIIF=/a0/63/83/e3/a06383e3-edcd-485a-98fc-dafc1c281033/iiif/cam-543-v_0003.tif/full/!300,500/0/default.jpg;Livro impresso;Francês;;Art camonien;lettre a Mr. Joaquim de Araujo;;1.ª ed.;Porto : Redacção do Circulo Camoniano;1892;1892;13 p., 1 est.;Vaksel, Platon L'vovich, 1844-1918;;;Araújo, Joaquim de, 1858-1917, Antecedente bibliográfico;;;CAM. 543 V.;CAM500;http://id.bnportugal.gov.pt/bib/catbnp/874191;Livre
8083;224027;1;7;22402717;https://permalinkbnd.bnportugal.gov.pt/viewer/14663/?offset=#page=7&viewer=picture&o=info&n=0&q=;Imagens | 1747;Cantos - Cantos III | 1752;Episódios - Aparição do gigante Adamastor na passagem do Cabo de B. Esperança | 1765;224027;https://purl.pt/23629;https://bndigital.bnportugal.gov.pt//i/?IIIF=/7b/7a/f5/77/7b7af577-eb20-40d0-8bd4-f587cc634b01/iiif/cam-198-p_0000_capa-capa_t24-C-R0150_000007.tif/full/!300,500/0/default.jpg;Livro impresso;Espanhol;Português;Los Lusiadas;;;1.ª ed.;Impresso en Alcala de Henares : por Iuan Gracian;1580;1580;388 p.;Camões, Luís de, 1524-1580;;;"Caldeira, Bento, fl. 1580, Tradutor ; Gracián, Juan, fl. 1572-1599, Impressor ; Cenáculo, Manuel do, 1724-1814, Antigo possuidor";;;F. 1622;;http://id.bnportugal.gov.pt/bib/catbnp/224027;Livre
8084;9413;1;1;941311;https://permalinkbnd.bnportugal.gov.pt/viewer/256552/?offset=#page=1&viewer=picture&o=info&n=0&q=;Imagens | 1747;Cantos - Cantos IV | 1753;Episódios - Vénus aplaca os Ventos e a tormenta | 1766;9413;https://purl.pt/40198;https://bndigital.bnportugal.gov.pt//i/?IIIF=/ba/42/5c/2b/ba425c2b-606d-477e-8124-8e22e680f4c2/iiif/cam-1138-v_0000_000001.tif/full/!300,500/0/default.jpg;Periódico;Português;;Camões;;;1.ª ed.;Lisboa : Caminho;1980;1980;;;;;Lopes, Óscar, 1917-2013, Director;;;CAM. 1138 V.;;http://id.bnportugal.gov.pt/bib/catbnp/9413;Interno
8085;9413;1;9;941319;https://permalinkbnd.bnportugal.gov.pt/viewer/256552/?offset=#page=9&viewer=picture&o=info&n=0&q=;Imagens | 1747;Cantos - Cantos V | 1754;Episódios - Desembarque de Gama em Calecut | 1767;9413;https://purl.pt/40198;https://bndigital.bnportugal.gov.pt//i/?IIIF=/ba/42/5c/2b/ba425c2b-606d-477e-8124-8e22e680f4c2/iiif/cam-1138-v_0000_000001.tif/full/!300,500/0/default.jpg;Periódico;Português;;Camões;;;1.ª ed.;Lisboa : Caminho;1980;1980;;;;;Lopes, Óscar, 1917-2013, Director;;;CAM. 1138 V.;;http://id.bnportugal.gov.pt/bib/catbnp/9413;Interno
8086;9413;1;14;9413114;https://permalinkbnd.bnportugal.gov.pt/viewer/256552/?offset=#page=14&viewer=picture&o=info&n=0&q=;Imagens | 1747;Cantos - Cantos VI | 1755;Episódios - Segunda Audiência do Samorim a Gama | 1768;9413;https://purl.pt/40198;https://bndigital.bnportugal.gov.pt//i/?IIIF=/ba/42/5c/2b/ba425c2b-606d-477e-8124-8e22e680f4c2/iiif/cam-1138-v_0000_000001.tif/full/!300,500/0/default.jpg;Periódico;Português;;Camões;;;1.ª ed.;Lisboa : Caminho;1980;1980;;;;;Lopes, Óscar, 1917-2013, Director;;;CAM. 1138 V.;;http://id.bnportugal.gov.pt/bib/catbnp/9413;Interno
8087;9413;1;19;9413119;https://permalinkbnd.bnportugal.gov.pt/viewer/256552/?offset=#page=19&viewer=picture&o=info&n=0&q=;Imagens | 1747;Cantos - Cantos VII | 1756;Episódios - Ilha de Vénus | 1769;9413;https://purl.pt/40198;https://bndigital.bnportugal.gov.pt//i/?IIIF=/ba/42/5c/2b/ba425c2b-606d-477e-8124-8e22e680f4c2/iiif/cam-1138-v_0000_000001.tif/full/!300,500/0/default.jpg;Periódico;Português;;Camões;;;1.ª ed.;Lisboa : Caminho;1980;1980;;;;;Lopes, Óscar, 1917-2013, Director;;;CAM. 1138 V.;;http://id.bnportugal.gov.pt/bib/catbnp/9413;Interno
8088;9413;1;20;9413120;https://permalinkbnd.bnportugal.gov.pt/viewer/256552/?offset=#page=20&viewer=picture&o=info&n=0&q=;Imagens | 1747;Cantos - Cantos VIII | 1757;Episódios - Audiência d’El-Rei D. Manuel a Gama | 1770;9413;https://purl.pt/40198;https://bndigital.bnportugal.gov.pt//i/?IIIF=/ba/42/5c/2b/ba425c2b-606d-477e-8124-8e22e680f4c2/iiif/cam-1138-v_0000_000001.tif/full/!300,500/0/default.jpg;Periódico;Português;;Camões;;;1.ª ed.;Lisboa : Caminho;1980;1980;;;;;Lopes, Óscar, 1917-2013, Director;;;CAM. 1138 V.;;http://id.bnportugal.gov.pt/bib/catbnp/9413;Interno
8089;9413;1;39;9413139;https://permalinkbnd.bnportugal.gov.pt/viewer/256552/?offset=#page=39&viewer=picture&o=info&n=0&q=;Imagens | 1747;Cantos - Cantos IX | 1758;Episódios - Camões na gruta de Macau | 1760;9413;https://purl.pt/40198;https://bndigital.bnportugal.gov.pt//i/?IIIF=/ba/42/5c/2b/ba425c2b-606d-477e-8124-8e22e680f4c2/iiif/cam-1138-v_0000_000001.tif/full/!300,500/0/default.jpg;Periódico;Português;;Camões;;;1.ª ed.;Lisboa : Caminho;1980;1980;;;;;Lopes, Óscar, 1917-2013, Director;;;CAM. 1138 V.;;http://id.bnportugal.gov.pt/bib/catbnp/9413;Interno
8090;9413;1;42;9413142;https://permalinkbnd.bnportugal.gov.pt/viewer/256552/?offset=#page=42&viewer=picture&o=info&n=0&q=;Imagens | 1747;Cantos - Cantos X | 1759;Episódios - Visita do Rei de Melinde a Gama | 1761;9413;https://purl.pt/40198;https://bndigital.bnportugal.gov.pt//i/?IIIF=/ba/42/5c/2b/ba425c2b-606d-477e-8124-8e22e680f4c2/iiif/cam-1138-v_0000_000001.tif/full/!300,500/0/default.jpg;Periódico;Português;;Camões;;;1.ª ed.;Lisboa : Caminho;1980;1980;;;;;Lopes, Óscar, 1917-2013, Director;;;CAM. 1138 V.;;http://id.bnportugal.gov.pt/bib/catbnp/9413;Interno
8091;9413;1;45;9413145;https://permalinkbnd.bnportugal.gov.pt/viewer/256552/?offset=#page=45&viewer=picture&o=info&n=0&q=;Imagens | 1747;Episódios | 1749;"Episódios - Concílio ""Conselho dos Deuses"" | 1762";9413;https://purl.pt/40198;https://bndigital.bnportugal.gov.pt//i/?IIIF=/ba/42/5c/2b/ba425c2b-606d-477e-8124-8e22e680f4c2/iiif/cam-1138-v_0000_000001.tif/full/!300,500/0/default.jpg;Periódico;Português;;Camões;;;1.ª ed.;Lisboa : Caminho;1980;1980;;;;;Lopes, Óscar, 1917-2013, Director;;;CAM. 1138 V.;;http://id.bnportugal.gov.pt/bib/catbnp/9413;Interno
8092;9413;1;48;9413148;https://permalinkbnd.bnportugal.gov.pt/viewer/256552/?offset=#page=48&viewer=picture&o=info&n=0&q=;Imagens | 1747;Cantos - Cantos I | 1750;Episódios - Sonho d'El-Rei D. Manuel, no qual lhe aparecem os rios Indo e Ganges | 1763;9413;https://purl.pt/40198;https://bndigital.bnportugal.gov.pt//i/?IIIF=/ba/42/5c/2b/ba425c2b-606d-477e-8124-8e22e680f4c2/iiif/cam-1138-v_0000_000001.tif/full/!300,500/0/default.jpg;Periódico;Português;;Camões;;;1.ª ed.;Lisboa : Caminho;1980;1980;;;;;Lopes, Óscar, 1917-2013, Director;;;CAM. 1138 V.;;http://id.bnportugal.gov.pt/bib/catbnp/9413;Interno
8093;9413;1;59;9413159;https://permalinkbnd.bnportugal.gov.pt/viewer/256552/?offset=#page=59&viewer=picture&o=info&n=0&q=;Imagens | 1747;Cantos - Cantos II | 1751;Episódios - Assassínio de Inês de Castro | 1764;9413;https://purl.pt/40198;https://bndigital.bnportugal.gov.pt//i/?IIIF=/ba/42/5c/2b/ba425c2b-606d-477e-8124-8e22e680f4c2/iiif/cam-1138-v_0000_000001.tif/full/!300,500/0/default.jpg;Periódico;Português;;Camões;;;1.ª ed.;Lisboa : Caminho;1980;1980;;;;;Lopes, Óscar, 1917-2013, Director;;;CAM. 1138 V.;;http://id.bnportugal.gov.pt/bib/catbnp/9413;Interno
8094;9413;1;66;9413166;https://permalinkbnd.bnportugal.gov.pt/viewer/256552/?offset=#page=66&viewer=picture&o=info&n=0&q=;Imagens | 1747;Cantos - Cantos III | 1752;Episódios - Aparição do gigante Adamastor na passagem do Cabo de B. Esperança | 1765;9413;https://purl.pt/40198;https://bndigital.bnportugal.gov.pt//i/?IIIF=/ba/42/5c/2b/ba425c2b-606d-477e-8124-8e22e680f4c2/iiif/cam-1138-v_0000_000001.tif/full/!300,500/0/default.jpg;Periódico;Português;;Camões;;;1.ª ed.;Lisboa : Caminho;1980;1980;;;;;Lopes, Óscar, 1917-2013, Director;;;CAM. 1138 V.;;http://id.bnportugal.gov.pt/bib/catbnp/9413;Interno
8095;51530;1;9;5153019;https://permalinkbnd.bnportugal.gov.pt/viewer/14657/?offset=#page=9&viewer=picture&o=info&n=0&q=;Imagens | 1747;Cantos - Cantos IV | 1753;Episódios - Vénus aplaca os Ventos e a tormenta | 1766;51530;https://purl.pt/23692;https://bndigital.bnportugal.gov.pt//i/?IIIF=/3a/f0/8e/09/3af08e09-1403-4932-b207-cabbc0c4b992/iiif/cam-8-p_0000_capa-capa_t24-C-R0150_000009.tif/full/!300,500/0/default.jpg;Livro impresso;Português;;Primeira parte dos Autos e comedias portuguesas;;;Agora nouamente juntas & emendadas nesta primeira impressão;Lisboa : por Andres Lobato;1587;1587;2, 179 f.;;;"Camões, Luís de, 1524-1580, Autor ; Prestes, António, fl. 1587, Autor ; Lopes, Henrique, 15--, Autor ; Pinto, Jorge, 15--, Autor ; Ribeiro, Jerónimo, 15--, Autor";"Lopes, Afonso, fl. 1583 - 1589, Editor literário ; Lobato, André, fl. 1583 - 1587, Impressor";;;F. 6945;;http://id.bnportugal.gov.pt/bib/catbnp/51530;Livre
8096;289933;1;2;28993312;https://permalinkbnd.bnportugal.gov.pt/viewer/3/?offset=#page=2&viewer=picture&o=info&n=0&q=;Imagens | 1747;Cantos - Cantos V | 1754;Episódios - Desembarque de Gama em Calecut | 1767;289933;https://purl.pt/20913;https://bndigital.bnportugal.gov.pt//i/?IIIF=/66/b3/f4/35/66b3f435-5fe0-4a0c-b006-48c1c6534aeb/iiif/cam-252-a_0000_capa-capa_t24-C-R0150_000001.tif/full/!300,500/0/default.jpg;Livro impresso;Português;;3 retratos de Camões;;;1.ª ed.;Lisboa : Edições Panorama;1972;1972;1 f. desdobr.;;;;;;;S.N.I. 2696;;http://id.bnportugal.gov.pt/bib/catbnp/289933;Interno
8097;289933;1;3;28993313;https://permalinkbnd.bnportugal.gov.pt/viewer/3/?offset=#page=3&viewer=picture&o=info&n=0&q=;Imagens | 1747;Cantos - Cantos VI | 1755;Episódios - Segunda Audiência do Samorim a Gama | 1768;289933;https://purl.pt/20913;https://bndigital.bnportugal.gov.pt//i/?IIIF=/66/b3/f4/35/66b3f435-5fe0-4a0c-b006-48c1c6534aeb/iiif/cam-252-a_0000_capa-capa_t24-C-R0150_000001.tif/full/!300,500/0/default.jpg;Livro impresso;Português;;3 retratos de Camões;;;1.ª ed.;Lisboa : Edições Panorama;1972;1972;1 f. desdobr.;;;;;;;S.N.I. 2696;;http://id.bnportugal.gov.pt/bib/catbnp/289933;Interno
8098;289933;1;4;28993314;https://permalinkbnd.bnportugal.gov.pt/viewer/3/?offset=#page=4&viewer=picture&o=info&n=0&q=;Imagens | 1747;Cantos - Cantos VII | 1756;Episódios - Ilha de Vénus | 1769;289933;https://purl.pt/20913;https://bndigital.bnportugal.gov.pt//i/?IIIF=/66/b3/f4/35/66b3f435-5fe0-4a0c-b006-48c1c6534aeb/iiif/cam-252-a_0000_capa-capa_t24-C-R0150_000001.tif/full/!300,500/0/default.jpg;Livro impresso;Português;;3 retratos de Camões;;;1.ª ed.;Lisboa : Edições Panorama;1972;1972;1 f. desdobr.;;;;;;;S.N.I. 2696;;http://id.bnportugal.gov.pt/bib/catbnp/289933;Interno
8099;321765;1;1;32176511;https://permalinkbnd.bnportugal.gov.pt/viewer/85826/?offset=#page=1&viewer=picture&o=info&n=0&q=;Imagens | 1747;Cantos - Cantos VIII | 1757;Episódios - Audiência d’El-Rei D. Manuel a Gama | 1770;321765;https://purl.pt/14682;https://bndigital.bnportugal.gov.pt//i/?IIIF=/1f/1d/cc/fe/1f1dccfe-c72d-40b4-aeab-30265dfe188d/iiif/321765_0000_capa-capa_t24-C-R0150_000005.tif/full/!300,500/0/default.jpg;Livro impresso;Português;;"Conceitos e maximas do poema de Luiz de Camões ""Os Lusíadas""";;;1.ª ed.;Lisboa : Henrique Zeferino;1888;1888;61 p.;;;;Barreto, B., ca 18 - -, Compilador;;;L. 25554//2 P.;;http://id.bnportugal.gov.pt/bib/catbnp/321765;Livre
8100;330274;1;10;330274110;https://permalinkbnd.bnportugal.gov.pt/viewer/14597/?offset=#page=10&viewer=picture&o=info&n=0&q=;Imagens | 1747;Cantos - Cantos IX | 1758;Episódios - Camões na gruta de Macau | 1760;330274;https://purl.pt/37926;https://bndigital.bnportugal.gov.pt//i/?IIIF=/d9/de/ac/11/d9deac11-8edd-495d-a996-79d5c42a00e6/iiif/cam-417-p_0000_000005.tif/full/!300,500/0/default.jpg;Livro impresso;Francês;;Le Portugal de Camões;suivi dune traduction française des stances contenues dans louvrage;;1.ª ed.;Paris : s. n.;1890;1890;X, 384, 3 p.;Daux, André Adolphe;;;;;;CAM. 417 P.;;http://id.bnportugal.gov.pt/bib/catbnp/330274;Livre
8101;347365;1;75;347365175;https://permalinkbnd.bnportugal.gov.pt/viewer/255741/?offset=#page=75&viewer=picture&o=info&n=0&q=;Imagens | 1747;Cantos - Cantos X | 1759;Episódios - Visita do Rei de Melinde a Gama | 1761;347365;https://purl.pt/39791;https://bndigital.bnportugal.gov.pt//i/?IIIF=/17/5c/95/11/175c9511-0791-435d-baeb-26376205571d/iiif/cam-1050-v_0000_000001.tif/full/!300,500/0/default.jpg;Livro impresso;Português;;A família flaviense de Camões;;;1.ª ed.;Lisboa : Real Assoc. dos Arquitectos Civis e Arqueol. Portugueses;1974;1974;72, 5 p.;Borges, José Guilherme Calvão, 1931-2001;;;;;;CAM. 1050 V.;;http://id.bnportugal.gov.pt/bib/catbnp/347365;Interno
8102;347365;1;76;347365176;https://permalinkbnd.bnportugal.gov.pt/viewer/255741/?offset=#page=76&viewer=picture&o=info&n=0&q=;Imagens | 1747;Cantos | 1748;"Episódios - Concílio ""Conselho dos Deuses"" | 1762";347365;https://purl.pt/39791;https://bndigital.bnportugal.gov.pt//i/?IIIF=/17/5c/95/11/175c9511-0791-435d-baeb-26376205571d/iiif/cam-1050-v_0000_000001.tif/full/!300,500/0/default.jpg;Livro impresso;Português;;A família flaviense de Camões;;;1.ª ed.;Lisboa : Real Assoc. dos Arquitectos Civis e Arqueol. Portugueses;1974;1974;72, 5 p.;Borges, José Guilherme Calvão, 1931-2001;;;;;;CAM. 1050 V.;;http://id.bnportugal.gov.pt/bib/catbnp/347365;Interno
8103;347365;1;77;347365177;https://permalinkbnd.bnportugal.gov.pt/viewer/255741/?offset=#page=77&viewer=picture&o=info&n=0&q=;Imagens | 1747;Cantos | 1748;Episódios - Sonho d'El-Rei D. Manuel, no qual lhe aparecem os rios Indo e Ganges | 1763;347365;https://purl.pt/39791;https://bndigital.bnportugal.gov.pt//i/?IIIF=/17/5c/95/11/175c9511-0791-435d-baeb-26376205571d/iiif/cam-1050-v_0000_000001.tif/full/!300,500/0/default.jpg;Livro impresso;Português;;A família flaviense de Camões;;;1.ª ed.;Lisboa : Real Assoc. dos Arquitectos Civis e Arqueol. Portugueses;1974;1974;72, 5 p.;Borges, José Guilherme Calvão, 1931-2001;;;;;;CAM. 1050 V.;;http://id.bnportugal.gov.pt/bib/catbnp/347365;Interno
8104;347365;1;78;347365178;https://permalinkbnd.bnportugal.gov.pt/viewer/255741/?offset=#page=78&viewer=picture&o=info&n=0&q=;Imagens | 1747;Episódios | 1749;Episódios - Assassínio de Inês de Castro | 1764;347365;https://purl.pt/39791;https://bndigital.bnportugal.gov.pt//i/?IIIF=/17/5c/95/11/175c9511-0791-435d-baeb-26376205571d/iiif/cam-1050-v_0000_000001.tif/full/!300,500/0/default.jpg;Livro impresso;Português;;A família flaviense de Camões;;;1.ª ed.;Lisboa : Real Assoc. dos Arquitectos Civis e Arqueol. Portugueses;1974;1974;72, 5 p.;Borges, José Guilherme Calvão, 1931-2001;;;;;;CAM. 1050 V.;;http://id.bnportugal.gov.pt/bib/catbnp/347365;Interno
8105;354066;1;133;3540661133;https://permalinkbnd.bnportugal.gov.pt/viewer/14651/?offset=#page=133&viewer=picture&o=info&n=0&q=;Imagens | 1747;Cantos - Cantos I | 1750;Episódios - Aparição do gigante Adamastor na passagem do Cabo de B. Esperança | 1765;354066;https://purl.pt/14104;https://bndigital.bnportugal.gov.pt//i/?IIIF=/7b/da/de/9e/7bdade9e-3c1f-40f5-b1be-3d4799a848c8/iiif/cam-44-1-p_0000_Obra%20Completa_t24-C-R0150_000007.tif/full/!300,500/0/default.jpg;Livro impresso;Português;;Os Lusiadas;;;1.ª ed.;Impressas em Lisboa : a custa de Antonio Craesbeeck de Mello, impressor de Sua Alteza;1663;1663;4, 142, 2 f.;Camões, Luís de, 1524-1580;;;"Barreto, João Franco, 1600-post. 1674, Editor literário ; Mendonça, André Furtado de, ?-1676, Personalidade a quem é dedicada a obra ; Craesbeeck, António, 1640-1684, Autor da dedicatória ; Norton, Tomás, 1804-1860, Antigo possuidor";;;CAM. 44//1 P.;PATRIMONIA2;http://id.bnportugal.gov.pt/bib/catbnp/354066;Livre
8106;354066;1;257;3540661257;https://permalinkbnd.bnportugal.gov.pt/viewer/14651/?offset=#page=257&viewer=picture&o=info&n=0&q=;Imagens | 1747;Cantos - Cantos II | 1751;Episódios - Vénus aplaca os Ventos e a tormenta | 1766;354066;https://purl.pt/14104;https://bndigital.bnportugal.gov.pt//i/?IIIF=/7b/da/de/9e/7bdade9e-3c1f-40f5-b1be-3d4799a848c8/iiif/cam-44-1-p_0000_Obra%20Completa_t24-C-R0150_000007.tif/full/!300,500/0/default.jpg;Livro impresso;Português;;Os Lusiadas;;;1.ª ed.;Impressas em Lisboa : a custa de Antonio Craesbeeck de Mello, impressor de Sua Alteza;1663;1663;4, 142, 2 f.;Camões, Luís de, 1524-1580;;;"Barreto, João Franco, 1600-post. 1674, Editor literário ; Mendonça, André Furtado de, ?-1676, Personalidade a quem é dedicada a obra ; Craesbeeck, António, 1640-1684, Autor da dedicatória ; Norton, Tomás, 1804-1860, Antigo possuidor";;;CAM. 44//1 P.;PATRIMONIA2;http://id.bnportugal.gov.pt/bib/catbnp/354066;Livre
8107;354069;1;136;3540691136;https://permalinkbnd.bnportugal.gov.pt/viewer/14666/?offset=#page=136&viewer=picture&o=info&n=0&q=;Imagens | 1747;Cantos - Cantos III | 1752;Episódios - Desembarque de Gama em Calecut | 1767;354069;https://purl.pt/14197;https://bndigital.bnportugal.gov.pt//i/?IIIF=/87/d3/a3/3a/87d3a33a-58ed-480b-b9ac-c97a02158180/iiif/cam-45-p_0000_Obra%20Completa_t24-C-R0150_000005.tif/full/!300,500/0/default.jpg;Livro impresso;Português;;Obras de Lvis de Camoens principe dos poetas portugueses;;;1.ª ed.;Lisboa : por Antonio Craesbeeck dMello Impressor da Casa Real;1669;1669;8, 376, 78 p.;Camões, Luís de, 1524-1580;;;"Sousa, Francisco de, 1631-1711, Personalidade a quem é dedicada a obra ; Barreto, João Franco, 1600-post. 1674, Editor literário ; Craesbeeck, António, 1640-1684, Impressor ; Norton, Tomás, 1804-1860, Antigo possuidor";;;J.S. 6437;PATRIMONIA2;http://id.bnportugal.gov.pt/bib/catbnp/354069;Livre
8108;371694;1;1;37169411;https://permalinkbnd.bnportugal.gov.pt/viewer/86824/?offset=#page=1&viewer=picture&o=info&n=0&q=;Imagens | 1747;Cantos - Cantos IV | 1753;Episódios - Segunda Audiência do Samorim a Gama | 1768;371694;https://purl.pt/17237;https://bndigital.bnportugal.gov.pt//i/?IIIF=/f0/f8/42/6b/f0f8426b-79ee-4d7a-8099-21d5c1d65643/iiif/371694_0000_capa-capa_t24-C-R0150_000003.tif/full/!300,500/0/default.jpg;Livro impresso;Português;;Sonetos;;;1.ª ed.;Lisboa : A Educadora - Empreza Editora;1913;1913;2 partes em 2 vol.;Camões, Luís de, 1524-1580;;;Braga, Teófilo, 1843-1924, Autor da introdução, etc.;;;CAM. 257//1 V.;;http://id.bnportugal.gov.pt/bib/catbnp/371694;Livre
8109;371694;1;21;371694121;https://permalinkbnd.bnportugal.gov.pt/viewer/86824/?offset=#page=21&viewer=picture&o=info&n=0&q=;Imagens | 1747;Cantos - Cantos V | 1754;Episódios - Ilha de Vénus | 1769;371694;https://purl.pt/17237;https://bndigital.bnportugal.gov.pt//i/?IIIF=/f0/f8/42/6b/f0f8426b-79ee-4d7a-8099-21d5c1d65643/iiif/371694_0000_capa-capa_t24-C-R0150_000003.tif/full/!300,500/0/default.jpg;Livro impresso;Português;;Sonetos;;;1.ª ed.;Lisboa : A Educadora - Empreza Editora;1913;1913;2 partes em 2 vol.;Camões, Luís de, 1524-1580;;;Braga, Teófilo, 1843-1924, Autor da introdução, etc.;;;CAM. 257//1 V.;;http://id.bnportugal.gov.pt/bib/catbnp/371694;Livre
8110;371694;1;39;371694139;https://permalinkbnd.bnportugal.gov.pt/viewer/86824/?offset=#page=39&viewer=picture&o=info&n=0&q=;Imagens | 1747;Cantos - Cantos VI | 1755;Episódios - Audiência d’El-Rei D. Manuel a Gama | 1770;371694;https://purl.pt/17237;https://bndigital.bnportugal.gov.pt//i/?IIIF=/f0/f8/42/6b/f0f8426b-79ee-4d7a-8099-21d5c1d65643/iiif/371694_0000_capa-capa_t24-C-R0150_000003.tif/full/!300,500/0/default.jpg;Livro impresso;Português;;Sonetos;;;1.ª ed.;Lisboa : A Educadora - Empreza Editora;1913;1913;2 partes em 2 vol.;Camões, Luís de, 1524-1580;;;Braga, Teófilo, 1843-1924, Autor da introdução, etc.;;;CAM. 257//1 V.;;http://id.bnportugal.gov.pt/bib/catbnp/371694;Livre
8111;371694;1;57;371694157;https://permalinkbnd.bnportugal.gov.pt/viewer/86824/?offset=#page=57&viewer=picture&o=info&n=0&q=;Imagens | 1747;Cantos - Cantos VII | 1756;Episódios - Camões na gruta de Macau | 1760;371694;https://purl.pt/17237;https://bndigital.bnportugal.gov.pt//i/?IIIF=/f0/f8/42/6b/f0f8426b-79ee-4d7a-8099-21d5c1d65643/iiif/371694_0000_capa-capa_t24-C-R0150_000003.tif/full/!300,500/0/default.jpg;Livro impresso;Português;;Sonetos;;;1.ª ed.;Lisboa : A Educadora - Empreza Editora;1913;1913;2 partes em 2 vol.;Camões, Luís de, 1524-1580;;;Braga, Teófilo, 1843-1924, Autor da introdução, etc.;;;CAM. 257//1 V.;;http://id.bnportugal.gov.pt/bib/catbnp/371694;Livre
8112;381189;1;7;38118917;https://permalinkbnd.bnportugal.gov.pt/viewer/14628/?offset=#page=7&viewer=picture&o=info&n=0&q=;Imagens | 1747;Cantos - Cantos VIII | 1757;Episódios - Visita do Rei de Melinde a Gama | 1761;381189;https://purl.pt/19851;https://bndigital.bnportugal.gov.pt//i/?IIIF=/35/3a/f7/86/353af786-af35-4823-aad5-6c0473e49078/iiif/cam-248-a_0000_capa-capa_t24-C-R0150_000001.tif/full/!300,500/0/default.jpg;Livro impresso;Português;;Os Lusíadas de Luiz de Camões;edição critica-commemorativa do Terceiro Centenario da Morte do Grande Poeta;;1.ª ed.;Leipzig : Giesecke & Devrient;1880;1880;8, LVI, 375, XCII p.;Camões, Luís de, 1524-1580;;Leal, José da Silva Mendes, 1820-1886, Autor;"Biel, Emílio, 1838-1915, Editor literário ; Burger, Ludwig, 1825-1884, Ilustrador";;Instituto Alemão, Antigo possuidor;L. 6236 A.;;http://id.bnportugal.gov.pt/bib/catbnp/381189;Livre
8113;381189;1;10;381189110;https://permalinkbnd.bnportugal.gov.pt/viewer/14628/?offset=#page=10&viewer=picture&o=info&n=0&q=;Imagens | 1747;Cantos - Cantos IX | 1758;"Episódios - Concílio ""Conselho dos Deuses"" | 1762";381189;https://purl.pt/19851;https://bndigital.bnportugal.gov.pt//i/?IIIF=/35/3a/f7/86/353af786-af35-4823-aad5-6c0473e49078/iiif/cam-248-a_0000_capa-capa_t24-C-R0150_000001.tif/full/!300,500/0/default.jpg;Livro impresso;Português;;Os Lusíadas de Luiz de Camões;edição critica-commemorativa do Terceiro Centenario da Morte do Grande Poeta;;1.ª ed.;Leipzig : Giesecke & Devrient;1880;1880;8, LVI, 375, XCII p.;Camões, Luís de, 1524-1580;;Leal, José da Silva Mendes, 1820-1886, Autor;"Biel, Emílio, 1838-1915, Editor literário ; Burger, Ludwig, 1825-1884, Ilustrador";;Instituto Alemão, Antigo possuidor;L. 6236 A.;;http://id.bnportugal.gov.pt/bib/catbnp/381189;Livre
8114;381189;1;19;381189119;https://permalinkbnd.bnportugal.gov.pt/viewer/14628/?offset=#page=19&viewer=picture&o=info&n=0&q=;Imagens | 1747;Cantos - Cantos X | 1759;Episódios - Sonho d'El-Rei D. Manuel, no qual lhe aparecem os rios Indo e Ganges | 1763;381189;https://purl.pt/19851;https://bndigital.bnportugal.gov.pt//i/?IIIF=/35/3a/f7/86/353af786-af35-4823-aad5-6c0473e49078/iiif/cam-248-a_0000_capa-capa_t24-C-R0150_000001.tif/full/!300,500/0/default.jpg;Livro impresso;Português;;Os Lusíadas de Luiz de Camões;edição critica-commemorativa do Terceiro Centenario da Morte do Grande Poeta;;1.ª ed.;Leipzig : Giesecke & Devrient;1880;1880;8, LVI, 375, XCII p.;Camões, Luís de, 1524-1580;;Leal, José da Silva Mendes, 1820-1886, Autor;"Biel, Emílio, 1838-1915, Editor literário ; Burger, Ludwig, 1825-1884, Ilustrador";;Instituto Alemão, Antigo possuidor;L. 6236 A.;;http://id.bnportugal.gov.pt/bib/catbnp/381189;Livre
8115;381189;1;75;381189175;https://permalinkbnd.bnportugal.gov.pt/viewer/14628/?offset=#page=75&viewer=picture&o=info&n=0&q=;Imagens | 1747;Episódios | 1749;Episódios - Assassínio de Inês de Castro | 1764;381189;https://purl.pt/19851;https://bndigital.bnportugal.gov.pt//i/?IIIF=/35/3a/f7/86/353af786-af35-4823-aad5-6c0473e49078/iiif/cam-248-a_0000_capa-capa_t24-C-R0150_000001.tif/full/!300,500/0/default.jpg;Livro impresso;Português;;Os Lusíadas de Luiz de Camões;edição critica-commemorativa do Terceiro Centenario da Morte do Grande Poeta;;1.ª ed.;Leipzig : Giesecke & Devrient;1880;1880;8, LVI, 375, XCII p.;Camões, Luís de, 1524-1580;;Leal, José da Silva Mendes, 1820-1886, Autor;"Biel, Emílio, 1838-1915, Editor literário ; Burger, Ludwig, 1825-1884, Ilustrador";;Instituto Alemão, Antigo possuidor;L. 6236 A.;;http://id.bnportugal.gov.pt/bib/catbnp/381189;Livre
8116;381189;1;79;381189179;https://permalinkbnd.bnportugal.gov.pt/viewer/14628/?offset=#page=79&viewer=picture&o=info&n=0&q=;Imagens | 1747;Cantos - Cantos I | 1750;Episódios - Aparição do gigante Adamastor na passagem do Cabo de B. Esperança | 1765;381189;https://purl.pt/19851;https://bndigital.bnportugal.gov.pt//i/?IIIF=/35/3a/f7/86/353af786-af35-4823-aad5-6c0473e49078/iiif/cam-248-a_0000_capa-capa_t24-C-R0150_000001.tif/full/!300,500/0/default.jpg;Livro impresso;Português;;Os Lusíadas de Luiz de Camões;edição critica-commemorativa do Terceiro Centenario da Morte do Grande Poeta;;1.ª ed.;Leipzig : Giesecke & Devrient;1880;1880;8, LVI, 375, XCII p.;Camões, Luís de, 1524-1580;;Leal, José da Silva Mendes, 1820-1886, Autor;"Biel, Emílio, 1838-1915, Editor literário ; Burger, Ludwig, 1825-1884, Ilustrador";;Instituto Alemão, Antigo possuidor;L. 6236 A.;;http://id.bnportugal.gov.pt/bib/catbnp/381189;Livre
8117;381189;1;90;381189190;https://permalinkbnd.bnportugal.gov.pt/viewer/14628/?offset=#page=90&viewer=picture&o=info&n=0&q=;Imagens | 1747;Cantos - Cantos II | 1751;Episódios - Vénus aplaca os Ventos e a tormenta | 1766;381189;https://purl.pt/19851;https://bndigital.bnportugal.gov.pt//i/?IIIF=/35/3a/f7/86/353af786-af35-4823-aad5-6c0473e49078/iiif/cam-248-a_0000_capa-capa_t24-C-R0150_000001.tif/full/!300,500/0/default.jpg;Livro impresso;Português;;Os Lusíadas de Luiz de Camões;edição critica-commemorativa do Terceiro Centenario da Morte do Grande Poeta;;1.ª ed.;Leipzig : Giesecke & Devrient;1880;1880;8, LVI, 375, XCII p.;Camões, Luís de, 1524-1580;;Leal, José da Silva Mendes, 1820-1886, Autor;"Biel, Emílio, 1838-1915, Editor literário ; Burger, Ludwig, 1825-1884, Ilustrador";;Instituto Alemão, Antigo possuidor;L. 6236 A.;;http://id.bnportugal.gov.pt/bib/catbnp/381189;Livre
8118;381189;1;110;3811891110;https://permalinkbnd.bnportugal.gov.pt/viewer/14628/?offset=#page=110&viewer=picture&o=info&n=0&q=;Imagens | 1747;Cantos - Cantos III | 1752;Episódios - Desembarque de Gama em Calecut | 1767;381189;https://purl.pt/19851;https://bndigital.bnportugal.gov.pt//i/?IIIF=/35/3a/f7/86/353af786-af35-4823-aad5-6c0473e49078/iiif/cam-248-a_0000_capa-capa_t24-C-R0150_000001.tif/full/!300,500/0/default.jpg;Livro impresso;Português;;Os Lusíadas de Luiz de Camões;edição critica-commemorativa do Terceiro Centenario da Morte do Grande Poeta;;1.ª ed.;Leipzig : Giesecke & Devrient;1880;1880;8, LVI, 375, XCII p.;Camões, Luís de, 1524-1580;;Leal, José da Silva Mendes, 1820-1886, Autor;"Biel, Emílio, 1838-1915, Editor literário ; Burger, Ludwig, 1825-1884, Ilustrador";;Instituto Alemão, Antigo possuidor;L. 6236 A.;;http://id.bnportugal.gov.pt/bib/catbnp/381189;Livre
8119;381189;1;118;3811891118;https://permalinkbnd.bnportugal.gov.pt/viewer/14628/?offset=#page=118&viewer=picture&o=info&n=0&q=;Imagens | 1747;Cantos - Cantos IV | 1753;Episódios - Segunda Audiência do Samorim a Gama | 1768;381189;https://purl.pt/19851;https://bndigital.bnportugal.gov.pt//i/?IIIF=/35/3a/f7/86/353af786-af35-4823-aad5-6c0473e49078/iiif/cam-248-a_0000_capa-capa_t24-C-R0150_000001.tif/full/!300,500/0/default.jpg;Livro impresso;Português;;Os Lusíadas de Luiz de Camões;edição critica-commemorativa do Terceiro Centenario da Morte do Grande Poeta;;1.ª ed.;Leipzig : Giesecke & Devrient;1880;1880;8, LVI, 375, XCII p.;Camões, Luís de, 1524-1580;;Leal, José da Silva Mendes, 1820-1886, Autor;"Biel, Emílio, 1838-1915, Editor literário ; Burger, Ludwig, 1825-1884, Ilustrador";;Instituto Alemão, Antigo possuidor;L. 6236 A.;;http://id.bnportugal.gov.pt/bib/catbnp/381189;Livre
8120;381189;1;120;3811891120;https://permalinkbnd.bnportugal.gov.pt/viewer/14628/?offset=#page=120&viewer=picture&o=info&n=0&q=;Imagens | 1747;Cantos - Cantos V | 1754;Episódios - Ilha de Vénus | 1769;381189;https://purl.pt/19851;https://bndigital.bnportugal.gov.pt//i/?IIIF=/35/3a/f7/86/353af786-af35-4823-aad5-6c0473e49078/iiif/cam-248-a_0000_capa-capa_t24-C-R0150_000001.tif/full/!300,500/0/default.jpg;Livro impresso;Português;;Os Lusíadas de Luiz de Camões;edição critica-commemorativa do Terceiro Centenario da Morte do Grande Poeta;;1.ª ed.;Leipzig : Giesecke & Devrient;1880;1880;8, LVI, 375, XCII p.;Camões, Luís de, 1524-1580;;Leal, José da Silva Mendes, 1820-1886, Autor;"Biel, Emílio, 1838-1915, Editor literário ; Burger, Ludwig, 1825-1884, Ilustrador";;Instituto Alemão, Antigo possuidor;L. 6236 A.;;http://id.bnportugal.gov.pt/bib/catbnp/381189;Livre
8121;381189;1;134;3811891134;https://permalinkbnd.bnportugal.gov.pt/viewer/14628/?offset=#page=134&viewer=picture&o=info&n=0&q=;Imagens | 1747;Cantos - Cantos VI | 1755;Episódios - Audiência d’El-Rei D. Manuel a Gama | 1770;381189;https://purl.pt/19851;https://bndigital.bnportugal.gov.pt//i/?IIIF=/35/3a/f7/86/353af786-af35-4823-aad5-6c0473e49078/iiif/cam-248-a_0000_capa-capa_t24-C-R0150_000001.tif/full/!300,500/0/default.jpg;Livro impresso;Português;;Os Lusíadas de Luiz de Camões;edição critica-commemorativa do Terceiro Centenario da Morte do Grande Poeta;;1.ª ed.;Leipzig : Giesecke & Devrient;1880;1880;8, LVI, 375, XCII p.;Camões, Luís de, 1524-1580;;Leal, José da Silva Mendes, 1820-1886, Autor;"Biel, Emílio, 1838-1915, Editor literário ; Burger, Ludwig, 1825-1884, Ilustrador";;Instituto Alemão, Antigo possuidor;L. 6236 A.;;http://id.bnportugal.gov.pt/bib/catbnp/381189;Livre
8122;381189;1;156;3811891156;https://permalinkbnd.bnportugal.gov.pt/viewer/14628/?offset=#page=156&viewer=picture&o=info&n=0&q=;Imagens | 1747;Cantos - Cantos VII | 1756;Episódios - Camões na gruta de Macau | 1760;381189;https://purl.pt/19851;https://bndigital.bnportugal.gov.pt//i/?IIIF=/35/3a/f7/86/353af786-af35-4823-aad5-6c0473e49078/iiif/cam-248-a_0000_capa-capa_t24-C-R0150_000001.tif/full/!300,500/0/default.jpg;Livro impresso;Português;;Os Lusíadas de Luiz de Camões;edição critica-commemorativa do Terceiro Centenario da Morte do Grande Poeta;;1.ª ed.;Leipzig : Giesecke & Devrient;1880;1880;8, LVI, 375, XCII p.;Camões, Luís de, 1524-1580;;Leal, José da Silva Mendes, 1820-1886, Autor;"Biel, Emílio, 1838-1915, Editor literário ; Burger, Ludwig, 1825-1884, Ilustrador";;Instituto Alemão, Antigo possuidor;L. 6236 A.;;http://id.bnportugal.gov.pt/bib/catbnp/381189;Livre
8123;381189;1;162;3811891162;https://permalinkbnd.bnportugal.gov.pt/viewer/14628/?offset=#page=162&viewer=picture&o=info&n=0&q=;Imagens | 1747;Cantos - Cantos VIII | 1757;Episódios - Visita do Rei de Melinde a Gama | 1761;381189;https://purl.pt/19851;https://bndigital.bnportugal.gov.pt//i/?IIIF=/35/3a/f7/86/353af786-af35-4823-aad5-6c0473e49078/iiif/cam-248-a_0000_capa-capa_t24-C-R0150_000001.tif/full/!300,500/0/default.jpg;Livro impresso;Português;;Os Lusíadas de Luiz de Camões;edição critica-commemorativa do Terceiro Centenario da Morte do Grande Poeta;;1.ª ed.;Leipzig : Giesecke & Devrient;1880;1880;8, LVI, 375, XCII p.;Camões, Luís de, 1524-1580;;Leal, José da Silva Mendes, 1820-1886, Autor;"Biel, Emílio, 1838-1915, Editor literário ; Burger, Ludwig, 1825-1884, Ilustrador";;Instituto Alemão, Antigo possuidor;L. 6236 A.;;http://id.bnportugal.gov.pt/bib/catbnp/381189;Livre
8124;381189;1;164;3811891164;https://permalinkbnd.bnportugal.gov.pt/viewer/14628/?offset=#page=164&viewer=picture&o=info&n=0&q=;Imagens | 1747;Cantos - Cantos IX | 1758;"Episódios - Concílio ""Conselho dos Deuses"" | 1762";381189;https://purl.pt/19851;https://bndigital.bnportugal.gov.pt//i/?IIIF=/35/3a/f7/86/353af786-af35-4823-aad5-6c0473e49078/iiif/cam-248-a_0000_capa-capa_t24-C-R0150_000001.tif/full/!300,500/0/default.jpg;Livro impresso;Português;;Os Lusíadas de Luiz de Camões;edição critica-commemorativa do Terceiro Centenario da Morte do Grande Poeta;;1.ª ed.;Leipzig : Giesecke & Devrient;1880;1880;8, LVI, 375, XCII p.;Camões, Luís de, 1524-1580;;Leal, José da Silva Mendes, 1820-1886, Autor;"Biel, Emílio, 1838-1915, Editor literário ; Burger, Ludwig, 1825-1884, Ilustrador";;Instituto Alemão, Antigo possuidor;L. 6236 A.;;http://id.bnportugal.gov.pt/bib/catbnp/381189;Livre
8125;381189;1;205;3811891205;https://permalinkbnd.bnportugal.gov.pt/viewer/14628/?offset=#page=205&viewer=picture&o=info&n=0&q=;Imagens | 1747;Cantos - Cantos X | 1759;Episódios - Sonho d'El-Rei D. Manuel, no qual lhe aparecem os rios Indo e Ganges | 1763;381189;https://purl.pt/19851;https://bndigital.bnportugal.gov.pt//i/?IIIF=/35/3a/f7/86/353af786-af35-4823-aad5-6c0473e49078/iiif/cam-248-a_0000_capa-capa_t24-C-R0150_000001.tif/full/!300,500/0/default.jpg;Livro impresso;Português;;Os Lusíadas de Luiz de Camões;edição critica-commemorativa do Terceiro Centenario da Morte do Grande Poeta;;1.ª ed.;Leipzig : Giesecke & Devrient;1880;1880;8, LVI, 375, XCII p.;Camões, Luís de, 1524-1580;;Leal, José da Silva Mendes, 1820-1886, Autor;"Biel, Emílio, 1838-1915, Editor literário ; Burger, Ludwig, 1825-1884, Ilustrador";;Instituto Alemão, Antigo possuidor;L. 6236 A.;;http://id.bnportugal.gov.pt/bib/catbnp/381189;Livre
8126;381189;1;215;3811891215;https://permalinkbnd.bnportugal.gov.pt/viewer/14628/?offset=#page=215&viewer=picture&o=info&n=0&q=;Imagens | 1747;Cantos | 1748;Episódios - Assassínio de Inês de Castro | 1764;381189;https://purl.pt/19851;https://bndigital.bnportugal.gov.pt//i/?IIIF=/35/3a/f7/86/353af786-af35-4823-aad5-6c0473e49078/iiif/cam-248-a_0000_capa-capa_t24-C-R0150_000001.tif/full/!300,500/0/default.jpg;Livro impresso;Português;;Os Lusíadas de Luiz de Camões;edição critica-commemorativa do Terceiro Centenario da Morte do Grande Poeta;;1.ª ed.;Leipzig : Giesecke & Devrient;1880;1880;8, LVI, 375, XCII p.;Camões, Luís de, 1524-1580;;Leal, José da Silva Mendes, 1820-1886, Autor;"Biel, Emílio, 1838-1915, Editor literário ; Burger, Ludwig, 1825-1884, Ilustrador";;Instituto Alemão, Antigo possuidor;L. 6236 A.;;http://id.bnportugal.gov.pt/bib/catbnp/381189;Livre
8127;381189;1;217;3811891217;https://permalinkbnd.bnportugal.gov.pt/viewer/14628/?offset=#page=217&viewer=picture&o=info&n=0&q=;Imagens | 1747;Cantos | 1748;Episódios - Aparição do gigante Adamastor na passagem do Cabo de B. Esperança | 1765;381189;https://purl.pt/19851;https://bndigital.bnportugal.gov.pt//i/?IIIF=/35/3a/f7/86/353af786-af35-4823-aad5-6c0473e49078/iiif/cam-248-a_0000_capa-capa_t24-C-R0150_000001.tif/full/!300,500/0/default.jpg;Livro impresso;Português;;Os Lusíadas de Luiz de Camões;edição critica-commemorativa do Terceiro Centenario da Morte do Grande Poeta;;1.ª ed.;Leipzig : Giesecke & Devrient;1880;1880;8, LVI, 375, XCII p.;Camões, Luís de, 1524-1580;;Leal, José da Silva Mendes, 1820-1886, Autor;"Biel, Emílio, 1838-1915, Editor literário ; Burger, Ludwig, 1825-1884, Ilustrador";;Instituto Alemão, Antigo possuidor;L. 6236 A.;;http://id.bnportugal.gov.pt/bib/catbnp/381189;Livre
8128;381189;1;242;3811891242;https://permalinkbnd.bnportugal.gov.pt/viewer/14628/?offset=#page=242&viewer=picture&o=info&n=0&q=;Imagens | 1747;Episódios | 1749;Episódios - Vénus aplaca os Ventos e a tormenta | 1766;381189;https://purl.pt/19851;https://bndigital.bnportugal.gov.pt//i/?IIIF=/35/3a/f7/86/353af786-af35-4823-aad5-6c0473e49078/iiif/cam-248-a_0000_capa-capa_t24-C-R0150_000001.tif/full/!300,500/0/default.jpg;Livro impresso;Português;;Os Lusíadas de Luiz de Camões;edição critica-commemorativa do Terceiro Centenario da Morte do Grande Poeta;;1.ª ed.;Leipzig : Giesecke & Devrient;1880;1880;8, LVI, 375, XCII p.;Camões, Luís de, 1524-1580;;Leal, José da Silva Mendes, 1820-1886, Autor;"Biel, Emílio, 1838-1915, Editor literário ; Burger, Ludwig, 1825-1884, Ilustrador";;Instituto Alemão, Antigo possuidor;L. 6236 A.;;http://id.bnportugal.gov.pt/bib/catbnp/381189;Livre
8129;381189;1;252;3811891252;https://permalinkbnd.bnportugal.gov.pt/viewer/14628/?offset=#page=252&viewer=picture&o=info&n=0&q=;Imagens | 1747;Cantos - Cantos I | 1750;Episódios - Desembarque de Gama em Calecut | 1767;381189;https://purl.pt/19851;https://bndigital.bnportugal.gov.pt//i/?IIIF=/35/3a/f7/86/353af786-af35-4823-aad5-6c0473e49078/iiif/cam-248-a_0000_capa-capa_t24-C-R0150_000001.tif/full/!300,500/0/default.jpg;Livro impresso;Português;;Os Lusíadas de Luiz de Camões;edição critica-commemorativa do Terceiro Centenario da Morte do Grande Poeta;;1.ª ed.;Leipzig : Giesecke & Devrient;1880;1880;8, LVI, 375, XCII p.;Camões, Luís de, 1524-1580;;Leal, José da Silva Mendes, 1820-1886, Autor;"Biel, Emílio, 1838-1915, Editor literário ; Burger, Ludwig, 1825-1884, Ilustrador";;Instituto Alemão, Antigo possuidor;L. 6236 A.;;http://id.bnportugal.gov.pt/bib/catbnp/381189;Livre
8130;381189;1;258;3811891258;https://permalinkbnd.bnportugal.gov.pt/viewer/14628/?offset=#page=258&viewer=picture&o=info&n=0&q=;Imagens | 1747;Cantos - Cantos II | 1751;Episódios - Segunda Audiência do Samorim a Gama | 1768;381189;https://purl.pt/19851;https://bndigital.bnportugal.gov.pt//i/?IIIF=/35/3a/f7/86/353af786-af35-4823-aad5-6c0473e49078/iiif/cam-248-a_0000_capa-capa_t24-C-R0150_000001.tif/full/!300,500/0/default.jpg;Livro impresso;Português;;Os Lusíadas de Luiz de Camões;edição critica-commemorativa do Terceiro Centenario da Morte do Grande Poeta;;1.ª ed.;Leipzig : Giesecke & Devrient;1880;1880;8, LVI, 375, XCII p.;Camões, Luís de, 1524-1580;;Leal, José da Silva Mendes, 1820-1886, Autor;"Biel, Emílio, 1838-1915, Editor literário ; Burger, Ludwig, 1825-1884, Ilustrador";;Instituto Alemão, Antigo possuidor;L. 6236 A.;;http://id.bnportugal.gov.pt/bib/catbnp/381189;Livre
8131;381189;1;260;3811891260;https://permalinkbnd.bnportugal.gov.pt/viewer/14628/?offset=#page=260&viewer=picture&o=info&n=0&q=;Imagens | 1747;Cantos - Cantos III | 1752;Episódios - Ilha de Vénus | 1769;381189;https://purl.pt/19851;https://bndigital.bnportugal.gov.pt//i/?IIIF=/35/3a/f7/86/353af786-af35-4823-aad5-6c0473e49078/iiif/cam-248-a_0000_capa-capa_t24-C-R0150_000001.tif/full/!300,500/0/default.jpg;Livro impresso;Português;;Os Lusíadas de Luiz de Camões;edição critica-commemorativa do Terceiro Centenario da Morte do Grande Poeta;;1.ª ed.;Leipzig : Giesecke & Devrient;1880;1880;8, LVI, 375, XCII p.;Camões, Luís de, 1524-1580;;Leal, José da Silva Mendes, 1820-1886, Autor;"Biel, Emílio, 1838-1915, Editor literário ; Burger, Ludwig, 1825-1884, Ilustrador";;Instituto Alemão, Antigo possuidor;L. 6236 A.;;http://id.bnportugal.gov.pt/bib/catbnp/381189;Livre
8132;381189;1;277;3811891277;https://permalinkbnd.bnportugal.gov.pt/viewer/14628/?offset=#page=277&viewer=picture&o=info&n=0&q=;Imagens | 1747;Cantos - Cantos IV | 1753;Episódios - Audiência d’El-Rei D. Manuel a Gama | 1770;381189;https://purl.pt/19851;https://bndigital.bnportugal.gov.pt//i/?IIIF=/35/3a/f7/86/353af786-af35-4823-aad5-6c0473e49078/iiif/cam-248-a_0000_capa-capa_t24-C-R0150_000001.tif/full/!300,500/0/default.jpg;Livro impresso;Português;;Os Lusíadas de Luiz de Camões;edição critica-commemorativa do Terceiro Centenario da Morte do Grande Poeta;;1.ª ed.;Leipzig : Giesecke & Devrient;1880;1880;8, LVI, 375, XCII p.;Camões, Luís de, 1524-1580;;Leal, José da Silva Mendes, 1820-1886, Autor;"Biel, Emílio, 1838-1915, Editor literário ; Burger, Ludwig, 1825-1884, Ilustrador";;Instituto Alemão, Antigo possuidor;L. 6236 A.;;http://id.bnportugal.gov.pt/bib/catbnp/381189;Livre
8133;381189;1;291;3811891291;https://permalinkbnd.bnportugal.gov.pt/viewer/14628/?offset=#page=291&viewer=picture&o=info&n=0&q=;Imagens | 1747;Cantos - Cantos V | 1754;Episódios - Camões na gruta de Macau | 1760;381189;https://purl.pt/19851;https://bndigital.bnportugal.gov.pt//i/?IIIF=/35/3a/f7/86/353af786-af35-4823-aad5-6c0473e49078/iiif/cam-248-a_0000_capa-capa_t24-C-R0150_000001.tif/full/!300,500/0/default.jpg;Livro impresso;Português;;Os Lusíadas de Luiz de Camões;edição critica-commemorativa do Terceiro Centenario da Morte do Grande Poeta;;1.ª ed.;Leipzig : Giesecke & Devrient;1880;1880;8, LVI, 375, XCII p.;Camões, Luís de, 1524-1580;;Leal, José da Silva Mendes, 1820-1886, Autor;"Biel, Emílio, 1838-1915, Editor literário ; Burger, Ludwig, 1825-1884, Ilustrador";;Instituto Alemão, Antigo possuidor;L. 6236 A.;;http://id.bnportugal.gov.pt/bib/catbnp/381189;Livre
8134;381189;1;299;3811891299;https://permalinkbnd.bnportugal.gov.pt/viewer/14628/?offset=#page=299&viewer=picture&o=info&n=0&q=;Imagens | 1747;Cantos - Cantos VI | 1755;Episódios - Visita do Rei de Melinde a Gama | 1761;381189;https://purl.pt/19851;https://bndigital.bnportugal.gov.pt//i/?IIIF=/35/3a/f7/86/353af786-af35-4823-aad5-6c0473e49078/iiif/cam-248-a_0000_capa-capa_t24-C-R0150_000001.tif/full/!300,500/0/default.jpg;Livro impresso;Português;;Os Lusíadas de Luiz de Camões;edição critica-commemorativa do Terceiro Centenario da Morte do Grande Poeta;;1.ª ed.;Leipzig : Giesecke & Devrient;1880;1880;8, LVI, 375, XCII p.;Camões, Luís de, 1524-1580;;Leal, José da Silva Mendes, 1820-1886, Autor;"Biel, Emílio, 1838-1915, Editor literário ; Burger, Ludwig, 1825-1884, Ilustrador";;Instituto Alemão, Antigo possuidor;L. 6236 A.;;http://id.bnportugal.gov.pt/bib/catbnp/381189;Livre
8135;381189;1;301;3811891301;https://permalinkbnd.bnportugal.gov.pt/viewer/14628/?offset=#page=301&viewer=picture&o=info&n=0&q=;Imagens | 1747;Cantos - Cantos VII | 1756;"Episódios - Concílio ""Conselho dos Deuses"" | 1762";381189;https://purl.pt/19851;https://bndigital.bnportugal.gov.pt//i/?IIIF=/35/3a/f7/86/353af786-af35-4823-aad5-6c0473e49078/iiif/cam-248-a_0000_capa-capa_t24-C-R0150_000001.tif/full/!300,500/0/default.jpg;Livro impresso;Português;;Os Lusíadas de Luiz de Camões;edição critica-commemorativa do Terceiro Centenario da Morte do Grande Poeta;;1.ª ed.;Leipzig : Giesecke & Devrient;1880;1880;8, LVI, 375, XCII p.;Camões, Luís de, 1524-1580;;Leal, José da Silva Mendes, 1820-1886, Autor;"Biel, Emílio, 1838-1915, Editor literário ; Burger, Ludwig, 1825-1884, Ilustrador";;Instituto Alemão, Antigo possuidor;L. 6236 A.;;http://id.bnportugal.gov.pt/bib/catbnp/381189;Livre
8136;381189;1;311;3811891311;https://permalinkbnd.bnportugal.gov.pt/viewer/14628/?offset=#page=311&viewer=picture&o=info&n=0&q=;Imagens | 1747;Cantos - Cantos VIII | 1757;Episódios - Sonho d'El-Rei D. Manuel, no qual lhe aparecem os rios Indo e Ganges | 1763;381189;https://purl.pt/19851;https://bndigital.bnportugal.gov.pt//i/?IIIF=/35/3a/f7/86/353af786-af35-4823-aad5-6c0473e49078/iiif/cam-248-a_0000_capa-capa_t24-C-R0150_000001.tif/full/!300,500/0/default.jpg;Livro impresso;Português;;Os Lusíadas de Luiz de Camões;edição critica-commemorativa do Terceiro Centenario da Morte do Grande Poeta;;1.ª ed.;Leipzig : Giesecke & Devrient;1880;1880;8, LVI, 375, XCII p.;Camões, Luís de, 1524-1580;;Leal, José da Silva Mendes, 1820-1886, Autor;"Biel, Emílio, 1838-1915, Editor literário ; Burger, Ludwig, 1825-1884, Ilustrador";;Instituto Alemão, Antigo possuidor;L. 6236 A.;;http://id.bnportugal.gov.pt/bib/catbnp/381189;Livre
8137;381189;1;334;3811891334;https://permalinkbnd.bnportugal.gov.pt/viewer/14628/?offset=#page=334&viewer=picture&o=info&n=0&q=;Imagens | 1747;Cantos - Cantos IX | 1758;Episódios - Assassínio de Inês de Castro | 1764;381189;https://purl.pt/19851;https://bndigital.bnportugal.gov.pt//i/?IIIF=/35/3a/f7/86/353af786-af35-4823-aad5-6c0473e49078/iiif/cam-248-a_0000_capa-capa_t24-C-R0150_000001.tif/full/!300,500/0/default.jpg;Livro impresso;Português;;Os Lusíadas de Luiz de Camões;edição critica-commemorativa do Terceiro Centenario da Morte do Grande Poeta;;1.ª ed.;Leipzig : Giesecke & Devrient;1880;1880;8, LVI, 375, XCII p.;Camões, Luís de, 1524-1580;;Leal, José da Silva Mendes, 1820-1886, Autor;"Biel, Emílio, 1838-1915, Editor literário ; Burger, Ludwig, 1825-1884, Ilustrador";;Instituto Alemão, Antigo possuidor;L. 6236 A.;;http://id.bnportugal.gov.pt/bib/catbnp/381189;Livre
8138;381189;1;340;3811891340;https://permalinkbnd.bnportugal.gov.pt/viewer/14628/?offset=#page=340&viewer=picture&o=info&n=0&q=;Imagens | 1747;Cantos - Cantos X | 1759;Episódios - Aparição do gigante Adamastor na passagem do Cabo de B. Esperança | 1765;381189;https://purl.pt/19851;https://bndigital.bnportugal.gov.pt//i/?IIIF=/35/3a/f7/86/353af786-af35-4823-aad5-6c0473e49078/iiif/cam-248-a_0000_capa-capa_t24-C-R0150_000001.tif/full/!300,500/0/default.jpg;Livro impresso;Português;;Os Lusíadas de Luiz de Camões;edição critica-commemorativa do Terceiro Centenario da Morte do Grande Poeta;;1.ª ed.;Leipzig : Giesecke & Devrient;1880;1880;8, LVI, 375, XCII p.;Camões, Luís de, 1524-1580;;Leal, José da Silva Mendes, 1820-1886, Autor;"Biel, Emílio, 1838-1915, Editor literário ; Burger, Ludwig, 1825-1884, Ilustrador";;Instituto Alemão, Antigo possuidor;L. 6236 A.;;http://id.bnportugal.gov.pt/bib/catbnp/381189;Livre
8139;381189;1;342;3811891342;https://permalinkbnd.bnportugal.gov.pt/viewer/14628/?offset=#page=342&viewer=picture&o=info&n=0&q=;Imagens | 1747;Cantos | 1748;Episódios - Vénus aplaca os Ventos e a tormenta | 1766;381189;https://purl.pt/19851;https://bndigital.bnportugal.gov.pt//i/?IIIF=/35/3a/f7/86/353af786-af35-4823-aad5-6c0473e49078/iiif/cam-248-a_0000_capa-capa_t24-C-R0150_000001.tif/full/!300,500/0/default.jpg;Livro impresso;Português;;Os Lusíadas de Luiz de Camões;edição critica-commemorativa do Terceiro Centenario da Morte do Grande Poeta;;1.ª ed.;Leipzig : Giesecke & Devrient;1880;1880;8, LVI, 375, XCII p.;Camões, Luís de, 1524-1580;;Leal, José da Silva Mendes, 1820-1886, Autor;"Biel, Emílio, 1838-1915, Editor literário ; Burger, Ludwig, 1825-1884, Ilustrador";;Instituto Alemão, Antigo possuidor;L. 6236 A.;;http://id.bnportugal.gov.pt/bib/catbnp/381189;Livre
8140;381189;1;357;3811891357;https://permalinkbnd.bnportugal.gov.pt/viewer/14628/?offset=#page=357&viewer=picture&o=info&n=0&q=;Imagens | 1747;Cantos | 1748;Episódios - Desembarque de Gama em Calecut | 1767;381189;https://purl.pt/19851;https://bndigital.bnportugal.gov.pt//i/?IIIF=/35/3a/f7/86/353af786-af35-4823-aad5-6c0473e49078/iiif/cam-248-a_0000_capa-capa_t24-C-R0150_000001.tif/full/!300,500/0/default.jpg;Livro impresso;Português;;Os Lusíadas de Luiz de Camões;edição critica-commemorativa do Terceiro Centenario da Morte do Grande Poeta;;1.ª ed.;Leipzig : Giesecke & Devrient;1880;1880;8, LVI, 375, XCII p.;Camões, Luís de, 1524-1580;;Leal, José da Silva Mendes, 1820-1886, Autor;"Biel, Emílio, 1838-1915, Editor literário ; Burger, Ludwig, 1825-1884, Ilustrador";;Instituto Alemão, Antigo possuidor;L. 6236 A.;;http://id.bnportugal.gov.pt/bib/catbnp/381189;Livre
8141;381189;1;371;3811891371;https://permalinkbnd.bnportugal.gov.pt/viewer/14628/?offset=#page=371&viewer=picture&o=info&n=0&q=;Imagens | 1747;Episódios | 1749;Episódios - Segunda Audiência do Samorim a Gama | 1768;381189;https://purl.pt/19851;https://bndigital.bnportugal.gov.pt//i/?IIIF=/35/3a/f7/86/353af786-af35-4823-aad5-6c0473e49078/iiif/cam-248-a_0000_capa-capa_t24-C-R0150_000001.tif/full/!300,500/0/default.jpg;Livro impresso;Português;;Os Lusíadas de Luiz de Camões;edição critica-commemorativa do Terceiro Centenario da Morte do Grande Poeta;;1.ª ed.;Leipzig : Giesecke & Devrient;1880;1880;8, LVI, 375, XCII p.;Camões, Luís de, 1524-1580;;Leal, José da Silva Mendes, 1820-1886, Autor;"Biel, Emílio, 1838-1915, Editor literário ; Burger, Ludwig, 1825-1884, Ilustrador";;Instituto Alemão, Antigo possuidor;L. 6236 A.;;http://id.bnportugal.gov.pt/bib/catbnp/381189;Livre
8142;381189;1;377;3811891377;https://permalinkbnd.bnportugal.gov.pt/viewer/14628/?offset=#page=377&viewer=picture&o=info&n=0&q=;Imagens | 1747;Cantos - Cantos I | 1750;Episódios - Ilha de Vénus | 1769;381189;https://purl.pt/19851;https://bndigital.bnportugal.gov.pt//i/?IIIF=/35/3a/f7/86/353af786-af35-4823-aad5-6c0473e49078/iiif/cam-248-a_0000_capa-capa_t24-C-R0150_000001.tif/full/!300,500/0/default.jpg;Livro impresso;Português;;Os Lusíadas de Luiz de Camões;edição critica-commemorativa do Terceiro Centenario da Morte do Grande Poeta;;1.ª ed.;Leipzig : Giesecke & Devrient;1880;1880;8, LVI, 375, XCII p.;Camões, Luís de, 1524-1580;;Leal, José da Silva Mendes, 1820-1886, Autor;"Biel, Emílio, 1838-1915, Editor literário ; Burger, Ludwig, 1825-1884, Ilustrador";;Instituto Alemão, Antigo possuidor;L. 6236 A.;;http://id.bnportugal.gov.pt/bib/catbnp/381189;Livre
8143;381189;1;379;3811891379;https://permalinkbnd.bnportugal.gov.pt/viewer/14628/?offset=#page=379&viewer=picture&o=info&n=0&q=;Imagens | 1747;Cantos - Cantos II | 1751;Episódios - Audiência d’El-Rei D. Manuel a Gama | 1770;381189;https://purl.pt/19851;https://bndigital.bnportugal.gov.pt//i/?IIIF=/35/3a/f7/86/353af786-af35-4823-aad5-6c0473e49078/iiif/cam-248-a_0000_capa-capa_t24-C-R0150_000001.tif/full/!300,500/0/default.jpg;Livro impresso;Português;;Os Lusíadas de Luiz de Camões;edição critica-commemorativa do Terceiro Centenario da Morte do Grande Poeta;;1.ª ed.;Leipzig : Giesecke & Devrient;1880;1880;8, LVI, 375, XCII p.;Camões, Luís de, 1524-1580;;Leal, José da Silva Mendes, 1820-1886, Autor;"Biel, Emílio, 1838-1915, Editor literário ; Burger, Ludwig, 1825-1884, Ilustrador";;Instituto Alemão, Antigo possuidor;L. 6236 A.;;http://id.bnportugal.gov.pt/bib/catbnp/381189;Livre
8144;381189;1;381;3811891381;https://permalinkbnd.bnportugal.gov.pt/viewer/14628/?offset=#page=381&viewer=picture&o=info&n=0&q=;Imagens | 1747;Cantos - Cantos III | 1752;Episódios - Camões na gruta de Macau | 1760;381189;https://purl.pt/19851;https://bndigital.bnportugal.gov.pt//i/?IIIF=/35/3a/f7/86/353af786-af35-4823-aad5-6c0473e49078/iiif/cam-248-a_0000_capa-capa_t24-C-R0150_000001.tif/full/!300,500/0/default.jpg;Livro impresso;Português;;Os Lusíadas de Luiz de Camões;edição critica-commemorativa do Terceiro Centenario da Morte do Grande Poeta;;1.ª ed.;Leipzig : Giesecke & Devrient;1880;1880;8, LVI, 375, XCII p.;Camões, Luís de, 1524-1580;;Leal, José da Silva Mendes, 1820-1886, Autor;"Biel, Emílio, 1838-1915, Editor literário ; Burger, Ludwig, 1825-1884, Ilustrador";;Instituto Alemão, Antigo possuidor;L. 6236 A.;;http://id.bnportugal.gov.pt/bib/catbnp/381189;Livre
8145;381189;1;402;3811891402;https://permalinkbnd.bnportugal.gov.pt/viewer/14628/?offset=#page=402&viewer=picture&o=info&n=0&q=;Imagens | 1747;Cantos - Cantos IV | 1753;Episódios - Visita do Rei de Melinde a Gama | 1761;381189;https://purl.pt/19851;https://bndigital.bnportugal.gov.pt//i/?IIIF=/35/3a/f7/86/353af786-af35-4823-aad5-6c0473e49078/iiif/cam-248-a_0000_capa-capa_t24-C-R0150_000001.tif/full/!300,500/0/default.jpg;Livro impresso;Português;;Os Lusíadas de Luiz de Camões;edição critica-commemorativa do Terceiro Centenario da Morte do Grande Poeta;;1.ª ed.;Leipzig : Giesecke & Devrient;1880;1880;8, LVI, 375, XCII p.;Camões, Luís de, 1524-1580;;Leal, José da Silva Mendes, 1820-1886, Autor;"Biel, Emílio, 1838-1915, Editor literário ; Burger, Ludwig, 1825-1884, Ilustrador";;Instituto Alemão, Antigo possuidor;L. 6236 A.;;http://id.bnportugal.gov.pt/bib/catbnp/381189;Livre
8146;381189;1;418;3811891418;https://permalinkbnd.bnportugal.gov.pt/viewer/14628/?offset=#page=418&viewer=picture&o=info&n=0&q=;Imagens | 1747;Cantos - Cantos V | 1754;"Episódios - Concílio ""Conselho dos Deuses"" | 1762";381189;https://purl.pt/19851;https://bndigital.bnportugal.gov.pt//i/?IIIF=/35/3a/f7/86/353af786-af35-4823-aad5-6c0473e49078/iiif/cam-248-a_0000_capa-capa_t24-C-R0150_000001.tif/full/!300,500/0/default.jpg;Livro impresso;Português;;Os Lusíadas de Luiz de Camões;edição critica-commemorativa do Terceiro Centenario da Morte do Grande Poeta;;1.ª ed.;Leipzig : Giesecke & Devrient;1880;1880;8, LVI, 375, XCII p.;Camões, Luís de, 1524-1580;;Leal, José da Silva Mendes, 1820-1886, Autor;"Biel, Emílio, 1838-1915, Editor literário ; Burger, Ludwig, 1825-1884, Ilustrador";;Instituto Alemão, Antigo possuidor;L. 6236 A.;;http://id.bnportugal.gov.pt/bib/catbnp/381189;Livre
8147;381189;1;420;3811891420;https://permalinkbnd.bnportugal.gov.pt/viewer/14628/?offset=#page=420&viewer=picture&o=info&n=0&q=;Imagens | 1747;Cantos - Cantos VI | 1755;Episódios - Sonho d'El-Rei D. Manuel, no qual lhe aparecem os rios Indo e Ganges | 1763;381189;https://purl.pt/19851;https://bndigital.bnportugal.gov.pt//i/?IIIF=/35/3a/f7/86/353af786-af35-4823-aad5-6c0473e49078/iiif/cam-248-a_0000_capa-capa_t24-C-R0150_000001.tif/full/!300,500/0/default.jpg;Livro impresso;Português;;Os Lusíadas de Luiz de Camões;edição critica-commemorativa do Terceiro Centenario da Morte do Grande Poeta;;1.ª ed.;Leipzig : Giesecke & Devrient;1880;1880;8, LVI, 375, XCII p.;Camões, Luís de, 1524-1580;;Leal, José da Silva Mendes, 1820-1886, Autor;"Biel, Emílio, 1838-1915, Editor literário ; Burger, Ludwig, 1825-1884, Ilustrador";;Instituto Alemão, Antigo possuidor;L. 6236 A.;;http://id.bnportugal.gov.pt/bib/catbnp/381189;Livre
8148;381189;1;436;3811891436;https://permalinkbnd.bnportugal.gov.pt/viewer/14628/?offset=#page=436&viewer=picture&o=info&n=0&q=;Imagens | 1747;Cantos - Cantos VII | 1756;Episódios - Assassínio de Inês de Castro | 1764;381189;https://purl.pt/19851;https://bndigital.bnportugal.gov.pt//i/?IIIF=/35/3a/f7/86/353af786-af35-4823-aad5-6c0473e49078/iiif/cam-248-a_0000_capa-capa_t24-C-R0150_000001.tif/full/!300,500/0/default.jpg;Livro impresso;Português;;Os Lusíadas de Luiz de Camões;edição critica-commemorativa do Terceiro Centenario da Morte do Grande Poeta;;1.ª ed.;Leipzig : Giesecke & Devrient;1880;1880;8, LVI, 375, XCII p.;Camões, Luís de, 1524-1580;;Leal, José da Silva Mendes, 1820-1886, Autor;"Biel, Emílio, 1838-1915, Editor literário ; Burger, Ludwig, 1825-1884, Ilustrador";;Instituto Alemão, Antigo possuidor;L. 6236 A.;;http://id.bnportugal.gov.pt/bib/catbnp/381189;Livre
8149;381189;1;444;3811891444;https://permalinkbnd.bnportugal.gov.pt/viewer/14628/?offset=#page=444&viewer=picture&o=info&n=0&q=;Imagens | 1747;Cantos - Cantos VIII | 1757;Episódios - Aparição do gigante Adamastor na passagem do Cabo de B. Esperança | 1765;381189;https://purl.pt/19851;https://bndigital.bnportugal.gov.pt//i/?IIIF=/35/3a/f7/86/353af786-af35-4823-aad5-6c0473e49078/iiif/cam-248-a_0000_capa-capa_t24-C-R0150_000001.tif/full/!300,500/0/default.jpg;Livro impresso;Português;;Os Lusíadas de Luiz de Camões;edição critica-commemorativa do Terceiro Centenario da Morte do Grande Poeta;;1.ª ed.;Leipzig : Giesecke & Devrient;1880;1880;8, LVI, 375, XCII p.;Camões, Luís de, 1524-1580;;Leal, José da Silva Mendes, 1820-1886, Autor;"Biel, Emílio, 1838-1915, Editor literário ; Burger, Ludwig, 1825-1884, Ilustrador";;Instituto Alemão, Antigo possuidor;L. 6236 A.;;http://id.bnportugal.gov.pt/bib/catbnp/381189;Livre
8150;381189;1;453;3811891453;https://permalinkbnd.bnportugal.gov.pt/viewer/14628/?offset=#page=453&viewer=picture&o=info&n=0&q=;Imagens | 1747;Cantos - Cantos IX | 1758;Episódios - Vénus aplaca os Ventos e a tormenta | 1766;381189;https://purl.pt/19851;https://bndigital.bnportugal.gov.pt//i/?IIIF=/35/3a/f7/86/353af786-af35-4823-aad5-6c0473e49078/iiif/cam-248-a_0000_capa-capa_t24-C-R0150_000001.tif/full/!300,500/0/default.jpg;Livro impresso;Português;;Os Lusíadas de Luiz de Camões;edição critica-commemorativa do Terceiro Centenario da Morte do Grande Poeta;;1.ª ed.;Leipzig : Giesecke & Devrient;1880;1880;8, LVI, 375, XCII p.;Camões, Luís de, 1524-1580;;Leal, José da Silva Mendes, 1820-1886, Autor;"Biel, Emílio, 1838-1915, Editor literário ; Burger, Ludwig, 1825-1884, Ilustrador";;Instituto Alemão, Antigo possuidor;L. 6236 A.;;http://id.bnportugal.gov.pt/bib/catbnp/381189;Livre
8151;381189;1;459;3811891459;https://permalinkbnd.bnportugal.gov.pt/viewer/14628/?offset=#page=459&viewer=picture&o=info&n=0&q=;Imagens | 1747;Cantos - Cantos X | 1759;Episódios - Desembarque de Gama em Calecut | 1767;381189;https://purl.pt/19851;https://bndigital.bnportugal.gov.pt//i/?IIIF=/35/3a/f7/86/353af786-af35-4823-aad5-6c0473e49078/iiif/cam-248-a_0000_capa-capa_t24-C-R0150_000001.tif/full/!300,500/0/default.jpg;Livro impresso;Português;;Os Lusíadas de Luiz de Camões;edição critica-commemorativa do Terceiro Centenario da Morte do Grande Poeta;;1.ª ed.;Leipzig : Giesecke & Devrient;1880;1880;8, LVI, 375, XCII p.;Camões, Luís de, 1524-1580;;Leal, José da Silva Mendes, 1820-1886, Autor;"Biel, Emílio, 1838-1915, Editor literário ; Burger, Ludwig, 1825-1884, Ilustrador";;Instituto Alemão, Antigo possuidor;L. 6236 A.;;http://id.bnportugal.gov.pt/bib/catbnp/381189;Livre
8152;381189;1;461;3811891461;https://permalinkbnd.bnportugal.gov.pt/viewer/14628/?offset=#page=461&viewer=picture&o=info&n=0&q=;Imagens | 1747;Cantos | 1748;Episódios - Segunda Audiência do Samorim a Gama | 1768;381189;https://purl.pt/19851;https://bndigital.bnportugal.gov.pt//i/?IIIF=/35/3a/f7/86/353af786-af35-4823-aad5-6c0473e49078/iiif/cam-248-a_0000_capa-capa_t24-C-R0150_000001.tif/full/!300,500/0/default.jpg;Livro impresso;Português;;Os Lusíadas de Luiz de Camões;edição critica-commemorativa do Terceiro Centenario da Morte do Grande Poeta;;1.ª ed.;Leipzig : Giesecke & Devrient;1880;1880;8, LVI, 375, XCII p.;Camões, Luís de, 1524-1580;;Leal, José da Silva Mendes, 1820-1886, Autor;"Biel, Emílio, 1838-1915, Editor literário ; Burger, Ludwig, 1825-1884, Ilustrador";;Instituto Alemão, Antigo possuidor;L. 6236 A.;;http://id.bnportugal.gov.pt/bib/catbnp/381189;Livre
8153;381189;1;463;3811891463;https://permalinkbnd.bnportugal.gov.pt/viewer/14628/?offset=#page=463&viewer=picture&o=info&n=0&q=;Imagens | 1747;Cantos | 1748;Episódios - Ilha de Vénus | 1769;381189;https://purl.pt/19851;https://bndigital.bnportugal.gov.pt//i/?IIIF=/35/3a/f7/86/353af786-af35-4823-aad5-6c0473e49078/iiif/cam-248-a_0000_capa-capa_t24-C-R0150_000001.tif/full/!300,500/0/default.jpg;Livro impresso;Português;;Os Lusíadas de Luiz de Camões;edição critica-commemorativa do Terceiro Centenario da Morte do Grande Poeta;;1.ª ed.;Leipzig : Giesecke & Devrient;1880;1880;8, LVI, 375, XCII p.;Camões, Luís de, 1524-1580;;Leal, José da Silva Mendes, 1820-1886, Autor;"Biel, Emílio, 1838-1915, Editor literário ; Burger, Ludwig, 1825-1884, Ilustrador";;Instituto Alemão, Antigo possuidor;L. 6236 A.;;http://id.bnportugal.gov.pt/bib/catbnp/381189;Livre
8154;381189;1;512;3811891512;https://permalinkbnd.bnportugal.gov.pt/viewer/14628/?offset=#page=512&viewer=picture&o=info&n=0&q=;Imagens | 1747;Episódios | 1749;Episódios - Audiência d’El-Rei D. Manuel a Gama | 1770;381189;https://purl.pt/19851;https://bndigital.bnportugal.gov.pt//i/?IIIF=/35/3a/f7/86/353af786-af35-4823-aad5-6c0473e49078/iiif/cam-248-a_0000_capa-capa_t24-C-R0150_000001.tif/full/!300,500/0/default.jpg;Livro impresso;Português;;Os Lusíadas de Luiz de Camões;edição critica-commemorativa do Terceiro Centenario da Morte do Grande Poeta;;1.ª ed.;Leipzig : Giesecke & Devrient;1880;1880;8, LVI, 375, XCII p.;Camões, Luís de, 1524-1580;;Leal, José da Silva Mendes, 1820-1886, Autor;"Biel, Emílio, 1838-1915, Editor literário ; Burger, Ludwig, 1825-1884, Ilustrador";;Instituto Alemão, Antigo possuidor;L. 6236 A.;;http://id.bnportugal.gov.pt/bib/catbnp/381189;Livre
8155;381297;1;10;381297110;https://permalinkbnd.bnportugal.gov.pt/viewer/14598/?offset=#page=10&viewer=picture&o=info&n=0&q=;Imagens | 1747;Cantos - Cantos I | 1750;Episódios - Camões na gruta de Macau | 1760;381297;https://purl.pt/37881;https://bndigital.bnportugal.gov.pt//i/?IIIF=/7a/f5/a1/57/7af5a157-cb79-4c61-ac2b-23423412371c/iiif/cam-19-a_0000_000010.tif/full/!300,500/0/default.jpg;Livro impresso;Português;;Os Lusíadas;poema épico de Luis de Camões;;Nova edição correcta e dada á luz por D. Iosé Maria de Souza-Botelho, Morgado de Mattheus, Socio da Academia Real das Sciencias de Lisboa;Paris : na Officina Typographica de Firmin Didot, impressor do Rei, e do Instituto;1817;1817;10, CXXX, 2 br., 413, 1 br., 10, 2 br. p.;Camões, Luís de, 1524-1580;;;"Didot, Firmin, fl. 1789-1829, Impressor ; Mateus, Morgado de, 1758-1825, Editor literário";;;F.R. 343;;http://id.bnportugal.gov.pt/bib/catbnp/381297;Livre
8156;381297;1;69;381297169;https://permalinkbnd.bnportugal.gov.pt/viewer/14598/?offset=#page=69&viewer=picture&o=info&n=0&q=;Imagens | 1747;Cantos - Cantos II | 1751;Episódios - Visita do Rei de Melinde a Gama | 1761;381297;https://purl.pt/37881;https://bndigital.bnportugal.gov.pt//i/?IIIF=/7a/f5/a1/57/7af5a157-cb79-4c61-ac2b-23423412371c/iiif/cam-19-a_0000_000010.tif/full/!300,500/0/default.jpg;Livro impresso;Português;;Os Lusíadas;poema épico de Luis de Camões;;Nova edição correcta e dada á luz por D. Iosé Maria de Souza-Botelho, Morgado de Mattheus, Socio da Academia Real das Sciencias de Lisboa;Paris : na Officina Typographica de Firmin Didot, impressor do Rei, e do Instituto;1817;1817;10, CXXX, 2 br., 413, 1 br., 10, 2 br. p.;Camões, Luís de, 1524-1580;;;"Didot, Firmin, fl. 1789-1829, Impressor ; Mateus, Morgado de, 1758-1825, Editor literário";;;F.R. 343;;http://id.bnportugal.gov.pt/bib/catbnp/381297;Livre
8157;381297;1;156;3812971156;https://permalinkbnd.bnportugal.gov.pt/viewer/14598/?offset=#page=156&viewer=picture&o=info&n=0&q=;Imagens | 1747;Cantos - Cantos III | 1752;"Episódios - Concílio ""Conselho dos Deuses"" | 1762";381297;https://purl.pt/37881;https://bndigital.bnportugal.gov.pt//i/?IIIF=/7a/f5/a1/57/7af5a157-cb79-4c61-ac2b-23423412371c/iiif/cam-19-a_0000_000010.tif/full/!300,500/0/default.jpg;Livro impresso;Português;;Os Lusíadas;poema épico de Luis de Camões;;Nova edição correcta e dada á luz por D. Iosé Maria de Souza-Botelho, Morgado de Mattheus, Socio da Academia Real das Sciencias de Lisboa;Paris : na Officina Typographica de Firmin Didot, impressor do Rei, e do Instituto;1817;1817;10, CXXX, 2 br., 413, 1 br., 10, 2 br. p.;Camões, Luís de, 1524-1580;;;"Didot, Firmin, fl. 1789-1829, Impressor ; Mateus, Morgado de, 1758-1825, Editor literário";;;F.R. 343;;http://id.bnportugal.gov.pt/bib/catbnp/381297;Livre
8158;381297;1;196;3812971196;https://permalinkbnd.bnportugal.gov.pt/viewer/14598/?offset=#page=196&viewer=picture&o=info&n=0&q=;Imagens | 1747;Cantos - Cantos IV | 1753;Episódios - Sonho d'El-Rei D. Manuel, no qual lhe aparecem os rios Indo e Ganges | 1763;381297;https://purl.pt/37881;https://bndigital.bnportugal.gov.pt//i/?IIIF=/7a/f5/a1/57/7af5a157-cb79-4c61-ac2b-23423412371c/iiif/cam-19-a_0000_000010.tif/full/!300,500/0/default.jpg;Livro impresso;Português;;Os Lusíadas;poema épico de Luis de Camões;;Nova edição correcta e dada á luz por D. Iosé Maria de Souza-Botelho, Morgado de Mattheus, Socio da Academia Real das Sciencias de Lisboa;Paris : na Officina Typographica de Firmin Didot, impressor do Rei, e do Instituto;1817;1817;10, CXXX, 2 br., 413, 1 br., 10, 2 br. p.;Camões, Luís de, 1524-1580;;;"Didot, Firmin, fl. 1789-1829, Impressor ; Mateus, Morgado de, 1758-1825, Editor literário";;;F.R. 343;;http://id.bnportugal.gov.pt/bib/catbnp/381297;Livre
8159;381297;1;238;3812971238;https://permalinkbnd.bnportugal.gov.pt/viewer/14598/?offset=#page=238&viewer=picture&o=info&n=0&q=;Imagens | 1747;Cantos - Cantos V | 1754;Episódios - Assassínio de Inês de Castro | 1764;381297;https://purl.pt/37881;https://bndigital.bnportugal.gov.pt//i/?IIIF=/7a/f5/a1/57/7af5a157-cb79-4c61-ac2b-23423412371c/iiif/cam-19-a_0000_000010.tif/full/!300,500/0/default.jpg;Livro impresso;Português;;Os Lusíadas;poema épico de Luis de Camões;;Nova edição correcta e dada á luz por D. Iosé Maria de Souza-Botelho, Morgado de Mattheus, Socio da Academia Real das Sciencias de Lisboa;Paris : na Officina Typographica de Firmin Didot, impressor do Rei, e do Instituto;1817;1817;10, CXXX, 2 br., 413, 1 br., 10, 2 br. p.;Camões, Luís de, 1524-1580;;;"Didot, Firmin, fl. 1789-1829, Impressor ; Mateus, Morgado de, 1758-1825, Editor literário";;;F.R. 343;;http://id.bnportugal.gov.pt/bib/catbnp/381297;Livre
8160;381297;1;290;3812971290;https://permalinkbnd.bnportugal.gov.pt/viewer/14598/?offset=#page=290&viewer=picture&o=info&n=0&q=;Imagens | 1747;Cantos - Cantos VI | 1755;Episódios - Aparição do gigante Adamastor na passagem do Cabo de B. Esperança | 1765;381297;https://purl.pt/37881;https://bndigital.bnportugal.gov.pt//i/?IIIF=/7a/f5/a1/57/7af5a157-cb79-4c61-ac2b-23423412371c/iiif/cam-19-a_0000_000010.tif/full/!300,500/0/default.jpg;Livro impresso;Português;;Os Lusíadas;poema épico de Luis de Camões;;Nova edição correcta e dada á luz por D. Iosé Maria de Souza-Botelho, Morgado de Mattheus, Socio da Academia Real das Sciencias de Lisboa;Paris : na Officina Typographica de Firmin Didot, impressor do Rei, e do Instituto;1817;1817;10, CXXX, 2 br., 413, 1 br., 10, 2 br. p.;Camões, Luís de, 1524-1580;;;"Didot, Firmin, fl. 1789-1829, Impressor ; Mateus, Morgado de, 1758-1825, Editor literário";;;F.R. 343;;http://id.bnportugal.gov.pt/bib/catbnp/381297;Livre
8161;381297;1;330;3812971330;https://permalinkbnd.bnportugal.gov.pt/viewer/14598/?offset=#page=330&viewer=picture&o=info&n=0&q=;Imagens | 1747;Cantos - Cantos VII | 1756;Episódios - Vénus aplaca os Ventos e a tormenta | 1766;381297;https://purl.pt/37881;https://bndigital.bnportugal.gov.pt//i/?IIIF=/7a/f5/a1/57/7af5a157-cb79-4c61-ac2b-23423412371c/iiif/cam-19-a_0000_000010.tif/full/!300,500/0/default.jpg;Livro impresso;Português;;Os Lusíadas;poema épico de Luis de Camões;;Nova edição correcta e dada á luz por D. Iosé Maria de Souza-Botelho, Morgado de Mattheus, Socio da Academia Real das Sciencias de Lisboa;Paris : na Officina Typographica de Firmin Didot, impressor do Rei, e do Instituto;1817;1817;10, CXXX, 2 br., 413, 1 br., 10, 2 br. p.;Camões, Luís de, 1524-1580;;;"Didot, Firmin, fl. 1789-1829, Impressor ; Mateus, Morgado de, 1758-1825, Editor literário";;;F.R. 343;;http://id.bnportugal.gov.pt/bib/catbnp/381297;Livre
8162;381297;1;368;3812971368;https://permalinkbnd.bnportugal.gov.pt/viewer/14598/?offset=#page=368&viewer=picture&o=info&n=0&q=;Imagens | 1747;Cantos - Cantos VIII | 1757;Episódios - Desembarque de Gama em Calecut | 1767;381297;https://purl.pt/37881;https://bndigital.bnportugal.gov.pt//i/?IIIF=/7a/f5/a1/57/7af5a157-cb79-4c61-ac2b-23423412371c/iiif/cam-19-a_0000_000010.tif/full/!300,500/0/default.jpg;Livro impresso;Português;;Os Lusíadas;poema épico de Luis de Camões;;Nova edição correcta e dada á luz por D. Iosé Maria de Souza-Botelho, Morgado de Mattheus, Socio da Academia Real das Sciencias de Lisboa;Paris : na Officina Typographica de Firmin Didot, impressor do Rei, e do Instituto;1817;1817;10, CXXX, 2 br., 413, 1 br., 10, 2 br. p.;Camões, Luís de, 1524-1580;;;"Didot, Firmin, fl. 1789-1829, Impressor ; Mateus, Morgado de, 1758-1825, Editor literário";;;F.R. 343;;http://id.bnportugal.gov.pt/bib/catbnp/381297;Livre
8163;381297;1;406;3812971406;https://permalinkbnd.bnportugal.gov.pt/viewer/14598/?offset=#page=406&viewer=picture&o=info&n=0&q=;Imagens | 1747;Cantos - Cantos IX | 1758;Episódios - Segunda Audiência do Samorim a Gama | 1768;381297;https://purl.pt/37881;https://bndigital.bnportugal.gov.pt//i/?IIIF=/7a/f5/a1/57/7af5a157-cb79-4c61-ac2b-23423412371c/iiif/cam-19-a_0000_000010.tif/full/!300,500/0/default.jpg;Livro impresso;Português;;Os Lusíadas;poema épico de Luis de Camões;;Nova edição correcta e dada á luz por D. Iosé Maria de Souza-Botelho, Morgado de Mattheus, Socio da Academia Real das Sciencias de Lisboa;Paris : na Officina Typographica de Firmin Didot, impressor do Rei, e do Instituto;1817;1817;10, CXXX, 2 br., 413, 1 br., 10, 2 br. p.;Camões, Luís de, 1524-1580;;;"Didot, Firmin, fl. 1789-1829, Impressor ; Mateus, Morgado de, 1758-1825, Editor literário";;;F.R. 343;;http://id.bnportugal.gov.pt/bib/catbnp/381297;Livre
8164;381297;1;440;3812971440;https://permalinkbnd.bnportugal.gov.pt/viewer/14598/?offset=#page=440&viewer=picture&o=info&n=0&q=;Imagens | 1747;Cantos - Cantos X | 1759;Episódios - Ilha de Vénus | 1769;381297;https://purl.pt/37881;https://bndigital.bnportugal.gov.pt//i/?IIIF=/7a/f5/a1/57/7af5a157-cb79-4c61-ac2b-23423412371c/iiif/cam-19-a_0000_000010.tif/full/!300,500/0/default.jpg;Livro impresso;Português;;Os Lusíadas;poema épico de Luis de Camões;;Nova edição correcta e dada á luz por D. Iosé Maria de Souza-Botelho, Morgado de Mattheus, Socio da Academia Real das Sciencias de Lisboa;Paris : na Officina Typographica de Firmin Didot, impressor do Rei, e do Instituto;1817;1817;10, CXXX, 2 br., 413, 1 br., 10, 2 br. p.;Camões, Luís de, 1524-1580;;;"Didot, Firmin, fl. 1789-1829, Impressor ; Mateus, Morgado de, 1758-1825, Editor literário";;;F.R. 343;;http://id.bnportugal.gov.pt/bib/catbnp/381297;Livre
8165;381297;1;478;3812971478;https://permalinkbnd.bnportugal.gov.pt/viewer/14598/?offset=#page=478&viewer=picture&o=info&n=0&q=;Imagens | 1747;Cantos | 1748;Episódios - Audiência d’El-Rei D. Manuel a Gama | 1770;381297;https://purl.pt/37881;https://bndigital.bnportugal.gov.pt//i/?IIIF=/7a/f5/a1/57/7af5a157-cb79-4c61-ac2b-23423412371c/iiif/cam-19-a_0000_000010.tif/full/!300,500/0/default.jpg;Livro impresso;Português;;Os Lusíadas;poema épico de Luis de Camões;;Nova edição correcta e dada á luz por D. Iosé Maria de Souza-Botelho, Morgado de Mattheus, Socio da Academia Real das Sciencias de Lisboa;Paris : na Officina Typographica de Firmin Didot, impressor do Rei, e do Instituto;1817;1817;10, CXXX, 2 br., 413, 1 br., 10, 2 br. p.;Camões, Luís de, 1524-1580;;;"Didot, Firmin, fl. 1789-1829, Impressor ; Mateus, Morgado de, 1758-1825, Editor literário";;;F.R. 343;;http://id.bnportugal.gov.pt/bib/catbnp/381297;Livre
8166;381297;1;514;3812971514;https://permalinkbnd.bnportugal.gov.pt/viewer/14598/?offset=#page=514&viewer=picture&o=info&n=0&q=;Imagens | 1747;Cantos | 1748;Episódios - Camões na gruta de Macau | 1760;381297;https://purl.pt/37881;https://bndigital.bnportugal.gov.pt//i/?IIIF=/7a/f5/a1/57/7af5a157-cb79-4c61-ac2b-23423412371c/iiif/cam-19-a_0000_000010.tif/full/!300,500/0/default.jpg;Livro impresso;Português;;Os Lusíadas;poema épico de Luis de Camões;;Nova edição correcta e dada á luz por D. Iosé Maria de Souza-Botelho, Morgado de Mattheus, Socio da Academia Real das Sciencias de Lisboa;Paris : na Officina Typographica de Firmin Didot, impressor do Rei, e do Instituto;1817;1817;10, CXXX, 2 br., 413, 1 br., 10, 2 br. p.;Camões, Luís de, 1524-1580;;;"Didot, Firmin, fl. 1789-1829, Impressor ; Mateus, Morgado de, 1758-1825, Editor literário";;;F.R. 343;;http://id.bnportugal.gov.pt/bib/catbnp/381297;Livre
8167;381496;1;10;381496110;https://permalinkbnd.bnportugal.gov.pt/viewer/14581/?offset=#page=10&viewer=picture&o=info&n=0&q=;Imagens | 1747;Episódios | 1749;Episódios - Visita do Rei de Melinde a Gama | 1761;381496;https://purl.pt/37776;https://bndigital.bnportugal.gov.pt//i/?IIIF=/bd/4d/db/1a/bd4ddb1a-3a0d-4237-b40a-a0aa6e20c004/iiif/cam-110-a_0000_000011.tif/full/!300,500/0/default.jpg;Livro impresso;"Português ; Francês";;Os Lusíadas;poema épico em dez cantos...;;1.ª ed.;Lisboa : Imprensa Nacional;1878;1878;XXXVIII, 337 p.;Camões, Luís de, 1524-1580;;;"Silva, Fernando de Azevedo e, 1845-1924, Tradutor ; Chagas, Pinheiro, 1842-1895, Autor da introdução, etc. ; Reis, Soares dos, 1847-1889, Ilustrador ; Abranches, Aristides, 1832-1892, Director ; Santos, Duarte Joaquim dos, ?-1855, Director ; Pedroso, João, 1823-1890, Gravador (aguafortista)";;;CAM. 34 A.;;http://id.bnportugal.gov.pt/bib/catbnp/381496;Livre
8168;381496;1;49;381496149;https://permalinkbnd.bnportugal.gov.pt/viewer/14581/?offset=#page=49&viewer=picture&o=info&n=0&q=;Imagens | 1747;Cantos - Cantos I | 1750;"Episódios - Concílio ""Conselho dos Deuses"" | 1762";381496;https://purl.pt/37776;https://bndigital.bnportugal.gov.pt//i/?IIIF=/bd/4d/db/1a/bd4ddb1a-3a0d-4237-b40a-a0aa6e20c004/iiif/cam-110-a_0000_000011.tif/full/!300,500/0/default.jpg;Livro impresso;"Português ; Francês";;Os Lusíadas;poema épico em dez cantos...;;1.ª ed.;Lisboa : Imprensa Nacional;1878;1878;XXXVIII, 337 p.;Camões, Luís de, 1524-1580;;;"Silva, Fernando de Azevedo e, 1845-1924, Tradutor ; Chagas, Pinheiro, 1842-1895, Autor da introdução, etc. ; Reis, Soares dos, 1847-1889, Ilustrador ; Abranches, Aristides, 1832-1892, Director ; Santos, Duarte Joaquim dos, ?-1855, Director ; Pedroso, João, 1823-1890, Gravador (aguafortista)";;;CAM. 34 A.;;http://id.bnportugal.gov.pt/bib/catbnp/381496;Livre
8169;381496;1;83;381496183;https://permalinkbnd.bnportugal.gov.pt/viewer/14581/?offset=#page=83&viewer=picture&o=info&n=0&q=;Imagens | 1747;Cantos - Cantos II | 1751;Episódios - Sonho d'El-Rei D. Manuel, no qual lhe aparecem os rios Indo e Ganges | 1763;381496;https://purl.pt/37776;https://bndigital.bnportugal.gov.pt//i/?IIIF=/bd/4d/db/1a/bd4ddb1a-3a0d-4237-b40a-a0aa6e20c004/iiif/cam-110-a_0000_000011.tif/full/!300,500/0/default.jpg;Livro impresso;"Português ; Francês";;Os Lusíadas;poema épico em dez cantos...;;1.ª ed.;Lisboa : Imprensa Nacional;1878;1878;XXXVIII, 337 p.;Camões, Luís de, 1524-1580;;;"Silva, Fernando de Azevedo e, 1845-1924, Tradutor ; Chagas, Pinheiro, 1842-1895, Autor da introdução, etc. ; Reis, Soares dos, 1847-1889, Ilustrador ; Abranches, Aristides, 1832-1892, Director ; Santos, Duarte Joaquim dos, ?-1855, Director ; Pedroso, João, 1823-1890, Gravador (aguafortista)";;;CAM. 34 A.;;http://id.bnportugal.gov.pt/bib/catbnp/381496;Livre
8170;381496;1;119;3814961119;https://permalinkbnd.bnportugal.gov.pt/viewer/14581/?offset=#page=119&viewer=picture&o=info&n=0&q=;Imagens | 1747;Cantos - Cantos III | 1752;Episódios - Assassínio de Inês de Castro | 1764;381496;https://purl.pt/37776;https://bndigital.bnportugal.gov.pt//i/?IIIF=/bd/4d/db/1a/bd4ddb1a-3a0d-4237-b40a-a0aa6e20c004/iiif/cam-110-a_0000_000011.tif/full/!300,500/0/default.jpg;Livro impresso;"Português ; Francês";;Os Lusíadas;poema épico em dez cantos...;;1.ª ed.;Lisboa : Imprensa Nacional;1878;1878;XXXVIII, 337 p.;Camões, Luís de, 1524-1580;;;"Silva, Fernando de Azevedo e, 1845-1924, Tradutor ; Chagas, Pinheiro, 1842-1895, Autor da introdução, etc. ; Reis, Soares dos, 1847-1889, Ilustrador ; Abranches, Aristides, 1832-1892, Director ; Santos, Duarte Joaquim dos, ?-1855, Director ; Pedroso, João, 1823-1890, Gravador (aguafortista)";;;CAM. 34 A.;;http://id.bnportugal.gov.pt/bib/catbnp/381496;Livre
8171;381496;1;161;3814961161;https://permalinkbnd.bnportugal.gov.pt/viewer/14581/?offset=#page=161&viewer=picture&o=info&n=0&q=;Imagens | 1747;Cantos - Cantos IV | 1753;Episódios - Aparição do gigante Adamastor na passagem do Cabo de B. Esperança | 1765;381496;https://purl.pt/37776;https://bndigital.bnportugal.gov.pt//i/?IIIF=/bd/4d/db/1a/bd4ddb1a-3a0d-4237-b40a-a0aa6e20c004/iiif/cam-110-a_0000_000011.tif/full/!300,500/0/default.jpg;Livro impresso;"Português ; Francês";;Os Lusíadas;poema épico em dez cantos...;;1.ª ed.;Lisboa : Imprensa Nacional;1878;1878;XXXVIII, 337 p.;Camões, Luís de, 1524-1580;;;"Silva, Fernando de Azevedo e, 1845-1924, Tradutor ; Chagas, Pinheiro, 1842-1895, Autor da introdução, etc. ; Reis, Soares dos, 1847-1889, Ilustrador ; Abranches, Aristides, 1832-1892, Director ; Santos, Duarte Joaquim dos, ?-1855, Director ; Pedroso, João, 1823-1890, Gravador (aguafortista)";;;CAM. 34 A.;;http://id.bnportugal.gov.pt/bib/catbnp/381496;Livre
8172;381496;1;195;3814961195;https://permalinkbnd.bnportugal.gov.pt/viewer/14581/?offset=#page=195&viewer=picture&o=info&n=0&q=;Imagens | 1747;Cantos - Cantos V | 1754;Episódios - Vénus aplaca os Ventos e a tormenta | 1766;381496;https://purl.pt/37776;https://bndigital.bnportugal.gov.pt//i/?IIIF=/bd/4d/db/1a/bd4ddb1a-3a0d-4237-b40a-a0aa6e20c004/iiif/cam-110-a_0000_000011.tif/full/!300,500/0/default.jpg;Livro impresso;"Português ; Francês";;Os Lusíadas;poema épico em dez cantos...;;1.ª ed.;Lisboa : Imprensa Nacional;1878;1878;XXXVIII, 337 p.;Camões, Luís de, 1524-1580;;;"Silva, Fernando de Azevedo e, 1845-1924, Tradutor ; Chagas, Pinheiro, 1842-1895, Autor da introdução, etc. ; Reis, Soares dos, 1847-1889, Ilustrador ; Abranches, Aristides, 1832-1892, Director ; Santos, Duarte Joaquim dos, ?-1855, Director ; Pedroso, João, 1823-1890, Gravador (aguafortista)";;;CAM. 34 A.;;http://id.bnportugal.gov.pt/bib/catbnp/381496;Livre
8173;381496;1;227;3814961227;https://permalinkbnd.bnportugal.gov.pt/viewer/14581/?offset=#page=227&viewer=picture&o=info&n=0&q=;Imagens | 1747;Cantos - Cantos VI | 1755;Episódios - Desembarque de Gama em Calecut | 1767;381496;https://purl.pt/37776;https://bndigital.bnportugal.gov.pt//i/?IIIF=/bd/4d/db/1a/bd4ddb1a-3a0d-4237-b40a-a0aa6e20c004/iiif/cam-110-a_0000_000011.tif/full/!300,500/0/default.jpg;Livro impresso;"Português ; Francês";;Os Lusíadas;poema épico em dez cantos...;;1.ª ed.;Lisboa : Imprensa Nacional;1878;1878;XXXVIII, 337 p.;Camões, Luís de, 1524-1580;;;"Silva, Fernando de Azevedo e, 1845-1924, Tradutor ; Chagas, Pinheiro, 1842-1895, Autor da introdução, etc. ; Reis, Soares dos, 1847-1889, Ilustrador ; Abranches, Aristides, 1832-1892, Director ; Santos, Duarte Joaquim dos, ?-1855, Director ; Pedroso, João, 1823-1890, Gravador (aguafortista)";;;CAM. 34 A.;;http://id.bnportugal.gov.pt/bib/catbnp/381496;Livre
8174;381496;1;259;3814961259;https://permalinkbnd.bnportugal.gov.pt/viewer/14581/?offset=#page=259&viewer=picture&o=info&n=0&q=;Imagens | 1747;Cantos - Cantos VII | 1756;Episódios - Segunda Audiência do Samorim a Gama | 1768;381496;https://purl.pt/37776;https://bndigital.bnportugal.gov.pt//i/?IIIF=/bd/4d/db/1a/bd4ddb1a-3a0d-4237-b40a-a0aa6e20c004/iiif/cam-110-a_0000_000011.tif/full/!300,500/0/default.jpg;Livro impresso;"Português ; Francês";;Os Lusíadas;poema épico em dez cantos...;;1.ª ed.;Lisboa : Imprensa Nacional;1878;1878;XXXVIII, 337 p.;Camões, Luís de, 1524-1580;;;"Silva, Fernando de Azevedo e, 1845-1924, Tradutor ; Chagas, Pinheiro, 1842-1895, Autor da introdução, etc. ; Reis, Soares dos, 1847-1889, Ilustrador ; Abranches, Aristides, 1832-1892, Director ; Santos, Duarte Joaquim dos, ?-1855, Director ; Pedroso, João, 1823-1890, Gravador (aguafortista)";;;CAM. 34 A.;;http://id.bnportugal.gov.pt/bib/catbnp/381496;Livre
8175;381496;1;287;3814961287;https://permalinkbnd.bnportugal.gov.pt/viewer/14581/?offset=#page=287&viewer=picture&o=info&n=0&q=;Imagens | 1747;Cantos - Cantos VIII | 1757;Episódios - Ilha de Vénus | 1769;381496;https://purl.pt/37776;https://bndigital.bnportugal.gov.pt//i/?IIIF=/bd/4d/db/1a/bd4ddb1a-3a0d-4237-b40a-a0aa6e20c004/iiif/cam-110-a_0000_000011.tif/full/!300,500/0/default.jpg;Livro impresso;"Português ; Francês";;Os Lusíadas;poema épico em dez cantos...;;1.ª ed.;Lisboa : Imprensa Nacional;1878;1878;XXXVIII, 337 p.;Camões, Luís de, 1524-1580;;;"Silva, Fernando de Azevedo e, 1845-1924, Tradutor ; Chagas, Pinheiro, 1842-1895, Autor da introdução, etc. ; Reis, Soares dos, 1847-1889, Ilustrador ; Abranches, Aristides, 1832-1892, Director ; Santos, Duarte Joaquim dos, ?-1855, Director ; Pedroso, João, 1823-1890, Gravador (aguafortista)";;;CAM. 34 A.;;http://id.bnportugal.gov.pt/bib/catbnp/381496;Livre
8176;381496;1;319;3814961319;https://permalinkbnd.bnportugal.gov.pt/viewer/14581/?offset=#page=319&viewer=picture&o=info&n=0&q=;Imagens | 1747;Cantos - Cantos IX | 1758;Episódios - Audiência d’El-Rei D. Manuel a Gama | 1770;381496;https://purl.pt/37776;https://bndigital.bnportugal.gov.pt//i/?IIIF=/bd/4d/db/1a/bd4ddb1a-3a0d-4237-b40a-a0aa6e20c004/iiif/cam-110-a_0000_000011.tif/full/!300,500/0/default.jpg;Livro impresso;"Português ; Francês";;Os Lusíadas;poema épico em dez cantos...;;1.ª ed.;Lisboa : Imprensa Nacional;1878;1878;XXXVIII, 337 p.;Camões, Luís de, 1524-1580;;;"Silva, Fernando de Azevedo e, 1845-1924, Tradutor ; Chagas, Pinheiro, 1842-1895, Autor da introdução, etc. ; Reis, Soares dos, 1847-1889, Ilustrador ; Abranches, Aristides, 1832-1892, Director ; Santos, Duarte Joaquim dos, ?-1855, Director ; Pedroso, João, 1823-1890, Gravador (aguafortista)";;;CAM. 34 A.;;http://id.bnportugal.gov.pt/bib/catbnp/381496;Livre
8177;381496;1;349;3814961349;https://permalinkbnd.bnportugal.gov.pt/viewer/14581/?offset=#page=349&viewer=picture&o=info&n=0&q=;Imagens | 1747;Cantos - Cantos X | 1759;Episódios - Camões na gruta de Macau | 1760;381496;https://purl.pt/37776;https://bndigital.bnportugal.gov.pt//i/?IIIF=/bd/4d/db/1a/bd4ddb1a-3a0d-4237-b40a-a0aa6e20c004/iiif/cam-110-a_0000_000011.tif/full/!300,500/0/default.jpg;Livro impresso;"Português ; Francês";;Os Lusíadas;poema épico em dez cantos...;;1.ª ed.;Lisboa : Imprensa Nacional;1878;1878;XXXVIII, 337 p.;Camões, Luís de, 1524-1580;;;"Silva, Fernando de Azevedo e, 1845-1924, Tradutor ; Chagas, Pinheiro, 1842-1895, Autor da introdução, etc. ; Reis, Soares dos, 1847-1889, Ilustrador ; Abranches, Aristides, 1832-1892, Director ; Santos, Duarte Joaquim dos, ?-1855, Director ; Pedroso, João, 1823-1890, Gravador (aguafortista)";;;CAM. 34 A.;;http://id.bnportugal.gov.pt/bib/catbnp/381496;Livre
8178;384309;1;1;38430911;https://permalinkbnd.bnportugal.gov.pt/viewer/86181/?offset=#page=1&viewer=picture&o=info&n=0&q=;Imagens | 1747;Cantos | 1748;Episódios - Visita do Rei de Melinde a Gama | 1761;384309;https://purl.pt/15053;https://bndigital.bnportugal.gov.pt//i/?IIIF=/0b/b8/6e/1a/0bb86e1a-6e26-412b-ba9e-b1628b9813bf/iiif/384309_0000_capa-capa_t24-C-R0150_000005.tif/full/!300,500/0/default.jpg;Livro impresso;Espanhol;;Corona poetica y literaria dedicada a Luiz de Camões en la conmemoracion del tricentenario de su muerte por la literatura y artes de España;;;1.ª ed.;Lisboa : Tip. Luso-Hespanhola de D. Gumersindo de la Rosa : 1880;1880;1880;12 p.;;;;;;;CAM. 138 A.;;http://id.bnportugal.gov.pt/bib/catbnp/384309;Livre
8179;384309;1;3;38430913;https://permalinkbnd.bnportugal.gov.pt/viewer/86181/?offset=#page=3&viewer=picture&o=info&n=0&q=;Imagens | 1747;Cantos | 1748;"Episódios - Concílio ""Conselho dos Deuses"" | 1762";384309;https://purl.pt/15053;https://bndigital.bnportugal.gov.pt//i/?IIIF=/0b/b8/6e/1a/0bb86e1a-6e26-412b-ba9e-b1628b9813bf/iiif/384309_0000_capa-capa_t24-C-R0150_000005.tif/full/!300,500/0/default.jpg;Livro impresso;Espanhol;;Corona poetica y literaria dedicada a Luiz de Camões en la conmemoracion del tricentenario de su muerte por la literatura y artes de España;;;1.ª ed.;Lisboa : Tip. Luso-Hespanhola de D. Gumersindo de la Rosa : 1880;1880;1880;12 p.;;;;;;;CAM. 138 A.;;http://id.bnportugal.gov.pt/bib/catbnp/384309;Livre
8180;384309;1;7;38430917;https://permalinkbnd.bnportugal.gov.pt/viewer/86181/?offset=#page=7&viewer=picture&o=info&n=0&q=;Imagens | 1747;Episódios | 1749;Episódios - Sonho d'El-Rei D. Manuel, no qual lhe aparecem os rios Indo e Ganges | 1763;384309;https://purl.pt/15053;https://bndigital.bnportugal.gov.pt//i/?IIIF=/0b/b8/6e/1a/0bb86e1a-6e26-412b-ba9e-b1628b9813bf/iiif/384309_0000_capa-capa_t24-C-R0150_000005.tif/full/!300,500/0/default.jpg;Livro impresso;Espanhol;;Corona poetica y literaria dedicada a Luiz de Camões en la conmemoracion del tricentenario de su muerte por la literatura y artes de España;;;1.ª ed.;Lisboa : Tip. Luso-Hespanhola de D. Gumersindo de la Rosa : 1880;1880;1880;12 p.;;;;;;;CAM. 138 A.;;http://id.bnportugal.gov.pt/bib/catbnp/384309;Livre
8181;410603;1;13;410603113;https://permalinkbnd.bnportugal.gov.pt/viewer/14678/?offset=#page=13&viewer=picture&o=info&n=0&q=;Imagens | 1747;Cantos - Cantos I | 1750;Episódios - Assassínio de Inês de Castro | 1764;410603;https://purl.pt/25652;https://bndigital.bnportugal.gov.pt//i/?IIIF=/6f/8f/50/7a/6f8f507a-72f3-43c7-911d-22a32c990847/iiif/cam-89-a_0000_capa-capa_t24-C-R0150_000013.tif/full/!300,500/0/default.jpg;Livro impresso;Português;;Programa da celebração em Lisboa do Tricentenário de Luís de Camões;;;1.ª ed.;Lisboa : Tip. Universal;1880;1880;8 p.;;;;;;;CAM. 89 A.;;http://id.bnportugal.gov.pt/bib/catbnp/410603;Livre
8182;475467;1;1;47546711;https://permalinkbnd.bnportugal.gov.pt/viewer/86483/?offset=#page=1&viewer=picture&o=info&n=0&q=;Imagens | 1747;Cantos - Cantos II | 1751;Episódios - Aparição do gigante Adamastor na passagem do Cabo de B. Esperança | 1765;475467;https://purl.pt/26367;https://bndigital.bnportugal.gov.pt//i/?IIIF=/8e/b9/68/96/8eb96896-2c5c-4ab4-856b-0610f50b0c15/iiif/475467_0000_000001.tif/full/!300,500/0/default.jpg;Livro impresso;Português;;Alma minha!;melodia para piano e canto;;1.ª ed.;Lisboa : Imp. Nacional;1881;1881;2 f.;Azevedo, Amélia Augusta de, 1840-1913;;Camões, Luís de, 1524-1580;;;;CAM. 84//3 A.;;http://id.bnportugal.gov.pt/bib/catbnp/475467;Livre
8183;640093;1;1;64009311;https://permalinkbnd.bnportugal.gov.pt/viewer/35163/?offset=#page=1&viewer=picture&o=info&n=0&q=;Imagens | 1747;Cantos - Cantos III | 1752;Episódios - Vénus aplaca os Ventos e a tormenta | 1766;640093;https://purl.pt/5416;https://bndigital.bnportugal.gov.pt//i/?IIIF=/75/54/42/62/75544262-ae09-40c2-80b9-ad7e5817da6c/iiif/e-1557-v_0000_000001.tif/full/!300,500/0/default.jpg;Iconografia;Português;;Mosteiro dos Jerónimos;;;1.ª ed.;S.l. : s.n.;1937;1937;1 gravura;Pinto, Pedro Jorge, 1900-1983;;;;;;PURL 5416/0;;http://id.bnportugal.gov.pt/bib/catbnp/640093;Interno
8184;765484;1;5;76548415;https://permalinkbnd.bnportugal.gov.pt/viewer/14644/?offset=#page=5&viewer=picture&o=info&n=0&q=;Imagens | 1747;Cantos - Cantos IV | 1753;Episódios - Desembarque de Gama em Calecut | 1767;765484;https://purl.pt/21930;https://bndigital.bnportugal.gov.pt//i/?IIIF=/a2/5e/7d/43/a25e7d43-b817-4732-982d-8fcb4d7d20f8/iiif/cam-40-1-p_0000_000005.tif/full/!300,500/0/default.jpg;Livro impresso;Português;;Rimas;;;Agora nouamente emendadas nesta vltima impressaõ;Em Lisboa : por Lourenço Craesbeck;1632;1632;2 t.;Camões, Luís de, 1524-1580;;;"Bernardes, Diogo, ca 1530-1596, Autor ; Leitão, Diogo Taborda, 15--, Autor ; Pego, João Gomes do, ?-1660, Autor ; Vilhegas, Diogo Henriques de, depois de 1580-1671, Autor ; Coutinho, Gonçalo, ca 1560-1634, Autor ; Câmara, Martim Gonçalves da, ?-1578, Autor ; Castelo Rodrigo, Personalidade a quem é dedicada a obra ; Sousa, Luís de, fl. 1632, Personalidade a quem é dedicada a obra ; Craesbeeck, Lourenço, 1599-1673, Autor da dedicatória ; Craesbeeck, Paulo, 1605-1664, Autor da dedicatória ; Norton, Tomás, 1804-1860, Antigo possuidor";;;CAM. 38//2 P.;PATRIMONIA2;http://id.bnportugal.gov.pt/bib/catbnp/765484;Livre
8185;765484;2;2;76548422;https://permalinkbnd.bnportugal.gov.pt/viewer/14644/?offset=#page=2&viewer=picture&o=info&n=0&q=;Imagens | 1747;Cantos - Cantos V | 1754;Episódios - Segunda Audiência do Samorim a Gama | 1768;765484;https://purl.pt/21930;https://bndigital.bnportugal.gov.pt//i/?IIIF=/a2/5e/7d/43/a25e7d43-b817-4732-982d-8fcb4d7d20f8/iiif/cam-40-1-p_0000_000005.tif/full/!300,500/0/default.jpg;Livro impresso;Português;;Rimas;;;Agora nouamente emendadas nesta vltima impressaõ;Em Lisboa : por Lourenço Craesbeck;1632;1632;2 t.;Camões, Luís de, 1524-1580;;;"Bernardes, Diogo, ca 1530-1596, Autor ; Leitão, Diogo Taborda, 15--, Autor ; Pego, João Gomes do, ?-1660, Autor ; Vilhegas, Diogo Henriques de, depois de 1580-1671, Autor ; Coutinho, Gonçalo, ca 1560-1634, Autor ; Câmara, Martim Gonçalves da, ?-1578, Autor ; Castelo Rodrigo, Personalidade a quem é dedicada a obra ; Sousa, Luís de, fl. 1632, Personalidade a quem é dedicada a obra ; Craesbeeck, Lourenço, 1599-1673, Autor da dedicatória ; Craesbeeck, Paulo, 1605-1664, Autor da dedicatória ; Norton, Tomás, 1804-1860, Antigo possuidor";;;CAM. 38//2 P.;PATRIMONIA2;http://id.bnportugal.gov.pt/bib/catbnp/765484;Livre
8186;808818;1;8;80881818;https://permalinkbnd.bnportugal.gov.pt/viewer/14613/?offset=#page=8&viewer=picture&o=info&n=0&q=;Imagens | 1747;Cantos - Cantos VI | 1755;Episódios - Ilha de Vénus | 1769;808818;https://purl.pt/15027;https://bndigital.bnportugal.gov.pt//i/?IIIF=/e2/02/20/0f/e202200f-f988-4c56-a1a4-5c5385b99931/iiif/cam-1801-v_0000_capa-capa_t24-C-R0150_000011.tif/full/!300,500/0/default.jpg;Livro impresso;Português;;Inês de Castro;tricentenário de Camões;;1.ª ed.;Lisboa : Tip. Castro & Irmão;1880;1880;135 p.;Tomás, Aníbal Fernandes, 1849-1911;;;"Camões, Luís de, 1524-1580, Antecedente bibliográfico ; Oliveira, Eduardo Freire de, 1841-1916, Antigo possuidor";;;CAM. 97 V.;;http://id.bnportugal.gov.pt/bib/catbnp/808818;Livre
8187;808818;1;9;80881819;https://permalinkbnd.bnportugal.gov.pt/viewer/14613/?offset=#page=9&viewer=picture&o=info&n=0&q=;Imagens | 1747;Cantos - Cantos VII | 1756;Episódios - Audiência d’El-Rei D. Manuel a Gama | 1770;808818;https://purl.pt/15027;https://bndigital.bnportugal.gov.pt//i/?IIIF=/e2/02/20/0f/e202200f-f988-4c56-a1a4-5c5385b99931/iiif/cam-1801-v_0000_capa-capa_t24-C-R0150_000011.tif/full/!300,500/0/default.jpg;Livro impresso;Português;;Inês de Castro;tricentenário de Camões;;1.ª ed.;Lisboa : Tip. Castro & Irmão;1880;1880;135 p.;Tomás, Aníbal Fernandes, 1849-1911;;;"Camões, Luís de, 1524-1580, Antecedente bibliográfico ; Oliveira, Eduardo Freire de, 1841-1916, Antigo possuidor";;;CAM. 97 V.;;http://id.bnportugal.gov.pt/bib/catbnp/808818;Livre
8188;808818;1;39;808818139;https://permalinkbnd.bnportugal.gov.pt/viewer/14613/?offset=#page=39&viewer=picture&o=info&n=0&q=;Imagens | 1747;Cantos - Cantos VIII | 1757;Episódios - Camões na gruta de Macau | 1760;808818;https://purl.pt/15027;https://bndigital.bnportugal.gov.pt//i/?IIIF=/e2/02/20/0f/e202200f-f988-4c56-a1a4-5c5385b99931/iiif/cam-1801-v_0000_capa-capa_t24-C-R0150_000011.tif/full/!300,500/0/default.jpg;Livro impresso;Português;;Inês de Castro;tricentenário de Camões;;1.ª ed.;Lisboa : Tip. Castro & Irmão;1880;1880;135 p.;Tomás, Aníbal Fernandes, 1849-1911;;;"Camões, Luís de, 1524-1580, Antecedente bibliográfico ; Oliveira, Eduardo Freire de, 1841-1916, Antigo possuidor";;;CAM. 97 V.;;http://id.bnportugal.gov.pt/bib/catbnp/808818;Livre
8189;865343;1;120;8653431120;https://permalinkbnd.bnportugal.gov.pt/viewer/7634/?offset=#page=120&viewer=picture&o=info&n=0&q=;Imagens | 1747;Cantos - Cantos IX | 1758;Episódios - Visita do Rei de Melinde a Gama | 1761;865343;https://purl.pt/26342;https://bndigital.bnportugal.gov.pt//i/?IIIF=/a9/13/f4/84/a913f484-f6ef-4445-97a5-6bf780f454f6/iiif/865343_1839-05-N11_0001_1_t24-C-R0150.tif/full/!300,500/0/default.jpg;Periódico;Português;;O Biographo;jornal da historia abreviada dos homens celebres;;1.ª ed.;Lisboa : Typ. de A. J. da Costa;1838;1838;;;;;;;;J. 31 B.;;http://id.bnportugal.gov.pt/bib/catbnp/865343;Livre
8190;2194758;1;1;219475811;https://permalinkbnd.bnportugal.gov.pt/viewer/1880/?offset=#page=1&viewer=picture&o=info&n=0&q=;Imagens | 1747;Cantos - Cantos X | 1759;"Episódios - Concílio ""Conselho dos Deuses"" | 1762";2194758;https://purl.pt/44208;https://bndigital.bnportugal.gov.pt//i/?IIIF=/73/3c/1c/5c/733c1c5c-a790-4c10-b49a-316f3e4f9508/iiif/cam-80-2-a_0000_000001.tif/full/!300,500/0/default.jpg;Livro impresso;Português;;A Camões, 10 de Junho de 1580-10 de Junho de 1880;"número de homenagem de ""O Atlântico"" no tricentenário de Camões";;1.ª ed.;Lisboa : Empreza do Jornal da Noite;1880;1880;2 f.;;;;;;;CAM. 80//2 A.;;http://id.bnportugal.gov.pt/bib/catbnp/2194758;Livre
8191;2194758;1;2;219475812;https://permalinkbnd.bnportugal.gov.pt/viewer/1880/?offset=#page=2&viewer=picture&o=info&n=0&q=;Imagens | 1747;Cantos - Cantos II | 1751;Episódios - Sonho d'El-Rei D. Manuel, no qual lhe aparecem os rios Indo e Ganges | 1763;2194758;https://purl.pt/44208;https://bndigital.bnportugal.gov.pt//i/?IIIF=/73/3c/1c/5c/733c1c5c-a790-4c10-b49a-316f3e4f9508/iiif/cam-80-2-a_0000_000001.tif/full/!300,500/0/default.jpg;Livro impresso;Português;;A Camões, 10 de Junho de 1580-10 de Junho de 1880;"número de homenagem de ""O Atlântico"" no tricentenário de Camões";;1.ª ed.;Lisboa : Empreza do Jornal da Noite;1880;1880;2 f.;;;;;;;CAM. 80//2 A.;;http://id.bnportugal.gov.pt/bib/catbnp/2194758;Livre
8192;2194758;1;3;219475813;https://permalinkbnd.bnportugal.gov.pt/viewer/1880/?offset=#page=3&viewer=picture&o=info&n=0&q=;Imagens | 1747;Cantos - Cantos III | 1752;Episódios - Assassínio de Inês de Castro | 1764;2194758;https://purl.pt/44208;https://bndigital.bnportugal.gov.pt//i/?IIIF=/73/3c/1c/5c/733c1c5c-a790-4c10-b49a-316f3e4f9508/iiif/cam-80-2-a_0000_000001.tif/full/!300,500/0/default.jpg;Livro impresso;Português;;A Camões, 10 de Junho de 1580-10 de Junho de 1880;"número de homenagem de ""O Atlântico"" no tricentenário de Camões";;1.ª ed.;Lisboa : Empreza do Jornal da Noite;1880;1880;2 f.;;;;;;;CAM. 80//2 A.;;http://id.bnportugal.gov.pt/bib/catbnp/2194758;Livre
8193;2194827;1;1;219482711;https://permalinkbnd.bnportugal.gov.pt/viewer/275033/?offset=#page=1&viewer=picture&o=info&n=0&q=;Imagens | 1747;Cantos - Cantos IV | 1753;Episódios - Aparição do gigante Adamastor na passagem do Cabo de B. Esperança | 1765;2194827;https://purl.pt/43905;https://bndigital.bnportugal.gov.pt//i/?IIIF=/69/83/b5/dc/6983b5dc-136f-4e94-a447-f95cffae4d91/iiif/cam-80-6-a_0001.tif/full/!300,500/0/default.jpg;Livro impresso;Português;;Homenagem a Camões;"número inaugural do ""Diario Civilisador""";;1.ª ed.;Lisboa : João Wager Russell Junior;1880;1880;2 f.;;;;;;;CAM. 80//6 A.;;http://id.bnportugal.gov.pt/bib/catbnp/2194827;Livre
8194;2194848;1;1;219484811;https://permalinkbnd.bnportugal.gov.pt/viewer/275038/?offset=#page=1&viewer=picture&o=info&n=0&q=;Imagens | 1747;Cantos - Cantos V | 1754;Episódios - Vénus aplaca os Ventos e a tormenta | 1766;2194848;https://purl.pt/43900;https://bndigital.bnportugal.gov.pt//i/?IIIF=/c3/56/a2/12/c356a212-9f6a-41c7-9c7d-c1ed76da821e/iiif/cam-80-13-a_0001.tif/full/!300,500/0/default.jpg;Livro impresso;Português;;Tricentenário de Camões;"número dedicado do ""Diario de Portugal""";;1.ª ed.;Lisboa : Typ. de Cristovão A. Rodrigues;1880;1880;2 f.;;;;;;;CAM. 80//13 A.;;http://id.bnportugal.gov.pt/bib/catbnp/2194848;Livre
8195;2194859;1;1;219485911;https://permalinkbnd.bnportugal.gov.pt/viewer/273677/?offset=#page=1&viewer=picture&o=info&n=0&q=;Imagens | 1747;Cantos - Cantos VI | 1755;Episódios - Desembarque de Gama em Calecut | 1767;2194859;https://purl.pt/44169;https://bndigital.bnportugal.gov.pt//i/?IIIF=/df/17/3c/4f/df173c4f-bfb9-48bb-924f-c7704fd3f213/iiif/cam-80-17-a_0000_000001.tif/full/!300,500/0/default.jpg;Livro impresso;Português;;Homenagem a Luís de Camões;"número dedicado do jornal ""O Partido do Povo""";;1.ª ed.;"Lisboa : Typ. do ""Partido do Povo""";1880;1880;2 f.;;;;;;;CAM. 80//17 A.;;http://id.bnportugal.gov.pt/bib/catbnp/2194859;Livre
8196;2195077;1;9;219507719;https://permalinkbnd.bnportugal.gov.pt/viewer/1880/?offset=#page=9&viewer=picture&o=info&n=0&q=;Imagens | 1747;Cantos - Cantos VII | 1756;Episódios - Segunda Audiência do Samorim a Gama | 1768;2195077;https://purl.pt/44206;https://bndigital.bnportugal.gov.pt//i/?IIIF=/a2/c9/5a/f7/a2c95af7-c5e7-440d-8a6b-507cef69de5c/iiif/cam-80-41-a_0000_000001.tif/full/!300,500/0/default.jpg;Livro impresso;Português;;À memoria de Luiz de Camões no seu tricentenario em 10 de Junho de 1880;A Sentinella, semanario bracarense;;1.ª ed.;Braga : Typographia de Gonçalves Gouvea;1880;1880;16 p., 1 grav. extratexto;;;;;;;CAM. 80//41 A.;;http://id.bnportugal.gov.pt/bib/catbnp/2195077;Livre
8197;2195085;1;1;219508511;https://permalinkbnd.bnportugal.gov.pt/viewer/273687/?offset=#page=1&viewer=picture&o=info&n=0&q=;Imagens | 1747;Cantos - Cantos VIII | 1757;Episódios - Ilha de Vénus | 1769;2195085;https://purl.pt/44170;https://bndigital.bnportugal.gov.pt//i/?IIIF=/92/f3/95/0f/92f3950f-e34e-4283-aebd-b2d020d19679/iiif/cam-80-69-a_0000_000001.tif/full/!300,500/0/default.jpg;Livro impresso;Português;;Tricentenário de Camões;;;1.ª ed.;Campinas : Typ. do Diario de Campinas;1880;1880;4 p.;;;;;;;CAM. 80//69 A.;;http://id.bnportugal.gov.pt/bib/catbnp/2195085;Livre
8198;2195086;1;1;219508611;https://permalinkbnd.bnportugal.gov.pt/viewer/273688/?offset=#page=1&viewer=picture&o=info&n=0&q=;Imagens | 1747;Cantos - Cantos IX | 1758;Episódios - Audiência d’El-Rei D. Manuel a Gama | 1770;2195086;https://purl.pt/43942;https://bndigital.bnportugal.gov.pt//i/?IIIF=/13/b0/42/81/13b04281-b30d-4915-aa48-27d6dc8b0180/iiif/cam-80-70-a_0000_000001.tif/full/!300,500/0/default.jpg;Livro impresso;Português;;Luiz de Camões;homenagem da Gazeta de Noticias;;1.ª ed.;Rio de Janeiro : Typographia da Gazeta de Noticias;1880;1880;4 p.;;;;;;;CAM. 80//70 A.;;http://id.bnportugal.gov.pt/bib/catbnp/2195086;Livre
8199;2195089;1;5;219508915;https://permalinkbnd.bnportugal.gov.pt/viewer/277330/?offset=#page=5&viewer=picture&o=info&n=0&q=;Imagens | 1747;Cantos - Cantos X | 1759;Episódios - Camões na gruta de Macau | 1760;2195089;https://purl.pt/44323;https://bndigital.bnportugal.gov.pt//i/?IIIF=/d1/5c/d3/d1/d15cd3d1-0b97-4546-8c65-ecbbe940e0a2/iiif/cam-215-a_0005.tif/full/!300,500/0/default.jpg;Livro impresso;Português;;O Sorvete á Camões;;;1.ª ed.;Porto : Imprensa Litterario-Commercial;1880;1880;4 f.;;;;"Sanhudo, Sebastião de Sousa, 1851-1901, Editor comercial ; Albergaria, Sá de, 1850-1922, Editor literário";;;CAM. 215 A.;;http://id.bnportugal.gov.pt/bib/catbnp/2195089;Livre
8200;2195089;1;7;219508917;https://permalinkbnd.bnportugal.gov.pt/viewer/277330/?offset=#page=7&viewer=picture&o=info&n=0&q=;Imagens | 1747;Cantos | 1748;Episódios - Visita do Rei de Melinde a Gama | 1761;2195089;https://purl.pt/44323;https://bndigital.bnportugal.gov.pt//i/?IIIF=/d1/5c/d3/d1/d15cd3d1-0b97-4546-8c65-ecbbe940e0a2/iiif/cam-215-a_0005.tif/full/!300,500/0/default.jpg;Livro impresso;Português;;O Sorvete á Camões;;;1.ª ed.;Porto : Imprensa Litterario-Commercial;1880;1880;4 f.;;;;"Sanhudo, Sebastião de Sousa, 1851-1901, Editor comercial ; Albergaria, Sá de, 1850-1922, Editor literário";;;CAM. 215 A.;;http://id.bnportugal.gov.pt/bib/catbnp/2195089;Livre
8201;2195089;1;8;219508918;https://permalinkbnd.bnportugal.gov.pt/viewer/277330/?offset=#page=8&viewer=picture&o=info&n=0&q=;Imagens | 1747;Cantos | 1748;"Episódios - Concílio ""Conselho dos Deuses"" | 1762";2195089;https://purl.pt/44323;https://bndigital.bnportugal.gov.pt//i/?IIIF=/d1/5c/d3/d1/d15cd3d1-0b97-4546-8c65-ecbbe940e0a2/iiif/cam-215-a_0005.tif/full/!300,500/0/default.jpg;Livro impresso;Português;;O Sorvete á Camões;;;1.ª ed.;Porto : Imprensa Litterario-Commercial;1880;1880;4 f.;;;;"Sanhudo, Sebastião de Sousa, 1851-1901, Editor comercial ; Albergaria, Sá de, 1850-1922, Editor literário";;;CAM. 215 A.;;http://id.bnportugal.gov.pt/bib/catbnp/2195089;Livre
8202;2195089;1;9;219508919;https://permalinkbnd.bnportugal.gov.pt/viewer/277330/?offset=#page=9&viewer=picture&o=info&n=0&q=;Imagens | 1747;Episódios | 1749;Episódios - Sonho d'El-Rei D. Manuel, no qual lhe aparecem os rios Indo e Ganges | 1763;2195089;https://purl.pt/44323;https://bndigital.bnportugal.gov.pt//i/?IIIF=/d1/5c/d3/d1/d15cd3d1-0b97-4546-8c65-ecbbe940e0a2/iiif/cam-215-a_0005.tif/full/!300,500/0/default.jpg;Livro impresso;Português;;O Sorvete á Camões;;;1.ª ed.;Porto : Imprensa Litterario-Commercial;1880;1880;4 f.;;;;"Sanhudo, Sebastião de Sousa, 1851-1901, Editor comercial ; Albergaria, Sá de, 1850-1922, Editor literário";;;CAM. 215 A.;;http://id.bnportugal.gov.pt/bib/catbnp/2195089;Livre
8203;2195089;1;10;2195089110;https://permalinkbnd.bnportugal.gov.pt/viewer/277330/?offset=#page=10&viewer=picture&o=info&n=0&q=;Imagens | 1747;Cantos - Cantos I | 1750;Episódios - Assassínio de Inês de Castro | 1764;2195089;https://purl.pt/44323;https://bndigital.bnportugal.gov.pt//i/?IIIF=/d1/5c/d3/d1/d15cd3d1-0b97-4546-8c65-ecbbe940e0a2/iiif/cam-215-a_0005.tif/full/!300,500/0/default.jpg;Livro impresso;Português;;O Sorvete á Camões;;;1.ª ed.;Porto : Imprensa Litterario-Commercial;1880;1880;4 f.;;;;"Sanhudo, Sebastião de Sousa, 1851-1901, Editor comercial ; Albergaria, Sá de, 1850-1922, Editor literário";;;CAM. 215 A.;;http://id.bnportugal.gov.pt/bib/catbnp/2195089;Livre
8204;2195089;1;11;2195089111;https://permalinkbnd.bnportugal.gov.pt/viewer/277330/?offset=#page=11&viewer=picture&o=info&n=0&q=;Imagens | 1747;Cantos - Cantos II | 1751;Episódios - Aparição do gigante Adamastor na passagem do Cabo de B. Esperança | 1765;2195089;https://purl.pt/44323;https://bndigital.bnportugal.gov.pt//i/?IIIF=/d1/5c/d3/d1/d15cd3d1-0b97-4546-8c65-ecbbe940e0a2/iiif/cam-215-a_0005.tif/full/!300,500/0/default.jpg;Livro impresso;Português;;O Sorvete á Camões;;;1.ª ed.;Porto : Imprensa Litterario-Commercial;1880;1880;4 f.;;;;"Sanhudo, Sebastião de Sousa, 1851-1901, Editor comercial ; Albergaria, Sá de, 1850-1922, Editor literário";;;CAM. 215 A.;;http://id.bnportugal.gov.pt/bib/catbnp/2195089;Livre
8205;2195091;1;5;219509115;https://permalinkbnd.bnportugal.gov.pt/viewer/277332/?offset=#page=5&viewer=picture&o=info&n=0&q=;Imagens | 1747;Cantos - Cantos III | 1752;Episódios - Vénus aplaca os Ventos e a tormenta | 1766;2195091;https://purl.pt/44319;https://bndigital.bnportugal.gov.pt//i/?IIIF=/f5/16/73/6d/f516736d-f1fc-4cc2-9f8c-7549be243c15/iiif/cam-219-a_0005.tif/full/!300,500/0/default.jpg;Livro impresso;Português;;Tricentenário de Luís de Camões;"número dedicado de ""O Dez de Março""";;1.ª ed.;Porto : Typ. Fraga Lamares;1880;1880;2 f.;;;;;;;CAM. 219 A.;;http://id.bnportugal.gov.pt/bib/catbnp/2195091;Livre
8206;2195211;1;11;2195211111;https://permalinkbnd.bnportugal.gov.pt/viewer/277834/?offset=#page=11&viewer=picture&o=info&n=0&q=;Imagens | 1747;Cantos - Cantos IV | 1753;Episódios - Desembarque de Gama em Calecut | 1767;2195211;https://purl.pt/44445;https://bndigital.bnportugal.gov.pt//i/?IIIF=/eb/b2/bf/21/ebb2bf21-476a-41a8-9530-c140fc242fce/iiif/cam-379-6-v_0001.tif/full/!300,500/0/default.jpg;Livro impresso;Português;;"O Tricentenário de Luís de Camões nos ""Annaes do Club Militar Naval""";;;1.ª ed.;Lisboa : Typ. Universal;1880;1880;P. 205-228;;;;;;;CAM. 379//6 V.;;http://id.bnportugal.gov.pt/bib/catbnp/2195211;Livre
